title,brand,price,url,img,description,source,date,sold
Patek Philippe Perpetual Calendar 5140G in 18k White Gold Opaline dial with Box and Extract of Archives,Patek Philippe,44500,https://bulangandsons.com/products/patek-philippe-perpetual-calendar-5140g-in-18k-white-gold-opaline-dial-with-box-and-extract-of-archives-w3834,https://cdn.shopify.com/s/files/1/0961/8613/8969/files/W-3834PatekPhilippePerpetualCalendarin18KWhiteGoldref5140G_017_1x1_56432446-32d7-4dd5-ab73-81b51499e488.jpg?v=1783069332,"We have always been big fans of perpetual calendars, and few brands are as closely associated with the complication as Patek Philippe. Not only did the manufacture play a pivotal role in the development of the perpetual calendar wristwatch, it also helped establish the market for complicated wristwatches as we know it today. Presented here is a lovely reference 5140G in 18k white gold, featuring an elegant and perfectly proportioned 37 mm case. The reference 5140 succeeded the legendary 3940, a model widely regarded as one of the most important creations of Patek Philippe's modern era. Together with the reference 3970, the 3940 helped redefine complicated watchmaking in the late twentieth century and is often considered one of the first highly complicated wristwatches to be produced in series. After an impressive production run spanning nearly two decades, the 3940 was replaced in 2006 by the reference 5140, which retained the celebrated ultra-thin self-winding calibre 240Q, powered by a beautifully engineered micro-rotor. The elegant white-gold case features the four correctors required to adjust the perpetual calendar functions and remains in excellent condition, with the gold hallmarks still clearly visible. The watch is fitted with its beautiful snap-on sapphire display case back, offering a wonderful view of the exquisite calibre 240Q movement. Our watchmaker has fully checked and regulated the movement to ensure it performs exactly as it should. The opaline dial is both refined and highly legible, featuring a dotted minute track and three perfectly balanced sub-dials displaying the perpetual calendar indications. These include the date, day, month, leap-year cycle, 24-hour indication, and moon-phase display, all presented in English. The dial's clean layout and understated elegance are hallmarks of what many collectors consider one of Patek Philippe's finest perpetual calendar designs. Completing the watch is its original Patek Philippe leather strap, fitted with an 18k white-gold Patek Philippe folding clasp.Further more the original 18 k white gold second closed case back is also included in the sale as well the original wooden Patek Philippe box with its battery driven watch winder. Accompanied by a Patek Philippe Extract from the Archives confirming that the watch was originally sold in 2014. For collectors looking to enter the world of Patek Philippe “Grand Complications,” this piece represents an exceptional opportunity. It combines elegant proportions, everyday wearability, and the timeless appeal of one of the brand’s most respected modern perpetual calendar designs. Understated yet highly sophisticated, it remains an enduring classic within the Patek Philippe collection.For further details or to discuss availability, feel free to get in touch. Specifications: Patek Philippe Perpetual Calendar reference 5140G 37mm 18k white gold case with display case back Perpetual calendar with three sub-dial layout with moon phase, English langua",Bulang & Sons,2026-07-03,False
Rolex GMT-Master 1675 MK1 Long-E unique Tropical Dial,Rolex,24900,https://bulangandsons.com/products/rolex-gmt-master-1675-mk1-long-e-unique-tropical-dial-w3837,https://cdn.shopify.com/s/files/1/0961/8613/8969/files/W-3837RolexGmt-MasterMK1LongEtropicaldial_1x1_1ac30e73-e698-4674-ab42-1c5434ef2672.jpg?v=1783069428,"The Rolex GMT-Master reference 1675 has long been one of our favorite vintage Rolex models, and over the years we have had the pleasure of owning and handling many exceptional examples. However, tropical-dial versions—where the original black dial has naturally aged to a rich brown hue—remain particularly rare and highly sought after. These dials are found only within a specific serial range and exclusively on the coveted Mark 1 (“MK1”) dial, distinguished by the elongated center stroke of the “E” in Rolex, commonly referred to as the “Long E.” Encountering a genuine tropical “Long E” is always a special occasion. The transformation of the dial into a warm milk-chocolate brown gives the watch remarkable character and depth, while the luminous material on the hands and hour markers has aged gracefully to a soft beige tone, creating a beautiful and harmonious patina. The watch is further enhanced by a well-preserved red-back Pepsi bezel insert. Over time, the colors have matured beautifully: the red has softened to a vibrant orange, while the blue has evolved into a striking Mediterranean-sea blue, producing a wonderfully balanced and highly attractive appearance. The case remains in excellent condition and is fitted with its Rolex Oyster bracelet, reference 7206, complete with 80 end links and a clasp stamped “3/69.” This exceptional GMT-Master 1675 “Long E” has been fully serviced by our watchmaker and is ready to be enjoyed by its next custodian. With its rare tropical dial, beautifully aged bezel, and unmistakable vintage charm, this “Long E” GMT-Master 1675 is a truly captivating collector’s piece—an opportunity seldom encountered and not to be missed ! Specifications: Rolex GMT-Master Reference 1675 40mm steel case Serial 188xxxx dating to 1968 Mk1 Long E matte dial, beautifully tropicalized to a deep, rich milk chocolate-brown hue. Lovely Faded Fat-font Red Back “Pepsi” bezel insert Oyster bracelet 7207 with 80 end links Fully serviced by our watchmaker One-year mechanical warranty Free worldwide Fedex Priority shipping",Bulang & Sons,2026-07-03,False
Rolex Day-Date 1803/9 Silver Dial in 18k White Gold,Rolex,19900,https://bulangandsons.com/products/rolex-day-date-1803-9-silver-dial-in-18k-white-gold-w3838,https://cdn.shopify.com/s/files/1/0961/8613/8969/files/W-3838RolexDay-dateSilverdialin18kwhitegoldref18039_294_1x1_85f1699f-0538-4ec5-86e2-30e2bd4e2057.jpg?v=1783069545,"The Rolex Day-Date, introduced in 1956, stands as one of the most iconic and prestigious models ever produced by Rolex. It was the world's first wristwatch to display both the date and the day of the week spelled out in full on the dial. Affectionately known as the ""President,"" the Day-Date has adorned the wrists of heads of state, business leaders, and discerning collectors for decades and remains exclusively crafted in precious metals. Presented here is a beautiful white-gold example, reference 1803/9, with the ""/9"" suffix indicating its 18k white-gold construction. The classic 36 mm Oyster case remains in lovely condition and is fitted with its signature fluted bezel. There is something particularly appealing about a white-gold Day-Date; while its yellow-gold counterpart makes a bold statement, this version offers a more discreet form of luxury. As we often say, it whispers rather than shouts. The silver soleil-finished dial pairs perfectly with the white-gold case and features crisp black printing, applied baton hour markers, and beautifully aged cream-coloured luminous accents. A particularly charming detail is the German-language day disc, adding both character and a touch of individuality to this already desirable reference. Completing the watch is its iconic President bracelet, presented in very nice condition and fitted with solid end links and a concealed Crown clasp. The bracelet remains tight and comfortable and will accommodate wrists up to approximately 19 cm. Powered by Rolex's reliable automatic movement, that has been fully serviced by our watch maker.This Day-Date offers everything collectors admire about the model: timeless design, precious-metal construction, and an understated elegance that has made it a symbol of success for 70 years ! A discreet and highly wearable Day-Date, ready for its next custodian. Contact us to learn more. Specifications: Rolex Day-Date Reference 1803/9 18kt 36mm white gold case, plexi-crystal White gold fluted bezel Serial 506xxxx dating to 1977 Silver soleil finish pie-pan style dial with black text German day-disc Concealed clasp President bracelet in 18kt white gold Fully serviced by our watchmaker One-year mechanical warranty Free worldwide Fedex Priority shipping",Bulang & Sons,2026-07-03,False
Rolex Explorer II 16570 Polar with Creamy Patina,Rolex,8200,https://bulangandsons.com/products/rolex-explorer-ii-16570-polar-with-creamy-patina-w3747,https://cdn.shopify.com/s/files/1/0961/8613/8969/files/W-3747RolexExplorer2Whitedialref16570_260_1x1_52fb801b-71d6-4bb6-8c6f-a1a4c32a400e.jpg?v=1783069678,"The Rolex Explorer II was introduced in 1971 as a specialized tool watch designed specifically for speleologists (cave explorers), polar adventurers, and anyone working in total darkness. While the original 1953 Explorer was built for mountain climbing, the Explorer II was engineered with a fixed 24-hour bezel and a prominent 24-hour arrow hand to help users distinguish between AM and PM when cut off from natural sunlight. With the introduction of the second generation, Rolex introduced white dials on the reference 16550 in 1985. In 1989, Rolex upgraded the model with the new caliber 3185/3186 in the reference 16570 — and that is exactly what we have to offer here. The 40 mm steel case and 24-hour bezel are in lovely condition, featuring thick shoulders and strong crown guards. The Polar white dial is in superb condition, with black printed text, black-outlined hour markers, and warm yellow lume on both the plots and hands — always a detail we love to see on these. This Explorer is fitted with an Oyster bracelet reference 78360, with end links marked 501B and a clasp stamped U5. The watch has been fully serviced by our watchmaker and is ready for many years of reliable wear. We think the white-dial Explorer II is the ultimate summer watch! Contact us to secure this beautifully aged Explorer II. Specifications: Rolex Explorer II Reference 16570 40mm steel case, 24 hours bezel Serial U346xxxx dating to 1997 Polar White dial white yellow patina Bracelet reference 78360 with 501B end links Fully serviced by our watchmaker One-year mechanical warranty Free worldwide Fedex Priority shipping",Bulang & Sons,2026-07-03,False
Rolex Submariner 16800 Matte Dial with Creamy Patina,Rolex,12500,https://bulangandsons.com/products/rolex-submariner-16800-matte-dial-with-creamy-patina-w3856,https://cdn.shopify.com/s/files/1/0961/8613/8969/files/W-3856RolexSubmariner16800mattedial_555_1x1_62111b08-e4bf-4d6b-a75c-74ef57d7477f.jpg?v=1783069876,"The Rolex Submariner Date was officially introduced in 1969 with the launch of Reference 1680. This milestone marked the first time the Submariner featured a date window and Rolex's signature Cyclops magnifying lens. By the late 1970s, Rolex began transitioning from acrylic crystals to more robust sapphire crystals. These so-called ""transitional"" models bridged the gap between vintage and modern Submariners, combining elements from both generations. Early examples, such as this one, were fitted with matte dials similar to those found on their acrylic-crystal predecessors, many of which were later replaced during service. This excellent example of the Reference 16800 retains its original matte dial, displaying a beautiful soft-yellow patina across the hour markers that perfectly complements the watch's vintage character. The original bezel insert has aged gracefully, developing a subtle anthracite-grey fade that adds considerable charm and individuality. The case remains strong and well-defined, with thick lugs and crisp proportions. The solid-link Oyster bracelet, reference 93150, is in very good condition and fitted with a clasp stamped ""G"". The watch has been fully serviced by our watchmaker and is ready to be enjoyed. Neo-vintage Rolex continues to attract growing interest among collectors, and the Reference 16800 stands out as one of the most compelling transitional models. Combining vintage aesthetics with modern practicality, it offers the best of both worlds. For further information or to arrange a viewing at our lounge, please get in touch ! Specifications: Rolex Submariner Date Reference 16800 40mm steel case with sapphire glass Serial 739xxxx dating to 1982 Rare matte dial with yellow patina Slightly faded bezel insert Solid link Oyster bracelet 93150 with 593 end links Fully serviced by our watchmaker Free worldwide FedEx Priority shipping",Bulang & Sons,2026-07-03,False
Vacheron Constantin Coin Watch in 18k Yellow Gold 4928,Vacheron Constantin,14900,https://bulangandsons.com/products/vacheron-constantin-coin-watch-in-18k-yellow-gold-4928-w3833,https://cdn.shopify.com/s/files/1/0961/8613/8969/files/W-3833VacheronConstantinCoinwatchin18kyellow4928_109_1x1_07d588a4-428b-40c8-8203-a5bbbd539c5d.jpg?v=1783070062,"Founded in 1755, Vacheron Constantin is the oldest watch manufacturer in the world to have operated continuously without interruption. Based in Geneva, Switzerland, the Maison has spent more than 270 years crafting exceptional timepieces that blend technical mastery with refined artistic expression. Widely regarded as part of the prestigious “Holy Trinity” of Swiss watchmaking, alongside Patek Philippe and Audemars Piguet, the brand has long stood at the pinnacle of haute horlogerie. Throughout its history, Vacheron Constantin has served royalty, collectors, and connoisseurs alike, earning a reputation for uncompromising craftsmanship, elegant design, and mechanical innovation. Every creation reflects centuries of accumulated expertise, making the manufacture one of the most respected names in Swiss watchmaking. Coin watches are among the most extra ordinary and collectible expressions of horology. These rare creations sit at the intersection of watchmaking, numismatics, and history. Each piece begins as a genuine coin in circulation before being meticulously transformed by a master craftsman. The coin is carefully hollowed out on both sides, a concealed cavity is created to house a miniature movement, and the two halves are then reassembled with a discreet hinged opening system. Among the maisons known for producing such remarkable timepieces is Vacheron Constantin. This exceptional example is crafted from a 1904 twenty-dollar gold coin and is identified by the manufacture as Model 4928. It represents a striking combination of historical significance, technical ingenuity, and refined watchmaking, resulting in a highly collectible and visually captivating work of art. The coin opens via a side-mounted push button, revealing the hidden watch within. Inside, a small champagne-toned dial features painted hour markers and elegant blued stick hands, complemented by a discreet crown positioned at 1 o’clock. The case can also be displayed upright, transforming the piece into a functional desk or table clock—an object designed to be both worn and admired. This example is based on a 1904 twenty-dollar U.S. gold coin with a finely detailed reeded edge and straight lugs. It is fitted with its original Vacheron Constantin strap and a period-correct 18k gold “AW” signed buckle. A Bulang and Sons strap will be supplied with the watch, with the final choice left to the buyer. The hand-wound movement has been fully serviced by our watchmaker and is ready for years of reliable use. We love these Coin watches —they are effortlessly cool, lightweight on the wrist, and an absolute conversation starter! Take a closer look, and let’s have a conversation about this remarkable piece ! Specifications: Vacheron Constantin “Coin watch “ ref 4928 34.5 mm, 18 k yellow gold case ,made out of a 1904 20 US dollars coin with straight lugs, opened by a hinge Dates to the end of the 1960’s Champagne dial, no lume , stick markers and hands set Hand wound ultra thin movement Used VC",Bulang & Sons,2026-07-03,False
Patek Philippe World Time 5110J Guilloche Dial in 18k Yellow Gold with Extract of the Archives,Patek Philippe,30900,https://bulangandsons.com/products/patek-philippe-world-time-5110j-guilloche-dial-in-18k-yellow-gold-with-extract-of-the-archives-w3816,https://cdn.shopify.com/s/files/1/0961/8613/8969/files/W-3816PatekPhilippeWorldtimein18kyellowgoldref5110JwithExtractofthearchives_363_1x1_3ac1aeea-a397-4498-925f-58f402e0c502.jpg?v=1782900186,"The story of the Patek Philippe World Time—historically known as Heures Universelles —is deeply intertwined with an era when international travel was still an adventure and crossing continents carried an unmistakable sense of glamour. Conceived during the early 20th century for diplomats, businessmen, and seasoned travellers, the World Time complication enabled its wearer to read all 24 time zones simultaneously at a glance—an extraordinary technical achievement for its day. Over the decades, the World Time evolved from a highly specialised travel instrument into one of the most admired complications in haute horlogerie. Combining mechanical ingenuity with beautifully balanced dial design, it came to represent not only technical sophistication but also a romantic vision of global travel that continues to captivate collectors today. Presented here is the Patek Philippe reference 5110J, with the ""J"" denoting its elegant 18k yellow gold case. Measuring a perfectly proportioned 37mm, the Calatrava-inspired case is beautifully sculpted, featuring integrated crown guards and Patek Philippe's patented world-time pusher at 10 o'clock. A single press of the pusher simultaneously advances the central hour hand, the 24-hour ring, and the outer city disc in one-hour increments, instantly recalibrating the display across all 24 time zones. It is a wonderfully intuitive and elegant mechanical solution, making one of watchmaking's most complex complications remarkably easy to use. Turning the watch over reveals a sapphire display case back showcasing the exceptional ultra-thin self-winding calibre 240 HU. Equipped with Patek Philippe's beautifully finished 22k gold micro-rotor, the movement is every bit as impressive as the dial it powers. The watch is fitted with a handsome Bulang and Sons leather strap and its original 18k yellow gold Patek Philippe pin buckle. Accompanying the watch is an Extract from the Archives confirming its sale in 2001. The World Time has long been one of our favourite complications at Bulang and Sons, and the 5110J is, in our eyes, one of its most elegant executions. Whether you're crossing continents or simply dreaming about the next destination, this is a watch that inspires travel every time you glance at your wrist. Ready for your next journey? Get in touch. Specifications: Patek Philippe World Time 5110J 37mm 18k yellow gold case with corrector on side , display case back Guilloche dial with world time disc Automatic Patek movement calibre 240/188 with gold micro rotor Case no 4111xxx Movement no3207xxx dating to 2000 Comes on a Bulang and sons leather strap with gold PP pin buckle Fully serviced by our watchmaker One-year mechanical warranty Extract from the Archives confirming its sale in 2001. Free worldwide Fedex Priority shipping",Bulang & Sons,2026-07-01,False
Tudor Submariner 7928 MK7 Dial Black-Out Lume,Tudor,9500,https://bulangandsons.com/products/tudor-submariner-7928-mk7-dial-black-out-lume-w3790,https://cdn.shopify.com/s/files/1/0961/8613/8969/files/W-3790TudorSubmarinerref7928_392_1x1_26c9b9d6-e038-4bcc-958d-f10e4f4233cd.jpg?v=1782900398,"The Tudor Submariner is widely regarded as one of the most important and enduring dive watches in horological history, remaining in production from 1954 until its discontinuation in 1999. Created under the vision of Hans Wilsdorf, Tudor was established to deliver the same reliability, robustness, and waterproof performance associated with Rolex, but at a more accessible price point. The Submariner perfectly embodied this philosophy, combining true tool-watch functionality with timeless design and military-grade dependability. At hand we have a late-series reference 7928, presented in very nice overall condition, featuring a strong case and a beautifully faded “fat font” bezel insert. The Tudor Submariner 7928 is closely associated with military use, most notably by U.S. Navy SEALs and Underwater Demolition Teams (UDT) during the Vietnam War era. Documented examples are often linked to so-called “Coronado dials,” with custom modifications carried out in the field or by military watchmakers in Coronado, California, to reduce reflectivity and improve legibility during covert operations. These modifications could include reprinted or hand-painted dials, matte black finishes, and the removal or darkening of luminous material on the indexes and hands. The dial on this example exhibits a similar character, with a darkened, on the original tritium lume appearance on both the markers and hands. It gives the watch a distinctive “dark horse” presence on the wrist—subtle, utilitarian, and full of character. Further enhancing its appeal, the watch features the iconic Tudor rose logo on the Mk7 dial variant. It is fitted to a “Hecho en México” Jubilee bracelet—originally produced for the North and South American markets—which adds an additional layer of period-correct charm and intrigue to this already highly collectible Tudor Submariner. We love finding watches with character, and this one certainly delivers. Get in touch if you'd like to add it to your collection. Specifications: Tudor Submariner Reference 7928 40mm steel case Mk 7 dial variant, Rose logo Serial 597xxx, dating to 1967 Faded fat font bezel insert Darkened lume Rolex Heche de Mexico Jubilee bracelet Fully serviced by our watchmaker One-year mechanical warranty Free worldwide FedEx Priority shipping",Bulang & Sons,2026-07-01,False
Rolex Millgauss 1019 Silver Dial,Rolex,22500,https://bulangandsons.com/products/rolex-millgauss-1019-silver-dial-w3696,https://cdn.shopify.com/s/files/1/0961/8613/8969/files/W-3696RolexMillgaussSilverdialref1019_011_1x1_91c55fff-b54e-472a-9c90-1cc070157645.jpg?v=1782463684,"Before the Rolex Milgauss came along, scientists had a real problem. Magnetic fields as low as 50 to 100 gauss could already throw a mechanical watch completely off. In environments where precision mattered, that simply didn’t cut it—so it was either deal with an unreliable watch or leave it off the wrist altogether. Rolex stepped in with a proper solution. In the 1950s, the Milgauss was tested by CERN—the world’s leading particle physics lab—and proved capable of resisting magnetic fields up to 1,000 gauss. A serious technical achievement at the time, and a big step forward not just for Rolex, but for those working in these environments. The name says it all. “Milgauss” comes from mille (one thousand) and gauss , the unit used to measure magnetic fields—straightforward, functional, and very Rolex. With scientists at CERN and beyond actually wearing the Milgauss in the field, the watch quickly cemented its place as a true tool piece—built with purpose, but carrying that unmistakable bit of character that still makes it stand out today. At hand we have a reference 1019—the second generation of the Milgauss. This example comes with a strong, well-preserved case and a clean, smooth bezel. The silver dial features the typical vertical brushing, with a warm yellow patina developing on the plots and hands. A subtle splash of red on the “Milgauss” text and seconds hand adds just the right amount of contrast. The watch is paired with an Oyster bracelet (ref. 78360), fitted with a clasp stamped “J7” and correct 580 end links. This fine tool watch with a scientific edge has been fully serviced by our watch maker. One of the more underrated Rolex tool watches—get in touch ! Specifications: Rolex Milgauss Reference 1019 38mm steel case Serial 833xxxx dating to 1984 Silver vertical brushed dial Oyster rivet bracelet 78360 with 580 end links Fully serviced by our watchmaker One-year mechanical warranty Free worldwide Fedex Priority shipping",Bulang & Sons,2026-06-26,False
Rolex Datejust Gilt dial ref 1601,Rolex,8900,https://bulangandsons.com/products/rolex-datejust-gilt-dial-ref-1601,https://cdn.shopify.com/s/files/1/0961/8613/8969/files/W-3835RolexDatejustGiltdialref1601_296_1x1_bb9a9764-4891-4458-b8e7-9da3ab8c8e1c.jpg?v=1782827649,"The legendary Rolex Datejust was introduced in 1945 to celebrate Rolex’s 40th anniversary. A landmark model in the history of watchmaking, it was the first self-winding, waterproof wristwatch to feature a date display on the dial. More than eighty years later, it remains one of the most recognizable and enduring luxury watches ever created. We are always delighted to offer unusual and attractive Datejust configurations, and this example is particularly special thanks to its stunning gilt dial. While gilt dials are most commonly associated with vintage Rolex sports models, they occasionally appear on Datejusts, creating a distinctive and highly appealing aesthetic. Produced using a galvanic printing process, gilt dials possess a remarkable depth, warmth, and glossy finish that are impossible to overlook on the wrist. The case remains in excellent condition, displaying strong and well-balanced lugs, while the fluted white-gold bezel is beautifully preserved and perfectly complements the rich character of the dial. The gilt dial itself is in outstanding condition, retaining its glossy surface along with crisp, clear printing throughout. Adding further charm, the luminous material on both the hands and hour markers has aged to a lovely warm yellow tone, creating a striking contrast against the glossy black background. The watch is fitted with a folded Jubilee bracelet, reference 6251H, complete with correct 55 end links, all preserved in very nice condition. To ensure optimal performance, this rare and highly attractive Datejust has been fully serviced by our watchmaker. Combining the timeless elegance of the Datejust ,the warm tones and glossy gilt dial give this rarity a character all its own—an outstanding opportunity for the collector who appreciates vintage Rolex at its most captivating , get in touch with us ! Specifications: Rolex Reference 1601 Datejust 36mm steel case , fluted white gold bezel Serial 275xxxx dating to 1971 Glossy gilt dial Jubilee bracelet 6251H with 55 end links Fully serviced by our watchmaker One-year mechanical warranty Free worldwide Fedex Priority shipping",Bulang & Sons,2026-06-26,False
"Rolex Oysterdate Precision  Silver Star ""Stelline "" dial ref 6066",Rolex,7900,https://bulangandsons.com/products/rolex-oysterdate-precision-silver-star-stelline-dial-ref-6066-w3808,https://cdn.shopify.com/s/files/1/0961/8613/8969/files/W-3808RolexOysterdateSilverStarStellinedialref6066_006_1x1_9e0f802b-2306-4533-bc4e-db33d2a421af.jpg?v=1782639443,"Every collector knows the feeling: every once in a while, you come across a watch that creates an instant connection. That is exactly how we feel about this humble little Oysterdate. Housed in a charming 30mm Oyster case, this example remains in lovely condition and retains several attractive early details, including the seldom-seen one-sided lug holes, an early patent-signed crown, and a smooth bezel that perfectly complements its understated character. But the real star — quite literally — is the dial. The lovely preserved silvered patina dial features no luminous material, a black Rolex Oysterdate text, and a wonderful combination of dagger and star-shaped hour markers at 6 and 9 o’clock. We absolutely love it. Rolex used these charming star indexes only sparingly throughout its history, making them a highly desirable detail among collectors today. They are perhaps best known from the legendary Ref. 6062, Rolex’s grail-worthy triple-calendar moonphase, produced for only a brief period during the 1950s. Italian collectors affectionately nicknamed the model “Stelline,” meaning “little stars,” a name inspired by these distinctive markers. It is a nickname we are more than happy to borrow for this delightful Oysterdate. Similar star indexes can also be found on the equally rare Ref. 8171 “Padellone,” another celebrated triple-calendar moonphase model, as well as on certain early time-only Bubbleback, or “Ovetto,” references. Although the dial is certainly not perfect, showing some honest age and light patina across its surface, we find these imperfections absolutely perfect. They give the watch character, warmth, and the kind of authenticity that simply cannot be replicated. As if the dial was not charming enough already, Rolex fitted this watch with a striking red date disc and elegant dauphine hands, details that elevate the entire appearance and make this little Oysterdate an absolute stunner. We have paired it with one of our steel straight end-link bracelets, a combination that feels wonderfully period-correct and gives the watch an effortlessly cool vintage presence on the wrist. The watch and its hand wound movement has been fully serviced by our watch maker. While the watches that inspired its nickname occupy the very top tier of Rolex collecting, this Oysterdate offers a wonderful opportunity to enjoy one of the brand’s most charming and unusual dial designs in a far more understated package. Small in size but overflowing with charm, this Oysterdate reminds us that true charisma has never been measured in millimetres. Specifications: Rolex Reference Oysterdate Precision reference 6066 30mm steel case , one side lug holes , early “patent “ winding crown Smooth steel bezel Serial 72xxx dating to 1952 Rare Silver dial with black text and dagger and star markers Dauphine hour /minute , hands blued seconds , red date wheel Slow-set movement , hand wound Bulang and sons Steel straight end links bracelet Fully serviced by our watchmaker One-year",Bulang & Sons,2026-06-26,False
Tudor Submariner No Date Black Snowflake SWISS only dial with original box and paper ref 7016/0,Tudor,13500,https://bulangandsons.com/products/tudor-submariner-no-date-black-snowflake-swiss-only-dial-with-original-box-and-paper-ref-7016-0-w3830,https://cdn.shopify.com/s/files/1/0961/8613/8969/files/W-3830TudorSubmarinernodateBlackSnowflakedialref7016withoriginalboxandguaranteepaperref70160_343_1x1_c1690251-248c-4fa5-8b63-55c0a95a14d6.jpg?v=1782463925,"Introduced in 1969, the Tudor Submariner ""Snowflake"" is a legendary watch design featuring distinctive angular hands and square hour markers. Originally created to maximize legibility for professional divers, this iconic aesthetic has since become the cornerstone of Tudor’s modern identity. The Snowflake design was born from a close collaboration between Tudor and the French Navy (Marine Nationale), which requested a highly legible dive watch for use in murky, deep-water conditions. Standard Rolex ""Mercedes"" hands could be difficult to distinguish in low-light environments. The angular, flat surfaces of the Snowflake hands allowed for a generous application of luminous material, ensuring that the hour and minute hands were easily distinguishable from one another. The introduction of the Snowflake hands, along with the square hour markers, coincided with Tudor's transition from the Rose logo to the Shield logo, helping the brand step out of Rolex's shadow and establish its own utilitarian identity. This particular black-dial example boasts several highly desirable and rare features. The earliest Snowflakes are what collectors refer to as ""SWISS only"" dials, due to ""SWISS"" being the only text printed between the hash marks at six o’clock. These dials can be found in both black and, much more rarely, blue. The blue dials were introduced first, around 1969 (approximately in the 62xxxx serial range), followed shortly thereafter by the black dials. Black-dial examples are generally found within the 74xxxx to 815xxx serial range, while blue dials are typically associated with the earlier 62xxxx range. The case on this watch is superb. We rarely use the term ""unpolished"" and prefer to let the photographs speak for themselves, allowing you to form your own opinion. Just look at the shoulders on this beauty. The bezel insert has faded to a gorgeous midnight blue and is the highly sought-after ""Kissing 40"" variation, so named because the font is so thick that the numerals 4 and 0 actually touch one another. The dial displays the familiar and entirely sympathetic ""bubbling"" often seen on Snowflake dials. This is an extremely common characteristic, and many dials were replaced by Tudor during routine servicing as a result.The lume collar has gotten a lovely yellow colour over the years. The hands have been ""stabilised,"" meaning that a watchmaker applied a form of lacquer during a service to secure the original lume. This is also a very common period-correct practice, as the wide Snowflake hands often lost lume over decades of use. The watch is fitted with a lovely folded Oyster reference 9315 bracelet with 380 end links and the famous ""Pateted"" dive extension. This refers to a well-known and highly collectible spelling error found on vintage Rolex and Tudor dive extensions. Instead of ""PATENTED,"" the clasp was stamped ""PATETED,"" omitting the letter ""N."" What was once a simple factory error has become a prized detail among vintage watch enthusiasts. The watch ",Bulang & Sons,2026-06-26,False
Heuer Autavia Black Dial ref 7763C Compressor Case,Heuer,7750,https://bulangandsons.com/products/heuer-autavia-black-dial-ref-7763c-compressor-case-w3745,https://cdn.shopify.com/s/files/1/0961/8613/8969/files/W-3745HeuerAutaviaBlackdialref7763_0004_1x1_36ef1c08-5965-4a1d-8961-dfc427f08557.jpg?v=1782468210,"The story of the Heuer Autavia is one of evolution—from dashboard instruments to the wrist—spanning decades of motorsport and aviation heritage. Its name itself, a contraction of AUTomobile and AVIAtion, already hints at its purpose. First introduced in 1933 as a dashboard timer, the Autavia was designed for both sectors. It wasn’t until 1962 that Jack Heuer reimagined it as a wristwatch chronograph—marking the beginning of one of Heuer’s most iconic lines. From there, it quickly became associated with the golden era of Formula 1, worn by drivers such as Jo Siffert, Mario Andretti, and Gilles Villeneuve. The example offered here is a late 1960s reference 7763C, housed in a 40 mm case produced by Ervin Piquerez S.A.—better known for its “compressor” cases. This clever construction was designed to improve water resistance, using increasing external pressure to further compress the case gaskets. In other words, the deeper you went, the tighter it sealed—a beautiful piece of engineering from the era. The case remains in great condition and is fitted with a finely toothed rotating bezel, which has developed a subtle fade towards a soft blue hue—adding just the right amount of character. Its reverse panda dial offers a wonderful contrast, with two sub-dials set against a black background. The crisp white chronograph seconds hand adds a touch of sportiness, while the lume has aged to a warm yellow tone, giving the watch a balanced and harmonious appearance.The watch is fitted by one of our Bulang and sons leather straps of which we think as a nice match . Powered by the reliable hand-wound Valjoux 7730 movement, this chronograph has been fully serviced by our watchmaker and is ready to be worn and enjoyed. A piece that captures the spirit of an era—where function, design, and motorsport heritage came together in the most effortless way ! Specifications: Heuer Autavia reference 7763C 4o mm steel Compressor case, pump pushers Turnable bezel ,faded to a dark blue hue indicating minutes/hours cal.VLJX7730 movement Serial 111xxx dating to the late 1960’s Black dial with two sub dials Bulang & Sons Leather strap Fully serviced by our watchmaker One-year mechanical warranty Free worldwide FedEx Priority shipping",Bulang & Sons,2026-06-26,False
Rolex Datejust Salmon dial ref 16234 with Rolex service card,Rolex,6100,https://bulangandsons.com/products/rolex-datejust-salmon-dial-ref-16234-with-rolex-service-card-w3836,https://cdn.shopify.com/s/files/1/0961/8613/8969/files/W-3836RolexDatejustSalmondialref16234_266_1x1_8e69d93f-4d9d-4563-92de-a22716e42a2f.jpg?v=1782464114,"The Rolex Datejust is one of the most iconic and enduring luxury wristwatches ever produced, remaining in continuous production since its introduction in 1945. Created to commemorate Rolex’s 40th anniversary, the Datejust represented a significant milestone in watchmaking history. It was the world’s first self-winding, waterproof wristwatch to feature a date display that changed instantaneously at midnight. Unlike purpose-built sports models such as the Submariner, designed for diving, or the Daytona, developed for motorsport enthusiasts, the Datejust was conceived as a versatile and refined timepiece suitable for everyday wear. Its timeless design, practicality, and elegance established the blueprint for the modern dress watch and helped make it one of Rolex’s most celebrated creations. The reference 16234 was introduced in 1988 and remained in production until 2005. The present example features the classic 36 mm Oyster case with a fluted white-gold bezel, both preserved in excellent condition without lug holes .What truly sets this watch apart is its beautiful non-luminous salmon dial, a highly attractive and sought-after configuration that we have always particularly appreciated for its warmth and understated elegance. The watch is fitted with its Jubilee bracelet, reference 62510H, in excellent condition, complete with 555 end links and a clasp stamped “AU 8.” Adding further appeal, this Datejust benefits from a Rolex service performed in 2022 and is accompanied by its Rolex service card. It has also been fully checked and regulated by our watchmaker to ensure reliable performance. Combining a desirable salmon dial, classic Datejust proportions, and excellent overall condition, this reference 16234 is a charming and versatile Rolex that will look as appropriate today as it did when it left the factory. Specifications: Rolex Datejust Reference 16234 36mm steel case, white gold fluted bezel , no lug holes Serial U36xxxx dating to 1997 Non lumed “Salmon “ soleil finished dial , no lumed hands Rolex 2022 Service card Jubilee bracelet 62150H with end links 555 Fully checked by our watchmaker One-year mechanical warranty Free worldwide Fedex Priority shipping",Bulang & Sons,2026-06-26,False
Rolex Submariner 5513 Maxi MK1 Dial,Rolex,15250,https://bulangandsons.com/products/rolex-submariner-5513-maxi-mk1-dial-w3615,https://cdn.shopify.com/s/files/1/0961/8613/8969/files/W-3615RolexSubmariner5513MaxiMK1Dial_1x1_584a7c2e-753f-4626-b2a0-a30a38ca9546.jpg?v=1782986256,"One of our favourite watches at Bulang & Sons has always been the no-date Rolex Submariner, and among its many variations, the Maxi MK1 dial stands out as a true collector's classic! Presented here is exactly that configuration: a reference 5513 featuring the highly desirable first-generation ""Maxi"" dial with its distinctive oversized luminous plots. The case is beautifully preserved, retaining thick crown guards and strong, well-defined lugs. It is complemented by a lovely fat-font bezel insert that remains free from major defects or heavy scratches and has aged gracefully to a subtle dark-blue hue. The oversized hour markers and hands have developed a soft cream-coloured patina, perfectly matching the character of the watch and enhancing its vintage appeal. The watch is fitted with a Rolex Oyster bracelet, reference 93150, in very nice condition, complete with 580 end links and a clasp stamped ""SP5."" To ensure reliable performance, the watch has been fully serviced by our watchmaker and is ready to be enjoyed for years to come. The reference 5513 has always been something of a signature watch for us at Bulang & Sons, and we are constantly searching for exceptional examples to offer our clients. This MK1 Maxi is no exception—a wonderfully honest vintage Submariner with all the details collectors love. Specifications: Rolex Submariner reference 5513 40mm steel case Serial 529xxxx dating to 1977 Mk1 Maxi Dial with oversized hour plots and cream-colored patina Gently aged black fat font bezel insert Bracelet reference 93150 with 580 end links Fully serviced by our watchmaker One-year mechanical warranty Free worldwide FedEx Priority shipping",Bulang & Sons,2026-06-18,False
IWC/Porsche design compass watch in titanium ref 3511 with Certificate of Authenticity  paper and IWC service invoice,IWC,5900,https://bulangandsons.com/products/iwc-porsche-design-compass-watch-in-titanium-ref-3511-with-certificate-of-authenticity-paper-and-iwc-service-invoice-w3880,https://cdn.shopify.com/s/files/1/0961/8613/8969/files/W-3454IWCPorschedesigncompasswatch_268_1x1_65815525-5445-4c92-bf68-658561fe1936.jpg?v=1782807477,"In 1977–78, Porsche Design (founded by Ferdinand “Butzi” Porsche) approached IWC with the idea of creating a wristwatch with a built-in compass. Butzi wanted something functional, bold, and distinctly different. It was a challenging time for Swiss watchmakers — the quartz crisis was sharply reducing demand for mechanical watches. IWC saw this collaboration as an opportunity to innovate and tap into new markets. The first model in the series, Ref. 3510, was launched in the late 1970s. It featured an aluminum case with a PVD or anodized coating, available in black or NATO olive green. Fast forward to 1991: the newly designed Ref. 3511 was introduced. It featured a titanium case with a ribbed or ""coin-edge"" finish and a repositioned crown at 4 o’clock. The dial was classic Porsche Design — minimalist and functional — with a thin crosshair layout, yellow tritium lume, white hour and minute hands, and a dark orange seconds hand. On the lower (6 o’clock) side of the case, two discreet push-buttons open the watch face to reveal the integrated compass. This example comes fitted on its original IWC flat-link titanium bracelet and fits wrists up to 20 cm. Included in the sale is a certificate of authenticity dated 1993, an IWC service invoice from 2016, and an original IWC booklet. This unique tool watch has been fully checked and regulated by our watchmaker — its Caliber 375.23 is running smoothly. This cool neo-vintage piece offers excellent value in today’s market. Get in touch with us to make it yours! Specifications: IWC Compass watch reference 3511 40.5 mm Titanium case Compass function Dates to 1993 Black dial Signed Porsche Design IWC IWC calibre 375.23 Serial 251xxxx Certificate of authenticity dated 1993, booklet , 2016 service invoice Flat link titanium bracelet Fully checked by our watchmaker One-year mechanical warrantee Includes a hand Free worldwide Fedex Priority shipping",Bulang & Sons,2026-06-30,False
Rolex Day-Date 1803 Khanjar Sigma Champagne Dial,Rolex,20750,https://bulangandsons.com/products/rolex-day-date-1803-khanjar-sigma-champagne-dial-w3817,https://cdn.shopify.com/s/files/1/0961/8613/8969/files/W-3817RolexDay-Date1803KhanjarSigmaChampagneDial_1x1_30649b79-15d8-4c93-8a0b-172b73a6b2a3.jpg?v=1782984876,"The Rolex Day-Date, introduced in 1956, marked a significant milestone in watchmaking as the world’s first wristwatch to display both the date and the day of the week fully spelled out on the dial. Positioned at the very top of the Rolex catalogue, the Day-Date has exclusively been produced in precious metals — including 18k yellow, white, or rose gold, as well as platinum — reinforcing its status as the brand’s ultimate flagship model! The present watch is a classic 36 mm 18k yellow gold reference 1803, featuring a beautifully preserved case and crisp fluted bezel. While the watch itself is undeniably elegant, the true highlight of this example is undoubtedly its dial!! It features what is arguably the quintessential Day-Date configuration: a sunburst champagne dial with contrasting black printed text, enhanced by a Sigma designation at six o’clock — denoting that the hands and hour markers are crafted from gold. Most notably, the dial proudly bears a rare red Omani Khanjar emblem, adding a fascinating layer of historical significance and collectability. For those less familiar with the emblem, the Omani Khanjar is a traditional ceremonial dagger and one of the most important national symbols of Oman, representing pride, heritage, and status. From the 1970s onward, Qaboos bin Said al Said became widely known for commissioning specially ordered watches adorned with the royal Khanjar crest, either printed on the dial or engraved on the case back. These pieces were typically gifted to high-ranking military officers, diplomats, loyal advisers, and prominent figures within the Sultan’s inner circle, giving them both exceptional rarity and strong historical importance. Many of these special commissions were supplied through Asprey of New Bond Street in London, the Sultan’s official jeweller during the era. Today, Asprey-delivered Khanjar-signed Rolex watches are regarded among the most collectible and desirable special-order vintage Rolex models ever produced, with well-preserved examples becoming increasingly difficult to source. This elegant Day-Date, together with its slow-set movement, has been fully serviced by our watchmaker and is ready to be enjoyed for many years to come. Please get in touch to discuss this rare watch or any other Day-Date that we have in stock. We’re here to help! Specifications: Rolex Day-Date Reference 1803 36mm yellow gold case, plexi crystal Serial 360xxxx dating to 1974 Rare Champagne colour Sigma dial, with red Khanjar English day disc Bulang and sons leather strap Fully serviced by our watchmaker One-year mechanical warranty Free worldwide Fedex Priority shipping",Bulang & Sons,2026-06-17,False
Rolex Submariner Date 16610 Swiss Made Dial No Lug-Holes Case,Rolex,8300,https://bulangandsons.com/products/rolex-submariner-date-16610-swiss-made-dial-no-lug-holes-case-w3814,https://cdn.shopify.com/s/files/1/0961/8613/8969/files/W-3814RolexSubmarinerDateSwissmadedialref16610_311_1x1_d82a07fc-db43-4abb-9d32-4cfff0d72577.jpg?v=1781791724,"The Rolex Submariner Date began its journey in 1969 and has remained in continuous production ever since. This reference 16610 is an excellent example of the now-discontinued model, featuring a beautifully glossy dial and a strong, well-preserved case. The dial is signed ""Swiss Made"" at the bottom, indicating the use of Luminova-filled hands and hour markers, and remains in flawless condition. The 40 mm stainless steel case is in excellent shape and features the later no-holes configuration, giving the watch a cleaner and more contemporary appearance. This fine Submariner Date is fitted with the desirable Oyster bracelet, reference 93250, with solid end links and a clasp stamped E05. A true modern classic, the 16610 bridges the gap between vintage charm and contemporary usability, making it one of the most versatile Rolex sports watches ever produced. The watch and its movement have been fully serviced by our watchmaker and are ready to provide many years of reliable enjoyment. Whether you're buying your first Rolex or adding another ""do-it-all"" watch to the collection, the Submariner 16610 rarely disappoints. Few watches combine everyday practicality, timeless design, and enduring collectability quite so effortlessly! Specifications: Rolex Submariner Date Reference 16610 40mm steel case without lug holes Serial Z98xxxx dating to ca. 2007 Glossy black dial signed SWISS MADE Black bezel insert Oyster bracelet 93250 with solid end links Fully serviced by our watchmaker One-year mechanical warranty Free worldwide FedEx Priority shipping",Bulang & Sons,2026-06-18,False
Rolex Datejust 1601 Tiffany & Co signed Silver Sigma Dial,Rolex,11900,https://bulangandsons.com/products/rolex-datejust-1601-tiffany-co-signed-silver-sigma-dial-w3767,https://cdn.shopify.com/s/files/1/0961/8613/8969/files/W-3767RolexDatejust1601Tiffany_Cosigneddial_500_1x1_52b85491-b418-4f59-90f7-a40b5b7244ce.jpg?v=1781692114,"Founded in 1837 in New York City by Charles Lewis Tiffany and John B. Young, Tiffany & Co. started out as a stationery and “fancy goods” store before evolving into one of the world’s most recognizable names in jewelry. Over time, the house built its reputation on exceptional diamonds, its unmistakable “Tiffany Blue” identity, and signature creations such as the 1886 Tiffany Setting engagement ring. Often referred to as the “King of Diamonds,” Tiffany further cemented its status with landmark acquisitions like the Tiffany Diamond in 1878 and the French Crown Jewels in 1887—firmly placing it at the top of the luxury world. From the 1950s through to the late 1980s, Rolex allowed Tiffany & Co. to co-sign the dials of watches sold through their boutiques. Rolex supplied the watches, while Tiffany added its name—creating what collectors now refer to as “double-signed” pieces. These Tiffany & Co.–signed Rolex watches are highly sought after today, often commanding a significant premium over standard examples. At hand we have a lovely Rolex Datejust 1601. The case is strong and well-preserved, paired with a crisp white gold fluted bezel. The silver dial features a clean soleil finish with applied stick markers, slightly thicker at 6 and 9 o’clock, and of course the coveted “Tiffany & Co.” signature on the lower half of the dial. The lume has aged to a soft cream tone, adding just the right amount of warmth and character. It’s fitted with a Jubilee bracelet (ref. 62510H) with end links 555 and a clasp stamped “U9”—a great, period-correct configuration. The watch and its slow-set movement have been fully serviced by our watchmaker and are ready for many more years on the wrist. Rare double-signed magic—your own Breakfast at Tiffany’s moment ! Specifications: Rolex Reference 1601 Datejust 36mm steel case, plexi-crystal White gold fluted bezel Serial 372xxxx dating to 1974 Silver dial, double signed Tiffany & Co. Jubilee bracelet 62150H with 555 end links Slow set movement Fully serviced by our watchmaker One-year mechanical warranty Free worldwide Fedex Priority shipping",Bulang & Sons,2026-06-17,False
Rolex Day-Date 1807 Bark Finish Champagne Dial in 18k Yellow Gold Box and Paper Set,Rolex,12700,https://bulangandsons.com/products/rolex-day-date-1807-bark-finish-champagne-dial-in-18k-yellow-gold-box-and-paper-set-w3724,https://cdn.shopify.com/s/files/1/0961/8613/8969/files/W-3724RolexDay-dateChampagnedialin18kyellowgoldref1807boxandpapersset_611_1x1_4fa57759-8b69-4d0e-aa54-698f4cee85c0.jpg?v=1776674564,"Introduced in 1956, the Rolex Day-Date was the world’s first wristwatch to display both the date and the day of the week spelled out in full. Known as the “President’s Watch,” it quickly became a symbol of prestige, crafted exclusively in precious metals such as gold and platinum. During the 1950s and 1960s, more expressive finishes in gold gained popularity. This led to the introduction of references such as the 1806, 1807, and 1811—distinct variations of the Day-Date featuring decorative textures on bezels, bracelet center links, and in the case of the 1811, even the case itself. The reference 1807 is particularly notable for its characteristic bark-finished bezel. The example offered here is a wonderful representation of that era, reaffirming our appreciation for the charm of four-digit Day-Date references. The 36 mm case remains in pleasing condition, complemented by a beautifully hand-finished bezel that adds depth and character. The classic pie-pan dial is presented in an elegant champagne tone, featuring applied stick hour markers, crisp black printed text, and softly aged lume plots that harmonize perfectly with the hands. A Spanish day disc adds an extra layer of character and provenance. This Day-Date is fitted on a refined Bulang & Sons leather strap and is accompanied by its original guarantee papers, indicating a sale in Spain in 1975. It further includes its inner and outer Rolex boxes, the original plastic document holder, and a period-correct Rolex calendar card.The watch and its slow setting movement have been fully serviced by our watch maker. A beautifully preserved and characterful example—one that captures the essence of vintage Rolex at its most expressive ! Specifications: Rolex Day-Date Reference 1807 36mm yellow gold case, plexi crystal Serial 385xxxx dating to 1974 Hand-applied Bark finish 18k gold Bezel Champagne pie-pan Dial Spanish day-disc Punched guarantee paper stating sale in 1975, Spain Comes with original Rolex inner and outer boxes, Calendar card, document holder Bulang and sons leather strap Fully serviced by our watchmaker One-year mechanical warranty Free worldwide FedEx Priority shipping",Bulang & Sons,2026-04-10,False
Rolex Datejust 16000 Taupe Dial with Original Guarantee Paper,Rolex,6200,https://bulangandsons.com/products/rolex-datejust-16000-taupe-dial-with-original-guarantee-paper-w3805,https://cdn.shopify.com/s/files/1/0961/8613/8969/files/W-3805RolexDatejustTaupedialref16000withoriginalguaranteepaper_532_1x1_d6681276-44ad-45a6-aecd-fdc145d2ec2f.jpg?v=1781692183,"The Rolex Datejust was introduced in 1945 to celebrate Rolex’s 40th anniversary and became the world’s first automatic chronometer wristwatch to feature an automatically changing date display on the dial. While many other iconic Rolex models were developed for specific professional purposes — such as the Submariner for diving or the GMT-Master for aviation — the Datejust was conceived as the ultimate everyday wristwatch: elegant, reliable, and versatile enough for any occasion. In 1977, Rolex introduced the practical “Quickset” function, allowing the date to be adjusted independently through the crown without the need to rotate the hands through repeated 24-hour cycles — a significant improvement in daily usability. Presented here is the less commonly seen reference 16000. This particular reference is distinguished by its smooth bezel, giving the watch a slightly sportier and more understated appearance compared to the classic fluted versions. As a five-digit reference, it also benefits from the updated quickset movement. The classic 36 mm Oyster case remains in lovely condition, complemented by a beautifully preserved smooth bezel. One of the true highlights of this watch, however, is its uncommon taupe-coloured dial, which gives the watch a wonderfully warm and subtle character that changes beautifully depending on the light. The dial further features elegant stick hour markers, crisp white printed text, and softly aged yellow-toned lume plots that enhance the overall warmth and vintage appeal of the watch. The watch is fitted with a Rolex Oyster bracelet, reference 78360, complete with end links stamped 558 and a clasp code “VD,” perfectly complementing the clean and sporty aesthetic of this charming Datejust. Furthermore, this fine Datejust is accompanied by its original plastic document holder, a Rolex booklet, and its original papers showing the watch was sold by authorised Rolex retailer Bucherer in 1980.This sportier Datejsut and its quick setting movement have been fully serviced by our watch maker. One of those Datejusts that simply feels right the moment it reaches the wrist! We always strive to keep a selection of uncommon Datejusts in stock, so please get in touch — we would love to help you find the right one. Specifications: Rolex Datejust Reference 16000 36mm steel case, smooth bezel Quick-set date function Serial 555xxxx dating to 1978 Taupe colour dial with stick marker, white printed text Bracelet reference 78360 Oyster style with 558 end links Rolex document holder, booklet, guarantee paper stating sale by retailer Bucherer in 1980. Fully serviced by our watchmaker 1 year mechanical warranty Free worldwide Fedex Priority shipping",Bulang & Sons,2026-06-17,False
Rolex Day-Date 1803 in 18k Rose Gold Pink-on-Pink Gay Frères Bracelet Portuguese Disc,Rolex,23900,https://bulangandsons.com/products/under-construction-kopie-2,https://cdn.shopify.com/s/files/1/0961/8613/8969/files/W-3723RolexDay-datein18krosegoldref1803_175_1x1_e7bd2fa8-ed0d-4160-99db-7a38a27bee86.jpg?v=1782288235,"Introduced in 1956, the Rolex Day-Date set a new benchmark in watchmaking as the first wristwatch to display both the date and the day of the week fully written out on the dial. Produced exclusively in precious metals, the Day-Date quickly became Rolex’s flagship model and, over the decades, evolved into a lasting symbol of prestige, success, and influence, worn by presidents, world leaders, and cultural icons alike. We always strive to source beautiful and interesting Day-Dates, and today we are delighted to offer a particularly attractive example. This watch is executed in 18k rose gold — already a far less common configuration than its yellow gold counterparts — and retains a lovely sharp case and beautifully defined bezel. The true highlight, however, is undoubtedly the warm soleil-finished pie-pan dial in matching rose tones, giving the watch an exceptionally rich and harmonious appearance. The dial features elegant stick hour markers, crisp black printed text, and softly aged cream-coloured lume plots that further enhance the warmth and character of the watch. Another especially charming detail is the seldom-seen Portuguese day disc, adding an extra layer of rarity and collectability to the piece. The non-concealed clasp President bracelet remains in superb condition and is stamped “G F” for Gay Frères — the legendary bracelet maker responsible for some of the finest and most beautifully engineered bracelets of the vintage era. A highly desirable detail collectors always love to see. This rare Day-Date and its slow-setting movement have been fully serviced by our watchmaker and are ready to be enjoyed for many years to come. One of those rare Day-Dates that immediately stands apart through colour, warmth and tremendous appeal ,get in touch! Specifications: Rolex Day-Date Reference 1803 36mm 18k rose gold case, plexi-crystal Serial 331xxxx dating to 1973 Pie-pan style “Rose ” dial with soleil finish and rose gold hand set Portuguese day-disc Slow setting movement 18 k Rose Gold Gay Frères president style bracelet stamped 1 68 Fully serviced by our watchmaker One-year mechanical warranty Free worldwide Fedex Priority shipping",Bulang & Sons,2026-06-24,False
Rolex GMT-Master II 16713 Black Swiss made Dial in steel and gold,Rolex,10500,https://bulangandsons.com/products/rolex-gmt-master-ii-16713-black-swiss-made-dial-in-steel-and-gold-w3786,https://cdn.shopify.com/s/files/1/0961/8613/8969/files/W-3786RolexGMT-master16713SteelandGoldBlackDial_1x1_588320d1-816f-4767-b27c-79f2c70f381c.jpg?v=1781263119,"The Rolex GMT-Master is one of Rolex’s most iconic sports watches and has long remained a favourite among collectors thanks to the endless variety of bezel, dial, and metal configurations available throughout its history. We have always had a soft spot for two-tone Rolex sports models, and this GMT-Master is a particularly attractive example with its warm black-and-gold aesthetic. The watch remains in lovely overall condition, with a strong case showing excellent proportions throughout. The black soleil-finished dial is beautifully preserved and features a “Swiss Made” designation at 6 o’clock, indicating the use of Super-LumiNova luminous material on both the hour markers and hands. The black bezel insert remains in very nice condition overall, showing only light signs of wear acquired over the past 26 years — exactly the kind of honest ageing we like to see on a well-preserved sports Rolex. The watch is fitted with a solid-link steel and yellow gold Jubilee bracelet, reference 62523H, complete with 402B end links and a clasp stamped “S12.” The bracelet remains in excellent condition and perfectly complements the warm tones of the watch. The watch has been fully serviced by our watchmaker and is ready to be enjoyed for many more years to come. The perfect companion for summer evenings and long-distance travel alike ! Specifications: Rolex Gmt -Master II Reference 16713 40mm steel and gold case Serial P86xxxx dating to 2000 Black dial signed SWISS MADE Black bezel insert Jubilee bracelet ref 62523H with 402b end links Fully serviced by our watchmaker One-year mechanical warranty Free worldwide Fedex Priority shipping",Bulang & Sons,2026-06-12,False
Patek Philippe Calatrava 3919J Porcelain Dial 18k Yellow Gold Clous de Paris,Patek Philippe,10300,https://bulangandsons.com/products/patek-philippe-calatrava-3919j-porcelain-dial-18k-yellow-gold-clous-de-paris-w3818,https://cdn.shopify.com/s/files/1/0961/8613/8969/files/W-3818PatekPhilippeCalatravawhitedial18kyellowgoldhobnailcaseref_384_1x1_98a1702c-ebec-451c-9f3d-34e930da81f5.jpg?v=1781008565,"The Patek Philippe Calatrava is widely regarded as one of the purest expressions of the classic dress watch and has become a cornerstone of 20th-century watch design. Introduced in 1932 by Patek Philippe, the Calatrava emerged during a pivotal moment in the company’s history, shortly after the Stern family acquired the manufacture amid the economic uncertainty of the Great Depression. The reference 3919 presented here was introduced during the mid-1980s, a period when the Swiss watch industry was still recovering from the effects of the Quartz Crisis. In an effort to reaffirm the timeless values of traditional watchmaking, Patek Philippe collaborated with renowned Swiss advertising strategist René Bittel to strengthen and redefine the identity of the Calatrava collection. The result was the reference 3919 — a model that elegantly combined many of the brand’s most iconic design traits into one refined and highly wearable dress watch. One of its defining characteristics is the intricate Clous de Paris guilloché bezel. Although this decorative motif first appeared on the Calatrava reference 96D in 1934, it became permanently associated with the 3919 and remains one of the most recognizable signatures of modern Calatrava design. This refined example features a crisp white porcelain dial with elegant Roman numerals, beautifully contrasted by blackened oxidized gold feuille hands and a subsidiary seconds register positioned at 6 o’clock. The proportions remain wonderfully restrained and quintessentially Patek Philippe. We have paired the watch with one of our Bulang and Sons leather straps, while the original 18k gold Patek Philippe pin buckle remains fitted. Powering the watch is the ultra-thin manually wound Calibre 215 PS (Petite Seconde), one of Patek Philippe’s most celebrated dress watch movements. The watch has been fully serviced by our watchmaker and is ready to be enjoyed for many years to come. A timeless Calatrava that perfectly captures the elegance of Patek Philippe, let’s get you this! Specifications: Patek Philippe Calatrava Reference 3919J 33mm 18k yellow gold case with “Clous de Paris” bezel, snap back case-back Porcelain dial with black Roman numerals and non-lumed hands Bulang and sons leather strap, 18k yellow gold Patek pin-buckle Calibre 215 PS hand wound movement Movement number 183xxxx case number 293xxxx dating to the mid 1990’s Fully serviced by our watchmaker One-year mechanical warranty Free worldwide FedEx Priority shipping",Bulang & Sons,2026-06-09,False
Rolex Datejust 1600 Tropical Gilt Dial with Wood Effect,Rolex,10450,https://bulangandsons.com/products/rolex-datejust-1600-tropical-gilt-dial-with-wood-effect-w3697,https://cdn.shopify.com/s/files/1/0961/8613/8969/files/W-3697RolexDatejust1600TropicalGiltDialwithWoodEffect_002_1x1_9ff13c20-24f9-4559-aa4a-930a4dab6c66.jpg?v=1778664682,"The Rolex Datejust is one of the most iconic and beloved watches ever produced by Rolex. Introduced in 1945, it has remained a timeless classic, instantly recognizable as a symbol of quality, durability, and functional design. Its balanced and versatile style makes the Datejust an ideal everyday watch—equally at home with a suit as it is with jeans and a T-shirt. For many collectors, it represents the perfect starting point into the world of vintage watches, while still being a wonderful addition to a more seasoned collection. We always enjoy offering a beautiful gilt-dial Datejust, as the gilt printing gives the dial remarkable depth and character. The example presented here is particularly special. Its original black gilt dial has developed a tropical patina, gradually turning into a rich brown tone. Even more fascinating is the unique pattern that has formed over time, resembling tiger stripes or a subtle wood-grain effect. The pie-pan dial displays classic gilt printing, complemented by warm cream-coloured lume that adds further charm and character. All of this is housed in a reference 1600 case, featuring the smooth bezel and a pleasingly thick case profile. This nearly 60-year-old Datejust is fitted with a folded Jubilee bracelet, reference 6215H, with end links marked 55 and a clasp stamped 2/67. The watch has been fully checked and regulated by our watchmaker and is ready to be enjoyed. We have a particular fondness for gilt-dial tropical Datejusts. With spring just around the corner, we promise this one will look absolutely stunning in the sunlight. Feel free to get in touch if you would like to have this remarkable piece wrapped around your wrist. Specifications: Rolex Reference 1600 Datejust 36mm steel case , plexi glass Smooth steel bezel Serial 154xxxx dating to 1967 Black, Gilt pie -pan style dial turned brown with “wood grain” effect Slow-set movement Jubilee bracelet 6251H with 55 end links Fully checked by our watchmaker One-year mechanical warranty Free worldwide FedEx Priority shipping",Bulang & Sons,2026-03-13,False
Rolex Oysterquartz Silver dial ref 17000,Rolex,5500,https://bulangandsons.com/products/rolex-oysterquartz-silver-dial-ref-17000-w3811,https://cdn.shopify.com/s/files/1/0961/8613/8969/files/W-3811RolexOysterquartzSilverdialref17000_106_1x1_a93ccb2a-39bc-4319-84e3-4af87ca83d8c.jpg?v=1781692264,"The Rolex Oysterquartz Datejust occupies a unique place within Rolex history — born during a period when the Swiss watch industry was rapidly evolving and traditional mechanical watchmaking faced unprecedented competition from quartz technology. Introduced in 1977, the Oysterquartz represented Rolex’s highly considered response to the Quartz Crisis, combining the precision of quartz with the brand’s renowned standards of quality, robustness, and finishing. What makes the Oysterquartz particularly fascinating today is its unmistakably 1970s design language. With its sharply angular case, integrated bracelet, and crisp architectural lines, the watch perfectly captures the bold aesthetic of the era. While often compared to the integrated sports watch designs associated with Gérald Genta, the Oysterquartz remains unmistakably Rolex in both execution and character — purposeful, restrained, and exceptionally wearable. The present example, reference 17000, illustrates this beautifully. The case remains strong and well defined, fitted with a smooth bezel and accompanied by its correct reference 17000B Oyster bracelet with clasp stamped “GC.” On the wrist, the watch offers a presence that feels both sporty and refined at the same time. The silver soleil dial keeps the overall aesthetic wonderfully clean and classic, featuring black printed text, simple baton hour markers, and softly aged creamy lume plots that add just the right amount of warmth and vintage charm. A slightly different side of Rolex—one that stands apart, yet fits in effortlessly, get in touch with us to talk 'Quartz! Specifications: Rolex Oysterquartz Datejust Reference 17000 36mm steel case Smooth steel bezel Serial 751xxxx dating to 1982 Silver soleil finished dial with nice patina Integrated steel Oyster bracelet ref 17000B Fully checked and regulated by our watchmaker, fresh battery fitted One-year mechanical warranty Free worldwide Fedex Priority shipping",Bulang & Sons,2026-06-17,False
Rolex Oyster Swiss only Waffle dial ref 6222,Rolex,5500,https://bulangandsons.com/products/rolex-oyster-swiss-only-waffle-dial-ref-6222-w3778,https://cdn.shopify.com/s/files/1/0961/8613/8969/files/W-3778RolexOysterSwissonlyWaffledialref6222_482_1x1_f9f708e4-8ce3-4256-8cbd-893ba0e44294.jpg?v=1781695184,"The Rolex reference 6222 is an exceptionally rare vintage model produced during the early 1950s, approximately between 1952 and 1954. It belongs to an important transitional period in Rolex history, when the brand was refining the combination of its patented waterproof Oyster case with increasingly precise and reliable hand-wound movements. Among the most interesting variations of the reference 6222 are the examples produced for the T. Eaton Company, the renowned Canadian department store. These watches were presented to employees in recognition of 25 years of service and featured a highly distinctive dial configuration, where the traditional hour markers were replaced by the words “1/4 Century Club” — a charming and unusual detail that gives these watches a unique place within vintage Rolex collecting. This particular example features a lovely 34mm Oyster case with a smooth bezel and an attractive honeycomb-textured dial. The dial has developed a beautifully sympathetic patina across the markers and features an applied Rolex logo together with a simple “Swiss” designation at 6 o’clock. Elegant leaf style hour and minute hands are paired with a blued central seconds hand, perfectly complementing the warm character of the watch. This charming early Rolex has been fully serviced by our watchmaker and is fitted with a lovely Bulang & Sons leather strap, ready to be worn and appreciated for many years to come. Quietly rare, beautifully honest and full of character , get in touch! Specifications: Rolex Reference 6222 Oyster 34mm 18k steelcase, smooth bezel, plexi crystal Serial 896xxx dating to 1953 Swiss only signed, Silver honeycomb dial with elegant hour markers, Swiss only Leaf style hands, blued seconds hands Hand wound movement Bulang and sons leather strap Fully serviced by our watchmaker 1 year mechanical warranty Free worldwide Fedex Priority shipping",Bulang & Sons,2026-06-17,False
Omega Speedmaster 2998 -61,Omega,23900,https://bulangandsons.com/products/omega-speedmaster-2998-61-w3782,https://cdn.shopify.com/s/files/1/0961/8613/8969/files/W-3782OmegaSpeedmaster299861_392_1x1_51d6ecf6-72a1-4f58-86e0-621fdb42d188.jpg?v=1781272476,"The history of the Omega Speedmaster began in 1957, when it was introduced as a sports and motorsport chronograph. While it would later become inseparably linked to space exploration, the Speedmaster was originally designed for racing drivers and timing performance on the track. It also became the first chronograph to feature a tachymeter scale on an external bezel, rather than printed on the dial — a defining design shift that improved legibility and functionality. Presented here is a highly desirable early example: the reference 2998-61. The 2998 series is famously known as the “First Omega in Space,” after astronaut Wally Schirra wore his personal Speedmaster 2998-4 during the Mercury-Atlas 8 mission in 1962, making it the first Omega worn beyond Earth’s atmosphere. This example features the classic 39mm straight-lug case, preserved in excellent overall condition with strong proportions and sharp definition throughout. The original tachymeter bezel is particularly appealing, featuring the sought-after “Dot Over 90” configuration. It is complemented by pump pushers and the characteristic double-step caseback engraved with the Seahorse (Hippocampus) emblem. The stepped black dial remains in outstanding condition and features the applied Omega logo, along with beautifully aged “pumpkin” lume plots that give the watch a warm, vintage character. Correct Alpha hands complete the aesthetic exactly as collectors would hope to see on an early 2998. The flat-link bracelet is also in excellent condition, fitted with end links stamped “6” and a clasp dated 1/60, further enhancing the overall originality and appeal of the watch. Fully serviced by our watchmaker, this Speedmaster with its legendary Calibre 321 is ready to be enjoyed for many years to come. One of the most desirable pre-Moon Speedmaster references — beautifully preserved, with true space-age heritage and strong collector appeal. What more could you wish for?! Specifications: Omega Speedmaster Reference 2998 -61 39 mm steel Straight lug case “Dot over 90 “ tachymeter bezel Black step dial with applied Omega logo , pumpkin coloured lume Alpha hand set Double step case back with Hippocampus logo Cal 321 hand wound movement Movement Serial 1958xxxx dating to 1961 Omega flat link bracelet with end links marked 6 and production stamp 1 60 on clasp Fully serviced by our watchmaker One-year mechanical warranty Free worldwide Fedex Priority shipping",Bulang & Sons,2026-06-12,False
Rolex Submariner 1680 MK1 Dial Pumpkin Patina Kissing 40 Inlay,Rolex,13900,https://bulangandsons.com/products/rolex-submariner-1680-mk1-dial-pumpkin-patina-kissing-40-inlay-w3826,https://cdn.shopify.com/s/files/1/0961/8613/8969/files/W-3826RolexSubmariner1680MK1DialPumpkinPatinaKissing40Inlay_1x1_0a93f715-237e-4c69-b8fe-3c9c9ac28a87.jpg?v=1782986144,"The Rolex Submariner, introduced in 1953 and officially unveiled at Baselworld in 1954, is widely regarded as the most iconic dive watch ever created. Originally conceived as a professional tool for divers, the Submariner would eventually evolve far beyond its utilitarian roots to become one of the most recognisable luxury sports watches in the world. In 1969, Rolex introduced the Submariner Date with the launch of the landmark reference 1680. While the earliest Submariners were pure no-nonsense diving instruments, the addition of a date display transformed the model into a more versatile luxury sports watch — one equally suited to underwater use and everyday wear. Presented here is a lovely 1977 reference 1680, featuring a beautifully preserved case and a superbly faded to a dark blue fat-font bezel insert. Particularly desirable is the so-called “Kissing 40” configuration, where the numerals 4 and 0 in the “40” marker touch one another.The pearl is a later addition . These early fat-font inserts are highly sought after by collectors, not only for their rarity but also because they dramatically enhance the overall character and visual impact of the watch. The Mk1 white-text dial has developed a fantastic warm patina over the years, with rich pumpkin-coloured lume on both the hour plots and hands. Combined with the faded bezel insert, the overall aesthetic is wonderfully warm, balanced, and unmistakably vintage. This “Pumpkin” Submariner is fitted with a Rolex Oyster bracelet, reference 93150, complete with end links stamped 580 and a clasp coded “P6.” The watch has been fully serviced by our watchmaker and is ready to be enjoyed for many years to come. A perfect blend of rugged tool-watch DNA and vintage warmth, get in touch to talk Sub! Specifications: Rolex Submariner Date reference 1680 40mm steel case Serial 503xxxx dating to 1977 MK1 Dial variation with “pumpkin” patina Faded kissing 40 bezel insert Rolex Oyster ref. 93150 with end links 580 Fully serviced by our watchmaker One-year mechanical warranty Free worldwide FedEx Priority shipping",Bulang & Sons,2026-06-12,False
Cartier Tank Louis in 18k Yellow Gold White Dial ref 2442,Cartier,6400,https://bulangandsons.com/products/cartier-tank-in-18-k-yellow-gold-white-dial-ref-2442-w3794,https://cdn.shopify.com/s/files/1/0961/8613/8969/files/W-3794CartierTankin18kyellowgoldwhitedialref2442_093_1x1_4e0fba3f-d42a-404f-8be9-96103718709d.jpg?v=1781263312,"Founded in 1847 in Paris by jeweler Louis-François Cartier, Cartier evolved from a small Parisian atelier into one of the world’s most influential names in jewellery and watchmaking. Renowned for its refined aesthetics, technical innovation, and close ties to European royalty, Cartier became synonymous with timeless elegance and sophisticated design throughout the 20th century. Introduced in 1917 by Louis Cartier, the Cartier Tank remains one of the most iconic and important wristwatch designs ever created. At a time when most watches still relied on traditional round pocket-watch forms, the Tank introduced a radically modern rectangular case with clean lines and perfectly balanced proportions. Its design was famously inspired by the aerial view of military tanks used during the First World War, translating industrial geometry into one of the most elegant watch designs ever conceived. Offered here is a lovely Cartier Tank Louis Ref. 2442 in a 22 x 29.5 mm 18k yellow gold execution. The case is in great condition and features the classic blue cabochon-set crown. The traditional Cartier white dial displays black painted Roman numerals, along with the hidden Cartier signature at the X marker — always a charming detail to discover. The watch is further fitted with Cartier’s signature blued, non-luminous hands. The watch is paired with a handsome Bulang & Sons leather strap and fitted with an 18k Cartier pin buckle. Power comes from a quartz movement that has been fully checked by our watchmaker, with a fresh battery recently installed. Classic proportions, timeless elegance, unmistakably Cartier, inquire now to add this timeless Cartier Tank Louis to your collection ! Specifications: Cartier Tank Louis reference 2442 22x29.5 mm 18 k Yellow Gold case Serial 1219xxxx dating to the late 1990’s White dial with ‘hidden signature’ in X numeral Blue steel hands Bulang and sons Leather strap , 18 k gold Cartier pin buckle fitted Quartz driven movement Fully checked by our watchmaker, fresh battery fitted One-year mechanical warranty Free worldwide Fedex Priority shipping",Bulang & Sons,2026-06-12,False
Rolex Submariner “Kermit” Flat 4 with Pouch and Papers Ref. 16610LV,Rolex,19500,https://bulangandsons.com/products/rolex-submariner-kermit-flat-4-with-pouch-and-papers-ref-16610lv-1,https://cdn.shopify.com/s/files/1/0961/8613/8969/files/W-3344Rolex16610LVflat4withpouchandpapers_1_1x1_a9f64784-ffcd-46fe-8cd3-77ad9ab3f10c.jpg?v=1782986619,"The Rolex Submariner was first introduced in 1953, and to commemorate the iconic dive watch’s 50th anniversary, Rolex launched the 16610LV in 2003. Featuring the signature 'LV' (Lunette Verte) green bezel, this model also boasts a glossy dial with enlarged hour markers and slightly thicker hands—collectively known as the 'Maxi dial.' While this was the first time Rolex officially used the term 'Maxi,' collectors had been referring to the wider markers on 1970s matte-dial Subs for years prior. This particular piece is in outstanding condition, with both the case and dial showing minimal signs of wear, and the green case back sticker still attached. The green bezel insert remains remarkably free of scratches or blemishes, preserving its vibrant color. This version is an early one, where the ""four"" on the bezel is flattened, earning it the nickname ""Flat Four."" The solid-link Oyster bracelet, reference 93250, is also in excellent shape, complete with a “AD 11"" stamped clasp and solid end links. The dial is from an early generation as well. Notable details include the unique 'flattened O' in the Rolex lettering at 12 o'clock, where the character takes on an oval shape. At 6 o'clock, the minute markers at the 28 and 32 positions are shorter than on later generations, and the 'Swiss Made' text extends beyond these markers. This distinctive feature is referred to as 'Wide' or Mk1 typography. The watch comes with its paper holder, a booklet, and its original punched warranty paper stating a sale in 2004, Iran, plus a green Rolex pouch. This lovely Submariner is fully checked and regulated by our watchmaker. We believe these watches are quickly becoming ""classics"" and make for excellent everyday wearers. Get in touch! Specifications: - Rolex Reference 16610LV Submariner - 40mm steel no-lug-holes case - Serial F214xxx dating to 2003 - Green case back sticker attached - Black glossy dial with Maxi markers, Mk1 type - Green bezel insert, with “Flat Four” feature - Rolex pouch, booklet, paper holder - Punched warranty paper stating a sale in 2004, Iran - Oyster bracelet 93250 with solid end links - Fully checked by our watchmaker - One-year mechanical warranty - Free worldwide FedEx Priority shipping",Bulang & Sons,2026-03-26,False
Rolex Cosmograph Daytona 6239 Black Dial,Rolex,51900,https://bulangandsons.com/products/rolex-cosmograph-daytona-6239-black-dial-w3749,https://cdn.shopify.com/s/files/1/0961/8613/8969/files/W-3749RolexCosmographDaytona6239BlackDial_020_1x1_45246a3d-552f-4e89-a162-89ab9ec2b3e7.jpg?v=1782915144,"Introduced in 1963, the Rolex Cosmograph Daytona was designed with race car drivers in mind, featuring a tachymeter bezel to measure average speeds. Initially slow to gain traction, its popularity surged through Rolex’s partnership with the Daytona International Speedway. The “Daytona” name began appearing on dials around 1964–1965, strengthening its connection to the legendary Daytona 500. Over time, the model evolved from hand-wound movements to automatic calibres in 1988, and later to contemporary ceramic bezels—yet it has remained one of the most sought-after chronographs ever produced. Presented here is a stainless steel reference 6239, featuring an excellent case, a polished steel tachymeter bezel, and correct non-screw-down “pump” pushers. The black dial is equally well preserved, with crisp white “Rolex Cosmograph Daytona” printing on the upper half, complemented by clean silvered sub-dials. The lume has aged to a rich mustard tone across both the hour plots and hands, and the dial is signed “T Swiss T” at 6 o’clock. The watch is fitted with a U.S.-market “C&I” Oyster bracelet, featuring spring-loaded links and a clasp stamped 1/66. This exceptional Daytona, powered by its hand-wound Caliber 722, has been fully checked and regulated by our watchmaker and is ready for many years of faithful use—A cornerstone for any serious Daytona collection., let us discuss Cosmograph with you!🏁 Specifications: Rolex Cosmograph Daytona reference 6239 36mm steel case with polished steel tachymeter bezel Serial 169xxxx dating to 1967 Pump-style pushers and 6mm winding crown Black ‘T SWISS T’ dial with white printed text Steel tachymeter bezel Rolex Spring loaded riveted bracelet “C& I with clasp stamped 1 66 Hand wound cal.722 movement Fully checked and regulated by our watchmaker 1 year mechanical warranty Free worldwide Fedex Priority shipping",Bulang & Sons,2026-04-15,False
Lemania Chronograph cal 28.9 Black Military Dial,Lemania,4900,https://bulangandsons.com/products/lemania-chronograph-cal-28-9-black-military-dial-w3804,https://cdn.shopify.com/s/files/1/0961/8613/8969/files/W-3804LemaniaChronographBlackMilitaryDial_091_1x1_993c7b67-fcdb-40e9-83d7-1adcd2242915.jpg?v=1781263404,"Alfred Lugrin, a highly skilled watchmaker who trained at Jaeger-LeCoultre, founded his workshop in 1884 in Switzerland’s Vallée de Joux — a region long regarded as the heart of traditional Swiss watchmaking. From the very beginning, the company specialized in producing highly complicated pocket watch movements, including repeaters, chronographs, and precision stopwatches. Between 1928 and 1930, the company officially adopted the name ""Lemania Watch Co.,"" inspired by Lac Léman, the French name for Lake Geneva. During the economic hardships of the Great Depression, Lemania joined forces with Omega and Tissot to form the SSIH group (Société Suisse pour l’Industrie Horlogère), a move that helped secure the future of all three brands. Within the group, Lemania became the primary movement supplier to Omega, a partnership that would go on to shape some of the most important chronographs ever produced. Throughout the 1940s and 1950s, Lemania developed a series of legendary calibres, most notably the celebrated CH27 movement, later known at Omega as the Calibre 321. This movement would go on to power the Omega Speedmaster and eventually became the first and only mechanical chronograph movement flight-qualified by NASA for manned space missions. From the 1950s through the 1970s, Lemania also established itself as the sole manufacturer of wrist chronographs issued to the British Armed Forces, including highly regarded models supplied to the Royal Navy Fleet Air Arm and the Royal Air Force, cementing the brand’s reputation for precision, reliability, and true tool-watch functionality. Offered here is a handsome Lemania two-register chronograph from the 1930s. The watch features a 37 mm case with a snap-back caseback and olive-shaped pushers, all preserved in fine condition. The rare black dial is particularly attractive, featuring a mileage scale along the outer rim, cream-coloured Arabic numerals, and a distinctive snail-style Base 1000 scale. The elegant white leaf-shaped hands complete the beautifully balanced design. This fine chronograph is powered by the hand-wound Lemania Calibre 28.9 and has been fully serviced by our watchmaker. Early chronographs from historically important manufacturers remain remarkably undervalued in today's market, in our view. Finding this level of rarity, character, and style at such an accessible price point is becoming increasingly difficult. For the collector seeking something beyond the usual suspects, this Lemania offers a tremendous amount of watch for the money. Specifications: Lemania Two register Chronograph 37mm steel case with snap back case back , olive pushers Case No. 64xxx- dating to 1930's Black “snail “ dial, non luminous and Arabic numerals , with white leaf style hands Lemania Caliber 28.9 movement Comes on the photographed Bulang and sons leather strap Fully serviced by our watchmaker One-year mechanical warranty Free worldwide FedEx Priority shipping",Bulang & Sons,2026-06-12,False
Rolex Explorer II 1655 Albino MK4 Dial from Original Owner with Box and Papers,Rolex,25900,https://bulangandsons.com/products/rolex-explorer-ii-1655-albino-mk4-dial-from-original-owner-with-box-and-papers-w3791,https://cdn.shopify.com/s/files/1/0961/8613/8969/files/W-3791RolexExplorerII1655AlbinoMK4DialfromOriginalOwnerwithBoxandPapers_1x1_44eccc42-80a2-4f1d-a02c-1221b693e0c3.jpg?v=1781016079,"Introduced in 1971, the Rolex Explorer II Reference 1655 was developed as a purpose-built tool watch for speleologists, cave explorers, and adventurers working in environments where distinguishing between day and night becomes nearly impossible. To solve this challenge, Rolex equipped the model with a fixed 24-hour bezel and a large luminous orange 24-hour hand, allowing the wearer to track a full day-night cycle at a glance. With its bold design and highly functional execution, the reference 1655 remains one of the most distinctive and characterful vintage Rolex sports models ever produced. Presented here is an outstanding example from 1979, found with its original owner. As unique as it is, the watch features a superb untouched thick case with strong lines and excellent proportions throughout — exactly the kind of case definition collectors look for in this reference. We never use the word “unpolished”—but make up your own mind when you look at those lines and shapes… The 24-hour bezel is equally impressive, showing only light wear with no major defects or deep scratches. The Mk4 dial has developed a beautiful, even patina over time, with a soft yellow-toned lume that adds warmth and character. The signature orange 24-hour hand has also faded to a lighter yellow hue — a highly sought-after effect often referred to by collectors as the “albino” configuration. In combination with the mellow yellow lume, this gives the watch a wonderfully cohesive vintage aesthetic. The watch is fitted with a Rolex Oyster bracelet, reference 78360, complete with end links stamped 580 and a clasp coded “A.” Furthermore, the watch comes with its original inner and outer boxes, three booklets, plastic document holder, and its original punched guarantee papers — a complete and highly attractive set that adds significantly to its appeal. The watch has been fully serviced by our watchmaker and is ready for new adventures over the coming years. Specifications : Rolex Reference 1655 Explorer II Steel 40mm case, 24 hours bezel Serial 6044xxxx dating to 1979 MK4 dial Yellow patina on lume and faded orange hand “Albino” Oyster bracelet reference 78360 and end links 580 Rolex inner and outer boxes Original punched guarantee paper, three booklets , document holder From original owner Fully serviced by our watchmaker 1 year mechanical warranty Free worldwide Fedex Priority shipping",Bulang & Sons,2026-06-03,False
Rolex Datejust Gilt Dial ref 6605 Steel and Gold execution,Rolex,12250,https://bulangandsons.com/products/rolex-datejust-gilt-dial-ref-6605-steel-and-gold-execution-w3109,https://cdn.shopify.com/s/files/1/0961/8613/8969/files/W-3109RolexDatejustgiltSwissonlydialref6605Steelandgoldexecution_533_1x1_2bdb9348-0d1d-44bc-9620-12d0347d2c28.jpg?v=1781680671,"The Rolex Datejust hardly needs an introduction. As one of the most iconic models in the Rolex lineup, it effortlessly blends luxury and sportiness at an accessible price point. The Datejust is versatile enough to be worn by anyone, on any occasion, which is why we consider it the perfect watch. However, within this iconic collection, there’s a particular niche that even the most seasoned collectors find especially captivating: the reference 6605, introduced in the second half of the 1950s—almost a decade after the debut of the first Datejust, reference 4467. What we have here is a steel and gold version featuring an early fine-milled bezel, often called the ""coin edge"" bezel, paired with a super charming ""gilt"" gloss dial. The dial features unusual arrowhead-shaped markers and elegant dauphine hands. Famous for being used on vintage sports watches, gilt dials were made using a galvanic printing process and have a wonderful warmth that makes them incredibly appealing on the wrist ! Furthermore, the pie-pan style dial is signed ""Swiss"" at the six o’clock position, and we absolutely love the “warm golden script” on this particular one—it adds such a unique touch of character to the watch! This early Datejust is fitted with a beautiful Bulang & Sons strap, which we think is a perfect match—complementing the watch’s classic charm with a modern touch & the slow-set movement has been fully serviced by our watchmaker. We don’t see these Gilt dials often anymore , so be quick and get in touch to discuss this cool DJ some more! Specifications: Rolex Reference 6605 Datejust 36mm steel case with 18 k yellow gold “coin edge” fluted bezel Serial 459xxx dating to 1959 Glossy gilt dial with arrow head markers “Swiss only “ Dauphine hands Bulang and sons leather strap Fully serviced by our watchmaker One-year mechanical warranty Free worldwide Fedex Priority shipping",Bulang & Sons,2026-06-15,False
Rolex Oyster 6282 Cream Boiler Gauge Swiss Only Dial,Rolex,5400,https://bulangandsons.com/products/rolex-oyster-6282-cream-boiler-gauge-swiss-only-dial-w3806,https://cdn.shopify.com/s/files/1/0961/8613/8969/files/W-3806RolexOysterPrecisionCream_boilergauge_dialref6282_1x1_c244a36d-4c0b-433c-90ac-cc2d34f4c363.jpg?v=1781016339,"In 1926 — now 100 years ago— Rolex Oyster marked a true turning point in watchmaking history. Developed by founder Hans Wilsdorf, it became the world’s first waterproof and dust proof wristwatch. The name “Oyster” was chosen to reflect its construction: a hermetically sealed case with screw-down bezel, case back, and crown, working much like an oyster shell to protect the movement from water, dust, and external elements. This pioneering design was also patented by Rolex, establishing a new standard in case engineering and laying the foundation for the brand’s reputation for durability and precision. The watch we have here is a seldom-seen reference 6282, a significant time-only model produced between 1952 and 1958. It represents the essence of Rolex’s early post-war philosophy — robust, functional watchmaking focused on reliability and water resistance, before the full transition toward automatic movements that would later define the brand. The 34 mm case is well preserved and retains a smooth bezel, presenting a clean and honest vintage profile. The true highlight, however, is the exceptional dial. Over time, it has developed a rich, deep cream patina across the surface, adding warmth and character. The layout is highly unusual, featuring distinctive boat-shaped hour markers — with a double marker at 12 o’clock — positioned toward the centre of the dial and aligned with a row of raised circular indices. A fine printed seconds track frames the design, while the absence of lume keeps the aesthetic pure and understated. As an early execution, the lower dial reads “Shock Resisting,” whereas later versions were marked “Precision.” Completing the look are elegant leaf-shaped hands with a blued sweeping seconds hand. Due to its distinctive appearance, we have affectionately nicknamed it the “Boil Gauge” dial. We have paired this charming Oyster with one of our straight-end link bracelets, which we feel gives it a perfectly period-correct and balanced wrist presence. The watch and its hand-wound movement have been fully serviced by our watchmaker and are ready to be enjoyed for years to come. An honest and highly attractive early Rolex, rich in texture, detail, and history, get in touch! Specifications: Rolex Oyster reference 6282 34mm steel case with one side lug wholes Serial 829xxx dating to 1952 No lume dial with fine seconds track , raised rings applied boat markers, “Swiss only” Leaf style no lume hands ,blued seconds hand Pictured steel straight end links bracelet Fully serviced by our watchmaker One-year mechanical warranty Free worldwide Fedex Priority shipping",Bulang & Sons,2026-06-09,False
Heuer Camaro ref 7743 N Tachymeter Tropical Brown Dial,Heuer,6000,https://bulangandsons.com/products/heuer-camaro-ref-7743-n-tachymeter-tropical-brown-dial-w3768,https://cdn.shopify.com/s/files/1/0961/8613/8969/files/W-3768HeuerCamaroref7743NTachymeterBrowndial_007_1x1_c22a768b-4bc5-4685-8b4e-8cd97c985e0a.jpg?v=1781680954,"The Heuer Camaro was introduced in the late 1960s under the leadership of Jack Heuer. True to the brand’s strong motorsport focus at the time, the name “Camaro” was borrowed from the Chevrolet Camaro—a deliberate move to strengthen Heuer’s appeal in the American market. The timing made sense. The Camaro had just built a strong reputation, notably serving as the pace car for both the Indianapolis 500 and the American Road Race of Champions at Daytona International Speedway in 1967—firmly embedding the name in the racing world. At 37mm, the Camaro is slightly larger than the Carrera’s 36mm, but on the wrist the two share a very similar feel. The dial layout and handset follow the same clean, functional approach seen across Carreras of the period—making the Camaro a slightly more playful take on a familiar formula. At hand we have a reference 7743N. The case is in lovely condition, showing a strong sunray finish, paired with pump pushers and a screw-down case back—exactly the details you want to see. The dial really makes this one stand out: a rich milk-chocolate brown tone, contrasted by two glossy black subdials for the chronograph functions and a crisp white tachymeter scale—perfect for timing speed, whether on the track or just in theory. It’s paired with a racing-style Bulang & Sons leather strap and fitted with a steel Heuer-signed buckle—finishing the look just right. Inside, the hand-wound Valjoux 7730 movement has been fully serviced by our watchmaker and is ready to go. A proper vintage racer—get in touch! Specifications: Heuer Reference 7743 N “Camaro “ Chronograph 37mm steel cushion form case Serial 119xxx dating to the late 1960's Brown dial with black sub dials , tachymeter scale Manual wound Valjoux 7730 movement Comes on the pictured Bulang and Sons strap Fully serviced by our watchmaker One-year mechanical warranty Free worldwide Fedex Priority shipping",Bulang & Sons,2026-05-15,False
Rolex Day-Date 18038 Purple Jubilee Dial Box and Papers French Hallmarks,Rolex,20900,https://bulangandsons.com/products/rolex-day-date-18038-purple-jubilee-dial-box-and-papers-french-hallmarks-w3677,https://cdn.shopify.com/s/files/1/0961/8613/8969/files/W-3677RolexDay-Date18038PurpleJubileeDialBoxandPapersFrenchhallmarks_009_1x1_e73876b8-748d-4b06-aae5-c105a3575de6.jpg?v=1778664182,"Introduced in 1956, the Rolex Day-Date was the world’s first waterproof, self-winding chronometer wristwatch to display both the date and the day of the week—spelled out in full—across two separate windows. By 1977, Rolex updated the Day-Date with the introduction of the reference 18038, featuring the improved “single quickset” movement. This allowed the wearer to adjust the date independently of the time, alongside the transition from acrylic to sapphire crystal. This particular example stands out with a lovely, full case and crisp fluted bezel. Even better, it features small French hallmarks—subtle but important details indicating precious metal control marks for pieces destined for the French market at the time. The c18k yellow gold case remains in stunning condition, with the factory lines and curves still present. The President bracelet (ref. 8385) remains in strong condition, with tight links, solid end links, and a concealed clasp—exactly how you want to see it. It currently fits wrists up to approximately 18 cm. The dial is where things get especially interesting. This piece features a very cool “Jubilee” dial, with a repeating “Rolex Rolex” motif that creates a subtle three-dimensional effect. The tone leans toward a rare purple hue, combined with applied stick markers, gold printing, and a warm beige patina on the hour plots—giving it real depth and character. Interestingly, Rolex recently reintroduced a similar Jubilee-style motif on the Rolex Oyster Perpetual models, though in a more playful and colorful execution—making this vintage example feel even more relevant today. Adding to the charm, the day disc is in French, perfectly matching the French import hallmarks on the case. The original punched guarantee paper confirms a sale in Paris, tying the whole story together. The watch is accompanied by its original leather Rolex inner box, a polishing cloth, and a translation booklet—nice extras that complete the set. It has also been fully checked amd regulated by our watchmaker and is ready for many years of wear. A proper rare one — Jubilee dial with that purple hue. Don’t wait ! Specifications: Rolex Day-Date Reference 18038 36mm 18k yellow gold case, sapphire crystal Turned to purple Jubilee dial Serial 590xxxx dating to 1979 Small French import hallmarks on the case-back French day-disc Yellow gold President bracelet with concealed clasp Rolex Day-Date box, booklet, polishing cloth Punched guarantee paper stating sale in Paris, France Fully checked and regulated by our watchmaker One-year mechanical warranty Free worldwide FedEx Priority shipping",Bulang & Sons,2026-04-29,False
Rolex GMT-Master 1675/3 Black Nipple Dial,Rolex,10500,https://bulangandsons.com/products/rolex-gmt-master-1675-3-black-nipple-dial-w3812,https://cdn.shopify.com/s/files/1/0961/8613/8969/files/W-3812RolexGmt-MasterBlacknippledialref16753_229_1x1_143ac05f-aeeb-4e6e-be34-f3ea6d625f11.jpg?v=1781008465,"The Rolex GMT-Master was introduced in 1955 as a specialised tool watch for pilots during the dawn of the jet age. Developed in collaboration with Pan American World Airways (PanAm), the GMT-Master allowed wearers to track two time zones simultaneously through the use of an additional 24-hour hand combined with a rotating bezel — a highly practical innovation for long-haul international travel. Presented here is the iconic reference 1675, one of the longest-running and most beloved GMT-Master references ever produced. Compared to its predecessor, the 1675 introduced several important updates, including the addition of crown guards and the transition from fragile Bakelite bezels to far more durable aluminium inserts. This particular example is executed in stainless steel and 18k yellow gold, giving it the coveted “/3” designation among collectors, or in official Rolex terminology: “Rolesor.” The combination perfectly balances the GMT-Master’s sporty origins with a more luxurious and versatile appearance. The case remains in lovely overall condition and is fitted with an attractive yellow gold bezel and black aluminium insert showing only minimal signs of wear. The glossy black dial is equally appealing, featuring an applied gold coronet, gold printed text, and elegant nipple hour markers with beautifully aged cream-coloured lume that matches the hands nicely. The watch is fitted with a Rolex Oyster bracelet, reference 78363, complete with end links stamped 458 and a clasp code “VD.” The bracelet remains in excellent condition and perfectly complements the warm tones and overall character of the watch. This fine GMT-Master has been fully serviced by our watchmaker and is ready to provide many more years of enjoyment on the wrist. A wonderfully warm and charismatic GMT-Master with all the charm of vintage Rolesor — and perhaps the perfect summer watch! Specifications: Rolex GMT-Master reference 1675/3 40mm steel and gold case Serial 578xxxx dating to 1978 Black dial with gold printed text and “nipple” markers Black bezel insert Oyster bracelet steel and gold ref 78363 with 458 end links Fully serviced by our watchmaker One-year mechanical warranty Free worldwide Fedex Priority shipping",Bulang & Sons,2026-06-09,False
Patek Philippe “Hour Glass” Dress Watch ref. 2456J in 18k yellow gold,Patek Philippe,16750,https://bulangandsons.com/products/patek-philippe-hour-glass-dress-watch-ref-2456j-in-18k-yellow-gold-w3809,https://cdn.shopify.com/s/files/1/0961/8613/8969/files/W-3809PATEKPHILIPPESquaredresswatchref_229_1x1_bc21bcd9-79cc-424c-91db-6538a2ddaddf.jpg?v=1780486866,"This Patek Philippe “Hour Glass” Ref. 2456 was introduced in 1949 and features a dramatic, ergonomic silhouette defined by its distinctive concave and convex case sides. Measuring 40 mm (including the lugs) by 21 mm, the case offers a bold, avant-garde architectural design with a presence that remains striking even by today's standards. Adding to its charm is the engraved case back, bearing the initials “H.R.K.” — a personal touch that lends the watch an extra layer of history and character. The silvered dial is finely brushed and features a delicate black enamel Patek Philippe signature. Applied arrow-shaped hour markers, a beautifully proportioned small-seconds sub dial at 6 o’clock, and elegant sword-shaped hands complete the harmonious design. The watch is fitted with the pictured leather strap and a period-correct 18k gold pin buckle. Powering the watch is the iconic hand-wound Calibre 9-90, one of the most elegant in-house movements produced by Patek Philippe during the golden age of watchmaking. The movement has been fully serviced by our watchmaker. Watches like these have a unique ability to transport you to another era—one in which design was bold, craftsmanship was paramount, and time seemed to move just a little slower.. Specifications: Patek Philippe Dresswatch reference 2456 “Hour glass” 40 × 21 mm concave and convex 18k yellow gold case Movement no 972xxx / case no 656xxx dating to 1950 Silvered dial with applied arrow markers Small seconds at six o’clock Hand-wound calibre 9.90 Comes on the pictured leather strap with 18 k gold pin buckle Fully serviced by our watchmaker One-year mechanical warranty Free worldwide Fedex Priority shipping",Bulang & Sons,2026-06-03,False
Rolex GMT-Master 1675/8 Unqiue Brown Khanjar Nipple Dial with Rolex Service Papers,Rolex,220000,https://bulangandsons.com/products/rolex-gmt-master-1675-8-unqiue-brown-khanjar-nipple-dial-with-rolex-service-papers-w3702,https://cdn.shopify.com/s/files/1/0961/8613/8969/files/W-3702RolexGmt-masterbrownrareKhanjarnippledialref16758_1046_1x1_f2106078-c5c9-4849-be7b-7091587cd810.jpg?v=1776411040,"The Rolex GMT-Master has always held a very special place in the world of collecting, but every now and then a watch appears that goes far beyond the already legendary status of the model itself. This 1974 Rolex GMT-Master 1675/8 is exactly that watch. At first glance, it already carries everything we love about the yellow gold GMT: the warm brown nipple dial, the rich brown insert, and the unmistakable glamour of one of Rolex’s most charismatic sports watches. It has that irresistible mix of elegance, confidence and jet-set charm that makes the gold GMT-Master such a fascinating watch in the metal. But what transforms this example into something truly extraordinary is the large Khanjar crest seen above 6 o’clock on the dial. From the 1970s onwards, Sultan Qaboos of Oman became known for personally commissioning watches that were enhanced with his royal emblem, the Khanjar crest, either on the dial or the caseback. Many of these watches were presented as gifts to trusted advisors, military figures and close relations, making them not only highly collectible, but also deeply historical objects. During the 1970s, many of these special-order watches were delivered to the Sultan through the family jeweller John Asprey of New Bond Street in London. Watches supplied through Asprey have become some of the most celebrated Omani-issued pieces in the world of collecting, with Rolex sports models standing out as the absolute rarest and most elusive examples to find with a Khanjar crest. Omani Khanjar-signed watches have long been among the most desirable and historically important special-order pieces in the world of vintage Rolex collecting. To find such a crest on any sports Rolex is exceptional. To find it on a gold GMT-Master 1675/8 is on another level entirely. In fact, this watch is believed to be one of only two known examples in this configuration, making it without question one of the rarest GMT-Masters in existence, and very possibly the rarest gold GMT-Master ever to surface. That alone would make it important, but in the metal it becomes something even more special. It is one of those watches that immediately stops you in your tracks. The striking combination of the warm matte brown dial with the bold Khanjar crest creates a presence that is impossible to ignore. It combines the elegance and jet-set appeal of the gold GMT with the mystique and historical importance of one of the most celebrated dial signatures in the vintage watch world. The result is not just rare, but breathtakingly attractive. Collectors will know just how elusive Khanjar watches are, especially when found on highly collectible Rolex sports models. This example stands at the very top of that category. Not only because of its rarity, but because watches like this almost never appear, and once they disappear into important collections, they are rarely seen again. It is exactly the kind of watch that lives in books, in stories, and in the dreams of seasoned collectors. Condition",Bulang & Sons,2026-04-17,False
Rolex Datejust 16030 White Buckley Dial,Rolex,5600,https://bulangandsons.com/products/rolex-datejust-16030-white-buckley-dial-w3795,https://cdn.shopify.com/s/files/1/0961/8613/8969/files/W-3795RolexDatejustWhiteBuckleydialref16030_399_1x1_8eab866f-bb7e-4b93-a5a0-63be6471568d.jpg?v=1781016781,"The Rolex Datejust was unveiled in 1945 to commemorate the 40th anniversary of Rolex and quickly became one of the most influential wristwatches ever produced. As the world’s first self-winding waterproof chronometer wristwatch with an automatically changing date display, the Datejust introduced a level of practicality and refinement that would shape the future of modern watchmaking. More than 80 years later, it remains one of Rolex’s most enduring and recognizable models. We are pleased to present this excellent example of the so-called “Buckley” dial Datejust, a watch that has been garnering increasing attention from collectors over the previous years. This reference 16030 is a beautiful example of a very clean watch, featuring a sturdy case, a crisp engine-turned bezel, and the quick-set date movement. The elegant white dial displays painted black Roman numerals and is complemented by cream-colored lume on the hands and plots, giving a magical vintage touch. The black Roman numerals are accented by black lacquered hands with matching lume. The solid link Jubilee bracelet, reference 62150H, is in great condition, with a clasp stamped ‘D’ and 555 end links. The watch has been fully serviced by our watchmaker. We love Datejusts and enjoy discussing them even more. Please feel free to get in touch to arrange a call or visit to our lounge! Specifications: Rolex Datejust reference 16030 36mm steel case with plexi crystal Steel engine turned bezel Serial 654xxxx dating to 1980 White Buckley dial with painted Roman numerals Black hands Quick setting movement Jubilee bracelet ref 62150 with 555 end links Fully serviced by our watchmaker One-year mechanical warranty Free worldwide Fedex Priority shipping",Bulang & Sons,2026-06-09,False
Rolex Datejust 16014 Silver Linen Dial,Rolex,5900,https://bulangandsons.com/products/rolex-datejust-16014-silver-linen-dial-w3793,https://cdn.shopify.com/s/files/1/0961/8613/8969/files/W-3793RolexDatejustSilverLinendialref16014_009_1x1_832d2d92-ee90-49c4-bffa-d234993a7802.jpg?v=1781009439,"The Rolex Datejust was introduced in 1945 to celebrate the 40th anniversary of Rolex. It became the world’s first automatic waterproof wristwatch to feature a date display that changed automatically at midnight — a groundbreaking innovation at the time. As one of the foundational models within the modern Rolex catalogue, the Datejust has remained in continuous production for more than 80 years and continues to define timeless everyday elegance. Here at Bulang and Sons, we have always had a soft spot for the Rolex Datejust. Effortlessly versatile and endlessly stylish, it is one of those rare watches that feels appropriate in absolutely any setting. Over the years, we have handled countless examples, yet certain configurations continue to stand out — just like this one. This particular watch is a classic 36 mm Datejust featuring a strong and well-preserved case with nicely proportioned, thick lugs. The white gold fluted bezel remains crisp and well defined, beautifully framing the standout feature of the watch: its attractive “linen” finished dial. The textured surface adds a subtle depth and character, complemented by warm beige -colored lume plots that have aged beautifully over time. The watch comes fitted on a Jubilee bracelet, reference 62150H, presented in very nice condition and complete with reference 555 end links and a clasp stamped T1. Furthermore, the quick-set movement has been fully serviced by our watchmaker and is ready to be enjoyed for years to come. At Bulang and Sons, we always strive to keep a carefully curated selection of interesting Datejust's in stock. If you are searching for the right example, please feel free to get in touch — we would be happy to help you find the perfect one. Specifications: Rolex Reference 16014 Datejust 36mm steel case, plexi crystal White gold bezel Serial 631xxxx dating to 1980 Silver Linen-finish dial , black text, cream colored lume Jubilee bracelet ref 62150H with end links 555 Quick -set movement Fully serviced by our watchmaker One-year mechanical warranty Free worldwide Fedex Priority shipping",Bulang & Sons,2026-06-09,False
Rolex GMT-Master II 16710 Stick Dial with Original Guarantee Card,Rolex,14700,https://bulangandsons.com/products/rolex-gmt-master-ii-16710-stick-dial-with-original-guarantee-card-w3727,https://cdn.shopify.com/s/files/1/0961/8613/8969/files/W-3727RolexGmt-Master2Stickdialwithoriginalguaranteecardref16710_0009_1x1_4465e51c-8418-49a7-a0d4-2f834a4a11b5.jpg?v=1776861192,"This is a GMT-Master II with a rare dial variation. The dial is signed ""SWISS MADE,"" indicating the use of Super-Luminova, and it features a rare version of the Roman numerals for “II” after GMT-MASTER, which appear as two vertical ""sticks."" This version was only produced for a short time, making it a rarer find! This example remains in strong condition, with a thick, no-lug-holes case. The dial is in outstanding condition, and the black and red ""Pepsi"" bezel insert is also in great shape.One of the best features of these watches is how easy it is to switch out the bezel; with a Pepsi or black bezel insert, you essentially have three different watches in one! The solid-link Oyster bracelet, reference 78790A , is in excellent condition as well, with a clasp stamped ‘E0’ and solid end links. The watch has been checked and regulated by our watchmaker. The watch comes with its original Rolex Inner box and its warranty card. The GMT-Master is an absolute classic. We love them, and we’re sure you will too. Please get in touch to discuss it further. Specifications: Rolex GMT-Master II Reference 16710 40mm steel no-lug-holes case Serial Z48xxxx dating to 2007 Rare “stick” dial Pepsi bezel insert Rolex Inner box & warranty card Oyster bracelet ref 78790A with solid end links Automatic cal. 3185 movement Checked and regulated by our watchmaker One-year mechanical warranty Free worldwide FedEx Priority shipping",Bulang & Sons,2026-04-22,False
Rolex Datejust 16013 Black Dial with Papers,Rolex,6700,https://bulangandsons.com/products/rolex-datejust-16013-black-dial-with-papers-w3787,https://cdn.shopify.com/s/files/1/0961/8613/8969/files/W-3787RolexDatejust16013BlackDialwithPapers_340_1x1_b40d9923-aa66-478e-b668-295b1c0ca8b4.jpg?v=1780657299,"Steel and gold is never old…at least in our book! We have long been fans of the bi-colour Rolex and we are always delighted to offer a great one to you guys. This is a very cool example of a Rolesor vintage Datejust. With classic metallic black dial and Jubilee bracelet. The watch remains in excellent condition with strong case and the gold fluted bezel is in good condition. The dial is a rich and deep metallic Black colour and has cool patina on the lume plots. This watch was originally sold in Singapore, as noted on the accompanying papers. Our cool DJ is fitted with a steel and gold Jubilee bracelet, reference 62523, which remains in good condition and has 450 end links and clasp stamped ‘C 10’. The watch has been fully checked and regulated by our watchmaker. Specifications: Rolex Datejust Reference 16013 36mm steel case, plexi-crystal 18k gold fluted bezel and winding crown Serial 5555xxx dating to 1978 Metalic Black dial Punched papers Jubilee bracelet 62523 with 450 end links Fully checked by our watchmaker One-year mechanical warranty Free worldwide Fedex Priority shipping",Bulang & Sons,2026-06-05,False
Rolex Day-Date 18038 Petrol Blue Stella Dial in 18k Yellow Gold,Rolex,69900,https://bulangandsons.com/products/rolex-day-date-18038-petrol-blue-stella-dial-in-18k-yellow-gold-w3536,https://cdn.shopify.com/s/files/1/0961/8613/8969/files/W-3536RolexDay-Date18038PetrolBlueStellaDial_402_1x1_cce050e1-4e0f-4e2c-bd25-7bed46531292.jpg?v=1774874159,"Since its official debut in 1956, the Day-Date has been produced exclusively in precious metals. As the flagship model of the Genevan manufacturer, it has long been synonymous with success, frequently seen on the wrists of heads of state, royalty, and other influential figures. Most Day-Dates were fitted with discreet, conservative dials—after all, most buyers of this model preferred elegance over extravagance. But Rolex made a notable exception to this unwritten rule: beginning in the 1970s, they introduced bright, high-gloss lacquered dials known today as “Stella” dials. At the time, these bold colours were not widely embraced, precisely because they attracted attention. As a result, production numbers remained low, making them highly sought after today. A wide array of colours is known—yellow, green, orange, red ,pink and multiple shades of blue, some embellished with gemstones, and produced across different metals. They also span various generations: from the early 18xx “pie-pan” versions to the later 18xxx models with flat dials. The manufacturing process was exceptionally labor-intensive. Each dial was spray-painted and then oven-baked to set the pigment. This cycle was repeated multiple times until the desired depth of colour and finish was achieved. Afterward, the dial was polished and coated with a clear lacquer. This final step created the distinctive effect where the printed text appears to float above the glossy surface, reminiscent of the porcelain-dial Daytonas. The example at hand is a second-series reference 18038, featuring a light blue—what we prefer to call “petrol blue”—Stella dial with diamond-set hour markers, and beautifully aged yellow tritium plots and fine gold printed text.The day disc is in English. The case is in outstanding condition, boasting thick, well-defined lugs and a sharp fluted bezel. The President bracelet is a reference 8385 with solid end links, a concealed clasp, and fits wrists up to 18 cm.This cool blue Day-Date has been fully serviced by our watchmaker. Add this exceptional petrol blue Stella to your collection — contact us to make it yours ! Specifications: Rolex Day-Date Reference 18038 36mm yellow gold case Serial 937xxxx, dating to 1986 Light Blue “Stella “ diamond-set dial English date disc Yellow gold President bracelet ref 8385 Fully serviced by our watchmaker One-year mechanical warranty Free worldwide FedEx Priority shipping",Bulang & Sons,2025-12-12,False
Rolex Oyster Perpetual Date 1500 Taupe Singer Proto/Test Dial in 14k Yellow Gold,Rolex,9900,https://bulangandsons.com/products/rolex-oyster-perpetual-date-1500-taupe-singer-proto-test-dial-in-14k-yellow-gold-w3614,https://cdn.shopify.com/s/files/1/0961/8613/8969/files/W-3614RolexOysterPerpetualDate1500TaupeDialin14kYellowGold_1x1_f8fe3fe8-501a-4e6e-930e-02739f135cad.jpg?v=1782986361,"We always try to offer you something uncommon or seldom seen — and today we have something special to propose once again. At hand is an unusual 14 kt yellow gold Oyster Perpetual Date, made for the British market. Eighteen-karat gold watches were much more expensive to import into certain countries, such as the USA and the UK. For that reason, many brands also offered 14 kt gold models. The most famous examples are the Rolex hand-wound Daytona models, where a 14 kt example can have a huge price difference compared to an 18 kt gold version nowadays — sometimes reaching differences of several hundred thousand! The case of this reference 1500 model, with its smooth bezel, is in excellent condition. Rolex decided to engrave the full serial number of this example inside the case back — a very uncommon feature. It is known that Rolex only did this for special deliveries, such as the famed military Submariners, the first “experimental” Sea-Dwellers (given to professional deep-sea divers for testing), unique pieces, and watches made for important collectors like the late Sultan Qaboos bin Said Al Said, who ordered a number of watches featuring the “Khanjar” coat of arms. The soleil-finished grey non lumed dial is another extremely uncommon feature. In fact, we have never seen another exactly like this. The dial resembles features like these unusual markers, very close in style to those made by the famous dial maker Singer, who produced the dials for what is arguably one of the most collectible watches of all time — the Daytona Exotic Dials. As the story goes, around a decade ago, a number of books containing loose dials were discovered — “study” dials from Singer, created as proposals to various brands including Universal Genève, Omega, and, as mentioned, Rolex. Some of these proposals were eventually used by Rolex in models such as the Daytona as well as in Datejust and other dressier models from that era. If you search “Rolex Singer prototype dials” online, a whole world opens up that helps illustrate what we are referring to. We have also previously had some rarer Datejusts with this feature and shared a small write-up on those as well over HERE We believe this dial was more a proto as “test for the market, meant as a way of testing the waters. It is extremely close to the more Art Deco–esque proposals by Singer, and perhaps this is why Rolex marked the watch with its full serial number inside the case back. To fully appreciate the dial, the decision was made to fit the watch with a non-loupe crystal, allowing a full and uninterrupted view of this rare variant. The watch has been paired with a beautiful Bulang and Sons leather strap, and both the watch and its movement have been fully serviced by our watchmaker. This is a rare opportunity to add a uniquely configured Rolex dress watch to your collection — and a true conversation starter. Let’s talk. Specifications: Rolex Reference 1500 Oyster Perpetual Date 14kt yellow gold 34mm case , smooth bezel , ",Bulang & Sons,2026-02-20,False
Heuer Bund Chronograph 3H dial  ref 1550 SG,Heuer,5300,https://bulangandsons.com/products/heuer-bund-chronograph-3h-dial-ref-1550-sg-w3713,https://cdn.shopify.com/s/files/1/0961/8613/8969/files/W-3713HeuerBundChronograph3Hdialref1550sg_123_1x1_4af4c40a-ba45-43ef-83cb-53d7c72eb97d.jpg?v=1780657354,"Founded in 1860 by Edouard Heuer in St-Imier, Switzerland, Heuer revolutionized horology through precision timing and motorsports. The brand patented the iconic oscillating pinion in 1887 and introduced one of the first automatic chronograph movements in 1969. Under the leadership of Jack Heuer, the brand solidified its legendary connection to auto racing. It introduced iconic models such as the Carrera (1963) and the Monaco (1969), the latter becoming famous after being worn by Steve McQueen in the film Le Mans. This is a cool issued military chronograph we have at offer , houses in a 43mm steel case with a rotating black bezel. It was issued to the German Bundes wehr (Federal Defence Force), commonly referred to as the ""BUND."" These watches are highly sought after by military watch collectors, and this particular example is an especially desirable chronograph. The matte case is in excellent condition, and the case back features the original German military markings: 6645-12-146-37xx. It is complemented by a smoothly functioning rotating bezel. The black dial includes the highly coveted red ""3H"" marking, signifying Hydrogen-3, more commonly known as tritium. This encircled ""3H"" was a military requirement indicating the use of tritium lume. The dial also features the typical lumed Arabic numerals, two sub-dials for the flyback chronograph functions, and distinctive sword-shaped hour and minute hands, along with an arrow-shaped central chronograph seconds hand. We've paired this cool military chronograph with our Falco Bund Strap, inspired by the original straps these watches were issued with—commonly known among collectors as ""Bund straps."" This unique strap is the first creation from our 10 Year Strap Contest , co-designed and named after Falco Kober. Together, we brought history and passion to life. We’re proud to share this strap with you - the ultimate companion for your chronograph. &gt; READ ALL ABOUT HERE... The Thin FALCO BUND Strap - just 2 mm of soft goatskin comfort. Tone-on-tone, subtle stitching, with a twist of olive-grey and orange. Heritage in every detail. Minimal. Timeless. Perfect for daily wear. This Heuer and its flyback movement have been fully serviced by our watchmaker and is ready for action. Military proof build, wanted by collectors lets get a deal! Specifications: Heuer Chronograph Reference 1550SG 3h dial ”Bund” Issued to the German defence forces 43mm matted steel Case Original “Bund “ case back engraving :6645-12-146-37XX Serial 84xx dating to the 1970’s Tritium bold Arabic hour markers ,circle 3H logo in red Flyback chronograph Valjoux 230 movement Rotating bezel Coming on the shown Bulang and sons “Falco Bund“ strap , inspired by the original Bundes wehr or “BUND” leather straps Fully serviced by our watchmaker One-year mechanical warranty Free worldwide Fedex Priority shipping",Bulang & Sons,2026-06-05,False
Vacheron Constantin Calatrava Style Dresswatch Two-Tone Dial in Screw Down Steel Case,Vacheron Constantin,7900,https://bulangandsons.com/products/vacheron-constantin-calatrava-style-dresswatch-two-tone-dial-in-screw-down-steel-case-w3744,https://cdn.shopify.com/s/files/1/0961/8613/8969/files/W-3744VacheronConstantinCalatravastyleDresswatchwithatwotonedialinscrewdownsteelcase_420_1x1_c279724e-c8ae-4fc2-945e-e9317de3cc1f.jpg?v=1780657486,"Founded in 1755 by Jean-Marc Vacheron in Geneva, Vacheron Constantin is the world’s oldest continuously operating watchmaker. Renowned for its high-complication timepieces and “Holy Trinity” status, the firm became “Vacheron & Constantin” in 1819 after François Constantin joined to expand its international presence. The brand registered its iconic Maltese Cross logo in 1880. Presented here is a “Calatrava-style” dress watch from the early 1950s, executed in a 32 mm steel case. Notably, it features a screw-down case back—an uncommon detail for the period. The case is further distinguished by elegant curved lugs and a small, refined winding crown. The dial is beautifully executed with a two-tone finish: a brushed inner sector with a small running seconds at 6 o’clock, and an outer ring with a contrasting brushed texture. It features six applied Arabic numerals and six applied dot markers in gold tone, complemented by fine, non-luminous leaf-shaped hands. The watch is paired with a Bulang and Sons leather strap, and its hand-wound calibre 453 has been fully serviced by our watchmaker. A timeless expression of mid-century watchmaking ,for those who appreciate understated excellence, get in touch to get you this marvel! Specifications: Vacheron Constantin Dresswatch 332 mm steel case with screw down case back Movement 455xxxx/ Case 28701x dates to the early 1950's Silvered, two-tone dial with applied Arabic hour markers, small seconds Non lumed leaf style hands Calibre 453 hand wound movement Bulang and sons leather strap Fully serviced d by our watchmaker One-year mechanical warranty Free worldwide Fedex Priority shipping",Bulang & Sons,2026-06-05,False
Patek Philippe Calatrava Silver dial in 18 k white gold with integrated bracelet ref 3513,Patek Philippe,10900,https://bulangandsons.com/products/patek-philippe-calatrava-silver-dial-in-18-k-white-gold-with-integrated-bracelet-ref-3513-w3644,https://cdn.shopify.com/s/files/1/0961/8613/8969/files/W-3644PatekPhilippeCalatravaSilverdialref3513in18kwhitegold_09_1x1_8223e053-6fc0-4356-a448-ce247ba1ef11.jpg?v=1780657424,"The name Calatrava traces its origins to medieval Spain, referring both to a fortress in the Castile region and to a chivalric order founded in 1157, established to defend it. The Order of Calatrava adopted a distinctive emblem—a red Greek cross with fleur-de-lis tips—a symbol that would later take on an entirely new significance in the world of watchmaking. In 1887, Patek Philippe selected this cross as part of its official trademark, registering it alongside the name Patek Philippe & Cie . The exact reasoning behind this choice has never been clearly documented. It may simply have been the strength and elegance of the design, or perhaps a deeper symbolic link to values such as tradition, discipline, and longevity. Whatever the case, the Calatrava cross appeared only sparingly on the brand’s early watches. Notably, Calatrava was not initially used as a model designation. It was only in the 1980s that the name formally entered Patek Philippe’s catalogue. Nevertheless, collectors and historians retrospectively adopted the term to describe the brand’s refined, time-only dress watches of the 1930s—most famously beginning with Reference 96—thereby establishing the Calatrava as a cornerstone of Patek Philippe’s design language. Since the introduction of the Calatrava in 1932, Patek Philippe has produced well over 100 distinct references. The collection has evolved continuously, encompassing a wide range of executions, from classic time-only models and officer-style cases to more recent and complex interpretations such as Annual Calendar and Pilot Travel Time models. Offered here is a beautiful time-only Calatrava, reference 3513, crafted in 18k white gold. It features a clean, flat bezel, a snap-back 31 mm case, and a small winding crown set with a black-topped cabochon. The watch is fitted with a finely crafted integrated 18k white gold bracelet, finished by hand with a striking hammered effect—a detail that speaks volumes about the level of craftsmanship involved. The bracelet comfortably fits wrists up to approximately 18–18.5 cm and is secured by an elegant clasp adorned with the iconic Calatrava cross. The dial is finished in a soft silver tone, complemented by black painted Roman numerals and simple black stick hands, with no luminous material—pure, understated elegance. At its heart is the hand-wound calibre 175, fully serviced by our watchmaker and running beautifully. An elegant and increasingly elusive white-gold Calatrava, this reference perfectly embodies Patek Philippe's enduring philosophy of understated luxury and timeless design. An elegant addition to any serious collection! Specifications: Patek Philippe Calatrava Reference 3513 31mm 18k white gold case with thin bezel and snap back case back Silver dial with black Roman numerals and non-lumed hands Cabuchon topped winding crown Integrated 18kt white Gold woven style bracelet Cal. 175 hand wound movement Movement number 113xxxx / case no 265xxxx dating to 1966 Fully serviced by our w",Bulang & Sons,2026-06-05,False
Rolex Oyster Perpetual Date Champagne dial Zephyr in 18 k yellow gold ref 1510,Rolex,6250,https://bulangandsons.com/products/rolex-oyster-perpetual-date-champagne-dial-zephyr-in-18-k-yellow-gold-ref-1510-w3690,https://cdn.shopify.com/s/files/1/0961/8613/8969/files/W-3690RolexOysterPerpetualDatechampagnedialZephyrin18kyellowgoldref1510_157_1x1_4ec4519f-2ee4-4f27-927e-357b927a647f.jpg?v=1782641895,"These slightly offbeat “Zephyr” models were introduced in the mid-1950s, beginning with reference 6582, and were marketed—particularly in the United States—as the “world’s handsomest” and highly waterproof watch. The name was primarily used for the American market, giving the model a distinctive position within the broader Rolex Oyster Perpetual family. The most striking feature of reference 1510 is its hand-engraved, dappled bezel finish, often referred to as the “Morellis” finish. Each bezel was individually executed by hand, meaning no two examples are exactly alike—an unusual and charming detail within the typically restrained Rolex catalogue. The dial is divided into four quadrants by a fine crosshair motif and notably omits traditional hour markers—quite a departure from the classic layout normally found on Rolex dress watches of the period. This design gives the watch a slightly avant-garde, almost architectural presence on the wrist. The 34 mm 18k yellow gold case remains in fine condition, as does the beautifully preserved Morellis-finished bezel. The champagne-coloured dial is clean and elegant, free of lume on both dial and hands, maintaining a crisp and refined appearance, interrupted only by the practical date function. Fitted with a Bulang & Sons leather strap—an excellent match in our view—the watch has been fully checked and regulated by our watchmaker and is ready to be worn and appreciated. Enquire now to make this rare and charismatic Zephyr yours ! Specifications: Rolex Oyster Perpetual Date reference 1510 Zephyr 34mm 18k yellow gold case, plexi glass Champagne dial with “crosshairs” Morellis-finished bezel Serial 267xxxx dating to 1971 Date function Bulang and sons leather Strap Fully serviced by our watchmaker Free worldwide Fedex Priority shipping",Bulang & Sons,2026-04-01,False
Rolex Day-Date 18038 Champagne Diamond Markers Dial,Rolex,16500,https://bulangandsons.com/products/rolex-day-date-18038-champagne-diamond-markers-dial-w3638,https://cdn.shopify.com/s/files/1/0961/8613/8969/files/W-3660Rolex6239DaytonaBlackDial_597-2_1x1_c28e753a-d6c4-4253-b10f-c91eb1a2134d.jpg?v=1782641615,"The reference 18038 single-quickset Day-Date was introduced in 1977, making the setting process significantly quicker and more convenient than on earlier Day-Date models. This example is especially appealing with its champagne dial fitted with diamond hour markers, giving the watch a wonderfully confident presence on the wrist. It retains a strong case with a bezel that shows crisp, well-defined edges, and it is fitted with an English day disc. These five-digit Day-Dates are particularly desirable, as they preserve the classic vintage proportions and character, while benefiting from a sapphire crystal—making them both elegant and highly wearable for everyday use. Being an early 18038, the watch features a collectible yellow gold President bracelet, reference 8385, with a non-concealed early 18000 clasp and solid end links. The bracelet remains in very fine and tight condition and will comfortably fit a wrist size of up to 19.5 cm. The single-quickset movement has been fully serviced by our watchmaker. A timeless statement of success and refinement—this Day-Date is ready to be worn and enjoyed, We would be happy to welcome you to our lounge or to discuss the watch with you personally, whenever it suits you. Specifications: Rolex Day-Date ref. 18038 36mm yellow 18k gold case Serial 621xxxx dating to 1979 Champagne dial with diamond set markers English day wheel Yellow gold President bracelet ref 8385 with non concealed 18000 clasp, stamped “E” Single quick-setting movement Fully serviced by our watchmaker One-year mechanical warranty Free worldwide Fedex Priority shipping",Bulang & Sons,2026-03-06,False
Rolex Oversized Oyster-Perpetual 1012 Silver Swiss Only Dial in 18k Yellow Gold - 36 mm,Rolex,9900,https://bulangandsons.com/products/rolex-oversized-oyster-perpetual-1012-silver-swiss-only-dial-in-18k-yellow-gold-w3726,https://cdn.shopify.com/s/files/1/0961/8613/8969/files/W-3726RolexOversizedOyster-Perpetual1012SilverSwissOnlyDialin18kYellowGold-36mm_1x1_f934723b-6e25-482c-93f7-86840a28193d.jpg?v=1779369280,"The Rolex reference 1012 is a very rare and oversized 36mm Oyster Perpetual dress watch, produced primarily during the late 1950s and early 1960s. Manufactured exclusively in solid gold — either yellow or rose — it offered a more restrained and elegant alternative to the Datejust, omitting the date function in favour of a cleaner and more symmetrical dial layout. The reference 1012 features a solid 18k gold 36mm Oyster case with a smooth bezel, giving the watch a particularly refined and understated appearance. It is closely related to the reference 1013, which shared the same no-date configuration but was fitted with a fluted bezel instead. This example features a beautifully preserved silver-finished dial with a simple “Swiss” designation at 6 o’clock, indicating an early execution. The dial is wonderfully restrained, with fine black printed text, elegant elongated hour markers and sharp dauphine hands that perfectly capture the understated sophistication of the period. The watch is fitted with its original Rolex leather strap and Rolex plaque buckle, completing the watch beautifully. Both the watch and its automatic calibre have been fully serviced by our watchmaker and are ready to be enjoyed for many years to come. An oversized dress Rolex from a more elegant era and quietly luxurious, exactly as early Rolex intended! Specifications: Rolex Reference 1012 Oyster Perpetual Oversized 36mm 18k yellow gold case, smooth bezel, plexi crystal Serial 966xxx dating to 1963 Swiss only signed, Silver soleil dial with elegant hour markers Dauphine hands Rolex Leather strap, Rolex Plaque pin buckle Fully serviced by our watchmaker 1 year mechanical warranty Free worldwide Fedex Priority shipping",Bulang & Sons,2026-05-15,False
Rolex Cosmograph Daytona 6262 Exotic White Dial,Rolex,199000,https://bulangandsons.com/products/rolex-cosmograph-daytona-6262-exotic-white-dial-w3423,https://cdn.shopify.com/s/files/1/0961/8613/8969/files/W-3423RolexCosmographDaytonaexoticwhitedialref6262_251_1x1_0f2d08e0-906d-4d39-8d94-cb45b76c022b.jpg?v=1781191130,"One of the most iconic wristwatch models in history is the Rolex Daytona. It occupies an ultra-rare status among vintage Rolex collectors, often regarded as the ultimate grail. The entire line of 4-digit Daytona references is celebrated for their rarity, beauty, and collectibility, with a particular dial layout known as the “grail”- the so-called exotic dials ! Many enthusiasts are already familiar with the story of the Daytona. Originally introduced under the name Cosmograph “Le Mans,” it was later renamed “Daytona” after the famous racetrack in Florida. Initially, the model did not experience overwhelming popularity; it was a unpopular watch with worldwide modest interest. To boost its appeal and capture the aesthetic of the era across multiple model lines, Rolex commissioned their dial manufacturer, Singer, to develop a design study for potential new dials. These early variations, featured in Singer catalogs, included the first prototypes for the “Exotic” dials, bolder, with a 1960s vibe, vivid colors, Art Deco fonts, and more intriguing details. At the time of their release in the 1960s, these dials were considered quirky and not highly sought after compared to other Rolex models. However, several key factors eventually contributed to their rise in popularity… This specific one is a rare reference 6262 and represents the second generation of the Daytona to feature the coveted 'Exotic' dial, and it was produced for just a single year—between ca 1970 and 1971. While it may appear nearly identical to its predecessor on the outside, several notable changes were made internally. Most significantly, it houses the upgraded Valjoux 727 movement. Unlike the earlier Ref. 6239, which used the Valjoux 722 ticking at 18,000 vibrations per hour, the 727 operates at a faster rate of 21,600 vibrations per hour, offering improved precision and performance. The case is in great condition , with a lovely steel”unites per hour “ bezel , pump style pushers and a nice Oyster riveted expandable bracelet ref 6635 fitted, with end links marked ‘57’ and a clasp stamped 2.68 . The eggshell like white “exotic” dial is in lovely condition with yellow colour lume , and a contrasting black hour track .The hands are later to the watch as they feature luminova lume. This lovelyDaytona has been fully serviced by our watch maker. These watches are every collectors “chase “ and side effects include staring at your wrist for unreasonable lengths of time , get in touch with us ! Specifications Rolex Cosmograph Daytona 6262 36mm steel case with plexi glass Serial 262xxxx dating to 1971 “Pump “pushers White “Exotic” step-dial in with black accents and prints Steel tachymeter “units per hour “bezel Rolex riveted Oyster bracelet ref 6635 with end links 57 Manual wound cal. 727 based on a valjoux 72 caliber Fully serviced by our watchmaker 1 year mechanical warranty Fully insured delivery",Bulang & Sons,2025-12-02,False
Rolex GMT-Master 1675 Tropical Brown Gilt Chapter Ring Dial Pointed Crown Guard Case,Rolex,32900,https://bulangandsons.com/products/rolex-gmt-master-1675-tropical-brown-gilt-chapter-ring-dial-pointed-crown-guard-case-w3750,https://cdn.shopify.com/s/files/1/0961/8613/8969/files/W-3750RolexGmt-MasterTropicalbrownGiltchapterringdialpointedcrownguardcaseref1675_115_1x1_697b83f3-632f-4475-bc2d-b2d10936d47d.jpg?v=1776245522,"The Rolex GMT-Master ref. 1675 is one of the most iconic and recognisable vintage watches ever produced. Manufactured from 1959 to 1980, its 21-year production run makes it one of the longest-standing references in Rolex history, resulting in a wide array of highly collectible variations. The model achieved legendary status through its association with Pan Am pilots, and NASA astronaut Jack Swigert of the Apollo 13 mission. Presented here is an early 1960s example featuring the so-called pointed crown guard (PCG) case. The Pointed Crown Guards, often referred to by Italian collectors as “Cornino” (“little horns”), are a hallmark of the earliest GMT-Master 1675 models produced between 1959 and approximately 1964. When Rolex transitioned from the original ref. 6542—which had no crown guards—to the 1675, it experimented with case shapes. The PCG is the most sought-after case design of that period. Unlike the thicker, rounded crown guards found on later models, the PCG tapers to a sharp point, giving the watch a slimmer and more technical aesthetic. The case remains in excellent condition, retaining strong proportions. It is fitted with a slightly faded red-back “Pepsi” bezel insert, where the blue has softened to a washed, denim-like tone, while the red remains vibrant. The dial is a so-called gilt “chapter ring” version. Unlike later dials, where the text is printed on the surface, a gilt dial is created through a complex galvanic process. The dial begins as a brass plate, with the text and markings applied in clear lacquer. It is then treated so that the surrounding surface turns black, leaving the underlying brass visible—resulting in a rich, glossy, gold-toned text with remarkable depth. The “chapter ring” refers to the fine gilt circle connecting the minute markers along the outer edge of the dial. Over time, this example has developed a warm brown patina—referred to by collectors as a “tropical dial.” A highly sought-after characteristic, it gives the watch a unique warmth and character. Furthermore, the dial features smaller lume plots, typical for chapter ring versions, with correct period lume that reacts with a bright green glow under UV light—present both on the dial and the handset. The watch is fitted with a folded Jubilee bracelet, reference 6251H, with end links stamped 55 and a clasp dated 1/65. The watch has been fully serviced by our watchmaker and is ready for many years of enjoyment. For days in the sun and nights across time zones , chocolate tropical dial made for sunshine and stories yet to be written, get in touch ! Specifications: Rolex Reference 1675 GMT-Master 40mm steel pointed-crown-guard case Serial 505xxx dating to 1959 Rich glossy gilt brown tropical chapter ring dial Beautifully faded fat font insert Jubilee bracelet 6215H with 55 endlinks Fully serviced by our watchmaker One-year mechanical warranty Free worldwide Fedex Priority shipping",Bulang & Sons,2026-04-15,False
"Rolex Submariner ""Purple Dial"" Ref. 16618 in 18k Yellow Gold with Original Warranty Paper",Rolex,28900,https://bulangandsons.com/products/rolex-submariner-date-16618-purple-dial-in-18k-yellow-gold-with-papers-w2997,https://cdn.shopify.com/s/files/1/0961/8613/8969/files/W-2997RolexSubmarinerPurpledialref16618in18kyellowgoldwithoriginalwarrantee_010_1x1_af9ddb8a-4405-404e-ad48-25feedb9186b.jpg?v=1762436517,"We are thrilled to present an exceptional yellow gold Submariner with a remarkable twist! This reference 16618 boasts a stunning case and bezel, with sharp lines and a fascinating red oxidation detail on the case—adding a unique character to this iconic timepiece. The caseback features a French import stamp, further emphasizing the watch's historical and geographical provenance. The blue bezel insert remains unfaded and free of major imperfections, while the accompanying Oyster bracelet (Ref. 92908) is in excellent condition. It includes solid end links, a dive extension, and a clasp stamped “R 2.” The true standout feature is the dial, which has undergone a mesmerizing transformation from its original blue soleil finish to a rich purple hue. The tritium hour markers have aged beautifully to a warm beige tone, complementing the hands, which are slightly lighter but retain their tritium luminescence. Adding to its charm, this watch comes with its original punched warranty paper. Although the first letter of the serial number wasn’t punched and was later added by hand (as shown in the images), the warranty documents a sale in Paris in 1994—a delightful detail that aligns perfectly with the French import stamp on the caseback. Rolex’s ability to reimagine the rugged Submariner as a luxurious statement piece is truly remarkable, and this gold version perfectly balances tool watch functionality with the elegance of the jet-set lifestyle. If you love this exceptional piece as much as we do, we’d love to hear from you! Specifications: - Rolex Submariner Ref. 16618 - 18k yellow gold case with French import stamp on caseback - Serial N227xxx, 1991 production, sold in 1994 - Color-changing purple dial - Blue bezel insert - Oyster bracelet Ref. 92908 with solid end links and dive extension - Original punched warranty paper, with handwritten 'N' correction, noting a sale in France - Fully serviced by our watchmaker - One-year mechanical warranty - Free worldwide FedEx Priority shipping",Bulang & Sons,2025-08-26,False
Rolex Submariner 5513 non serif dial,Rolex,13650,https://bulangandsons.com/products/rolex-submariner-5513-non-serif-dial-w3514,https://cdn.shopify.com/s/files/1/0961/8613/8969/files/W-3514RolexSubmariner5513nonserifdial_353_1x1_2b3459fe-e244-4510-931a-ea4cfb31fb96.jpg?v=1774343569,"Few watches are as instantly recognizable and iconic as the Rolex Submariner. In the vintage collecting world, a must-have Sub is the classic non-date 5513. We especially love the matte dial versions with a gentle patina, offering a versatile and effortlessly cool look. The case of this specimen is in excellent condition and is fitted with a beautifully faded “fat font” blue bezel insert. The dial is a so-called “non-serif” variation with creamy hour plots and hands that have aged gracefully. A subtle “bubbly” patina adds character and extra mojo to this classic tool watch. The Oyster bracelet is reference 93150, with 580 end links and a clasp stamped N3. This no-date Submariner has been fully serviced by our watchmaker and is ready for many more adventures. Classic, versatile, and full of character—this 5513 Submariner is ready to accompany you on all of life’s journeys. Reach out to make it yours! Specifications: Rolex Submariner no date reference 5513 40 mm steel case Plexi glass Non serif dial variant with gentle patina Faded bezel inlay faded to a blue hue Serial 223xxxx dating to 1969 Rolex oyster bracelet ref 93150 with 580 end links Fully serviced by our watchmaker One-year mechanical warranty Free worldwide FedEx Priority shipping",Bulang & Sons,2025-12-12,False
Cartier Tank Américaine Automatique in 18 k yellow gold ref 1740,Cartier,6400,https://bulangandsons.com/products/cartier-tank-americaine-automatique-in-18-k-yellow-gold-ref-1740-w3523,https://cdn.shopify.com/s/files/1/0961/8613/8969/files/W-3523CartierTankAmericainein18kyellowgoldref1740_142_1x1_21d2bb7d-4116-4a3f-bcf6-a4d30bc302ea.jpg?v=1772183165,"The Cartier Tank Américaine was launched in 1989 as a modern interpretation of the classic Tank, inspired by the curved 1921 Tank Cintrée. It features a larger, more elongated case with a more pronounced curve and brancards along the flanks than its predecessor, yet with a flatter caseback. Originally, it was produced exclusively in precious metals. The model was designed to capture a more contemporary and bolder aesthetic, incorporating modern features such as automatic movements and water resistance in its larger versions. This example is an 18k yellow gold ref. 1740, measuring 26.5 × 45 mm. It features the signature Cartier blue cabochon-set crown, a white dial with black painted Roman numerals, a railway-style minute track, a hidden Cartier signature at the VII marker, a date window at six, and blued steel hands. The watch is paired with a Bulang and Sons strap, and its automatic movement has been fully serviced by our watchmaker. A watch built like an American tank, yet effortlessly chic — ready to make it yours? Specifications: Cartier Tank Américaine Reference 1740 775xxx serial dating to the early 2000s “XL” 18kt Yellow gold curved case in 45x26.6mm White dial with ‘hidden signature’ in VII numeral , date function Blued hands Bulang and sons Leather strap Automatic movement Fully serviced by our watchmaker One-year mechanical warranty Free worldwide Fedex Priority shipping",Bulang & Sons,2026-02-27,False
Patek Philippe Ellipse 3738G Grey Soleil Dial Jumbo Automatic in 18k White Gold,Patek Philippe,20900,https://bulangandsons.com/products/patek-philippe-ellipse-3738g-grey-soleil-dial-jumbo-automatic-in-18k-white-gold-w3595,https://cdn.shopify.com/s/files/1/0961/8613/8969/files/W-3595PatekPhilippeGreysoleildialGoldenElipsein18kwhitegoldref3738_08_1x1_fdd68acd-793d-4520-badc-deadf94dafec.jpg?v=1771578724,"The Patek Philippe Ellipse is a truly cool and distinctive watch—one we have admired for quite some time. Launched in 1968, the Ellipse was designed using the “divine proportion,” also known as the “golden ratio,” a mathematical formula celebrated for its harmonious and aesthetically pleasing balance, famously found in masterpieces such as Leonardo da Vinci’s Mona Lisa and the Great Pyramid of Giza. This principle, evident in art, design, architecture, and even in nature and the human body, underscores the Ellipse’s unique shape—neither round nor square, but perfectly balanced. This 18k white gold reference 3738 remains in fantastic condition and features a beautiful grey soleil dial, free of lume, fitted with simple stick-style hands. The watch is equipped with a lightly used original Patek Philippe leather strap and is fitted with a signature 18k Patek Philippe Ellipse pin buckle. The watch, along with its automatic calibre 240 movement, has been fully serviced by our watchmaker. Where design meets the golden ratio, this Ellipse awaits its next discerning owner, get in touch ! Specifications: Patek Philippe Ellipse Reference 3738G Movement no. 120xxxx / case no. 433xxxx dating to the 2000’s Grey soleil dial ,stick markers 35.5 x 31 mm 18 kt white gold case Grey Soleil finished dial Calibre 240/111 automatic movement Original Patek' 18 k white gold pin buckle Fully serviced by our watchmaker 1 year mechanical warranty Free worldwide Fedex Priority shipping",Bulang & Sons,2026-02-20,False
Cartier Vendôme Jumbo automatic “Paris” dial in 18 k yellow gold ref 17003,Cartier,7750,https://bulangandsons.com/products/cartier-vendome-jumbo-automatic-paris-dial-in-18-k-yellow-gold-ref-17003-w3360,https://cdn.shopify.com/s/files/1/0961/8613/8969/files/W-3360CartierGondoleEllipseParisDial_009_1x1_547ff83a-e140-4db7-bda1-71aa29e471fa.jpg?v=1777984852,"The year 1972 marked a turning point in Cartier’s history. A group of investors first acquired Cartier Paris, followed shortly by the acquisition of the New York and London branches. This consolidation reunited the three historically separate houses—divided after the death of Pierre Cartier—and laid the foundation for Cartier’s modern expansion. Another major milestone was Cartier’s partnership with Ebel, which led to relocating its watch production to La Chaux-de-Fonds, Switzerland. Until then, Cartier watches were primarily made in Paris (or occasionally London), using Swiss movements. Although some production continued in Paris during the 1970s, the collaboration with Ebel allowed Cartier to significantly scale up its output in Switzerland. This new chapter began in 1973 with the launch of Cartier’s first true historical reissue line: the Louis Cartier Collection. It started with 12 models that brought iconic designs from Cartier’s golden era—such as the Tank and Santos-Dumont—into serial production, while also introducing entirely new creations like the Cristallor, Fabergé, Gondole, and this example: the Vendôme. This particular example is the largest size at 33mm ( often referred to as Jumbo ”)and features automatic winding. The rounded case has no visible lugs; instead, it has a cutout within the case to accommodate the strap. It also features Cartier’s signature cabochon-topped crown. The classic white dial is signed “Paris. Additional details include a black “train track” minute scale and, of course, the signature black-painted Roman numerals. The blued hands add an elegant touch, and no seconds hand is present, staying true to the minimalist design. This refined Cartier is fitted with a gently worn Cartier leather strap, complete with its original 18k gold Cartier folding clasp and has been fully checked and regulated by our watchmaker. We have a passion for unusual Cartier watches and always aim to keep a diverse selection in stock for fellow Cartier enthusiasts. Let us know what you're looking for! Specifications: Cartier Vendôme Jumbo Reference 17003 18 k Yellow gold case in 33 mm Case number 1700312xx dates to the early 1970s White dial with Roman numerals “Paris” Blue cabochon winding crown Automatic Cal. 2670 movement Pictured Cartier leather strap, slightly used with a 18 k gold Cartier folding clasp Fully checked by our watchmaker One-year mechanical warranty Free worldwide FedEx Priority shipping",Bulang & Sons,2025-08-26,False
Patek Philippe Calatrava 3820J Silver Breguet Dial Tear Drop Lugs in 18k Yellow Gold,Patek Philippe,10500,https://bulangandsons.com/products/patek-philippe-calatrava-3820j-silver-breguet-dial-tear-drop-lugs-in-18k-yellow-gold-w3686,https://cdn.shopify.com/s/files/1/0961/8613/8969/files/1_82db3288-365b-4845-8746-b03334bba508.png?v=1777627383,"Introduced in 1932 during the Great Depression, the Patek Philippe Calatrava Ref. 96 was heavily influenced by the German Bauhaus principle of “form follows function.” As Patek Philippe’s first serially produced wristwatch, it played a crucial role in the company’s survival by offering a modern, minimalist alternative to ornate pocket watches. Named after the 12th-century Spanish Order of Calatrava, it remains the benchmark for the classic dress watch. Here we have exactly that spirit—a true Calatrava rooted in Bauhaus ideals, where form follows function—executed in 18k yellow gold. The 32 mm case features a screw-down case back and elegant “teardrop” (or “drop”) lugs, a detail that distinguishes it from many other Calatrava references and adds a subtle touch of sophistication to the profile. The silvered dial is beautifully balanced, showcasing applied Breguet-style numerals—one of our favourite details—paired with matching Breguet-style hands without lume. Sigma markings flank the six o’clock position, and an applied dot minute track frames the dial with some “pop”. This classic example is fitted with a handsome Bulang & Sons leather strap. An original 18k Patek pin buckle is included in the sale as well. It is powered by the hand-wound Patek Philippe caliber 177, fully checked and regulated by our watchmaker, and ready to be enjoyed for years to come. If you appreciate understated elegance and historically important design, this Calatrava deserves your attention. Get in touch with us for further details or to arrange a viewing! Specifications: Patek Philippe Calatrava Reference 3720J 32mm 18k yellow gold case with “tear drop “lugs and screw down case back Silvered dial with applied Breguet numerals and non-lumed Breguet style hands Bulang and sons leather strap, 18 k gold Patek Pin buckle included in the sale. Cal.177 hand wound movement Case no 282xxx movement no 136xxxx, dating to circa 1989 Fully serviced by our watchmaker One-year mechanical warranty Free worldwide FedEx Priority shipping",Bulang & Sons,2026-05-01,False
Rolex Datejust 1600 Taupe Colour Sigma Dial,Rolex,5900,https://bulangandsons.com/products/rolex-datejust-1600-taupe-colour-sigma-dial-w3729,https://cdn.shopify.com/s/files/1/0961/8613/8969/files/W-3729RolexDatejustTaupeColourdialref1600_0005_1x1_a0e5cc3e-480d-43b2-9823-9316f7085968.jpg?v=1779435862,"By now, it may come as no surprise—we have a soft spot for the Rolex Datejust. Time and again, we find ourselves drawn to its endless variations, always searching for those slightly different, slightly more special examples of this all-time classic. This 36 mm reference 1600 is one of those watches. With its smooth bezel, it carries a slightly sportier character, while still retaining the elegance that defines the Datejust. The case remains in overall nice condition, offering a well-balanced presence on the wrist. But it is the dial that truly sets this piece apart. Rendered in a beautiful taupe tone—a subtle mix of brown and grey—it has a warmth that is both understated and captivating. The pie-pan construction adds depth, while the crisp white printed text keeps things clean and legible. At 6 o’clock, the sigma markings quietly indicate the use of precious metal for the hour markers and hands. The lume has aged to a soft cream colour, bringing everything together in a harmonious way. The watch is fitted with a solid Oyster bracelet, reference 78360, with 558 end links and a clasp stamped “A,” completing the look with a slightly more robust feel. Fully serviced by our watchmaker, the slow-set movement is running exactly as it should—ready to be worn and enjoyed for many years to come. Finding truly attractive vintage Datejusts is becoming increasingly difficult, and examples with these warm taupe hues are especially appealing, get in touch ! Specifications: Rolex Datejust reference 1600 36 mm steel case Plexi glass Smooth bezel Pie -pan style Taupe Colour Sigma dial Serial 387xxxx dating to 1975 Rolex oyster bracelet ref 78360 with 558 end links Slow set movement Fully serviced by our watchmaker One-year mechanical warranty Free worldwide FedEx Priority shipping",Bulang & Sons,2026-05-22,False
Rolex Day-Date 18078 Green Khanjar Champagne Dial Bark Finish in 18k Yellow Gold,Rolex,42900,https://bulangandsons.com/products/rolex-day-date-18078-green-khanjar-champagne-dial-bark-finish-in-18k-yellow-gold-w3784,https://cdn.shopify.com/s/files/1/0961/8613/8969/files/W-3784RolexDay-dateChampagnedial-GreenKhanjarref18078Barkfinish_016_1x1_3e63ea15-e033-4265-a5a3-95841c00d78a.jpg?v=1779449591,"The Rolex Day-Date, introduced in 1956, marked a significant milestone in watchmaking as the world’s first wristwatch to display both the date and the day of the week fully spelled out on the dial. Positioned at the very top of the Rolex catalogue, the Day-Date has exclusively been produced in precious metals — including 18k yellow, white, or Everose gold, as well as platinum — reinforcing its status as the brand’s ultimate flagship model. The model became closely associated with the iconic “President” bracelet, a semi-circular three-link design created specifically for the Day-Date’s launch. While the bracelet itself carried the “President” name, the nickname soon became synonymous with the entire watch. The Day-Date’s association with influential world leaders further elevated its legendary status. Dwight D. Eisenhower famously received a Rolex from the brand, while Lyndon B. Johnson was often seen wearing a yellow gold Day-Date during his presidency. Over the decades, the model has become an enduring symbol of prestige, success, and leadership, worn by presidents, executives, and cultural icons around the world. This particular example features several highly desirable and seldom-seen characteristics. It is preserved in the rare reference 18078 configuration, distinguished by its hand-finished “bark” decoration — a textured motif applied to both the bezel and President bracelet, designed to resemble the natural grain of tree bark. This intricate finish gives the watch a striking and unmistakably luxurious appearance. The champagne dial is beautifully balanced and elevated further by an exceptionally rare green Omani Khanjar and crown signature printed on the left side of the dial. Additional details include a finely printed railroad minute track, warm cream-coloured lume plots, and an English day disc. For those unfamiliar with the symbol, the Omani Khanjar is a traditional curved dagger worn ceremonially in Oman, representing heritage, honour, and national pride. During the 1970s onward, Qaboos bin Said al Said became renowned for commissioning specially ordered watches featuring the royal Khanjar crest, either printed on the dial or engraved on the case back. These watches were typically presented to senior military officials, diplomats, trusted advisers, and members of the Sultan’s inner circle, making them objects of both extraordinary rarity and important historical significance. Many of these bespoke commissions were supplied through Asprey of New Bond Street, London, the Sultan’s preferred jeweller during the period. Watches retailed through Asprey — particularly Rolex models bearing the Khanjar emblem — have since become some of the most coveted and elusive special-order timepieces in the world of vintage Rolex collecting. The 18k gold case remains in outstanding condition and retains a sharp Khanjar engraving on the case back. The reference 8723 President bracelet features solid end links, a concealed clasp, and comfortably fits wrist",Bulang & Sons,2026-05-22,False
Omega Speedmaster 105.003 Ed White Tropical Brown Dial Pulsations Bezel with Extract of the Archives,Omega,24900,https://bulangandsons.com/products/omega-speedmaster-105-003-ed-white-tropical-brown-dial-pulsations-bezel-with-extract-of-the-archives-w3754,https://cdn.shopify.com/s/files/1/0961/8613/8969/files/W-3754OmegaSpeedmasterST105.003TropicalDialPulsationsBezelwithExtractoftheArchives_018_1x1_d87c9bec-beaf-4647-88bc-f75dfd162b9d.jpg?v=1777627229,"The Omega Speedmaster, first introduced in 1957, remains one of the most iconic chronographs ever produced. While it later earned the legendary “Moonwatch” nickname for its role in space exploration, it was originally designed with motorsport in mind. This particular reference holds special historical importance as the last of the straight-lug Speedmasters, and notably the model worn by Ed White. During the Gemini 4 mission, White became the first American to perform a spacewalk, wearing a Speedmaster reference 105.003 as he exited the capsule using a hand-held oxygen jet maneuvering gun. The watch itself is in very good overall condition. It features an especially rare and desirable pulsations bezel—designed for measuring heart rate in beats per minute—which has developed a beautiful copper-brown fade over time, perfectly complementing the dial. The dial has aged into a rich milk-chocolate tone and retains all the correct details: “T SWISS T” markings, absence of the “Professional” text, and long hour markers. This warm, characterful Speedmaster is fitted on an Omega bracelet reference 7912, with end links marked “6” and a clasp stamped “3 65.” It is accompanied by an Omega Extract of the Archives confirming production in 1967 and delivery to the UK. The watch has been fully serviced by our watchmaker and is ready to be enjoyed. We’re passionate about Speedmasters and always happy to talk about them. You’re very welcome to visit us at our lounge, or we can arrange a call at your convenience. Specifications: Omega Speedmaster Reference 105.003 ST 65 42mm steel case Straight lug case Rare faded to copper brown “pulsations” bezel Milk chocolate tropical Cal 321 hand wound movement Movement Serial 2544xxxx dating to 1967 Omega extract of the archives stating a production in 1967 Omega flat link bracelet ref 7912 with end links marked 6 Fully serviced by our watchmaker One-year mechanical warranty Free worldwide Fedex Priority shipping",Bulang & Sons,2026-05-01,False
Rolex Datejust 16030 White Buckley Dial with Box and Original Punched Guarantee Paper,Rolex,6500,https://bulangandsons.com/products/rolex-datejust-16030-white-buckley-dial-with-box-and-original-punched-guarantee-paper-w3704,https://cdn.shopify.com/s/files/1/0961/8613/8969/files/W-3704RolexDatejustwhiteBuckleydialref16030withoriginalguaranteepaper_006_1x1_9fc1dff0-fa6a-47ef-9872-c37606c3eae7.jpg?v=1776863302,"We are pleased to present this excellent example of the so-called “Buckley” dial Datejust, a watch that has been garnering increasing attention from collectors over the previous years. This reference 16030 is a beautiful example of a very clean watch, featuring a sturdy case, a crisp engine-turned bezel, and the quick-set date movement. The elegant white dial displays painted black Roman numerals and is complemented by cream-colored lume on the plots, the black hands feature luminova lume. The watch is paired with a lovely condition jubilee bracelet ref 62150H, with end links marked 555 and a clasp stamped RS4. Furthermore the watch comes with its original punched warrantee paper stating the sale in Versailles France. in 1983. The watch and its quick setting movement have been fully serviced by our watch maker. Specifications: Rolex Datejust 16030 36mm steel case with plexi crystal Steel engine turned bezel Serial 752xxxx dating to 1982 White Buckley dial with painted Roman numerals Black hands Quick setting movement Jubilee bracelet ref 62150 with 555 end links Fully serviced by our watchmaker One-year mechanical warranty Free worldwide Fedex Priority shipping",Bulang & Sons,2026-04-22,False
Leonidas Oversized Steel Step Case Millitary Style Chronograph Black Dial Valjoux 22,Leonidas,12650,https://bulangandsons.com/products/leonidas-oversized-steel-step-case-millitary-style-chronograph-black-dial-valjoux-22,https://cdn.shopify.com/s/files/1/0961/8613/8969/files/W-3755LeonidasChronograph_010_1x1_33130c67-edf2-42af-8146-77e9acdf525b.jpg?v=1779876485,"Founded in 1841 by Julien Bourquin in Saint-Imier, Switzerland, Leonidas built a strong reputation for precision chronographs, stopwatches, and military timepieces. In 1964, the brand merged with Heuer to form Heuer-Leonidas—combining forces and expanding their presence in the world of aviation and military chronographs. This partnership would go on to produce icons like the Carrera and Autavia, and play a role in the development of the groundbreaking Calibre 11 automatic chronograph in 1969. This example takes us back to the 1940s—a proper oversized chronograph at 39mm, and one that immediately stands out. The case features the rare and desirable so-called “step case,” with a clearly defined ridge between the bezel and mid-case, giving it a more technical, almost industrial look. Details are spot on. Pump pushers, a clean screw-back case, and proportions that just work. The dial leans heavily into that military aesthetic. Bold Arabic numerals, a snail track, and an outer telemeter scale—used to measure distance based on the time between a visible event and the sound reaching you, often associated with artillery use. Whether officially issued or not, it has all the right cues. Two sub dials handle the chronograph functions, while the leaf-style hands—without lume—keep the look sharp and balanced. Inside, you’ll find the legendary Valjoux 22—a hand-wound chronograph movement known for its reliability and crisp operation. It has been serviced by our watchmaker and is ready to go. Paired with a Bulang & Sons leather strap, this is one of those watches that just works—full of character, with the kind of presence you don’t come across every day. A proper vintage chronograph with all the right details—get in touch! Specifications: Leonidas Millitary style Chronograph 39mm Steel step-case, with snap back case-back Case number 53xx Dates to the 1940s Black dial with two-register black dial, multi scales Leaf style hands Valjoux 22 movement Movement number 21x Comes on pictured Bulang and sons leather strap Fully serviced by our watchmaker One-year mechanical warranty Free worldwide Fedex Priority shipping",Bulang & Sons,2026-05-27,False
Rolex Oyster Perpetual 1002 Horizontal Brushed Blue Dial,Rolex,4250,https://bulangandsons.com/products/rolex-oyster-perpetual-1002-horizontal-brushed-blue-dial-w3773,https://cdn.shopify.com/s/files/1/0961/8613/8969/files/W-3773RolexOysterPerpetualHorizontalbrushedBluedialref1002_293_1x1_a1df62b7-c0d9-4e5f-b48e-b672c81223ad.jpg?v=1779876282,"The Rolex Oyster Perpetual is the foundational bedrock of the brand, born from the union of two of Rolex’s most important innovations: the world’s first waterproof watch case, the Oyster (1926), and the Perpetual self-winding rotor system (1931). We are pleased to offer a seldom-seen 34mm Oyster Perpetual fitted with a smooth bezel. The case and bezel remain in very nice condition, retaining their original proportions and honest wear. The watch is paired with a striking blue dial, featuring a rare and subtle horizontal brushing that adds an unexpected layer of texture and refinement. This detail introduces a quiet sense of luxury, elevating the already timeless 34mm Oyster Perpetual to something with a more distinctive presence on the wrist. The watch is fitted on a Bulang & Sons straight end links bracelet and has been fully checked and regulated by our watchmaker, ready to be worn and enjoyed. A rarely seen dial detail on an iconic foundation piece, clean, timeless, and quietly distinctive , ready for its next owner. Specifications: Rolex Reference Oyster Perpetual 1002 34mm steel case Smooth bezel Serial 712xxxx dating to 1982 Rare Blue horizontal brushed dial ,cream coloured lume Steel straight end -link bracelet fitted Fully checked and regulated by our watchmaker One-year mechanical warranty Free worldwide Fedex Priority shipping",Bulang & Sons,2026-05-27,False
Rolex Datejust 1601 Silver Singer Block Markers Dial,Rolex,6250,https://bulangandsons.com/products/rolex-datejust-1601-silver-singer-block-markers-dial-w3762,https://cdn.shopify.com/s/files/1/0961/8613/8969/files/W-3762RolexDatejustSilverSingerDial_328_1x1_0f3696be-ff81-4c97-b51e-9db9a53b0da8.jpg?v=1779449989,"At the end of the 1960s, the renowned dial maker Singer was commissioned by several Swiss watch brands to develop new design proposals for their model lines. In their well-known 1967/1968 catalogue, they presented a range of experimental design studies—exploring printing techniques, markers, and dial finishes for different manufacturers. Within this catalogue, some of the most iconic Rolex designs began to take shape, including early concepts linked to the Daytona “exotic” dials. Another particularly interesting section was dedicated to the legendary Rolex Datejust. While many of these designs never made it into production and were archived as studies, a few did evolve into actual watches. One such example is this striking and rather playful “Singer Block Markers” dial, which closely reflects one of the design variations shown in the Datejust section of the Singer catalogue. We believe this example originates from that experimental design phase and was produced in very limited numbers. The bold marker design adds a distinctive and slightly unconventional dynamic to the sunburst silver dial. It carries a clear prototype-like character, echoing the experimental spirit seen in Singer’s original design studies. The mirrored filling within the markers adds depth and texture, shifting tones from light to dark depending on the angle—giving the dial a very engaging, almost playful visual effect. The result is a Datejust that stands out immediately—unexpected, expressive, and full of character. The watch itself is in outstanding sharp condition, featuring a strong case, crisp fluted bezel, and a solid reference 62510H Jubilee bracelet.The watch and its slow set movement has been fully checked and regulated by our watch maker . For the true Datejust enthusiast, rare watch collector, or vintage Rolex hunter, this is a piece that deserves attention. A watch with real design history and an experimental edge that highlights Rolex’s creative evolution ! Specifications: Rolex Datejust Reference 1601 36mm steel case, plexi-crsytal White gold fluted bezel Serial 152xxxx dating to 1966 Rare “Singer Block markers “ Silver dial Jubilee bracelet ref 62150h with end links 55 Slow set movement Fully checked by our watchmaker One-year mechanical warranty Free worldwide Fedex Priority shipping",Bulang & Sons,2026-05-22,False
Rolex Yacht-Master 168623 White Dial in Steel and Gold Box and Paper Set,Rolex,8250,https://bulangandsons.com/products/rolex-yacht-master-168623-white-dial-in-steel-and-gold-box-and-paper-set-w3771,https://cdn.shopify.com/s/files/1/0961/8613/8969/files/W-3771RolexYacht-MasterwhitedialRolesorboxandpaperssetref168623_219_1x1_3585d204-2a9c-49f7-b312-4e7dec94b740.jpg?v=1779434768,"The Rolex Yacht-Master was officially introduced in 1992 as Rolex’s first true luxury sports watch. While the brand had long been connected to the world of sailing, this model marked a clear shift away from pure tool-watch functionality—like the Submariner—towards a more refined, lifestyle-driven take on the sports watch. Blending nautical roots with a more elevated design, it set the tone for a new direction within the Rolex lineup. At hand we have a mid-size 35mm Rolesor example—Rolex’s term for the combination of steel and gold. This reference 168623 is in great condition, featuring a lovely yellow gold bezel with sandblasted and polished finishes. The white dial adds a fresh and slightly unexpected look, with lume plots sitting next to blackened hour markers and a subtle pop of red on the “Yacht-Master” text for contrast—small detail, big effect. It’s fitted with a Rolesor Oyster bracelet (ref. 78753) with solid end links and a clasp stamped “D15.” The watch comes as a full set: Rolex inner and outer boxes, booklets, paper holder, 2003 calendar card, green passport holder, red hangtag, a 2011 Rolex service card, and its original punched guarantee paper confirming a sale in Germany in 2003. Fully serviced by our watchmaker, this Yacht-Master is ready for many more years on the wrist. Specifications: Rolex Yachtmaster Reference 168623 35mm steel /gold “Rolesor “case Serial k788xxx dating to 2001 White dial 18 k gold sandblasted/ polished turnable bezel Oyster bracelet 78753 with solid end links Innner / outer boxes , booklets, hangtag ,calendar card, paper holder, 2011 Rolex service card Original punched guarantee paper stating a sale in Germany in 2003. Fully serviced by our watchmaker One-year mechanical warranty Free worldwide Fedex Priority shipping",Bulang & Sons,2026-05-22,False
Rolex Submariner Date 16610 Swiss Only Dial with Original Guarantee Paper,Rolex,8650,https://bulangandsons.com/products/rolex-submariner-date-16610-swiss-only-dial-with-original-guarantee-paper-w3734,https://cdn.shopify.com/s/files/1/0961/8613/8969/files/W-3734RolexSubmariner16610Swissonlydialwithoriginalguaranteepaper_283_1x1_a3adbcd2-137d-4760-b665-97328f06fef2.jpg?v=1778843655,"The Rolex Submariner Date began its journey in 1969 and has remained in continuous production ever since. Presented here is a particularly cool neo-vintage example — exactly the kind of Submariner that continues to win over collectors looking for the perfect balance between vintage charm and modern usability. This reference 16610 is a beautiful example of the now-discontinued model, featuring a glossy black dial and a strong, well-preserved case. Particularly appealing is the rarer “Swiss” only dial signature at 6 o’clock, marking a short transitional production period and adding an extra layer of collectability to the watch. The 40mm steel Oyster case remains in excellent condition and retains the increasingly appreciated drilled lug holes — a subtle vintage detail that many collectors actively seek out today. The solid-link Oyster bracelet, reference 93150, is in fantastic condition and fitted with 501b end links and a clasp stamped “X2.” This Submariner is accompanied by its original guarantee paper, showing its original sale in 1999. The watch has also been fully serviced by our watchmaker and is ready for many more years of reliable wear. Neo-vintage Rolex sports models continue to offer some of the most compelling value and wearability within the brand’s history — and the early 16610 remains one of the strongest examples of that formula , enquire now! Specifications: Rolex Submariner Date reference 16610 40mm steel case Serial a27xxxx dating to 1999 Glossy “Swiss only” Dial Black bezel insert Oyster bracelet 93150 with 501b end links Original guarantee paper stating a sale in 1999. Fully serviced by our watchmaker One-year mechanical warranty Free worldwide Fedex Priority shipping",Bulang & Sons,2026-05-15,False
Universal Genève “Cioccolatone“ 18k Rose Gold Oversized Dress-watch with unique Guilloché Dial on Brick Style Bracelet ref. 10228 2,Universal Geneve,10950,https://bulangandsons.com/products/universal-geneve-cioccolatone-18k-rose-gold-oversized-dress-watch-with-unique-guilloche-dial-on-brick-style-bracelet-ref-10228-2-w3416,https://cdn.shopify.com/s/files/1/0961/8613/8969/files/W-3416UniversalGeneve_Cioccolatone_18kRoseGoldOversizedDress-watchwithuniqueGuillocheDialonBrickStyleBraceletref102282_529_1x1_8000a46e-1152-441f-8a3b-16973e6d4b17.jpg?v=1774343731,"Today, we have a unique offering: an 18k rose gold Universal Genève “Cioccolatone”!! The most defining feature is the distinctive curved square—or pillow-shaped—case, often described as a ""curved square"" or ""quadrilateral."" The name Cioccolatone is Italian for ""big chocolate,"" referring to the case's resemblance to a square of Swiss chocolate. These oversized cases were mostly used from the 1940s until around 1960 by brands like Vacheron Constantin, Omega, Longines, and others. However, the design never really took off at the time—likely because square cases were more difficult to waterproof. Round watches could more easily accommodate screw-down case backs, whereas square watches couldn't. As a result, these designs were produced in limited quantities, making superb examples like this one incredibly rare today. In hand, we have a truly exceptional Universal Genève. Universal Genève (UG) was founded in 1894 as Universal Watch in Le Locle, Switzerland, by Numa Descombes and Ulysse Perret. The brand specialized in both watch movements and cases. After relocating to Geneva in 1919, UG gained prominence for its high-quality chronographs. and time only pieces like the iconic Compax and Polerouter models—and for its innovative micro-rotor automatic movements. The brand’s fortunes declined after the quartz crisis of the 1970s, but in 2023, the name was acquired by Breitling, signaling a potential revival and return to its legacy of excellence. This oversized 30 x 30 mm case (which wears even larger than the numbers suggest!) is crafted in 18k rose gold and features a striking sloped bezel—we’ve truly never seen another case like it. The snap-on case back retains both its serial and reference numbers, still fully readable and sharp. The second star of the show is the exquisite guilloché dial. Finished in a warm cream tone, it features two different guilloché techniques—almost giving it a sunray-like appearance. There’s no lume on the dial, and the sharp dauphine hands complete this elegant mid-century design perfectly. We’ve never seen another one like it—and perhaps we can even conclude this is a piece unique? The watch is paired with an 18k yellow gold brick-style bracelet with nine rows. While the bracelet is yellow gold (not rose), we love the look—it feels very period correct. It fits wrists up to 19 cm. Surprisingly, this is an automatic watch—powered by UG’s hammer automatic Caliber 138SS. This super-elegant dress watch has been fully serviced by our watchmaker. If we could keep a watch for ourselves, this would definitely be a contender, in hand it will blow one’s mind. A smart collector should snap this up—one would never regret owning such a beautiful piece! Specifications Universal Genève reference 10228 2 Dress-watch Rare 30x30 mm steel 18 k pink gold “Cioccolatone” case Serial 161xxxx dates to 1950s Non lume guilloché “sun-ray “ cream colour dial, applied logo, Dauphine hands UG Calibre 138SS hammer automatic wind movement 18 k yellow gold n",Bulang & Sons,2025-09-19,False
Audemars Piguet Automatic Classique 18k Yellow Gold Dresswatch Silver Dial,Audemars Piguet,7650,https://bulangandsons.com/products/audemars-piguet-automatic-classique-18k-yellow-gold-dresswatch-silver-dial-w3411,https://cdn.shopify.com/s/files/1/0961/8613/8969/files/W-3411AudemarsPiguetClassiqueAutomatic18kGoldDresswatchsilverdial_0009_1x1_321c105f-6b4d-49d7-b749-8157996774bf.jpg?v=1764693194,"There’s always something tranquilo about a time-only dress watch — especially when it’s from Audemars Piguet. In hand, we have an 18k yellow gold example in a 36mm case (though it wears slightly larger thanks to the short lugs), complete with a charming little step on the bezel. The matte silver dial is in excellent condition, featuring a date function, black painted Arabic numerals, and an elegant black handset. The snap-on case-back is engraved with “SBSI Holding” and a triple key logo — a lovely detail that adds character. This refined piece is paired with a Bulang and Sons leather strap and an 18k yellow gold pin buckle. Powering the watch is the automatic Caliber 2125, which has been fully serviced by our watchmaker. Time-only, stress-free, and seriously cool — treat your wrist to a little tranquilo . Get back to us! Specifications: Audemars Piguet dress watch in 18 k yellow gold 36mm 18k yellow gold 36 mm casing Serial number C86xxx dating to the mid 1980’s Matte silver dial with black-painted Roma-style numerals and elegant black hand set Case back engraved Calibre 2125 automatic-wind movement Comes on the pictured strap with an 18k yellow gold AP pin buckle Fully serviced by our watchmaker One-year mechanical warranty Free worldwide FedEx Priority shipping",Bulang & Sons,2025-09-08,False
Patek Philippe Calatrava 3720J White Dial in 18 k Yellow Gold,Patek Philippe,9950,https://bulangandsons.com/products/patek-philippe-calatrava-white-dial-in-18-k-yellow-gold-ref-3720j-w3628,https://cdn.shopify.com/s/files/1/0961/8613/8969/files/W-3628PatekPhilippeCalatravawhitedialin18kyellowgoldref3720_431_1x1_49840a68-317e-40ce-b22d-2e88c029e9fb.jpg?v=1774272312,"The Patek Philippe Calatrava is a timepiece that embodies category-defining elegance, heritage, and distinction. With its timeless design and exceptional craftsmanship, the Calatrava stands as one of the most important and iconic models in both the world of horology and within Patek Philippe’s own history. This reference perfectly blends the best of both worlds: the classic elegance of the past with the refined sophistication of modern watchmaking. This mid-1980's Ref. 3720 features a 32 mm 18k yellow gold case, a flat and thin bezel, a screw -back case back, and elegant, well-proportioned lugs. The dial presents the classic Calatrava aesthetic, with a crisp white background, black Roman numerals, and non-lumed stick-style hands. Powering the watch is the legendary hand-wound ultra-thin calibre 177. The watch has been fully serviced by our watchmaker and is fitted with a nice Bulang & Sons leather strap. We always enjoy meeting and chatting with fellow watch lovers. Please feel free to arrange a visit or a call to discuss this beautiful Patek Philippe. Specifications: Patek Philippe Calatrava Reference 3720J 32mm 18k yellow gold case with bezel , screw down case back White dial with black printed Roman numerals and non-lumed stick hands Bulang and sons leather strap Cal.177 hand wound movement Case no 279xxxx movement serial 136xxxx , dating to circa 1985 Fully serviced by our watchmaker One-year mechanical warranty Free worldwide FedEx Priority shipping",Bulang & Sons,2026-02-18,False
Rolex Oyster Perpetual 1002 Vertical Brush Champagne Dial in 18k Yellow Gold,Rolex,6200,https://bulangandsons.com/products/rolex-oyster-perpetual-vertical-brushed-champagne-dial-in-18-k-yellow-gold-ref-1002-w3649,https://cdn.shopify.com/s/files/1/0961/8613/8969/files/W-3649RolexOysterPerpetualVerticalbrushedChampagnedialin18kyellowgoldref1002_267_1x1_7393c61c-836f-4a12-9587-ad35140518b8.jpg?v=1771403955,"The Rolex Oyster Perpetual Reference 1002, produced from the late 1950s through the 1980s, is a quintessential vintage, time-only watch, featuring a 34mm steel or gold case and a smooth bezel. Known for its minimalist design, the 1002 represents a classic and versatile era of Rolex history. At hand, we have a lovely mid-1960s 18k gold–cased example, boasting a thick, well-preserved case and smooth bezel. The case back features a beautiful font and engraving — a stylised “W E W, 5th July 1966.” We believe this was a gift to the original owner at the time, adding a touch of personal history that we truly appreciate. The dial is a stunning and very seldom-seen vertically brushed champagne colour, with simple markers and black text and soft yellow lume colour. The softly applied brushing gives this piece an almost mirror-like appearance — super cool. This gold marvel has been paired with an a Bulang & Sons leather strap and has been fully checked and regulated by our watchmaker, making it ready for many years to come. This no-frills aesthetic — featuring a simple smooth bezel, three-hand display, and no date complication — gives it strong credentials as your go-to dress watch. Let’s get a deal! ✨ Specifications: Rolex Oyster Perpetual 1002 34mm 18k yellow gold case, plexi glass Serial 144xxxx dating to 1966 Case back engraving “W E W, 5th July 1966.” Rare vertical brushed champagne dial Smooth Bezel Fully checked by our watchmaker Free worldwide Fedex Priority shipping",Bulang & Sons,2026-02-18,False
Cartier Gondole Ellipse Paris dial ref 67081,Cartier,5900,https://bulangandsons.com/products/cartier-gondole-ellipse-paris-dial-ref-67081-w3670,https://cdn.shopify.com/s/files/1/0961/8613/8969/files/W-3670CartierGondoleEllipseParisdialref67081_368_1x1_ffca6f82-da75-4f0c-bab2-6a87a3dd6e13.jpg?v=1770977052,"The Cartier Gondole Ellipse was launched in 1973 as part of the prestigious Louis Cartier Collection. This initiative by Cartier Paris aimed to revive legendary designs such as the Tank and Santos, while also introducing bold new geometric forms into serial production. Often grouped within the broader “Gondole” family, the Ellipse is a horizontal variation of the design. While the standard Gondole typically featured a more rectangular or “TV-shaped” case, the Ellipse introduced a squared-off oval form with subtly swollen sides, contrasting with the flat top and bottom lines characteristic of the Cartier Tank. This lovely reference 67081 is housed in an 18 kt yellow gold case measuring 26 × 23 mm, featuring a stepped bezel and a winding crown set with the signature Cartier cabochon. The dial displays the highly sought-after “Paris” signature at 6 o’clock—indicating it was sold through the legendary Place Vendôme boutique—and is classically finished with black Roman numerals and blued hands. The watch is fitted with a leather strap and an original 18 kt yellow gold Cartier folding clasp. The manual-winding movement has been fully serviced by our watchmaker and is ready to be enjoyed for many years to come. No, it’s not a Tank. But yes—it absolutely deserves your attention. Get in touch. Specifications : Cartier Gondole reference 67081 67081xxxx serial dating to the 1970s 18kt gold case 28x32mm White dial signed PARIS with Roman numerals Blue cabochon winding crown Manual wind movement Generic leather strap 18kt Cartier deployment clasp Fully serviced by our watchmaker One-year mechanical warranty Free worldwide Fedex Priority shipping",Bulang & Sons,2026-02-13,False
Rolex Explorer ref. 214270 Box and Papers,Rolex,6950,https://bulangandsons.com/products/rolex-explorer-ref-214270-box-and-papers-w3759,https://cdn.shopify.com/s/files/1/0961/8613/8969/files/W-3759RolexExplorer214270Boxandpapers_086_1x1_d2e76d46-95e1-42c8-8c9b-2ebd8726dafe.jpg?v=1778673022,"Since the 1950s, the Rolex Explorer has been a constant member of the sports watch family. This is a later version of the Explorer — the reference 214270 — produced from 2010 to 2021. It represents the perfect fusion of old and new. Old, in that it retains the classic Oyster case and iconic 3-6-9 dial layout; new, with a contemporary 39mm case, sapphire crystal, and an updated Rolex calibre. The case is in great condition and is fitted with a lovely reference 77200 Oyster bracelet, featuring solid end links and a clasp stamped ""x2m"" The dial is also in perfect condition, and this fine Explorer comes with its original warranty card, along with the cardholder and Rolex booklets. Furthermore, both the original inner and outer Rolex boxes are included in the sale. The watch has been fully serviced by our watchmaker. We believe these watches fall into the “can-do-it-all” category — whether it’s for a dressier occasion or a jog on the beach. Let’s make a deal! Specifications: Rolex Reference 214270 Explorer 39mm steel case Random serial no g15xxxx dating to 2010 Rolex Warranty card Inner and outer boxes, guarantee, wallet, booklets Oyster bracelet reference 77200 with solid end links (SEL) Fully serviced by our watchmaker One-year mechanical warranty Free worldwide FedEx Priority shipping",Bulang & Sons,2026-05-13,False
IWC Ingenieur Automatic SL Khanjar Dial ref 3505 Steel and Gold Execution,IWC,10250,https://bulangandsons.com/products/iwc-ingenieur-automatic-sl-khanjar-dial-ref-3505-steel-and-gold-execution-w3752,https://cdn.shopify.com/s/files/1/0961/8613/8969/files/W-3752IWCIngenieurAutomaticSLKhanjardial_283_1x1_38b36e15-b18c-46b8-b1f1-017a8a7f92ce.jpg?v=1778224443,"The IWC Ingenieur has always been a watch shaped by its time. Originally conceived by IWC’s technical director, Albert Pellaton, the Ingenieur was developed as a response to the growing presence of electronics. Its soft-iron inner cage—essentially a Faraday cage—protected the movement from magnetism, while the efficient Pellaton winding system ensured reliability. A true technical watch, created with purpose. By the 1970s, the watch world was changing. In the midst of the Quartz Crisis, IWC turned to Gérald Genta to reimagine the Ingenieur. The result was the Ingenieur SL—a bold evolution, introducing an industrial aesthetic with a distinctive bezel, integrated bracelet, and a design language that still feels remarkably modern today. The example presented here, reference 3505, captures that spirit beautifully. Executed in a combination of steel and 18k gold, the 34 mm case wears larger than its dimensions might suggest—thanks to the slim bezel, expansive dial, and integrated bracelet. The case remains in lovely, strong condition, featuring a screw-down case back and the signature “fish” crown. The IWC-signed H-link bracelet is equally well preserved and comfortably fits wrists up to approximately 18 cm, completing the watch’s balanced and cohesive presence. But it is the dial that truly draws you in. Finished in a beautiful champagne tone, it features a distinctive “paper graph” motif that plays subtly with the light. Black-topped, boat-shaped hour markers, crisp black printed text, and a date at 3 o’clock keep the design both functional and elegant, while the lume has aged to a warm cream hue—adding just the right amount of character. What truly sets this watch apart, however, is the presence of the Khanjar and crossed-swords crest—the national emblem of Oman. This particular piece was commissioned by Sultan Qaboos bin Said, who ruled Oman from 1970 until 2020. Known for his appreciation of fine watches, the Sultan frequently ordered special pieces directly from manufacturers to present to close advisors, dignitaries, and friends. Watches bearing this royal insignia are among the most sought-after in the world of vintage collecting—combining rarity, provenance, and a unique historical connection. Powered by the automatic calibre 375 and fully serviced by our watchmaker, this Ingenieur is ready to be worn and appreciated for years to come. We have always had a soft spot for watches with a story—and this is exactly the kind of piece that continues to fascinate.You can read more about these over HERE A rare Oman-signed Ingenieur—get in touch to discover this exceptional piece. Specifications: IWC Ingenieur SL Automatic Reference 3505 Serial 234xxxx dating to the 1980s 35 mm Steel and yellow gold case with “fish “ crown Faraday inner anti magnetic caseback Champagne Linen dial with red Khanjar emblem Integrated 18 k gold and steel “H”link bracelet IWC calibre 375 automatic movement Fully serviced by our watchmaker One-year mechanical warranty Free w",Bulang & Sons,2026-05-08,False
Breguet Ultra thin Classique Dress watch Guilloche dial ref 5130 in 18 k yellow gold Automatique,Breguet,10950,https://bulangandsons.com/products/breguet-ultra-thin-classique-dress-watch-guilloche-dial-ref-5130-in-18-k-yellow-gold-w3623,https://cdn.shopify.com/s/files/1/0961/8613/8969/files/W-3623BreguetUltrathinClassiqueDresswatchGuillochedial_13_1x1_40ab6a37-77bb-4f7d-969b-b4e3d50085bb.jpg?v=1782640901,"Abraham-Louis Breguet (1747–1823) established the Breguet brand in Paris, serving royalty and gaining renown for innovations such as the tourbillon (1801). He is widely considered one of the most important and influential figures in the history of watchmaking. This time-only reference 5130 is a quintessential dress watch, embodying timeless elegance. It features an ultra-thin 35.5 mm coin edge case with simple straight lugs and a discreet, small winding crown. The Ref. 5130 was part of the Breguet Classique collection, a line created to embody the aesthetic and technical principles established by Abraham-Louis Breguet in the late 18th and early 19th centuries. It maintains traditional Breguet design elements, including the signature Breguet hands with hollow moon tips and a hand-engraved, silvered gold guilloché dial. The dial features a silvered brushed outer chapter with fine Roman numerals, the Breguet signature at twelve o’clock, and a beautifully hand-engraved guilloché centre. Completing the look is the characteristic set of blued Breguet hands. This ultra-thin watch is powered by the automatic calibre 502, derived from the Frédéric Piguet calibre 71 (P-71), and has been fully serviced by our watchmaker. The watch is paired with one of our evergreen Bulang and Sons straps and fitted with an original 18k gold Breguet pin buckle. Available now for those who value timeless design and traditional watchmaking at its finest , get back to us ! Specifications: Breguet Classique reference 5130 35 mm 18k yellow gold case, coin-edge case -with closed case back Serial 25xx dating to ca 2000 Silvered Guilloché dial with blued Breguet hands Automatic-wind calibre 502 , derived from the Frédéric Piguet calibre 71 (P-71) Bulang and sons leather strap with Original Breguet 18k yellow -gold pin buckle Fully serviced by our watchmaker One-year mechanical warranty Free worldwide FedEx Priority shipping",Bulang & Sons,2026-01-30,False
Rolex Submariner 5513 MilSub with Rolex Service Card,Rolex,28900,https://bulangandsons.com/products/rolex-submariner-5513-milsub-with-rolex-service-card-w3658-1,https://cdn.shopify.com/s/files/1/0961/8613/8969/files/W-3658RolexSubmariner5513millsub_05_1x1_33062f3b-18fd-4219-90f6-5d962b11e999.jpg?v=1778060487,"Say “MilSub” to a watch collector and you might just see them go weak at the knees—or momentarily lost for words. The Rolex Military Submariner, or “MilSub,” was produced in the 1970s in extremely small quantities (just over 1,000 pieces), of which only a few hundred are believed to survive today. It’s no surprise these watches are considered true grails—often commanding between €200k and €500k depending on condition and provenance. But what’s the story behind these rare Submariners? Although produced in the 1970s, the MilSub’s origins trace back to World War II and the rise of underwater combat operations. The Italians were early pioneers in this field, using Panerai watches—interestingly manufactured by Rolex at the time. Great Britain soon followed, commissioning purpose-built watches capable of withstanding prolonged underwater missions. After the war, this evolved into ongoing diving operations within the British Ministry of Defence (MoD), which required reliable, purpose-built wristwatches. By 1957, the MoD approached Rolex with a clear set of specifications. Rolex responded by adapting its Submariner with fixed spring bars, a larger bezel for operation with gloves, and dials using tritium lume (marked by the encircled “T”) instead of the more hazardous radium. For a brief period, the MoD turned to Omega, commissioning military versions of the Seamaster 300. However, in the early 1970s, they returned to Rolex—likely due to the superior water resistance offered by Rolex’s screw-down crown system. One requirement carried over from the Omega designs was the use of “sword hands,” providing greater lume surface and improved underwater legibility. The Submariner reference 5513 was subsequently modified to meet these specifications. Changes included fixed bars, a fully graduated 60-minute bezel insert, a matte dial, and the distinctive sword hands. Over the course of the 1970s, these watches underwent subtle evolutions. Early examples were marked “5513” between the lugs, followed by versions bearing both “5513” and “5517,” with the final series marked solely “5517.” These watches were issued primarily to two branches of the British military: Army (W10 designation) Case backs were engraved with: W10 (MoD code for the Army) 6645 (NATO code for time-measuring instruments) 99 (NATO country code for the UK) 923-7697 (NATO code for divers’ watches) Broad Arrow marking Issue number and year Royal Navy (0552 designation) Case backs were engraved with: 0552 (Royal Navy service code) 923-7697 (NATO code for divers’ watches) Broad Arrow marking Issue number and year Inside the case back of a correct MilSub, one would typically find engravings indicating the model reference, the date of manufacture for the case or case back, and—depending on the batch—the serial number matching the case. The example offered here is a reference 5513 that has, over time, lost some of its original military-spec characteristics. The dial, hands, and bezel insert were replaced dur",Bulang & Sons,2026-05-06,False
Rolex Sea-Dweller 1665 Great White MK1 Dial with Box and Papers,Rolex,21600,https://bulangandsons.com/products/rolex-sea-dweller-1665-great-white-mk1-dial-with-box-and-papers-w3700,https://cdn.shopify.com/s/files/1/0961/8613/8969/files/W-3700RolexSea-Dweller1665Boxandpaperset_221_1x1_8dd1c123-3c26-4b9e-9ad6-f79b7f494f16.jpg?v=1778659695,"The Rolex Sea-Dweller Reference 1665, introduced around 1967, was developed for saturation diving, featuring a groundbreaking helium escape valve and 2,000 ft (610 m) water resistance. Known for the “Double Red” (DRSD) dial from 1967–1977, it later transitioned to the all-white “Great White” dial before being replaced in the 1980s by the reference 16660 sapphire crystal model. Interestingly, “Great Whites” tend to trade at significantly lower prices than Double Reds, despite being produced for only about five years versus the roughly ten-year run of the Double Red! This particular example features a Mark I “Great White” dial variant—and what a lovely dial it is, with warm cream-coloured lume on both plots and hands. The iconic case remains in strong overall condition, with thick lugs and crown guards, complemented by a beautiful glossy black bezel insert. It is finished with a reference 93150 Oyster bracelet, fitted with end links marked 585 and a clasp stamped S DE 10. The watch comes complete with its iconic Rolex “Seahorse” outer box, inner box, paper holder, calendar card, and the original punched warranty papers showing a sale in 1978. The movement has been fully serviced by our watchmaker. We love these early Sea-Dwellers for their greater wrist presence compared to the Submariner. Let us help you add this iconic professional diver’s watch to your collection—contact us today! Specifications: Rolex Reference 1665 Sea-Dweller 40mm steel case Serial 529xxxx dating to 1978 Mk1 white dial with cream patina Inner -outer rolex boxes , calendar card , paper holder Punched punched warranty paper stating a sale in 1978. Solid-link Oyster bracelet 93150 with 585 endlinks Fully serviced by our watchmaker One-year mechanical warranty Free worldwide FedEx Priority shipping",Bulang & Sons,2026-04-24,False
Rolex Day-Date 18078 Champagne Dial Bark with Papers W3731,Rolex,19900,https://bulangandsons.com/products/rolex-day-date-18078-champagne-dial-bark-with-papers-w3731,https://cdn.shopify.com/s/files/1/0961/8613/8969/files/W-3731RolexDay-DateChampagnedialBarkfinishwithoriginalguaranteepaperref_226_1x1_ba91f63e-7bdd-47df-affc-1d475b1c4914.jpg?v=1777466329,"The Day-Date has always been a favorite here at Bulang and Sons, and we’re especially excited when we can offer something a little out of the ordinary—like this very cool and rare reference 18078, featuring the distinctive hand-finished “Bark” texture. This classic 36mm yellow gold Day-Date is presented in good condition, showcasing the 18k yellow gold case and matching bark-finished bezel—an unmistakable and characterful look. The original bark bracelet (ref. 8723) remains in great condition, with solid end links and a concealed clasp stamped “E.” It currently fits wrists up to approximately 18.5 cm. Powering the watch is a single quickset movement, which has been fully serviced by our watchmaker and is running as it should. Importantly, the watch is accompanied by its original Rolex guarantee paper, confirming its sale through the authorized dealer Bucherer Zürich—always a great detail for collectors. Want it? You know what to do. Get in touch. Specifications: Rolex Day-Date Reference 18078 36mm 18k yellow gold case with sapphire crystal Factory “Bark” bezel and bracelet Serial 638xxxx dating to 1981 Champagne soleil finished dial English date disc Yellow gold President bracelet with bark finish (ref. 8723) Single quickset movement Rolex Guarantee paper stating sale in Zürich, Switzerland Fully serviced by our watchmaker One-year mechanical warranty Free worldwide FedEx Priority shipping",Bulang & Sons,2026-04-29,False
Rolex Air-King 5504 Swiss Only Gilt Dial,Rolex,7900,https://bulangandsons.com/products/rolex-air-king-5504-swiss-only-gilt-dial-w3425,https://cdn.shopify.com/s/files/1/0961/8613/8969/files/W-3425RolexAir-KingSwissonlyGiltdialref5504_258_1x1_71ab9400-96ae-42a5-8b80-6a34237592cb.jpg?v=1777467019,"The Rolex Air-King has a rich and complex history, originating as a tribute to British RAF pilots during World War II and evolving from an entry-level, understated watch into a bold, modern, aviation-inspired timepiece. It is the only model remaining from the original “Air” series, which also included the Air-Lion, Air-Giant, and Air-Tiger. The example presented here is an early 1960s Reference 5504 in a lovely 36 mm size. The case remains in strong condition and is fitted with a smooth bezel that retains beautiful definition. The gilt dial remains glossy and is in excellent condition, featuring the Air-King script in a font we particularly love, along with finely printed silver “Super Precision” text. Furthermore, the presence of “Swiss” only at the six o’clock position is correct for this era, complemented by elegant hour markers and fine dauphine hands. We have paired this quietly iconic watch with one of our straight end-link bracelets, which we feel is an excellent match. This Air-King has been checked and regulated by our watchmaker and is ready to be enjoyed for many years to come. It wears beautifully on the wrist—classic and under-the-radar, never loud. Get in touch if this low-key legend speaks to you. Specifications: Rolex Air-King Reference 5504 Super precision 36mm case with smooth bezel Serial 950xxx dating to 1963 Black gilt chapter ring dial “Swiss only “with silver lines Dauphine hand set Bulang and sons straight en links steel bracelet Fully checked and regulated by our watchmaker One-year mechanical warranty Free worldwide FedEx Priority shipping",Bulang & Sons,2026-04-29,False
Audemars Piguet Tank Style Dresswatch Cream dial in 18 k rose gold,Audemars Piguet,6900,https://bulangandsons.com/products/audemars-piguet-tank-style-dresswatch-cream-dial-in-18-k-rose-gold-w3722,https://cdn.shopify.com/s/files/1/0961/8613/8969/files/W-3722AudemarsPiguetDresswatchin18krosegold_209_1x1_088bf742-3a31-40de-927a-31b63c5041ee.jpg?v=1776861161,"Founded in 1875 in Le Brassus, Switzerland, by Jules Louis Audemars and Edward Auguste Piguet, Audemars Piguet is best known today for its defining Royal Oak collection. However, prior to 1972, the company focused primarily on high-complication movements, developing, for example, one of the first minute-repeater wristwatches as early as 1892. From the 1930s onwards, Audemars Piguet also became renowned for its ultra-thin dress watches. These movements were exceptionally difficult to design and produce, serving as a true demonstration of technical mastery—allowing elegant timepieces to achieve remarkable slimness and refinement. Presented here is a charming pre-reference, “Tank-style” dress watch in 18k rose gold. The case, measuring 25 × 29 mm including the lugs, remains in lovely condition. It features a snap-on case back and a small, discreet winding crown. The dial is executed in a matte cream tone, with painted black Roman numerals and simple rose gold stick hands. In keeping with its minimalist design, there is no lume and no seconds hand, enhancing its understated elegance. The watch is fitted with an original Audemars Piguet leather strap, and its hand-wound ultra-thin movement has been fully serviced by our watchmaker. For those who appreciate the quiet mastery of early Audemars Piguet! Specifications: Audemars Piguet “Tank style “ ultra-thin dress watch 25x29 mm rose gold case, snap back case no 11xxx dating to the 1950’s Matte cream colour dial , painted black Roman numerals No lume rose gold hands Ultra thin hand wound movement AP leather strap Fully serviced by our watchmaker One-year mechanical warranty Free worldwide Fedex Priority shipping",Bulang & Sons,2026-04-22,False
Patek Philippe ref. 1593 Hour Glass in 18k Yellow Gold,Patek Philippe,14500,https://bulangandsons.com/products/patek-philippe-ref-1593-hour-glass-in-18k-yellow-gold-w3692-1,https://cdn.shopify.com/s/files/1/0961/8613/8969/files/W-3692PatekPhilippeHourglassref1593in18kyellowgold_243_1x1_f318a9b5-9302-4f3d-a4d5-bb434c358f48.jpg?v=1776861193,"This Patek Philippe “Hour Glass” reference 1593 was introduced in 1944 and features a dramatic, ergonomic silhouette, defined by its concave and convex sides. Measuring 41.5 × 25 mm, the case offers a bold, avant-garde presence that remains striking even by today’s standards. The silvered dial is finely brushed and features delicate black enamel Patek Philippe signature. Applied numerals at 6, 9, and 12 are complemented by arrow-shaped markers for the remaining hours, along with a beautifully proportioned small seconds at 6 o’clock. The watch is paired with the pictured leather strap and powered by the iconic hand-wound calibre 9.90—one of the most elegant in-house movements produced by Patek Philippe during the golden age of watchmaking. It has been fully serviced by our watchmaker. Watches like these have a way of transporting you to another time and place where design was bold, and time moved just a little slower! Specifications: Patek Philippe Dresswatch reference 1593 “Hour glass” 41.5 × 25 mm concave and convex 18k yellow gold case Movement no 977xxx / case no 209xxxxx dating to ca. 1954 Silvered dial with applied Arabic numerals Small seconds at six o’clock hand-wound calibre 9.90 Comes on the pictured leather strap Fully serviced by our watchmaker One-year mechanical warranty Free worldwide Fedex Priority shipping",Bulang & Sons,2026-04-22,False
Rolex Explorer II  16550 Galaxy Tropical Dial with Box and Papers,Rolex,15500,https://bulangandsons.com/products/rolex-explorer-ii-16550-galaxy-tropical-dial-with-box-and-papers-w3748,https://cdn.shopify.com/s/files/1/0961/8613/8969/files/W-3748RolexExplorer2Tropicaldialref16550boxandguaranteepapers_309_1x1_87337443-7f1b-4b33-b331-206b70d533c8.jpg?v=1776343154,"The Rolex Explorer II is a true no-nonsense tool watch, originally introduced in 1971 as reference 1655 and nicknamed “Freccione” for its bold orange 24-hour hand. Designed for cave explorers, it allowed the wearer to distinguish between day and night in complete darkness. Presented here is a later reference 16550. This model addressed the limited commercial success of the 1655 by introducing a more conventional aesthetic, aligning it more closely with the GMT-Master and Submariner. The quirky dial of the 1655 was replaced with a cleaner layout featuring Mercedes hands, circular and baton hour markers, and applied 18k white gold surrounds. More importantly, the 16550 introduced the calibre 3085, allowing the 24-hour hand to be set independently of the main hour hand—transforming it into a true GMT watch capable of tracking two time zones simultaneously. The reference 16550 is considered a transitional model, produced for only a short period between approximately 1985 and 1989—an unusually brief lifespan for Rolex—making it both rare and highly collectible. It was also the first Explorer II to be offered with a white “Polar” dial. The present example features a black dial that has aged in a particularly attractive and sympathetic way, resembling the milky way. The lume has developed a warm cream tone, while portions of the dial have taken on a subtle brown hue, creating a unique effect reminiscent of “snake skin”—a striking and highly individual character. The case remains in lovely condition, as does the characteristic thick-font bezel. The watch is fitted with a reference 93150 Oyster bracelet, with 593 end links and a clasp stamped I11. Furthermore, this example comes with an additional black dial and handset, both with tritium lume, allowing the option to return the watch to a more traditional appearance if desired. The watch is accompanied by its original Rolex inner box, an Explorer booklet, and the typical U.S.-stamped guarantee paper, indicating a sale in 1988.Historically, the Explorer II has been considered an underdog within the Rolex sports family, yet it is so stylish and appealing. These watches make the perfect summer watch… Where tool watch heritage meets wild, organic character , Contact us to secure this exceptional Explorer II. Specifications: Rolex Explorer II Reference 16550 40mm steel case Serial 967xxxx dating to 1988 Black dial with a beautiful patina , Galaxy tropical effect Oyster bracelet 93150 with end links 593 Fully serviced by our watchmaker One-year mechanical warranty Aditional ( tritium) black Dial and hand set Rolex inner box, booklet US style guarantee paper stating sale in 1988 Free worldwide Fedex Priority shipping",Bulang & Sons,2026-04-16,False
Patek Philippe Calatrava 3520G Clous de Paris in 18k White gold Porcelain Dial with Original Certificate of Origin,Patek Philippe,11450,https://bulangandsons.com/products/patek-philippe-calatrava-3520g-clous-de-paris-in-18k-white-gold-porcelain-dial-with-original-certificate-of-origin-w3625,https://cdn.shopify.com/s/files/1/0961/8613/8969/files/W-3625PatekPhilippeCalatravaClousdeParisin18kWhitegold_014_1x1_f0c9dec6-f89c-45fb-8aba-50a43a01b3ef.jpg?v=1775736176,"Few watches embody timeless elegance quite like the Patek Philippe Calatrava. This particularly beautiful reference 3520, crafted in 18k white gold, stands as a perfect example of that understated philosophy—refined, balanced, and effortlessly classic. At first glance, it is the iconic Clous de Paris bezel that draws you in. A signature detail that adds just the right amount of texture and depth, catching the light in a way only Patek Philippe can achieve. The 18k white gold case remains in outstanding condition, complemented by a screw-down case back, Introduced as “the flattest waterproof watch in the world,” this reference perfectly balances technical innovation with classic design. The dial is pure and minimal. A crisp white backdrop with black painted Roman numerals and elegant hands, offering a sense of calm and clarity. No seconds hand—just hours and minutes—creating a slower, more considered way of reading time. The watch is fitted with a very slightly used Patek Philippe leather strap and its original white gold buckle, and is accompanied by an original Patek Philippe box. The manual wind movement has been fully serviced by our watchmaker and is ready to be enjoyed. Furthermore the watch is accompanied by its original certificate of origin stating sale in 2002 , Spain Patek Philippe has long mastered the art of quiet elegance—and this Calatrava is a beautiful reminder of exactly that ! Specifications: Patek Philippe Calatrava ref 3520G 32mm 18k white gold case with Clous de Paris finish, screw down case back Clous de Paris Bezel White no lume painted black Roman hours dial Movement serial 137xxxx , case serial 415xxxx dating to first half of the early 2000’s Manual wind movement cal.177 Certificate of Origin stating sale in 2002, Spain Comes on an a Patek' leather strap with PP white gold pin buckle Fully serviced by our watchmaker One-year mechanical warranty Free worldwide Fedex Priority shipping",Bulang & Sons,2026-04-10,False
Tudor Submariner 7928 Pointed Crown Guard Case Gilt Chapter Ring Dial,Tudor,16750,https://bulangandsons.com/products/tudor-submariner-7928-pointed-crown-guard-case-gilt-chapter-ring-dial-w3718,https://cdn.shopify.com/s/files/1/0961/8613/8969/files/W-3718TudorSubmarinerPointedCrownGuardcaseref7928_790_1x1_8cff1efa-e3e8-48a3-9254-9b0da6ad0471.jpg?v=1775737325,"Some watches quietly define a brand’s story—and the Tudor Submariner Reference 7928 is undoubtedly one of them. Introduced at the end of the 1950s, this reference marked an important step forward for Tudor. It was the first Submariner to feature crown guards, a subtle yet meaningful evolution inspired by the needs of professional divers, including those of the French Navy. A small detail perhaps, but one that speaks volumes about purpose and progress. This particular example immediately stands out thanks to its beautifully preserved case, still showing the elegant lines of the early “pointed crown guards.” There is something especially charming about these sharper, more defined guards—slightly more expressive than the later rounded versions, and a detail that collectors continue to appreciate. Then there is the bezel. Fitted with a rare “skinny 4” insert, believed to have been used only for a short period around 1963, it adds an extra layer of intrigue to the watch. Over time, it has developed a gentle fade—just enough to give it that honest, lived-in feel we so often look for. The kind of detail that doesn’t shout, but quietly tells its story. The dial remains in lovely condition, featuring a chapter ring and the desirable “Swiss only” designation at 6 o’clock. The hour markers have developed a warm yellow patina, beautifully echoed by the gilt-toned hands, creating a harmonious and characterful appearance. Fitted with one of our leather straps and powered by a movement that has been fully serviced by our watchmaker, this is a watch that feels both honest and complete. A piece with presence, history, and just the right amount of charm—exactly how we like to see them! Specifications: Tudor Submariner Reference 7928 40mm steel case with ""pointed crown guards"" Serial: 400xxx, dating to 1963 Chapter ring dial with exclamation point, gilt hands & ""Lollipop"" second hand Rare Faded fat-font bezel insert “Skinny 40” Bulang and sons leather strap Fully serviced by our watchmaker One-year mechanical warranty Free worldwide FedEx Priority shipping",Bulang & Sons,2026-04-10,False
Rolex Chronograph ref. 4500 Pulsations Dial,Rolex,119000,https://bulangandsons.com/products/rolex-ref-4500-pulsations-dial-chronograph-w3602,https://cdn.shopify.com/s/files/1/0961/8613/8969/files/W-3602RolexPulsationsdialchronographref4500_08_1x1_401a3986-ff1b-4c3c-8563-190d108945fa.jpg?v=1775566086,"The Rolex Chronograph ref. 4500, introduced around 1945, is a historically significant and rare example of one of the earliest waterproof Oyster chronographs, often referred to as the “Monoblocco” due to its one-piece case design. It marked a key design shift toward the later “modern” Daytona, with a 36mm size, straight lugs, and a two-register layout powered by a Valjoux 23–based movement. The case on this example is in excellent condition, featuring a screw-down back, pump-style pushers, and its original winding crown still attached. The true showstopper is the extremely rare pulsations dial. The pulso meter scale was primarily designed for medical professionals, namely doctors. pulsations -signed Rolex chronographs are extraordinarily rare, with approximately 50 pieces known across all metals and references. The lineage of these “medical” chronographs includes very early references such as 2023 and 2057 from the late 1920s, the “Bariletto” reference 3525 in steel during the 1940s, as well as references 4048, 4062, 4099, 4537 (in stainless steel or stainless steel and gold), and the ref. 4500 in gold. In the 1950s, the pulso meter scale appeared on some examples of the 6034 and 6234 in stainless steel and gold, followed by a handful of ref. 6238s with the scale inside the indexes, and finally around ten examples of the ref. 6239 Daytona in steel. After this period, Rolex ceased producing pulsometer dials for over 60 years, and they remain absent in modern production. This particular dial features a French-language pulso meter scale in blue (‘Gradué pour 30 pulsations’), suggesting it was likely made on special request for a French-speaking doctor. Such dials were extremely rare and difficult to produce in batches due to very low demand. The dial also features a fine black seconds track, two sub dials, applied Arabic numerals, and arrowhead hour markers, all showing pleasing patina. It is topped with clean non-lumed stick-style hands, completing a truly remarkable vintage chronograph. The watch is paired with an Oyster riveted-style ref 7206 bracelet, with end links marked 60 and a clasp stamped 1/60. This fine doctor’s chronograph and its hand-wound Cal. VLJX.23 movement have been fully serviced by our watchmaker. One of approximately 50 known pulsations examples across all references and a true collector’s find—reach out to secure this rare doctor’s Rolex chronograph! Specifications: Rolex Reference 4500 Chronograph 36 mm steel ”monobloc” case, pump style pushers, early winding crown Serial 499xxx dating to 1946 Super rare pulso meter/pulsations dial, no lume, two sub dials Oyster bracelet reference 7207 with 60 end links Valjoux 23 based hand -wound movement Fully serviced by our watchmaker 1 year mechanical warranty Free worldwide Fedex Priority shipping",Bulang & Sons,2026-04-07,False
Rolex Datejust 16200 Silver Soleil Dial,Rolex,5900,https://bulangandsons.com/products/rolex-datejust-ref-16200-silver-dial-w3600,https://cdn.shopify.com/s/files/1/0961/8613/8969/files/W-3600RolexDatejustSilverdialref16200_404_1x1_ab1c8b4a-e027-45ae-99b5-34bac84945e0.jpg?v=1775566163,"Is there anything more timeless than a silver-dial Datejust?! This 36 mm steel Datejust reference 16200 is a perfect blend of classic elegance and sporty versatility. The case remains in outstanding condition and features the desirable smooth bezel and no lug holes, giving the watch a clean, modern look on the wrist. The silver dial is crisp and refined, with black printing, a fine railroad track, and small Roman numerals that add just the right amount of character. Paired with an Oyster bracelet (reference 78360) in great condition, fitted with 558B end links and a clasp stamped “DT 4,” this watch wears exceptionally well. It has been fully serviced by our watchmaker and is running exactly as it should. This is the kind of Datejust that truly does it all—sporty enough for everyday wear, yet elegant enough to slip under a cuff. A timeless, versatile classic that belongs in any serious collection. Specifications: Rolex Datejust Reference 16200 36mm steel case with smooth bezel , no lug wholes K87xxxx serial dating to 2001 Sapphire glass Silver dial with black printed text and small Roman numeral track Oyster bracelet reference 78360 with 558b endlinks Fully serviced by our watchmaker One-year mechanical warranty Free worldwide Fedex Priority shipping",Bulang & Sons,2026-04-07,False
"Rolex Datejust 16030 ""Saudi Border Forces"" Crest Dial",Rolex,8900,https://bulangandsons.com/products/rolex-datejust-16030-saudi-border-forces-crest-dial-w3730,https://cdn.shopify.com/s/files/1/0961/8613/8969/files/W-3391RolexDatejustJordanborderforceslogodialref16030_007_1x1_7ad71ca6-6e56-4169-ac4b-be74d7aa552c.jpg?v=1775637249,"Even for those who joined the vintage world a little later, it quickly becomes clear that the Rolex Datejust is one of those watches that continues to win you over time and time again. It has certainly done so for us, and we always find ourselves searching for slightly more unusual, more characterful examples. This reference 16030 is exactly that. At first glance, it may seem familiar—but a closer look reveals something rather special. The dial features the emblem of the Saudi Arabian Border Police, a detail rarely encountered and one that immediately sets this watch apart. Its tone sits somewhere between beige and sunburst champagne, shifting gently in the light, while the applied stick markers add a clean, confident contrast. The printed logo itself has a subtle, almost ghost-like presence—appearing and disappearing depending on the angle—adding a layer of intrigue that keeps drawing you back in. Turning the watch over, the story continues. The case back is engraved with the Saudi Border Forces emblem alongside Arabic script, loosely translating to “Saudi Border Forces.” A small detail perhaps, but one that adds depth and provenance to the piece. The watch is fitted with a Jubilee bracelet, reference 62150H, with 555 end links and a clasp stamped “G10,” completing the watch in a way that feels both classic and correct. Fully serviced by our watchmaker, it is running as it should and ready to be worn and enjoyed for years to come. A Datejust with character, history, and a dial you don’t come across every day—exactly the kind of piece we love to find. 👉 Feel free to get in touch to learn more about this uncommon example. Specifications: Rolex Datejust reference 16030 36mm steel case Serial 737xxxx dating to 1982 Beige soleil finished dial Saudi border forces logo with Ghost effect Case back engraved for the Saudi border forces Bracelet reference 62150h with 555 end links Fully serviced by our watchmaker One-year mechanical warranty Free worldwide Fedex Priority shipping",Bulang & Sons,2026-04-08,False
Patek Philippe Gondolo Cabriolet ref. 5099RG in 18k Rose and White Gold,Patek Philippe,16500,https://bulangandsons.com/products/patek-philippe-gondolo-cabriolet-ref-5099rg-in-18k-rose-and-white-gold-w3720,https://cdn.shopify.com/s/files/1/0961/8613/8969/files/W-3720PatekPhilippeGondoloCabrioletref5099in18kRoseandwhitegold_115_1x1_1eecee08-ee59-4ce2-86c9-b17b89f92921.jpg?v=1775566135,"Launched at the Basel Watch Fair in 1999, the ref. 5099RG immediately stood out as something “odd “ in the line up of Patek Philippe , as has a case that most people never seen before. It was inspired by a watch owned by the Patek Philippe museum, a similar shaped piece from the 1920s The case design was also a then-modern interpretation of the hunter case of a pocket watch – a practical cover that protected the dial. Because this watch was made at the height of the Art Deco period, the design was considered very avant garde – not too different to how it was perceived over 70 years later when the ref. 5099 was launched! Three examples of the original “Cabriolet” were made between 1927 and 1929. The 18 k Rose gold case features two white gold “stripes” and “merge into the lugs”. The remarkable complex ( it has 52 components) case has a hinged front cover, spring operated by two button on the lower lugs.If one pushes the buttons the watch face is revealed! And what a face it is , again in rose gold with elegant painted Breguet numerals and a small running seconds at six o’clock and fine blued hands The watch is paired with a slightly used Patek Philippe leather strap with a cool PP 18k rose gold pin buckle .Further more this fine Gondolo is coming with its original Patek' inner and outer boxes and a cardboard hang tag with its serial is included as well. This fine PP has been fully serviced by our watch maker and is ready for upcoming years! For those who appreciate the unexpected—contact us to make this Cabriolet yours! Specifications: Patek Philippe Reference 5099RG-001 Gondolo 18kt rose and white gold case with hinged cover Case no. 4124xxx / movement no 1878xxx dating to ca 2004 28mm square case size Rose gold dial with painted Breguet numerals Original 18 k rose gold Patek Pin buckle, Patek Philippe leather strap Manual wind calibre 215PS movement Fully serviced by our watchmaker One-year mechanical warranty Patek Philippe boxes , cardboard hang tag Free worldwide Fedex Priority shipping",Bulang & Sons,2026-04-07,False
Rolex Turn-O-Graph ref 6202,Rolex,21900,https://bulangandsons.com/products/rolex-turn-o-graph-ref-6202-w3707,https://cdn.shopify.com/s/files/1/0961/8613/8969/files/W-3707RolexTurn-O-Graphref6202_07_1x1_b67c1a9e-5696-477c-ba0f-5637171290cd.jpg?v=1775660085,"The Rolex Turn-O-Graph ref. 6202, introduced in 1953, is often called the “grandfather” of the modern Rolex sports watch. While the Submariner receives most of the fame, the 6202 Turn-O-Graph was actually the first mass-produced Rolex to feature a rotating bezel. It established the design language later seen in the Submariner, GMT-Master, and the early Milgauss. Before the 6202, Rolex watches were mostly elegant Oyster Perpetuals; this model marked their first true “tool watch”. The 60-minute graduated bezel allowed users to track elapsed time, a revolutionary feature for professional timing at the time. This example features a lovely 36 mm case with a bezel insert fitted with the distinctive red triangle at the 12 o’clock position. It is paired with a riveted Oyster bracelet, reference 7206, with end links marked 58 and a clasp stamped 1/69. The gilt dial is in lovely condition and fitted with a gilt-coloured handset, including the distinctive “big lollipop” seconds hand. The seconds hand has been relumed in the past but still presents a very nice colour match overall. The watch has been fully serviced by our watch maker and is ready for upcoming years. Often overlooked, yet full of character, these Turn-O-Graphs deserve a closer look. Get in touch to make it yours. Specifications: Rolex Reference 6202 Turn-o-graph 36 mm steel case with rotating bezel Serial 492xxx dating to 1954 Original gilt dial with warm patina Oyster rivet bracelet ref 7206 with 58 end links Fully serviced by our watchmaker 1 year mechanical warranty Free worldwide Fedex Priority shipping",Bulang & Sons,2026-04-07,False
Rolex Submariner 5513 Non Serif Dial with Vivid Patina,Rolex,13200,https://bulangandsons.com/products/rolex-submariner-5513-non-serif-dial-with-vivid-patina-w3653,https://cdn.shopify.com/s/files/1/0961/8613/8969/files/W-3653RolexSubmarinernonserifdialref5513vividpatina_07_1x1_cccbf40c-28ea-4a4a-8dba-7be4d20b3f63.jpg?v=1771578783,"Few watches are as instantly recognizable and iconic as the Rolex Submariner. In the vintage collecting world, a must-have Sub is the classic no-date 5513. We especially love the matte dial versions with patina, offering a versatile and effortlessly cool look. The case of this specimen is in excellent condition and is fitted with a beautifully, slightly faded bezel insert with an aftermarket pearl. The dial is a so-called “non-serif” variation with yellow hour plots and hands that have aged gracefully. The patina adds character and extra mojo to this classic tool watch. The folded Oyster bracelet is reference 9315, with 280 end links and a clasp stamped 1/71. This no-date Submariner has been fully checked and regulated by our watchmaker and is ready for many more adventures. Classic, versatile, and full of character—this 5513 Submariner is ready to accompany you on all of life’s journeys. Reach out to make this classic yours! Specifications: Rolex Submariner no-date reference 5513 40mm steel case Plexi glass Non Serif Dial variant with Vivid Patina Faded bezel inlay Serial 253xxxx dating to 1970 Rolex oyster bracelet ref 9315 with 280 end links Fully checked by our watchmaker One-year mechanical warranty Free worldwide FedEx Priority shipping",Bulang & Sons,2026-02-20,False
Patek Philippe Calatrava 3569G Hammered Dial in 18k White Gold Back Winder,Patek Philippe,14900,https://bulangandsons.com/products/hilippe-calatrava-hammered-dial-in-18-k-white-gold-reference-3569-back-winder-w3691,https://cdn.shopify.com/s/files/1/0961/8613/8969/files/W-3691PatekPhilippeCalatravain18kwhitegold_268_1x1_ebaa7740-83f2-483b-a62e-43e27fd9cc77.jpg?v=1775026530,"One of the true cornerstones of the Patek Philippe collection is its classic dress watch—the Patek Philippe Calatrava. Every great maison needs a pure, time-only dress watch as its foundation, and with the Calatrava, Patek has upheld and refined this tradition for nearly a century. To understand its significance, we look back to the 1930s, when Charles and Henri Stern acquired the company. Determined to reposition and modernise the manufacture, their first important release was the Calatrava. With the launch of the reference 96 in 1932—at a time when wristwatches were steadily replacing pocket watches—they laid the foundation for Patek Philippe’s enduring reputation as one of the world’s most respected watchmakers. Presented here is an exceptionally attractive Calatrava “Back Winder” reference 3569. It is housed in a sleek and slim 36 mm x 8.3 mm 18k white gold case, beautifully finished with an intricate hammered texture. The result is a case that radiates old-world charm, warmth, and artisanal character in equal measure. The winding crown is discreetly positioned on the caseback—hence the model’s charming nickname, “Back Winder.” The dial is equally captivating, finished with the same refined attention to detail. Understated baton hour markers filled with black enamel create a striking contrast against the textured surface. They are paired with slender stick-style hands, also accented in black enamel, resulting in a harmonious and highly sophisticated aesthetic that perfectly captures the Calatrava ethos. The watch is fitted with a handsome Bulang & Sons leather strap and powered by the automatic Patek Philippe caliber 350—one of Patek Philippe’s earliest movements to utilise a peripheral rotor. The movement has been fully serviced by our watchmaker and is ready to be enjoyed for years to come. Specifications: Patek Philippe Calatrava reference 3569G 35mm 18k white gold case with “hammered” hand finishing and setting crown on case back Movement no case 270xxxx movement no 118xxxx dating to the early 1970’s Silver no-lumed dial with “hammered” texture, no lume No-lume stick hands Calibre 350 automatic movement Bulang and sons leather strap Fully serviced by our watchmaker One-year mechanical warranty Free worldwide Fedex Priority shipping",Bulang & Sons,2026-04-01,False
Rolex Datejust ref. 6827/8 Blue Sigma Dial in 18k Yellow Gold 31mm,Rolex,5900,https://bulangandsons.com/products/rolex-datejust-31-mm-blue-sigma-dial-in-18-k-yellow-gold-ref-6827-8-w3705,https://cdn.shopify.com/s/files/1/0961/8613/8969/files/W-3705RolexDatejust31mmBlueSigmadialin18kyellowgoldref6827_006_1x1_1b48e789-2ad6-43e3-b6e7-17c1bab95f25.jpg?v=1775026445,"The Rolex Datejust 31 ref. 6827 is a vintage midsize watch, produced in the 1970s and early 1980s, and appreciated for its 31 mm case that bridges the gap between lady-sized and standard men’s watches. This particular example features an 18k yellow gold case fitted with a nicely defined fluted bezel, paired beautifully with a soleil-finished blue dial. The dial is especially attractive, with elegant stick markers, gilt printing, and a Sigma designation at six o’clock, indicating that the hands and markers are made of 18k gold. We have paired the watch with a beautiful Bulang & Sons leather strap, creating a refined and versatile look. This “blue wonder” has been fully checked and regulated by our watchmaker and is ready to be enjoyed for many years to come. A lovely midsize Datejust with a striking blue dial—contact us if it belongs on your wrist. Specifications: Rolex Reference 6827/8 Datejust 31mm 18kt yellow gold case, plexi glass Serial 409xxxx dating to 1975 Blue soleil-finish Sigma dial Slow set movement Comes on the pictured Bulang and Sons strap, Fully checked by our watchmaker One-year mechanical warranty Free worldwide Fedex Priority shipping",Bulang & Sons,2026-04-01,False
Rolex Oyster Perpetual Swiss only OCC Cream dial ref 6532,Rolex,5750,https://bulangandsons.com/products/rolex-oyster-perpetual-swiss-only-occ-cream-dial-ref-6532-w3648,https://cdn.shopify.com/s/files/1/0961/8613/8969/files/W-3648RolexOysterPerpetualSwissonlyOCCCreamdialref6532_238_1x1_54cc2b9d-8e40-4a3e-b896-f54a95f53838.jpg?v=1775026458,"The Rolex Oyster Perpetual ref. 6532 was introduced in 1956 and discontinued in 1958, making it a relatively short-lived reference among these 34 mm Oyster Perpetuals. This example features a lovely case with a smooth, sporty-feeling bezel and a beautiful cream-coloured dial. The dial features applied Rolex lettering, arrowhead markers, “Swiss Only” text at six o’clock, and the “Officially Certified Chronometer” designation on the lower half of the dial all topped off by elegant dauphine hands . The warm tone of the dial combined with the sharp markers gives this watch a distinctly vintage character, something collectors of early Rolex Oyster models truly appreciate. We paired it with our own steel straight end-link bracelet, which gives the watch a very cool and period-correct look. The watch and its automatic movement have been fully serviced by our watchmaker and are running perfectly, ready for a new wrist. Altogether, a charming and honest early Rolex Oyster that captures the understated elegance of the period, get in touch ! Specifications: Rolex Reference 6532 Oyster Perpetual Steel 34mm case , smooth bezel , plexi glass Serial 325xxx dating to 1957 Swiss only signed ,OCC text applied logo Cream colour dial Dauphine hands Bulang and sons straight end- links bracelet Fully serviced by our watchmaker 1 year mechanical warranty Free worldwide Fedex Priority shipping",Bulang & Sons,2026-04-01,False
Zenith S.58 Dive watch,Zenith,6650,https://bulangandsons.com/products/zenith-s-58-dive-watch-w3694,https://cdn.shopify.com/s/files/1/0961/8613/8969/files/W-3694ZenithS.58Divewatch_307_1x1_cb85b2d9-d1c1-41e7-90ca-e0467c2af4c9.jpg?v=1775026442,"The Zenith S.58 was introduced in 1958. The “S” is believed to stand for “Super” (water-resistant) or “Scaphandre” (French for diving suit), while “58” denotes the launch year. Some sources also suggest a connection to the Sikorsky S-58helicopter, although this has never been definitively proven. Regardless, it remains an important early—and definitely cool-looking—dive watch. The example presented here comes from the fourth and final generation, featuring a lovely 36.5 mm case and a rotating Bakelite bezel in equally nice condition. The black dial has a beautiful domed or “pie-pan” style, a date function at 3 o’clock, and lumed Arabic numerals at 6, 9, and 12. It is further complemented by the seldom-seen “sword”-shaped hands. The watch is paired with a nice one-pass strap, giving it a classically styled, utilitarian dive watch vibe. The automatic Cal. 2542PC has been fully serviced by our watchmaker and is ready for many more years of enjoyment. A classic utilitarian diver ready for a new wrist—get in touch for the details ! Specifications: Zenith S.58 Dive watch Steel 36.5 mm steel case with rotating Bakelite bezel Serial 012Dxxx dates to the second half of the 1960’s Black pie pan style dial with Arabic lumed numerals One-pass strap, Zenith Cal. 2542PC automatic movement Fully serviced by our watchmaker One-year mechanical warranty Free worldwide Fedex Priority shipping",Bulang & Sons,2026-04-01,False
Omega Speedmaster 145.022-69ST Straight Writing with Original Box Papers and Extract of Archives,Omega,8900,https://bulangandsons.com/products/omega-speedmaster-145-022-69st-straight-writing-with-original-box-papers-and-extract-of-archives-w3714,https://cdn.shopify.com/s/files/1/0961/8613/8969/files/W-3714OmegaSpeedmasterStraightwritingwithoriginalboxandextractofarchivesref145022_08_1x1_510f4fa3-755e-4166-a1a5-8a6fa528c93e.jpg?v=1774602323,"The Omega Speedmaster, launched in 1957, is arguably one of the most famous chronographs in history. Originally built for race car drivers, it accidentally became the ultimate tool for space exploration. Astronaut Wally Schirra wore his personal Speedmaster during the Mercury-Atlas 8 mission, and in 1965—after surviving brutal “torture tests,” including extreme heat, cold, shock, and vacuum—NASA officially flight-qualified the Speedmaster for all manned missions. Buzz Aldrin wore his Speedmaster (ST 105.012) on the lunar surface during Apollo 11, and it has been known as the “Moonwatch” ever since. Here we have a lovely reference 145.022, nicknamed the “Straight Writing.” This nickname refers to a specific engraving on the caseback of the Omega Speedmaster Professional Moonwatch produced in the early 1970s. It was Omega’s first commercial response to the 1969 moon landing, featuring the commemorative text “THE FIRST WATCH WORN ON THE MOON” engraved in horizontal straight lines rather than the curved (arched) text found on later models. The case on this specimen is in great condition, paired with a beautiful tachymeter bezel featuring the desirable “Dot Next to 90” (DNN90), free from major defects or scratches. The pie-pan–style dial is in equally nice condition, with warm citron-yellow lume and crisp white printed text. The watch comes fitted with a Bulang and sons leather strap. Furthermore, the watch comes with its original Omega box, a hangtag, the guarantee booklet (stating a sale in Nottingham, UK) with its red plastic holder, and an Omega Extract of the Archives confirming production in 1971 and delivery to the UK. The manual-wind Caliber 861 has been fully serviced by our watchmaker and is ready for many years of enjoyment. We do have a load of options for dressing a Speedmaster up- or down , you might want to check our strap guide over HERE We think these Speedmasters are among the most iconic and best-looking chronographs ever made, but it is becoming increasingly difficult to find examples in such honest and well-preserved condition. This one certainly rows our boat—get in touch if it rows yours too. Specifications: Omega Reference 145.022-69 ST Speedmaster professional 42mm steel case with straight writing case back Movement Serial 313xxxxx dating to 1971 Pie pan style dial with yellow lume Faded to dark grey DNN 90 bezel Comes on Bulang and sons leather strap Caliber 861 hand wound movement Omega box, hangtag , guarantee booklet Omega Extract of the Archives confirming production in 1971 and delivery to the UK Fully serviced by our watchmaker 1 year mechanical warranty Free worldwide Fedex Priority shipping",Bulang & Sons,2026-03-27,False
Omega Cosmic 2486-2 Jumbo Black Farsi Numerals Dial Pink Gold Plated,Omega,25900,https://bulangandsons.com/products/omega-cosmic-2486-2-jumbo-black-farsi-numerals-dial-pink-gold-plated-w3604,https://cdn.shopify.com/s/files/1/0961/8613/8969/files/W-3604OmegaCosmicblackEasternArabicdialref2486-2_11_1x1_40785f83-eacb-4c93-970e-9fe531c9868a.jpg?v=1774431159,"The Omega Cosmic Ref. 2486 represents one of the brand’s most intriguing yet quietly underappreciated achievements of the mid-20th century. Featuring a full calendar complication, it once stood among the most sophisticated offerings in Omega’s lineup, reflecting the technical ambition of the era. Calendar-equipped Cosmics often fly under the radar, frequently overshadowed by more complex perpetual calendar models. Yet their charm lies precisely in this balance of practicality, elegance, and mechanical interest. This particular example elevates the reference even further, distinguished by an exceptionally rare dial configuration with day and month displays rendered in Farsi (Persian)—a detail seldom encountered and highly desirable among seasoned collectors. Compact in concept yet rich in character, this watch offers the appeal of a calendar complication without the ostentation often associated with larger, more imposing counterparts. A refined and culturally significant piece, it stands as a fascinating alternative to the more celebrated calendar watches of its time. Farsi-dial Omega Cosmics are a recognized category among collectors, yet they were not bespoke commissions. Instead, they originated from a very limited production run intended for the Middle Eastern market. A closer look at the dial reveals an important distinction: rather than the Eastern Arabic numerals commonly seen today, the script is true Farsi, identifiable by the heart-shaped numeral five. Most of these watches were originally delivered to Iran. It is widely believed that the majority were sold in Tehran, then a rapidly modernizing, oil-wealthy capital under the rule of Mohammad Reza Pahlavi. The Omega Cosmic calendar was produced in five round-case references, offered in both 35mm (Refs. 2606, 2471, and 2473) and larger 37mm formats (Refs. 2485 and 2486). Farsi-signed dials are most frequently encountered in the 2606 and 2486 references. The present example features a “jumbo” 37.5mm pink gold-plated case—an era-specific detail that highlights Omega’s broad material offerings at the time, which ranged from stainless steel to gold-plated and solid gold constructions. The pink gold-plated case is in lovely condition and features a snap-back case back, side correctors for the moon phase and calendar functions, elegant lugs, and a thin bezel, allowing the dial to appear even larger on the wrist. The black dial shows some honest age, yet remains highly attractive and sympathetic for a watch dating to the late 1940s. It features the aforementioned Farsi numerals, with matching Farsi calendar displays visible through the dial apertures. Additional details include leaf-shaped hands, a blued hand for the date indication, a small running seconds at six o’clock, and a beautifully rendered moonphase in the same area. We have paired this Omega with a fine Bulang & Sons leather strap. The watch is powered by the manually wound Cal. 381, based on a Lemania ébauche, and has been fully servi",Bulang & Sons,2026-03-25,False
Rolex Oyster Perpetual 1002 Silver Soleil Swiss Only Dial in 18 k yellow gold Coca Cola,Rolex,7350,https://bulangandsons.com/products/rolex-oyster-perpetual-1002-silver-soleil-swiss-only-dial-in-18-k-yellow-gold-coca-cola-w3682,https://cdn.shopify.com/s/files/1/0961/8613/8969/files/W-3649RolexOysterperpetualsilversoleilswissonlydialref1002in18kyellowgold_09_1x1_feaf6c74-ec66-491d-959e-23f4899ec579.jpg?v=1774446889,"The Rolex Oyster Perpetual is the foundational pillar of the brand, combining the two most significant innovations in horological history: the waterproof Oyster case and the self-winding Perpetual movement. The name “Oyster Perpetual” was officially codified to represent the union of these two technologies in a single, cohesive model. At hand we have a lovely early 1960s reference 1002, presented in a 34 mm 18k yellow gold execution with a smooth bezel, all in beautiful condition. A particularly charming and unique detail is the engraving on the case back: “1937–1962 Coca-Cola” commemorating the 25-year jubilee of Mr. H. Kirchfeld for the German branch of the Coca-Cola Company. This gives the piece a wonderful sense of history and an added layer of character. The dial is equally attractive, featuring a warm silver soleil finish, elegant hour markers, a “Swiss” only designation at six o’clock, and fine dauphine hands. Fitted with a leather strap with a Rolex plaque buckle, and fully serviced, this elegant dress watch is ready to be enjoyed for many years to come. This really is what watch collecting is about, finding the rare ones in good condition with a great story . Please do not hesitate to ask us about it. We are glad to help! Specifications: Rolex Reference 1002 34mm 18k Yellow Gold Case Smooth Bezel Serial 712xxx dating to 1961 Silver soleil “Swiss” only dial, dauphine hands “1937–1962 Coca-Cola” engraved case back for 25 years jubilee of employee Rolex Plaque buckle attached Fully serviced by our watchmaker One-year mechanical warranty Free worldwide FedEx Priority shipping",Bulang & Sons,2026-03-25,False
Audemars Piguet Ultra Thin Dress Watch in 18kt White Gold Silver Diamond Markers Dial,Audemars Piguet,8500,https://bulangandsons.com/products/audemars-piguet-ultra-thin-dress-watch-in-18kt-white-gold-silver-diamond-markers-dial-w3663,https://cdn.shopify.com/s/files/1/0961/8613/8969/files/W-3663AudemarsPiguetUltrathinDressWatchin18ktwhitegoldsilverdiamondmarkersdial_608_1x1_65a31bef-1772-4fa2-8097-bdcfb177bc0e.jpg?v=1773394976,"The history of Audemars Piguet (AP) is a story of independence and high-end innovation. Founded in 1875, it remains the oldest fine watchmaking manufacturer still in the hands of its founding families—the Audemars and Piguet families. Jules Louis Audemars and Edward Auguste Piguet joined forces in Le Brassus, Switzerland. Audemars focused on creating complex movements, while Piguet handled the final finishing and commercial operations. The brand soon gained fame for miniaturizing complex mechanisms, and in 1892 they developed the world’s first minute repeater wristwatch. Facing the Quartz Crisis in the 1970s, AP took a bold gamble by hiring designer Gérald Genta to create a luxury watch made of steel rather than gold. The result was the iconic Audemars Piguet Royal Oak, with its octagonal bezel and visible screws—ultimately saving the company and creating the luxury steel sports watch category. Together with Vacheron Constantin and Patek Philippe, AP forms part of the so-called “Holy Trinity” of watchmaking. Yet unlike its peers, AP is often considered the most rebellious of the three, blending traditional craftsmanship with avant-garde designs and bold collaborations. This lovely dress watch represents one of the “pre-Royal Oak” specialties of AP: the ultra-thin watches. During the mid-20th century, several watchmakers pushed the boundaries of how thin a mechanical movement could be, allowing watches to become more elegant and lightweight—a “competition” in which AP was a true leader. Here we have a beautiful example: an ultra-thin 18k white gold “time-only” dress watch measuring 31 mm, with small lugs and a delicate thin bezel. The silvered dial features 12 diamond hour markers and elegant stick hands. Without a running seconds hand, the dial offers a certain sense of calm and serenity. This elegant piece is paired with a beautiful Bulang & Sons leather strap, and its ultra-thin movement has been fully serviced by our watchmaker. Interested in this beautiful pre-Audemars Piguet Royal Oak era dress watch? We’re happy to share more details. Specifications: Audemars Piguet dress watch “Ultra Thin” 31mm 18k white gold case Case number 310xx / movement no 93xxx dating to the late 1950’s Silver dial with Diamond set hour markers , stick hands Snap back case back Ultra thin hand wound movement Comes on the pictured Bulang and sons leather strap Fully serviced by our watchmaker One-year mechanical warranty Free worldwide FedEx Priority shipping",Bulang & Sons,2026-03-13,False
Rolex Oyster-Perpetual Date 1501 Blue Explosion,Rolex,3850,https://bulangandsons.com/products/rolex-oyster-perpetual-date-1501-blue-explosion-w3571,https://cdn.shopify.com/s/files/1/0961/8613/8969/files/W-3571RolexOyster-PerpetualdateBluedialref1501_273_1x1_1e0a649c-48b2-4b6d-b9f7-62d26ae72a1e.jpg?v=1782727189,"At Bulang and Sons, we have a lot of love for the 34mm Oyster. Its modest size packs a big punch, and we’re delighted to share another unusual example today - pure vintage Rolex cool. This Oyster Perpetual Date is in great condition and features a striking soleil-finished blue dial with a very distinctive effect. Around the stick hour markers—where the zinc sulfide / tritium lume is situated—the blue takes on an “exploding” appearance. This effect is characteristic of blue dials from the era and can be seen not only on Rolex, but occasionally on Patek Philippe and IWC as well. As the patina is evenly present around all markers, we find this dial particularly unique, which is exactly why we decided to buy and offer this piece for someone seeking a watch with real character. This blue marvel further boasts a lovely, strong case with a machined bezel and is paired with a nice Oyster bracelet, reference 78350, with end links marked 557 and a clasp stamped V12. The watch has been fully checked and regulated by our watchmaker and is ready to be enjoyed. Proof that character beats size every time.Blue, bold, and exploding with character—this unique Oyster is waiting for you ! Specifications: Rolex Reference 1501 Oyster Perpetual Date 34mm steel case with steel reeded bezel Serial 623xxxx dating to 1979 Blue soleil dial with unique patina and white printed text Oyster bracelet reference 78350 with end links 557 Fully checked by our watchmaker One-year mechanical warranty Free worldwide Fedex Priority shipping",Bulang & Sons,2026-01-21,False
Omega Seamaster 300 British Royal Navy issued ref. 165.024 Mill Spec Circle-T Dial,Omega,29900,https://bulangandsons.com/products/omega-seamaster-300-british-royal-navy-issued-ref-165-024-mill-spec-circle-t-dial-w3465,https://cdn.shopify.com/s/files/1/0961/8613/8969/files/W-3465OmegaSeamaster300Bigtriangleissuedref165024_0008_1x1_01b800f6-04bb-46cf-9c4b-f013cc9f9bdc.jpg?v=1764940494,"The Omega Seamaster 300 has a storied military heritage, most notably with the British Royal Navy, which commissioned a special version in 1967. This military issue was a modified Seamaster 300 featuring fixed lugs for a one-piece strap, an encircled “T” to denote tritium lume, and a large triangular marker at 12 o’clock for improved readability. These military watches, delivered between 1967 and 1971, were engraved with service identifiers such as “0552” for the Royal Navy or “W10” for the Army. The “Big Triangle” dial, paired with the broad sword hands, offers exceptional legibility and now displays a beautiful yellow patina on the lume. The use of tritium on the hands and indices is confirmed by the circled “T” on the dial — a hallmark reserved for true military dive watches. The bezel remains in excellent condition, showing no major defects or cracks. This exceptional tool watch is fitted with one of our Bulang and Sons single-pass nylon straps. Over the years, the case lost its original fixed bars — likely after its military service — perhaps to allow for the fitting of a metal bracelet. The caseback bears the military code “0552/923-7xxx A/347/70,” confirming delivery to the Royal Navy in 1970. Inside beats the automatic, red-gilded Omega Caliber 552 movement, which has been fully serviced by our watchmaker. Ready for its next mission, this Omega Seamaster 300 is a true military classic — as collectible as it is wearable. Built for men who don’t flinch at 50 metres under the Sea level and issued to those who actually earned the right to wear it — the Omega “Big Triangle” Seamaster isn’t just a handsome face, it’s proper military kit . Service-issued, battle-ready, and tough as they come. Don’t stall — a Royal Navy Seamaster doesn’t wait for stragglers. ⚓ Specifications: Omega Seamaster 300 165.024 British Royal Navy issued 42mm steel case wit twisted lugs and Case-back engraved “0552/923-7xxx A/347/70,” per MOD Specifications Arabic 12-6-9 layout, Circle-T dial Sword hands Calibre 552 automatic movement Bulang and sons single pass nylon strap Movement Serial 293xxxxx dating to 1968 Fully serviced by our watchmaker One-year mechanical warranty",Bulang & Sons,2025-12-05,False
Rolex Submariner non serif dial ref 5512,Rolex,14650,https://bulangandsons.com/products/rolex-submariner-non-serif-dial-ref-5512-w3503,https://cdn.shopify.com/s/files/1/0961/8613/8969/files/W-3503RolexSubmarinernonserifdialref5512_315_1x1_8be756e5-eb9b-48ff-97dc-915dfac0f893.jpg?v=1773060256,"The Rolex Submariner 5512, introduced in 1959, was a pivotal reference that helped define the modern Submariner, most notably through the introduction of crown guards—a first for the model line. Produced alongside its non–chronometer-rated sibling, the 5513, for roughly two decades, the 5512 set itself apart with its chronometer-certified movement. Over its long production run, the reference saw several noteworthy evolutions, including changes to the crown guards (from early “square” to later “eagle beak” forms) and dial transitions from gilt to matte and, eventually, “Maxi” styles. This example dates to 1977 and features a matte black, so-called “non-serif” dial. The case remains strong and well proportioned, and it is fitted with a slightly faded fat-font bezel insert. The dial shows a beautiful yellow patina on the hour plots, giving the watch that extra bit of vintage charm. It comes with a solid-link Rolex Oyster bracelet, reference 93150, with 580 end links and a clasp stamped V1 / X1. The chronometer-rated movement has been fully serviced by our watchmaker. We think the no-date 5512 remains something of a sleeper—rare, desirable, and increasingly appreciated. If there’s one watch we’ll always have a soft spot for, it’s the Submariner no -date. Let us know what you’re looking for — we’d be happy to help you find the perfect example. Specifications: Rolex Submariner no date Reference 5512 Steel 40mm case, plexi glass Serial 500xxxx dating to 1977 Non serif Dial Faded fat font bezel insert Bracelet reference 93150 with 580 end links Fully serviced by our watchmaker One-year mechanical warranty Free worldwide Fedex Priority shipping",Bulang & Sons,2026-03-11,False
Rolex Datejust 16013 Silver Khanjar Dial Steel and Gold with Original Box and Service Card,Rolex,10450,https://bulangandsons.com/products/rolex-datejust-16013-silver-khanjar-dial-steel-and-gold-with-original-box-and-service-card-w3641,https://cdn.shopify.com/s/files/1/0961/8613/8969/files/W-3641RolexDatejustSilverKhanjardialref_467_1x1_e769c885-bfc9-4b8d-bf0f-bd55c1991317.jpg?v=1776675349,"Sultan Qaboos bin Said of Oman was renowned for commissioning and collecting exclusive watches bearing the national emblem of Oman—the Khanjar dagger with crossed swords—which he often presented as gifts to distinguished individuals , the Sultan frequently commissioned timepieces directly from manufacturers to gift to friends, advisors, and visiting dignitaries. Watches bearing this emblem are exceptionally rare, and we’ve written an article about them — you can read it here! While commissions were placed with several prestigious brands, including IWC and Patek Philippe, he is most famously associated with Rolex. Presented here is a beautiful Rolex Datejust reference 16013, featuring a classic stainless steel and 18k yellow gold case paired with a silver-colored dial. The lower half of the dial is adorned with the striking red Khanjar dagger, crossed swords, and the Royal crown, lending the watch both historical significance and cool presence. The case is in excellent condition, as is the gold fluted bezel. The watch is fitted with the a reference 62523H Jubilee bracelet, with end links stamped 455B and a clasp marked K11. This rare Datejust is accompanied by a Rolex paper holder, a calendar card, and a Rolex service booklet, along with a Rolex service card dated 2021 and the corresponding service invoice—valuable additions for a watch of this rarity. The quickset movement has been fully checked and regulated by our watchmaker, ensuring it is ready to be worn and enjoyed. As always, the Datejust remains one of the standout pieces in our collection here at Bulang & Sons. We would be happy to welcome you to our lounge, or to discuss the details with you by phone—whenever it suits you. Specifications: Rolex Reference 16013 Datejust 36mm steel and gold case, plexiglass 18 k gold fluted bezel Serial 974xxxx dating to 1987 Silver coloured dial, gold markers, “Khanjar” emblem and gold hands Jubilee bracelet ref 62523H with end links 455B Rolex Paper holder and calendar card Rolex 2021 Service card for the watch, Invoice for this matter Fully checked by our watchmaker One-year mechanical warranty Free worldwide FedEx Priority shipping",Bulang & Sons,2026-02-25,False
Patek Philippe Annual Calendar Flyback Chronograph 5960P in Platinum Execution Grey dial Full Set,Patek Philippe,51900,https://bulangandsons.com/products/patek-philippe-annual-calendar-flyback-chronograph-5960p-in-platinum-execution-grey-dial-full-set-w3266,https://cdn.shopify.com/s/files/1/0961/8613/8969/files/W-3266PatekPhilippeannualcalendarflybackchronograph_013_1x1_f8b641b1-12e3-417c-9af7-2428badc7164.jpg?v=1762352396,"The first of a new generation chronographs After an extended period of Patek Philippe producing calendar watches with Valjoux or Lemania base movements, the brand made a significant leap in 2006 with the introduction of a groundbreaking new reference and complication that highlighted their in-house movement within a calendar chronograph. This innovation led to the creation of the elegant yet sporty 5960 in Platinum, an annual calendar “flyback” chronograph. The annual calendar, originally introduced by Patek Philippe in 1996 with reference 5035, offers the functionality of a perpetual calendar but at a lower cost, to make a bridge between a basic calatrava and perpetual. It offers than the same character as the more mature perpetual but with the require to set it manually only once a year in February. With the 5960, Patek Philippe advanced this complication by incorporating a chronograph module, providing a modern alternative to their traditional perpetual chronographs like the 5970/5270. This marked the debut of an in-house chronograph movement and set the stage alongside the Nautilus chronograph 5980, establishing a new classic. Since its launch, various iterations of the 5960 have emerged, but we are excited to present an example in its original configuration: the platinum case model featuring a striking grey soleil dial. This design gives the watch a captivating depth, enhanced by elegant details such as leaf hands, luminous dots, and a sporty monocounter at the 6 o’clock position, complemented by a day/night indicator, power reserve, and an American-style calendar layout. This particular piece dates back to 2010 and comes as a full set being accompanied by its original sale papers, booklets, inner and outer box, delivery box with seal and accessories, including the white gold folding clasp, strap and corrector pin. The watch remains in excellent condition, having been preserved in great condition and seen minimal wrist time. Due to its collectibility and pristine state, having barely been worn, we have decided not to service or open the case yet, but on request of the client will be executed. We see this watch as an undervalued gem, overlooked yet poised to become a future classic due to its outstanding design and historical significance. If this remarkable timepiece resonates with you, we invite you to reach out to our private sales team, to discuss this exceptional Patek Philippe. Specifications: Patek Philippe 5960P Annual Calendar Flyback Chronograph Platinum case in 40.5mm 350xxxx / 447xxxx - 2010 Grey metallic soleil dial with annual calendar chrono display Inner/outer boxes, leather paper holder, booklets, and certificate of origin Patek Philippe’s CH 28-520 IRM QA 24h Calibre, first in-house automatic chronograph movement. Patek Philippe leather strap with platinum folding clasp Patek Philippe delivery box, seal and corrector pin Fully checked by our watchmaker One-year mechanical warranty Free worldwide FedEx Priority shipping",Bulang & Sons,2025-08-26,False
Rolex Datejust Silver Dial with Original Papers Ref. 1600,Rolex,6250,https://bulangandsons.com/products/rolex-datejust-silver-dial-with-original-papers-ref-1600-w3645,https://cdn.shopify.com/s/files/1/0961/8613/8969/files/W-3645RolexDatejustSilverdialwithoriginalpapersref1600_530_1x1_2ea7858f-03a9-4d21-938c-af5f586380fe.jpg?v=1772612798,"The Rolex Datejust debuted in 1945 to celebrate Rolex’s 40th anniversary, becoming the first automatic wristwatch to feature a date displayed in a window at 3 o’clock, changing automatically at midnight. Few watches are as truly timeless and versatile as the classic 36mm Datejust — a watch suitable for any occasion. Here we have exactly that, with a subtle and desirable twist: the rarer reference 1600, distinguished by its smooth bezel. This example features an excellent case, paired with a lovely folded Jubilee bracelet (ref. 6251H) with 55 end links, and a superb pie-pan-style silver dial with a beautiful soleil finish. The dial showcases warm egg-yolk-colored lume plots, exciting and uncommon hour markers, and crisp black printed text, all contributing depth and character. Furthermore, the watch is accompanied by its original large Chronometer certificate and the rarer Japanese warranty paper — an outstanding bonus for collectors. This fine Datejust has been fully serviced by our watchmaker and is ready to be enjoyed for many years to come. Interested in adding this exceptional Datejust to your collection? Get in touch with us today for more information, availability, or to reserve this classic timepiece. Specifications: - Rolex Reference 1600 Datejust - 36mm steel case - Smooth steel bezel - Serial 183xxx dating to 1968 - Silver soleil-finish pie-pan dial with black text - Slow-set movement - Jubilee bracelet 6251H with 55 end links - Rare double-punched papers - Fully serviced by our watchmaker - One-year mechanical warranty - Free worldwide FedEx Priority shipping",Bulang & Sons,2026-03-04,False
Rolex Datejust Swiss only Cream Dial ref 6605,Rolex,6900,https://bulangandsons.com/products/rolex-datejust-swiss-only-cream-dial-ref-6605-w3646,https://cdn.shopify.com/s/files/1/0961/8613/8969/files/W-3646RolexDatejustCreamdialref660_06_1x1_93cfdfdf-ce15-43ce-869a-3935791b9fe4.jpg?v=1772011496,"It might come as no surprise that the Rolex Datejust is one of our all-time favourite watches. Over the years, we’ve had the pleasure of offering some exceptionally rare and beautiful executions. This mid-1950s reference 6605 features a lovely case with the typical reeded steel bezel, all preserved in fine condition. The true showstopper, however, is the cream matte dial. It features an applied Rolex logo, distinctive “boat”-shaped hour markers, and lume that has aged to a rich mustard tone. Elegant Dauphine hands complete the look; they have been relumed in the past with later tritium zinc-sulphide lume. This rare Datejust is paired with a beautiful Bulang & Sons leather strap, complementing its warm vintage character perfectly. Inside beats the slow-set movement with its characteristic “butterfly”-shaped rotor, fully checked and regulated by our watchmaker and ready for many years of reliable wear. We truly love the Datejust, and these early references offer a charm and character that later examples simply can’t replicate. If this exceptional 6605 speaks to you, don’t hesitate to get in touch. Pieces like this rarely stay available for long—contact us to request additional details or to secure it for your collection. Specifications: Rolex Reference 6605 Datejust 36mm steel case , reeded steel bezel Serial 164xxx dating to 1956 Cream coloured dial , signed Swiss only , applied Rolex logo Dauphine hands Bulang and Sons leather strap Fully checked by our watchmaker One-year mechanical warranty Free worldwide Fedex Priority shipping",Bulang & Sons,2026-02-25,False
Lange & Söhne Saxonia Automatic in 18 k pink gold ref 380.033,Lange & söhne,17500,https://bulangandsons.com/products/lange-sohne-saxonia-automatic-in-18-k-pink-gold-ref-380-033-w3553,https://cdn.shopify.com/s/files/1/0961/8613/8969/files/W-3553Lange_SohneSaxoniaAutomaticin18kpinkgoldref380033_0009_1x1_6aae267c-8f34-4436-8c95-a8ee2312025e.jpg?v=1765892538,"It’s no secret that A. Lange & Söhne has been a top contender in haute horlogerie for years. Renowned for their attention to detail and pure elegance, they’ve become a serious competitor—so much so that some even wonder if they outshine brands like Patek Philippe. The Saxonia was one of the original four models introduced by Lange in 1994 and represents their take on the Calatrava style. This timeless timepiece exudes incredible elegance and meticulous craftsmanship. This particular example is crafted in 18k pink gold and is perfectly sized at 38 mm. It features a silver/opaline dial with a simple minute track, applied stick hour markers, and a charming small seconds sub dial on the lower half. Alpha-style hands complete the refined aesthetic. The beauty continues on the back: a display caseback reveals the automatic caliber L086.1, complete with a “pierced” yellow gold and platinum rotor and beautifully executed finishing on all visible components. This dress watch is fitted with a leather strap from Bulang & Sons and an 18k Lange & Söhne pin buckle—ready to elevate any collection. This high-quality watch, with its automatic movement, has been fully checked by our watchmaker and is ready for many years of enjoyment. Treat your wrist to a little Saxonia magic—timeless elegance that’s serious about style, but won’t mind if you show it off a little! Specifications: Lange & Söhne Saxonia Reference 380.033 38mm 18kt pink gold case Movement 925xx and case no 925xx dating to ca. 2015 Display case back Silver / opaline dial with small seconds and Alpha- style hands Automatic movement cal. L086.1, with gold and platinum rotor Bulang and sons leather strap and18 k gold Lange&Söhne pin buckle Fully checked by our watchmaker One-year mechanical warranty Free worldwide Fedex Priority shipping",Bulang & Sons,2025-12-16,False
Cartier Tank Louis  ultra thin cream dial ref 96019 in 18 k yellow gold,Cartier,10750,https://bulangandsons.com/products/cartier-tank-louis-ultra-thin-cream-dial-ref-96019-in-18-k-yellow-gold-w3441,https://cdn.shopify.com/s/files/1/0961/8613/8969/files/W-3441CartierTankLouisultrathincreamdialref9601in18kyellowgold_174_1x1_cece712d-2bba-4e26-8012-a2f876032e31.jpg?v=1762352652,"The Cartier Tank needs no introduction—but just in case: it's not only one of the oldest and most enduring watch designs in history, it's also one of the most sought-after models on the market today. Designed by Louis Cartier in 1917, the Tank has become an enduring icon of elegance and style. This example is a classic and elegant Ultra Thin Cartier Tank Louis, showcasing all the hallmarks of the brand—including a slightly cream-colored dial with painted Roman numerals and a railroad minute track. The watch features blued hands and a blue cabochon-topped winding crown. Both the dial and case are in lovely condition, with the dial also featuring a discreet Cartier signature at 7 o’clock and is signed SWISS at the 6 o'clock side. The standout feature of this piece is its movement. While the common Ref. 78086 typically uses the basic ETA-based Caliber 78-1, the 96065 and 96019 references—like this one—are more coveted for housing the ultra-thin, Cartier-branded Piguet 21 movement. This refined movement gives the Tank its “Ultra Thin” or Extra-Plate nickname, making it a top choice for collectors seeking a slimmer, more elegant profile. The watch is fitted with a fine black leather strap and an original 18k Cartier pin buckle. It has been fully serviced by our watchmaker and is running beautifully. There’s a lot of love for Cartier Tanks at the moment, and we have a strong track record of sourcing and selling them. Please don’t hesitate to reach out if you’d like more information or assistance! Specifications: Cartier Tank Louis Reference 96069” Ultra Thin” 18K yellow gold case – 30x23.5mm Serial , 960190xxx dating to the 1970s White , turned to a slight cream dial with painted black Roman numerals , signed Swiss Blued hands Blue cabochon-topped winder Hand-wound Cartier branded Piguet cal. 21 movement Fully serviced by our watchmaker One-year mechanical warranty Free worldwide FedEx Priority shipping",Bulang & Sons,2025-09-26,False
Explorer II 1655 Mk2 Frog Foot Dial “Albino”,Rolex,24900,https://bulangandsons.com/products/explorer-ii-1655-mk2-frog-foot-dial-albino-w3259,https://cdn.shopify.com/s/files/1/0961/8613/8969/files/W-3259RolexExplorerII1655AlbinoMk2FrogFootdial_011_1x1_89b3e668-1f81-408b-8a1e-d984431dad43.jpg?v=1770642797,"The Rolex Explorer II reference 1655 holds a special place in the hearts of vintage Rolex collectors. First introduced in 1971, it was designed as a true tool watch, specifically for spelunkers and cave explorers with a fixed 24-hour bezel and a bold, highly legible layout. Over the years, subtle design variations in the dial and bezel have turned each iteration into a collectible in its own right. Unlike many of Rolex’s sport models that gained status-symbol recognition early on, the 1655 flew under the radar for quite some time. It was purely functional at launch, never intended to be flashy—which, ironically, makes it even more sought-after today. What we have here is a standout example of one of the earliest executions: a Mark 2, nicknamed the ""Frog Foot"" dial, as the coronet resembles a frog’s footprint. It also features the rare straight seconds hand, used before Rolex introduced the luminous ""lollipop"" tip in later versions—and a beautifully preserved steel bezel with centred thick numerals, giving the watch its distinctive character. Both the case and bezel are in strong, well-preserved condition, and the dial is beautiful, showcasing creamy yellow lume plots with a wonderfully aged tone. The unmistakable orange 24-hour hand has faded over time, taking on a pale yellow hue—a look affectionately nicknamed “Albino.” The watch is fitted with a folded Oyster bracelet, reference 7836, with 280 end links and a clasp stamped “1 71.” Included in the sale is an older Rolex service card from 2009. Fully serviced by our watchmaker, this Explorer II is ready for everyday wear—or to be tucked into a serious collector’s vault. Among matte-dial vintage Rolex sports models, the 1655 remains one of the coolest—and arguably most underappreciated. This example ticks all the right boxes: a bold faded-orange hand, clean straight seconds, and a warm, even yellow patina. Drop us a message if you're ready to explore this classic “Albino” for yourself—this one’s a gem! Specifications: - Rolex Reference 1655 Explorer II - Mk 2 “Frog Foot dial” - “Straight” second hand & faded to light orange 24-hour hand or “Albino” - Steel 40mm case - Serial 302xxxx dating to 1972 - Oyster bracelet ref 7836 with end links 280 - Fully serviced by our watchmaker - 2009 Rolex service card - One-year mechanical warranty - Free worldwide Fedex Priority shipping",Bulang & Sons,2025-08-26,False
Omega SeaMaster 300 no date ref 165024,Omega,7250,https://bulangandsons.com/products/omega-seamaster-300-no-date-ref-165024-w3525,https://cdn.shopify.com/s/files/1/0961/8613/8969/files/W-3525OmegaSea-Master300nodateref165024_0008_1x1_b5c58135-8377-480b-a82d-644fd2d26218.jpg?v=1765536188,"At the end of the 1940s, the first Omega Seamaster debuted, blending the elegance of a dress watch with the rugged durability required by military timepieces from WWII. Its innovative O-ring gasket provided superior water resistance, setting the stage for a long lineage of dependable sport watches. As recreational diving gained popularity, Omega began developing more specialized underwater tools. In 1957, the Seamaster 300 was introduced as Omega’s first true professional dive watch, featuring a unidirectional rotating bezel, luminous markers, and a genuinely water-resistant case—hallmarks that helped define the modern dive watch. As we know you guys love a watch built for adventure—and it’s getting harder to find these pieces in such great condition—the Omega Seamaster 300 remains one of the coolest tool watches out there and still offers strong value in today’s market. The dial has developed a beautiful patina, with warm yellow-toned hour markers. The hands are in good condition and match the markers nicely. We believe the hands are slightly later replacements; a 1963 example like this would originally have been born with baton hands. Nevertheless, the overall aesthetic is spot on. The asymmetrical case is strong and well-preserved all around. Inside beats the automatic, red-gilded Omega Caliber 552, which has been fully serviced by our watchmaker. We’ve paired this Seamaster with our Bulang & Sons rubber Nautic strap—a combination we think looks especially sharp. Love what you see? Let’s get this classic Seamaster on your wrist ! Specifications: Omega Seamaster 300 reference 165.024 63 42mm steel case with twisted lugs , non screw down crown 12-3-6-9 dial layout dial Sword hands Calibre 552 automatic movement Movement Serial 203xxxxx dating to 1963 Bulang and sons “Nautic” rubber strap Fully serviced by our watchmaker One-year mechanical warranty Free worldwide Fedex Priority shipping",Bulang & Sons,2025-12-12,False
Rolex Air-King 14000 Blue Soleil Finish Dial with Original Punched Papers,Rolex,5100,https://bulangandsons.com/products/rolex-air-king-14000-blue-soleil-finish-dial-with-original-punched-papers-w3632,https://cdn.shopify.com/s/files/1/0961/8613/8969/files/W-3632RolexAir-Kingbluedialwithoriginalpunchedwarranteepaperref14000_380_1x1_e5af2927-24cd-46ae-9bae-d42d562fedff.jpg?v=1770756013,"The Rolex Air-King is one of the longest-serving members of the Rolex family, having rarely strayed from its iconic 34 mm size. The no-lug-holes case remains in excellent condition, with thick and even lugs. The blue dial features that classic vintage AIR-KING font we all love, in crisp white printed text. The sapphire crystal makes this watch durable and perfect for daily wear. This example comes with its original punched papers, showing a 1996 sale in Geneva, Switzerland. The solid-link Oyster bracelet, reference 78350, is in great condition, fitted with 557B end links and a clasp stamped “V 9.” The watch has been fully checked and regulated by our watchmaker. Ready to see this classic Air-King in person? Get in touch to arrange a viewing or for more information ! Specifications: Rolex Air-King Reference 14000 34mm steel case ,no lug wholes , smooth bezel Serial t409xxx dating to 1996 Blue soleil dial with white printed text Sapphire glass Oyster bracelet 78350 with 557b end links Punched warrantee paper stating sale in 1996 Fully checked by our watchmaker One-year mechanical warranty Free worldwide Fedex Priority shipping",Bulang & Sons,2026-02-10,False
Rolex GMT-Master 1675 MK1 Long-E Dial,Rolex,14900,https://bulangandsons.com/products/rolex-gmt-master-1675-mk1-long-e-dial-w3601,https://cdn.shopify.com/s/files/1/0961/8613/8969/files/W-3601RolexGmt-master1675mk1LongEdialref1675_914_1x1_20065bad-a087-4df5-80a1-b124df09b3ca.jpg?v=1771578777,"The Rolex GMT-Master stands out as one of the most iconic and versatile vintage Rolex watches. It offers an extensive range of variations, bezel colors, and style options, making it a coveted choice among watch enthusiasts. We are always happy to offer the Mk1, or “Long-E,” reference 1675—the first version of the matte-dial GMT-Master. This is a watch that has always held a special place in our hearts. Its robust case boasts sturdy, even lugs, a testament to its excellent condition. The case back features an engraving, “K. Curtis,” adding an element of mystery and history to the watch. The dial, in nice original condition, features hour plots with a delightful vanilla hue. The faded red-back Pepsi insert adds an extra layer of vintage charm, with the blue faded to a denim-like tone and the red softened to a light “cherry” color. The watch is paired with an American-made “C&I” spring-loaded rivet-style Oyster bracelet, with a clasp stamped “78.” This iconic Long-E GMT-Master has been fully checked and regulated by our watchmaker and is ready to be enjoyed. Is this GMT-Master the iconic l vintage piece you are searching for? If so, let us know and we would be happy to tell you more. Specifications: Rolex Reference 1675 Gmt-Mater 40mm steel case Serial 204xxx dating to 1971 Mk1 ‘Long E’ matte dial Red-back faded Pepsi insert Rolex C&I Riveted , spring loaded Oyster bracelet Case back engraved Fully checked by our watchmaker One-year mechanical warranty Free worldwide Fedex Priority shipping",Bulang & Sons,2026-02-20,False
Rolex Air-King 5500 Silver ADWOC Logo Dial,Rolex,6500,https://bulangandsons.com/products/rolex-air-king-silver-adwoc-logo-dial-ref-5500-w3616,https://cdn.shopify.com/s/files/1/0961/8613/8969/files/W-3616RolexAir-KingsilverADWOC-Dialref5500_418_1x1_1646f40e-ab62-4005-87c9-b10f6581ed75.jpg?v=1771404062,"The Rolex Air-King released in the midst of World War II, the Rolex Air-King is the only model still in production from the original “Air Series.” Introduced in 1945, the Air-King joined the ranks of the Air-Lion, Air-Giant, and Air-Tiger, all created to honor RAF pilots who fought in the Battle of Britain. Like many Rolex models, the Air-King was designed with a particular type of wearer in mind—in this case, pilots. Here we have an early 1980s version, reference 5500, housed in a classic and sturdy 34 mm steel case. The case and its smooth bezel are in great overall condition, but the standout feature is the very rare logo dial. Rolex has long produced special-order “logo dial” watches for royalty, military organizations, VIPs, and select corporations. This particular example was commissioned by the Libyan company Arab Drilling & Workover Company (ADWOC). We believe the watch was gifted to an employee to mark years of service or another significant milestone in their career. The ADWOC logo is beautifully printed in red, with a drilling tower behind the lettering, set against a silver soleil-finished backdrop with crisp black printed text and the classic Air-King font. The watch is paired with an Oyster-style bracelet, ref. 78350, with end links marked 557 and a clasp stamped H.Further more the watch is accompanied with its original hang-tag bearing the serial of the watch. The watch and its automatic movement have been fully serviced by our watchmaker and are ready for many more years of use. Please get in touch to arrange a viewing or call and explore this rare and historic logo -Air-King in person! Specifications: Rolex Air-King Reference 5500 34mm steel case with smooth bezel Serial 7105xxx, dating to 1982 Silver colour soleil finish dial with rare ADWOC logo Rolex Oyster bracelet ref 78350 with end links 557 Rolex Hangtag with serial of watch Fully serviced by our watchmaker Free worldwide FedEx Priority shipping",Bulang & Sons,2026-02-18,False
Rolex Turn- o-graph Silver linen dial ref 1625,Rolex,5600,https://bulangandsons.com/products/rolex-turn-o-graph-silver-linen-dial-ref-1625-w3630,https://cdn.shopify.com/s/files/1/0961/8613/8969/files/W-3630RolexTurn-o-graphSilverlinendialref1625_297_1x1_e5110729-7d4c-47ef-ba7f-c2570c3e07fe.jpg?v=1770977253,"For those newer to Rolex, the name Turn-O-Graph might not immediately ring a bell. Discontinued in 2011, it no longer appears in the Rolex catalogue and was often overshadowed by models like the Daytona, GMT-Master, and Submariner. Yet the Turn-O-Graph is a watch with a fascinating and significant history. Introduced in 1953, it was Rolex’s first commercially available watch with a rotating bezel—a feature often mistakenly credited to the Submariner—and the first sports model offered in Rolesor, the combination of steel and gold. By blending practical functionality with sporty elegance, the Turn-O-Graph laid the groundwork for what we now recognize as the modern tool watch. Its rotating bezel would go on to inspire defining features of some of Rolex’s most iconic sports watches, including the Submariner, and GMT-Master. Eventually, the Turn-O-Graph became integrated into the Datejust line, serving as its sporty variant. The example we have here is a classic 36 mm steel variant, featuring a turnable bezel in excellent condition and a beautifully preserved case. The stepped, pie-pan style silver dial is highlighted by striking black-topped hour markers, creating a sharp contrast and timeless appeal. It comes on a folded Jubilee bracelet, reference 6251H, with a clasp stamped “S W1” and end links marked 55. This sporty Datejust, complete with its slow-setting movement, has been fully serviced by our watchmaker and is ready to wear. A watch like this, with its silver Linen dial, turnable bezel, and sporty charm, doesn’t come around often. Contact us today to arrange a viewing or to find out more! Specifications: Rolex Datejust Reference 1625 Datejust “Turn-o -graph” 36mm steel case with 18k white gold Turnable bezel Serial 269xxx dating to 1971 Silver linen pie- pan style dial Jubilee bracelet 6215H with 55 end links Fully serviced by our watchmaker One-year mechanical warranty Free worldwide Fedex Priority shipping",Bulang & Sons,2026-02-13,False
Longines Roulette Pocket Watch in 14k Yellow Gold,Longines,4600,https://bulangandsons.com/products/longines-roulette-pocket-watch-in-14k-yellow-gold-w3542,https://cdn.shopify.com/s/files/1/0961/8613/8969/files/W-3542LonginesRoulettepocketwatchin14kyellowgold_46_1x1_d3b16447-64fd-4c7a-9cb5-e0c388025f5a.jpg?v=1769597744,"Every now and then, we come across a piece that isn’t a wristwatch yet still gives us that irresistible itch to buy it—simply because it makes us smile. What you’re looking at is a 14k yellow gold pocket watch made for the U.S. market, designed to resemble a miniature roulette table. The 41 mm circular case features an oversized bezel encircled by a freely rotating red-and-black enamel ring numbered 0 to 36, just like a real roulette wheel. Flip it over, and you’ll find a second enamel ring on the reverse, numbered 1 to 9. At the center sits a charming cream-silver dial with an outer minute track, applied yellow gold indices, Arabic numerals at 12, 3, and 9 o’clock, and a small seconds sub dial at 6 o’clock—signed “Longines” beneath 12. This delightful piece is powered by Longines’ hand-wound caliber 10L, fully checked and regulated by our watchmaker. Just look at it! Whether you keep it on your desk as a stress-relieving fidget spinner or carry it as a little slice of Las Vegas in your pocket, one thing’s for sure: the roulette wheel always spins! Specifications: Longines “roulette” Pocket watch 14 kt yellow gold case in 41 mm Freely revolving red and black enameled ring Made for the US market Dates to the early 1950's Cream-silver dial with outer minute track and applied yellow gold indices and Arabic numerals Longines calibre 10L manual wind movement Movement number 700xxxx Fully checked by our watchmaker One-year mechanical warranty Free worldwide Fedex Priority shipping",Bulang & Sons,2026-01-28,False
Audemars Piguet Disco Volante Ultra-thin Dress Watch in 18k Yellow Gold Champagne Dial,Audemars Piguet,7900,https://bulangandsons.com/products/audemars-piguet-disco-volante-ultra-thin-dress-watch-in-18k-yellow-gold-champagne-dial-w3548,https://cdn.shopify.com/s/files/1/0961/8613/8969/files/W-3548AudemarsPiguetDiscoVolantein18kyellowgoldChampagnedial_241_1x1_ecb8ffbd-3082-4d8f-b0b3-4ab6b692a418.jpg?v=1769166468,"Although Audemars Piguet is best known for the Royal Oak, the brand’s legacy of exceptional timepieces extends far beyond. Among its most remarkable achievements are ultra-thin watches, a tradition dating back to 1938 with the legendary Caliber 9ML, measuring just 1.64mm thick. AP had already established itself as a master of slim movements, and this expertise laid the foundation for some of the most elegant and collectible dress watches of the mid-20th century. We are happy to offer an extraordinary example: a 1950s “Disco Volante,” or flying saucer, designed by German designer Gebhard Duve. The design was presented to Jacques-Louis Audemars, grandson of one of AP’s founders, and refined into a masterpiece of mid-century elegance. While other brands experimented with saucer-shaped cases, Duve’s interpretation is distinctive, combining Art Deco roots with the sleek minimalism of the 1950s. This 18k yellow gold version features short, elegant lugs, a crown seamlessly integrated into the case, and a brushed bezel. The champagne-colored dial is pure sophistication, with simple stick markers, stick hands without lume, and a small running seconds sub-dial at 6 o’clock. Powered by the legendary Audemars Piguet Caliber K2001—a movement also prized by Jaeger-LeCoultre and Vacheron Constantin—this Disco Volante is as technically impressive as it has a lovely lay out . Fully serviced by our watchmaker and paired with a Bulang & Sons leather strap, this ultra-thin piece wears beautifully on the wrist. Don’t miss the opportunity to own one of Audemars Piguet’s most refined and iconic mid-century creations—reach out today to make it yours. Specifications: Audemars Piguet “Disco Volante “ dress watch in 18 k yellow gold 33mm 18k yellow gold casing with short lugs Case number 971xx dating/ movement no 944xx to the 1950’s Champagne colour dial with no lume and small seconds at 6 o’clock Calibre K 2001 ultra thin, hand wound movement Comes on the pictured Bulang and sons leather strap Fully serviced by our watchmaker One-year mechanical warranty Free worldwide FedEx Priority shipping",Bulang & Sons,2026-01-23,False
Rolex Submariner 5513 White Gold Hour Markers Punched Papers,Rolex,12900,https://bulangandsons.com/products/rolex-submariner-5513-white-gold-hour-markers-punched-papers-w1814-2,https://cdn.shopify.com/s/files/1/0961/8613/8969/files/W-3588PatekPhilippeCalatrava3796DClousdePariswithhangtagandextractoftheArchives_129_1x1_1f97ac3f-4ede-4fec-852e-b406a3896359.jpg?v=1768982186,"Rolex Submariner 5513 White Gold Hour Markers Punched Papers This is a very cool and highly wearable 5513 No Date Submariner from the final years of the reference’s production, when watches were fitted with glossy dials featuring white gold applied hour markers with luminous filling. The dial is in superb condition, with the hour markers and hands having developed a pleasing beige patina. The case is strong throughout, with thick and even lugs. The bezel is in excellent condition and still retains its original lume pearl. The icing on the cake: this watch comes with its original punched guarantee paper—a rare feature, as reference 5513 examples were typically delivered with hand-filled papers. Only the very last production runs, notably R- and L-series, are known to feature punched guarantees. The paper indicates a sale date of January 1st, 1989, in Hong Kong. The watch is fitted with a solid-link Oyster bracelet, reference 93150, with 580 end links and a clasp stamped “M8”. It has been fully serviced by our watchmaker. This is a fantastic opportunity to acquire a cool, honest No Date Submariner with strong collector appeal. Specifications: Reference 5513 40mm steel case Serial R99xxxx dating to 1988 Gloss dial with white gold surround hours Black bezel insert Oyster bracelet ref 93150 with 580 end links Rare Punched papers Fully serviced by our watchmaker One-year mechanical warranty Free worldwide Fedex Priority shipping",Bulang & Sons,2026-01-21,False
Longines 13ZN Chronograph Sandwich Dial in 18k Yellow Gold,Longines,100000,https://bulangandsons.com/products/longines-13zn-chronograph-sandwich-dial-in-18k-yellow-gold-w3544,https://cdn.shopify.com/s/files/1/0961/8613/8969/files/W-3544Longines13ZNchronographSandwichdialin18kyellowgold_222_1x1_8399bbb4-9566-4893-adc9-b2c1bdb9e1c9.jpg?v=1768980927,"In the mid-1930s, Longines created the legendary 13ZN — a movement that would become one of the most celebrated chronograph calibers in watchmaking history. Widely considered by vintage connoisseurs to be one of the finest and most sophisticated in-house chronograph movements of its era, the 13ZN remains a benchmark of technical excellence and craftsmanship. This example is fitted with an exceptionally rare “sandwich” dial, featuring cut-out numerals that reveal a second layer beneath, giving the dial its distinctive depth. It was an unusual and innovative design for its time — and even today it stands out. Only very few brands, such as Panerai (then produced by Rolex), experimented with a similar layered effect during that period. The dial is further equipped with a Base 1000 outer scale, a telemeter inner scale, a beautifully scripted “antimagnétique” inscription on the lower half, and two sub-registers for the chronograph. All of this is housed in an 18k yellow gold snap-back case fitted with the squared pushers typical of the era. The watch comes on the photographed leather strap and features an exceptionally rare 18k yellow gold pin buckle — a true gem in its own right. Both the case and the movement carry matching numbers, exactly as they should on authentic examples of this reference. The iconic yellow-gilded 13ZN movement has been fully serviced by our watchmaker and is running beautifully. Specifications: Longines 13ZN Chronograph 37 mm 18k yellow gold case 5369xxx case serial & identical movement number, dating to the 1930’s cream dial with multi scales , no lumed , bi- compax sub dials lay out Sandwich cut -out Arabic numerals Triple signed (case, movement & dial) Longines hand-wound movement cal.13ZN Comes on the shown leather strap, with rare Longines 18 k yellow gold pin buckle Fully serviced by our watchmaker One-year mechanical warranty Free FedEx International Priority Shipping",Bulang & Sons,2026-01-21,False
Tudor Date-Day 94510 Grey Dial,Tudor,3990,https://bulangandsons.com/products/tudor-date-day-94510-grey-dial-w3574,https://cdn.shopify.com/s/files/1/0961/8613/8969/files/W-3574TudorDate_DayGreydialref94150_07_1x1_9ef2a84a-3442-4b85-bd73-b1ef4af0a387.jpg?v=1768980928,"Debuted as the Oyster Prince Date+Day (Ref. 7017/0), the model coincided with Tudor’s logo change from the rose to the shield. While the Rolex version was produced exclusively in precious metals and measured 36 mm, Tudor’s counterpart was crafted in stainless steel and significantly larger at 38 mm, earning it the “Jumbo” nickname. Tudor later expanded the line with new references such as the 7019, featuring a rotating bezel, and the 7020. Subsequent models, including the 94510 and 94613, introduced more refined 36 mm cases that more closely mirrored the Rolex aesthetic, while retaining third-party ETA movements to keep prices accessible. At hand, we have a reference 94510 featuring a cool machined steel bezel on a robust 36 mm case. The dial is a seldom-seen grey colour, accented by stick hour markers and white printed text. The day disc, visible through the cut-out above the iconic shield logo, is in English. This fine Tudor is paired with a lovely folded Rolex-signed Oyster bracelet, reference 7836, with end links marked 558 and a clasp stamped “2/70.” The watch has been fully serviced by our watchmaker and is ready for its next adventures. These Tudor dress watches remain somewhat underrated and under the radar, especially when compared to the brand’s more rugged Submariner and dive-watch offerings under the Shield. A sleeper classic, if you ask us— let’s discuss. Specifications: Tudor Oyster Prince Date-Day ref 94510 36 mm steel case with steel reeded bezel Day and date complications , English language Serial 102xxx dating to 1984 Grey soleil finish dial with Shield logo and white printed text Rolex Oyster bracelet ref 7836 with end links 558 Fully serviced by our watchmaker One-year mechanical warranty Free worldwide FedEx Priority shipping",Bulang & Sons,2026-01-21,False
"Rolex Explorer 14270 ""Blackout Dial"" Silver Print",Rolex,14750,https://bulangandsons.com/products/rolex-explorer-14270-blackout-dial-silver-print-w2987-2,https://cdn.shopify.com/s/files/1/0961/8613/8969/files/W-1955RolexExplorer14270BlackoutdialSilverprint_010_1x1_265b4d1d-a605-4b05-8eb3-1a17ee0ae5f7.jpg?v=1774343977,"The Rolex Explorer 14270 occupies a unique position in horological history. Caught in a sort of wristwatch purgatory—not old enough to be considered vintage and not new enough to be trendy—it is an underappreciated timepiece in collecting circles, yet it boasts a dedicated cult following among enthusiasts. The 14270 was introduced at the Basel Watch Fair in 1989, placing Rolex at the intersection of sport and luxury. The classic iteration of the tool watch was gradually being phased out as Rolex began integrating various higher-end manufacturing techniques into their timepieces. This period also saw other iconic tool watches undergoing significant design changes; for example, the Daytona received an automatic movement, while the Submariner was updated with sapphire glass and white gold surround indexes. The Explorer 14270 is so elegantly simple in its execution that it often goes unnoticed—no date, no fluted shiny bezel, just a straightforward three-hander. Here, we have the rarest dial of this reference, only found in early E and X series (from about 1990 to 1991), where the bold Arabic numerals are filled with glossy black enamel instead of white enamel as seen in later series. There are even two different variants of these: white print and the slightly rarer “silver print,” where all text is printed in silver—very uncommon! The case of our black dial remains quite robust, featuring a lovely smooth bezel. The dial has developed a slight “frozen” effect, where the black gloss has turned into a matte-like anthracite color, and the indexes have taken on a beige hue. We love it! The bracelet is in lovely condition, a ref 78360 solid Oyster type, with endlinks marked 558b and a clasp stamped R12. The watch has been fully serviced by our watchmaker. The Rolex Explorer 14270 bridges the gap between a dress watch and a sports watch. Do not miss out on this rare sleeper watch; get in touch! Specifications: - Rolex Reference 14270 - 36mm steel case - Serial E89xxxx dating to 1990 - Rare ‘Blackout’ Dial with silver print - Oyster bracelet ref 78360 with 558b endlinks - Fully serviced by our watchmaker - One-year mechanical warranty - Free worldwide FedEx Priority shipping",Bulang & Sons,2025-10-14,False
"IWC Portofino Blue soleil dial box and paper set"" Khanjar ""ref IW356523",bulangandsons-backend,4900,https://bulangandsons.com/products/iwc-portofino-blue-soleil-dial-box-and-paper-set-khanjar-ref-iw356523-w3188,https://cdn.shopify.com/s/files/1/0961/8613/8969/files/W-3188IWCPortofinoBluedialboxandpapersetKhanjarrefIW356523_364_1x1_a2282eca-915b-4c36-a63a-4552ff96e532.jpg?v=1763730655,"IWC was founded in 1868 by American watchmaker Florentine Ariosto Jones in Schaffhausen, Switzerland, with the goal of combining American mass-production techniques with Swiss craftsmanship to create high-quality pocket watches. The company, now known as IWC Schaffhausen, is a renowned watch manufacturer that has expanded into wristwatches and innovative materials while remaining true to its engineering-focused philosophy. The IWC Portofino collection evolved from a design inspired by a classic pocket watch and has since become one of IWC's most successful lines, known for its understated elegance and timeless aesthetics. The full Portofino collection was officially launched in 1984, named after the picturesque Italian fishing village to evoke the spirit of la dolce vita . At hand, we have a Portofino in a 39 mm steel case with a blue soleil-finished dial, a date function, and rose-gold hour markers paired with leaf-style hands. Turning the watch over, you’ll find a striking “Khanjar” engraved on the case back. A khanjar is a traditional Omani ceremonial dagger with a curved, J-shaped blade. Worn by men as a symbol of status, masculinity, and national pride, it forms part of the traditional Omani dress for formal, religious, and celebratory occasions. Often ornately decorated, the khanjar is also the national emblem of Oman. This watch was gifted to someone special by the late Sultan Qaboos bin Said al Said. In the watch-collecting world, it is well known that the Sultan was an avid admirer of fine timepieces, and quite a number of Rolex, Cartier, and IWC models bearing this emblem are documented. This Portofino comes on its original IWC leather strap, fitted with a steel IWC pin buckle. The watch includes its original inner and outer boxes, with the outer box once again featuring a red Khanjar printed on top. It also comes with its original guarantee card and a “thank you” card in Arabic. The watch has been fully checked and regulated by our watchmaker. Ready to make this Khanjar-engraved piece part of your story? Reach out and we’ll guide you the rest of the way. Specifications: IWC reference IW356523 Portofino 39 mm steel case Blue dial rose gold markers and hands , blue date Serial 707xxxx serial dates to the early 2010’s IWC Leather strap and steel IWC buckle Original IWC guarantee card Inner and outer boxes , outer box Khanjar emblem Fully checked by our watchmaker One-year mechanical warranty Free worldwide FedEx Priority shipping",Bulang & Sons,2025-11-21,False
Blancpain Fifty fathoms Rotomatic 1950's,Blancpain,10900,https://bulangandsons.com/products/blancpain-fifty-fathoms-rotomatic-1950s-w3442,https://cdn.shopify.com/s/files/1/0961/8613/8969/files/W-3442BlancpainFiftyfathomsRotomatic_479_1x1_e19f2a1e-38b3-40fc-a6e0-2031ae9dc4d2.jpg?v=1763105973,"The Blancpain Fifty Fathoms holds a legendary place in dive watch history. The name Fifty Fathoms might sound unusual at first, but it refers to a British unit of measurement. One fathom equals roughly six feet, so fifty fathoms translates to about 91 meters—or close to 300 feet—the maximum depth divers could reach with the technology of the era. Over the decades, Fifty Fathoms watches have earned serious credibility through military use, trusted by elite forces from France, Germany, Poland , Finland, and most famously, the U.S. Navy. This particular 34mm example stands out not only for its compact size but also for its remarkable condition. Often, these dials turn matte or suffer from paint loss, but this one has held up beautifully. The watch features a fantastic case, a stunning black gloss dial with an applied Blancpain logo, and a beautifully scripted Fifty Fathoms signature. The hands are of the pencil type, and the seconds hand has a distinctive spear shape. The lume on the indexes appears to have been re-applied, but it still matches nicely in color with the handset. The Bakelite bezel is also in excellent condition. Powered by an automatic Rayville/Blancpain 1361 movement, this piece is a fantastic addition to any dive watch collection. It comes fitted on a rubber Nautic strap, reminiscent of how these watches were originally delivered. We’re on a roll with Fifty Fathoms models at the moment—we have some contemporary limited editions as well . We’ve even got some of its older brothers-in-arms, including original military issued models .. Feel free to reach out—we’ll be happy to show you what’s available! Specifications: Blancpain Fifty fathoms “Rotomatic” 34 mm steel case Case no 13xxx, dating to the late 1950s Black gloss dial with applied logos Automatic Rayville/Blancpain movement based on A.S .Schild caliber Original bakelite bezel insert Rubber nautic strap Fully serviced by our watchmaker One-year mechanical warranty Free worldwide FedEx Priority shipping",Bulang & Sons,2025-11-14,False
Rolex 18k Yellow Gold Pocket/Pendant Watch ref. 3608 Silver Dial,Rolex,4300,https://bulangandsons.com/products/rolex-18k-yellow-gold-pocket-pendant-watch-ref-3608-silver-dial-w3448,https://cdn.shopify.com/s/files/1/0961/8613/8969/files/W-3448Rolex18kyellowgoldpocketpendantwatchref3608_260_1x1_d687c178-b895-453e-80b4-ddb03060862f.jpg?v=1762352451,"We don’t typically carry many pocket watches in our shop, but we have a deep appreciation for well-designed objects — even if they’re not currently in fashion. This Reference 3608 pocket watch is a great example. With a slotted opening at 12 o’clock, it could easily double as a pendant watch when fitted with a chain. On the 6 o’clock side, you’ll find a notched crown used for winding. The 39mm round case remains unpolished, retaining its original finish — even the case back sticker is still intact. The bezel features a refined Florentine finish, framing a simple and elegant silver sunburst dial with applied gold stick hour markers, matching hands, and an applied coronet at 12 o’clock. Powering the watch is the manually wound Caliber 1600, which has been fully serviced by our watchmaker. With its slim 10mm profile, this piece feels delicate in the hand and would wear beautifully as an accessory — or serve as a refined charming vintage decorative object. Get back to us to get you this one delivered a new home! Specifications: Rolex Reference 3608 Pendant/pocket watch 39 mm 18k yellow gold case with Florentine finish Serial 155xxxx dating to 1967 Silver sun burst dial , no-lume and stick markers Caliber 1600 hand wound movement Fully serviced by our watchmaker One-year mechanical warranty Free worldwide Fedex Priority shipping",Bulang & Sons,2025-09-25,False
"Rolex Submariner 6205 Small Crown ""First Submariner""",Rolex,44900,https://bulangandsons.com/products/rolex-submariner-6205-small-crown-first-submariner-w3332,https://cdn.shopify.com/s/files/1/0961/8613/8969/files/W-3332RolexSubmarinerFirstSubmarinerref6205_269_1x1_356a589a-95e4-435b-9a9d-0deb67411354.jpg?v=1758100093,"The 1950s proved to be a defining era for Rolex, highlighted by the introduction of some of its most legendary models: the Submariner, GMT-Master, Day-Date, and Explorer lines. As scuba diving gained traction among adventurers and professionals alike, Rolex recognized the growing demand for a dependable dive watch to help monitor time spent underwater and reduce the risk of decompression sickness, also known as “the bends.” There was also a need for a reliable timing device to track the remaining “breathing time.” This vision culminated in the creation of the Submariner—a timepiece that would come to represent not only technical excellence and rugged reliability but also timeless design. The Rolex Submariner reference 6205 was introduced in 1954 as one of the earliest Submariner models, alongside references 6204 and 6200. The 6205 was produced for only about a year, making it a rare and highly sought-after collector's item. As Rolex themselves put it in the book Oyster Perpetual Submariner: The Watch That Unlocked the Deep , just 810 examples were produced. To put that in perspective: approximately 2,800 reference 6538 ""Big Crown"" Submariners were made. A signficant innovation of the 6205 was the introduction of the ""Submariner"" name on the dial, a feature that has remained on all subsequent Submariner models, so maybe we can conclude this is the “real “first Submariner! The “ no depth rating “ dial is still in nice condition, with the original pencil and “lollipop” seconds hands present. Although the hands have been re-lumed in the pas they still look charming. The 37.5 mm “small crown “ case stays in nice condition .The so-called “no-hash” bezel insert remains on the watch in unmolested condition, though we believe the bezel itself is a later replacement and has been paired with one of our leather straps. This super early “Neanderthaler” Sub has been fully serviced by our watchmaker and is ready to join a Submariner-themed collection. We've enjoyed this watch for some time, and it has truly grown on us. Get in touch. Specifications: Rolex Reference 6205 Submariner 37.5 mm steel case “small crown - no crown-guards” “No -hash“ bezel insert Serial 988xxx dating to 1955 Swiss only dial , “Submariner“ no depth Pencil hands , with “lollipop“ second hand - relumed Coming on the photographed Bulang and sons strap Fully serviced by our watchmaker One-year mechanical warranty Free worldwide Fedex Priority shipping",Bulang & Sons,2025-09-17,False
Rolex Oyster Perpetual Air-King Black Dial ref. 5500,Rolex,4900,https://bulangandsons.com/products/rolex-oyster-perpetual-air-king-black-dial-ref-5500-w3428,https://cdn.shopify.com/s/files/1/0961/8613/8969/files/W-3428RolexOysterPerpetualAirKingblackdialref5500_503_1x1_21a864cc-8ee3-406c-9a1c-632118f81291.jpg?v=1762353802,"There’s something so timeless and elegantly sporty about the Air-King—a watch introduced by Rolex in the 1940s to honor Royal Air Force pilots who took part in the Battle of Britain, and one that remains in the catalogue to this day. The 34mm steel case is still strong, with nicely even lugs and a lovely smooth bezel. We’ve fitted this marvel with our Oyster-style straight end link bracelet—a very cool look! The dial is jet black with white printed text and stick markers (oddly enough, a double stick appears at 3 and 6, but not at 9 o’clock!). We particularly love the Air-King font and the cream-colored lume on this one. This fine time-only watch, perfect for any occasion, has been fully checked and regulated by our watchmaker. Looking for a clean classic with vintage soul and everyday wearability? This Air-King might just be your next wingman—don’t miss your chance to strap in. Specifications: Rolex Air-King Reference 5500 34mm steel case Serial 544xxxx dating to 1978 Black dial with white text and cream lume Oyster style straight end - link bracelet Fully checked by our watchmaker One-year mechanical warranty Free worldwide Fedex Priority shipping",Bulang & Sons,2025-09-19,False
Rolex Submariner Gilt dial ref 5513 first owner provenance,Rolex,33900,https://bulangandsons.com/products/rolex-submariner-gilt-dial-ref-5513-first-owner-provenance-w3217,https://cdn.shopify.com/s/files/1/0961/8613/8969/files/W-3217_Rolex_Submariner_Gilt_dial_ref_5513_first_owner_provenance_015_1x1_7a9e47ec-5565-4d40-b657-94addd86de68.jpg?v=1778140855,"We always love discovering watches with a personal history—and this one comes from a passionate diver in Germany! This exceptional 5513 features a strong case paired with a beautifully faded dark grey insert that shows subtle hints of brown. It’s matched with a mirror-like gilt dial and warm yellow patina on the lume of the hour markers and hands. Absolutely stunning. These early black-dial Rolex watches feature what collectors refer to as ""gilt dials."" The text and outer minute track are printed in a gold tone—hence the term ""gilt."" In fact, the gold color is the brass dial base showing through, as the dials were printed with the text in relief. The case remains strong all around, with well-defined, even lugs and crown guards. In direct light, a touch of tropical brown emerges from the dial, adding to its vintage charm. The case back is engraved with ""Günter Greie Kiel,"" the name of the original owner of this incredible Submariner. There’s also a fascinating link to this engraving: included in the sale is a photocopy of Günter’s diving pass from the 1960s. Born in the 1930s, Günter joined the ""Diving Group Kiel, Germany"" in 1964—one of the oldest diving clubs in the country. Notably, many members of the Federal Marine Corps were part of this club, and Kiel remains the home of the German Naval Defense Force headquarters. The watch is fitted with a Rolex reference 7205 riveted bracelet, with end links marked 64 and a clasp stamped 74. It has been fully serviced by our expert watchmaker and is running smoothly. The 5513 is truly the cornerstone of the iconic no-date Rolex Submariner line—and one of our all-time favorites here at Bulang and Sons, which is why we proudly founded the No Date Sub Club. Feel free to reach out if you’d like to discuss this remarkable piece further! Specifications: - Rolex Submariner Reference 5513 - 40mm steel case - Serial no118xxxx dating to 1965 - Glossy gilt dial , with a very slight brown touch - Faded to a dark grey fat font insert - Original owner caseback engraved ""Günter Greie Kiel"" - Rivet link Oyster bracelet 7206 with 64 endlinks - Fully serviced by our watchmaker - Photo copy of membership card of the dive club of the first owner - One-year mechanical warranty - Free worldwide Fedex Priority shipping",Bulang & Sons,2025-08-26,False
Heuer Skipper Yacht Regatta Timer Blue dial ref. 73463 with rare Gay Frères bracelet,Heuer,8750,https://bulangandsons.com/products/heuer-skipper-yacht-regatta-timer-blue-dial-ref-73463-with-rare-gay-freres-bracelet-w3366,https://cdn.shopify.com/s/files/1/0961/8613/8969/files/W-3366HeuerSkipperref73463_369_1x1_ac20ac74-c745-4f50-8219-512ed3935a08.jpg?v=1782213759,"The Heuer Skipper was introduced in 1968, specifically designed for yacht racing and regattas. Unlike Heuer’s racing-focused chronographs like the Autavia or Carrera, the Skipper featured a distinctive countdown timer—crucial for timing the start sequence of sailboat races. The earliest Skippers (such as the rare 7754 “Skipperera”) were based on Carrera cases. However, by the 1970s, Heuer began using Autavia-style cases, blending nautical functionality with motorsport ruggedness. The watch we’re offering is reference 73463 — a quintessential product of the 1970s. Based on the Autavia 73663 case, it features a large, cushion-shaped 42mm steel case in excellent condition, complete with pump pushers and a rotating bezel that adds a rugged, sporty feel. The blue, slightly faded turnable hour bezel is also in great shape. The blue dial features two sub-dials: on the right, the iconic three-color countdown timer; on the left, a minute counter, with a date window positioned at 6 o’clock. This fine Skipper is paired with a rare and highly desirable Gay-Frères 9-row bracelet, featuring end links marked “HLF” and a clasp stamped “4 71.” This 1970s chronograph has been fully serviced by our watchmaker and is ready for its next adventure.The original winding/setting crown has been replaced at service . Enquire now to add this iconic Heuer Skipper to your lineup. Specifications: Heuer Skipper reference 73463 42mm steel cushion case with screw-back and pump pushers Turnable bezel in blue colour Heuer / valjoux 7734 hand wound movement Serial 262xxx dating to the early 1970s Blue dial with 2 sub dials and date function Steel 9 rows Gay-Frères bracelet with HLF end links Fully serviced by our watchmaker One-year mechanical warranty Free worldwide FedEx Priority shipping",Bulang & Sons,2025-09-08,False
Patek Philippe Golden Ellipse 3546G Silver sigma dial in 18k white gold,Patek Philippe,8250,https://bulangandsons.com/products/patek-philippe-golden-ellipse-3546g-silver-sigma-dial-in-18k-white-gold-w3379,https://cdn.shopify.com/s/files/1/0961/8613/8969/files/W-3379PatekPhilippeGoldenEllipseSilversigmadialin18kwhitegoldref3546_011_1x1_cd12b8f8-d0d9-4646-b411-ebc3d25bc50e.jpg?v=1762434904,"The Patek Philippe Golden Ellipse broke the mold for dress watches when it debuted in the late 1960s. Its shape was revolutionary—but not for the sake of being different. Inspired by the timeless beauty of the golden ratio, it offered a refined balance between round and rectangular forms, setting it apart from traditional watchmaking norms. Rather than chasing trends, Patek carved its own path—creating a design that was both distinctive and enduring. More than 50 years later, the Golden Ellipse remains one of the brand’s most iconic collections, second only to the legendary Calatrava. Here we have something special: the rarely seen reference 3546. This version boldly steps outside the usual Golden Ellipse formula by introducing lugs to the case design—a quiet twist on a timeless classic. The white gold case measures 32 x 27 mm and features a snapback and a small winding crown adorned with the iconic Calatrava cross. This example is fitted with a unique silver dial that has an almost “hammerite” texture, complete with sigma markings, painted black Roman numerals, and elegant black stick hands. The watch is paired with a refined Bulang and Sons leather strap and comes with an original 18k white gold Patek Philippe pin buckle. Powering this understated piece is the hand-wound Caliber 23-300, which has been fully serviced by our watchmaker. We’ve always loved how the Ellipse line reflects Patek’s creative side—more than just watches, it became a full design language, extending into objects like lighters, desk clocks, and even jewelry. It’s a subtle statement, full of character. Looking for something a little off the beaten path? This one might be it—drop us a line to chat more. Specifications: Patek Philippe Reference 3546 Golden Ellipse 18K white gold case 32 x 27 mm case size (measured without the lugs) Silver no lume Sigma dial with black hands Caliber 23-300 hand-wound movement Movement no 115xxxx case no 269xxxx dating to the early 1970s Bulang and sons leather strap with a 18 k white gold Patek Philippe pin buckle fitted Fully serviced by our watchmaker One-year mechanical warranty Free worldwide FedEx Priority shipping",Bulang & Sons,2025-08-26,False
"Heuer Autavia ""Shauntavia"" ref 741.603",Heuer,9900,https://bulangandsons.com/products/heuer-autavia-shauntavia-ref-741-603-w3377,https://cdn.shopify.com/s/files/1/0961/8613/8969/files/W-3377HeuerAutaviaShauntaviaref741.603_735_1x1_06d417db-265b-435a-a35c-ec59d41f4291.jpg?v=1762434859,"What you're looking at is one of the rarest 1970s Autavias: the so-called “Shauntavia,” nicknamed after collector Shaun Wainstein, who conducted in-depth research on these models. This reference is often—if we can even use the word “often” for something this rare—seen with a Kenyan Air Force (KAF) marking, including a military issue number. These watches were issued to pilots and senior officers in the Air Force. This particular piece does not have the military marking, as it’s believed within the Heuer collector community that roughly half of these references were sold to the general public. The classic 1970s cushion-shaped 42mm case is in fine condition, featuring a bezel insert that has faded beautifully to a gunmetal grey. What makes this Autavia especially distinctive is its dial variant, which features bold, luminous Arabic numerals, two chronograph sub-dials, and a date window at 6 o’clock. Also noteworthy are the large white pencil-style hands with red tips, a red chronograph seconds hand, and black hands on the recessed sub-dials. Powering the watch is the hand-wound Caliber 7741, which has been fully serviced by our watchmaker. This striking tool watch comes on a Bulang and Sons racing-style strap, which we think pairs perfectly with its character. This is one of the rarest Heuer Autavia’s get in touch to get you this Shauntavia ! Specifications: Heuer Autavia “Shauntavia” reference 741.603 42mm steel cushion case with screw-back and pump pushers Turnable bezel Heuer hand-wound cal 7741 Serial 297xxx dating to the 1970s Black dial with Arabic lumed numerals Bulang & Sons leather strap Fully serviced by our watchmaker One-year mechanical warranty Free worldwide FedEx Priority shipping",Bulang & Sons,2025-08-26,False
"Blancpain Fifty Fathoms ""No Rad"" Date",Blancpain,39900,https://bulangandsons.com/products/blancpain-fifty-fathoms-no-rad-date-w3356,https://cdn.shopify.com/s/files/1/0961/8613/8969/files/W-3356BlancpainNo-RadDial_580_1x1_8904807a-919c-405b-b6a4-22144ef8f747.jpg?v=1774343860,"The Fifty Fathoms was originally developed in collaboration with the French Navy’s elite combat divers—and its legacy lives on today, even in modern pop culture, thanks to the recent Blancpain × Swatch Bioceramic Scuba collection. But if you’ve got the Swatch, you really need to experience the original. This is a desirable 41mm example in beautiful, honest condition—exactly what we love to see. The name Fifty Fathoms might sound unusual, but it refers to a British unit of measurement. A fathom equals about six feet, so fifty fathoms translates to roughly 91 meters—close to 300 feet—the maximum depth divers could reach with the technology available at the time. Fifty Fathoms watches have seen serious military use over the decades, trusted by forces from France, Germany, Sweden, Norway, Denmark, Finland, and most famously, the U.S. Navy. This particular version is the highly sought-after ""No Radiations"" model, often nicknamed the “No-Rad.” What makes it special? That iconic yellow-and-red crossed-out radiation symbol on the dial. It signified that no radium was used in the luminous material—a move made in the early 1960s as the health risks of radium became more widely known. The “No Rad” logo offered peace of mind to both professional and recreational divers. Due to their historical significance—and that instantly recognizable symbol—these models are now highly prized by collectors. Blancpain has even released tribute editions of the Fifty Fathoms No Rad, cementing its place in the brand’s history. The matte case is in fine condition with a beautiful luminous rotating dive bezel. The dial remains glossy, featuring an applied Blancpain logo, a date window, warm yellow patina on the lume, and a handsome pencil-style handset with matching yellow lume. We’ve paired this iconic diver with one of our Nautic straps—similar to the original rubber straps these “fifties” were delivered with back in the day. The automatic movement (based on an A. Schild caliber AS.1700) has been fully serviced by our watchmaker. For collectors and enthusiasts, the ""No Rad"" is more than just a beautiful timepiece—it’s a symbol of a bygone era when watches were true tools built for survival. Let’s talk. Specifications: Blancpain Fifty Fathoms “no rad “ date Serial 301xxx dating to the early 1960’s Matte Steel 41mm case Black Dial chapter ring , pencil hands and “ no Radiation “ logo Original bakelite bezel insert Automatic movement , based on an A.Schild AS.1700 movement Comes on the pictured Bulang and Sons Nautic weave rubber strap Fully serviced by our watchmaker One-year mechanical warranty Free worldwide Fedex Priority shipping",Bulang & Sons,2025-08-26,False
Audemars Piguet Royal Oak Ref. 6001ST,Audemars Piguet,19900,https://bulangandsons.com/products/audemars-piguet-royal-oak-ref-6001st-w3141,https://cdn.shopify.com/s/files/1/0961/8613/8969/files/W-3141AudemarsPiguetRoyalOakref6001St_288_1x1_000c4117-dc94-41af-8657-25166e42cb24.jpg?v=1762434937,"The reference 6001 is a watch you’re unlikely to have encountered before. It’s not a Royal Oak, designed by Jean-Fred Meylan (not Gérald Genta), and visually, it shares little in common with any other Audemars Piguet model, aside from its small tapisserie dial. Fewer than 350 pieces are believed to have been produced between 1974 and 1978, after which it was replaced by the reference 6005, which bears a much closer resemblance to the Royal Oak (though it’s not called that!). The 6001 was a bold experiment, introduced during the height of the ""quartz revolution."" In the end, Audemars Piguet embraced quartz technology, using a modified Beta 21 movement from Omega, known as the 'megaquartz' for its remarkable 2,359,296 vibrations per second. This movement would lose or gain no more than one second per month. That small pusher near the crown? It’s used to fine-tune the time by correcting that single second. The ""rounded yet octagonal"" case has soft, flowing edges, far removed from the angular lines of the original Royal Oak. It has a very 1970s, almost Star Wars-esque vibe mixed with Royal Oak influences—a design that feels both futuristic and retro at the same time! The 35 x 40 mm steel case remains in excellent condition, and the integrated AP bracelet (which fits wrists up to 18 cm) is also in great shape. The signature petite tapisserie dial is in blue, featuring an applied AP logo on the lower half (just as the original Royal Oak 5402 would have had during its era!) with a date at 6 o’clock. The hands are typical of AP’s design, with the first series of Royal Oak tritium markers. The quartz-driven movement (caliber 2510) has been fully checked by our watchmaker and a fresh battery is fitted. This is a rare watch from one of the “Holy Trinity” of watch brands. Come on, guys—this is a conversation piece and super cool! Get in touch! Specifications: - Audemars Piguet Royal Oak ref 6001ST - 35x40 mm steel case with correcting pusher at crown side - Blue petite tapisserie dial - Steel Audemars Piguet integrated bracelet - Quartz movement cal 2510 - Movement no 153xxx dating to the mid-1970s - Fully checked by our watchmaker & fresh battery installed - One-year mechanical warranty - Free worldwide FedEx Priority shipping",Bulang & Sons,2025-08-26,False
"Smiths ""Deluxe"" ref 6B/542 Military Watch for the British RAF",Smiths,10900,https://bulangandsons.com/products/smiths-deluxe-ref-6b-542-military-watch-for-the-british-raf-w3240,https://cdn.shopify.com/s/files/1/0961/8613/8969/files/W-3361AudemarsPiguetref25589rosegoldDay-Datewithpapers_197_1x1_95166d89-d31c-4cc1-b309-2a35e68646db.jpg?v=1762435161,"In the late 1940s and early 1950s, Smiths was commissioned to produce a General Service wristwatch for the British Armed Forces. The British government, concerned about dependence on foreign watch suppliers—something that had proven problematic during World War II—offered Smiths substantial contracts to encourage domestic watch production. However, for reasons unknown, the British Army ultimately chose not to move forward with the order. It wasn’t until the late 1960s that Smiths secured a military contract—this time for the W10 model. These watches were assigned the same 6B/542 stores reference as the Omega navigators’ watch, suggesting they were likely issued to RAF pilots and navigators. This is the rarest Smiths British military watch, and arguably one of the rarest British military watches of all. Approximately 300 of these watches were made and issued to the RAF in 1954, 1955, and 1956—presumably as a test order. This would make sense for a trial run, as the inside of an aircraft cockpit presented a challenging environment for mechanical wristwatches, mainly due to the presence of electromagnetic fields. To combat this, the watches were equipped with an iron dial and a metal dust cover, which together created an effective Faraday cage to shield the movement from electromagnetic interference. This particular Smiths was issued in 1955, as evidenced by its issue number on the case back. The case is in lovely condition, with fixed bars for fitting a single-pass strap—so military personnel had a slimmer chance of losing the watch during duties. This example has been fully serviced by our watchmaker and is ready for new adventures in the years to come. A fun fact about these Smiths Deluxe watches: there were also some non-issued, non-military-marked versions. This particular model, housed in a water-resistant case, was worn by Sir Edmund Hillary during his ascent of Everest (and you thought it was all about Rolex!). The Smiths De Luxe A454 and A460 models, known as the ‘Antarctic’ versions, were supplied to the 1957 British Antarctic expedition, in which Hillary also participated. These models feature a silver-colored dial and a finer outer minute track. These super RARE purpose-built watches hold real history and have a super cool wrist presence, we think. Get in touch! Specifications: - Smiths Deluxe military wristwatch 6B/542 - 35mm steel case with Faraday inner case back, military inventory numbers on case back, fixed bars - Black dial with painted Arabic hours, King’s cross on dial, sword-style hands - Issue number 6B/542 12xxx /55 dating to 1955 - Hand-wound movement - Comes on the pictured single-pass strap - Fully serviced by our watchmaker - One-year mechanical warranty - Free worldwide FedEx Priority shipping",Bulang & Sons,2025-08-26,False
"Piaget Emperador in 18k White Gold ""Limited Edition"" Ref. P10351",Piaget,9900,https://bulangandsons.com/products/piaget-emperador-in-18k-white-gold-limited-edition-ref-p10351-w3329,https://cdn.shopify.com/s/files/1/0961/8613/8969/files/W-3329PiagetEmperadorin18kwhitegoldlimitededitionrefP10351_009_1x1_7da42b4b-3b25-46b5-be11-78cb37b762de.jpg?v=1762961529,"We’re presenting a limited edition (200 pieces produced) “black tie travel watch” — a lovely dual time zone piece housed in an 18k white gold cushion-shaped case with a distinctive, almost flying saucer-like profile. This unusually executed case features short, thick lugs and a sapphire display back, and remains in excellent condition throughout. The silver dial is quite refined, showcasing glossy black painted Roman numerals, a prominent big date window at 12 o’clock, and two sub-dials indicating the second time zone with day/night functionality and small seconds. The central portion of the dial features a finely hand-executed guilloché pattern, perfectly matched with elegant dauphine hands. Completing the look is a gently worn Piaget leather strap, fitted with Piaget’s own 18k white gold folding clasp. Powering this refined traveller is Piaget’s automatic calibre 850P, fully checked and regulated by our watchmaker, and running flawlessly—ready to serve for many years to come. No regretti's, we’ve got Mom’s spaghetti and this “Piagetti”! Specifications: - Piaget Emperador Dual Time Silver Dial Limited Edition Reference P10351 - 42mm 18k white gold cushion case, display caseback - Silver dial with guilloché pattern, two sub-dials, big date window - No-lume dauphine hands, second time zone, small seconds, AM/PM indicator - Automatic movement, Piaget Cal. 850P - Piaget leather strap with 18k white gold folding buckle - Limited edition no. 1xx out of 200, serial DZ9xxx dating to early 2000s - Fully checked by our watchmaker - One-year mechanical warranty - Free worldwide FedEx Priority shipping",Bulang & Sons,2025-08-26,False
Aquadive Time-Depth Electronic Dive Watch,Aquadive,3900,https://bulangandsons.com/products/aquadive-time-depth-electronic-dive-watch-w3120,https://cdn.shopify.com/s/files/1/0961/8613/8969/files/W-3120AquadiveTime-depthelectronicDivewatch_006_1x1_894a6410-e856-41fb-a026-7cc6edeac606.jpg?v=1762436334,"Ah, the 1970s—a time when tool watches meant business. No compromises, no concern for slipping under a cuff—just pure function-driven design. This hefty 46mm dive watch is a true engineering marvel, featuring a battery-powered movement that winds the mainspring and utilizes a unique diaphragm system to measure and display depth underwater. At 12 o’clock, you’ll find a valve that allows water to enter a metal tube filled with oil inside the case—an incredibly innovative approach to depth measurement! For added functionality, the crown is positioned on the left-hand side, likely to prevent accidental unwinding during a dive. The unidirectional dive bezel sits atop the robust case, ensuring safe timing underwater. The dial is a striking black and white design, with a bold orange fourth hand to display real-time depth readings. And here’s a cool detail: the movement is signed by Tissot, adding an unexpected touch of horological intrigue. To complete its funky, chunky 1970s tool-watch aesthetic, we’ve paired it with a single-pass strap that perfectly matches its rugged spirit. If you love innovative, purpose-built dive watches, this Aquadive Time-Depth is calling your name. Get in touch! Specifications: - Aquadive Time-Depth dive watch - Water depth measurement, displayed via a fourth hand - 46mm stainless steel case with valve at 12 o’clock and left-side crown - Unidirectional rotating dive bezel - Tissot-signed movement, battery-powered - Single-pass strap - Fully checked by our watchmaker - One-year mechanical warranty - Free worldwide FedEx Priority shipping",Bulang & Sons,2025-08-26,False
"Piaget Tradition in 18K White Gold ""Onyx 4-Diamond Dial"" Ref. 9771P31",Piaget,14900,https://bulangandsons.com/products/piaget-tradition-in-18k-white-gold-onyx-4-diamond-dial-ref-9771p31-w3112,https://cdn.shopify.com/s/files/1/0961/8613/8969/files/W-3112PiagetTraditionIn18kwhitegoldOnyx4diamonddialref9771P31_470_1x1_e3af9923-a91d-48da-b1ea-5194be45c438.jpg?v=1762786615,"This Piaget, reference 9771P31, is a prime example from the brand's golden era—a period between the 1960s and 1990s when Piaget perfected the art of seamlessly combining high-end watchmaking with exceptional jewelry craftsmanship! This particular model captures the essence of the iconic Piaget style : an ultra-slim, distinctive cushion-shaped case in 18K white gold, measuring 30 x 30 mm, and a masterful blend of onyx, 18K white gold, and a special hand-engraved area on the dial. The thin and very cool ""woven"" integrated white gold bracelet fits wrists up to 17.5 cm. This fine dresser is powered by the hand-wound Caliber 9P2, which has been fully checked by our watchmaker. We have a full quartet of these iconic Piaget dress watches, and they are finally getting the attention these high-end jewelry timepieces deserve. We’d love to chat with you to help you choose the one that suits you best. Get in touch! Specifications: - Piaget Reference 9771P31 Tradition - 30mm 18K white gold cushion-shaped ultra-thin case - Onyx hand-engraved finished dial with four diamond hour markers - No-lume dauphine hands - Hand-wound ultra-thin Cal. 9P2 - Integrated ""woven"" 18K white gold bracelet - Serial 441xxx, dating to the early 1980s - Fully checked by our watchmaker - One-year mechanical warranty - Free worldwide FedEx Priority shipping",Bulang & Sons,2025-08-26,False
Rolex Day-Date Amtlich Geprüft Dial Big Logo Bracelet Ref 1803,Rolex,34900,https://bulangandsons.com/products/rolex-day-date-early-1803-amtlich-gepruft-double-dash-dial-big-logo-bracelet-w2781,https://cdn.shopify.com/s/files/1/0961/8613/8969/files/W-4CD6_1_21d204a0-a339-49ce-97ac-774325b7e6b7.jpg?v=1762436639,"When it comes to vintage watches, rare is a phrase that is maybe overused, but today we have something that is both rare and very cool! This is a lovely example of a very early Rolex Day-Date reference 1803 with the text “Amtlich Geprüft” in German and a stunning and rare bracelet! The case remains in great condition all round, as does the fluted bezel. The dial is the star of the show with several very special attributes. The lightly patinated champagne dial has unusual coffin-form hour markers with the lume underneath! The dial is signed SWISS only and has a very rare so-called double dash. In the lower half of the dial is the text “Superlativer Chronometer Amtlich Geprüft”. The German text is very rare and unusual to see and, of course, we love it. We would expect that this watch was targeted for the German speaking audience , so we think that this watch was born with a German day disc that has been replaced at service ..Could it get any cooler? Yep! The watch is fitted with a rare and beautiful yellow gold Big Logo Swiss-made bracelet, stamped ‘3 59’ that will fit a wrist size up to 18.5cm. The movement has been fully checked and regulated by our watchmaker. This is a very rare and desirable watch that won’t hang around for long. Please get in touch to find out more! Specifications: - Rolex Day-Date reference 1803 - 36mm yellow gold case - Serial 601xxx dating to 1960 - Rare champagne German text ‘double dash’ dial - Dagger hands - English day disc -Yellow gold Big Logo bracelet - Fully checked by our watchmaker - One-year mechanical warranty - Free worldwide Fedex Priority shipping",Bulang & Sons,2025-08-26,False
IWC Ingenieur SL Jumbo Quartz Black Dial Ref. 3303,IWC,13900,https://bulangandsons.com/products/iwc-ingenieur-sl-jumbo-quartz-black-dial-ref-3303-w3079,https://cdn.shopify.com/s/files/1/0961/8613/8969/files/W-3079IWCIngenieurSLJumboQuartzBlackdialref3303_010_1x1_8ba3712f-aeed-410c-a8e4-bdeee6942007.jpg?v=1762961158,"The IWC Ingenieur was first introduced in 1954 as a tool watch specifically designed for engineers and technicians who needed a timepiece that could withstand magnetic fields and harsh environments. The original model featured a soft iron inner case to protect the movement from magnetic interference. Over the years, while the design has evolved, the Ingenieur has always remained true to its original purpose: a rugged, reliable timepiece built for professionals. In the mid-1970s, IWC enlisted the renowned designer Gerald Genta to update the Ingenieur’s design, resulting in a more modern, fashionable aesthetic. The “Genta” Ingenieur debuted in 1976 and hit stores in 1977, featuring a large case with an integrated bracelet and powered by the automatic c.8541ES movement. Due to its substantial size, the mechanical Ingenieur ref. 1832 quickly earned the affectionate nickname “Fat” Ingenieur. However, despite its innovative design, it struggled to gain market traction, mainly due to its high price and the onset of the ""quartz crisis."" To adapt, IWC released two quartz versions: the first with the quartz calibre 2405, followed by a slimmer model with the quartz calibre 2250, a more comfortable bracelet, and a refined case design. In 1980, the ref. 3303 replaced the ref. 3003, offering a flatter case and the same quartz calibre 2250. The present watch is a rare and highly sought-after IWC “Genta” Ingenieur reference 3303, featuring a quartz movement. With only 149 examples ever produced, and even fewer appearing on the market, this timepiece is truly a collector's gem! We’re especially fond of the stunning black ""waffle dial,"" a signature design element from IWC that almost resembles carbon fiber. The iconic Genta-designed three-row bracelet is in excellent condition, fitting wrists up to 18.5 cm, and the signature “fish crown” remains intact. The watch has been fully checked by our watchmaker and is fitted with a fresh battery. Reach out to us to learn more about this cool, iconic IWC designed by Genta! Specifications: - IWC Ingenieur SL Reference 3303 - 40mm steel case - Serial 226xxx dating to the early 1980s - Black ‘waffle’ dial - Pencil hands - Integrated three-row steel bracelet - IWC calibre 2250 quartz movement - Fully checked by our watchmaker - One-year mechanical warranty - Free worldwide FedEx Priority shipping",Bulang & Sons,2025-08-26,False
Blancpain Fifty Fathoms 3H Bundeswehr,Blancpain,17900,https://bulangandsons.com/products/blancpain-fifty-fathoms-3h-bundeswehr-w2900,https://cdn.shopify.com/s/files/1/0961/8613/8969/files/W-2900BlancpainFiftyFathomsBund286_1x1_18830cb2-5a6d-4315-9db5-3f1afb7afcb6.jpg?v=1762436560,"This is a rare and fascinating Blancpain Fifty Fathoms, crafted for the German Bundeswehr frogmen in the 1970s. These watches were not available for public sale but were exclusively issued! You'll notice that this watch departs from the typical Blancpain Fifty Fathoms appearance due to its unique bezel insert. Since the Bund divers used rebreathers and didn't require the graduated dive bezels seen on Rolex Subs, the insert is plain and numeral-free. It's uncommon to find one of these watches in such good and original condition, particularly with the bakelite bezel intact. This one has a crack at the tritium triangle at 12, a testament to its use as intended. The bakelite beneath the triangle is almost nonexistent, as this is a common stress point. The 41mm case is strong and features fixed strap bars, with a winding crown positioned at five o’clock. The case back displays the Bund engraving: 6645-12-171-41xx . The original hands contain tritium lume, showing a bit of “military life,” and they match well with the tritium hour markers, indicated by the 3H on the dial. We especially love the vibrant orange minute hand! It’s shown here on a single pass strap. The automatic movement has been thoroughly serviced by our watchmaker. Finding pieces like this in such condition is a rarity. This is indeed a special watch—please get in touch to experience this tool watch vibe on your wrist! Issued watches like this are true gems, and we’re thrilled about this find. Let’s chat and make a deal! Specifications: - Blancpain Fifty Fathoms - Issued to German forces (Bundeswehr) in the 1970s - Serial 12XX - Military case back engravings: 6645-12-171-41xx - Steel 41mm case - Black dial with 3H marking - Original blank bakelite bezel insert - Original funky hands with orange minute hand - Comes on the pictured Bulang and Sons single pass strap - Fully serviced by our watchmaker - One-year mechanical warranty - Includes a handmade leather watch pouch - Free worldwide FedEx Priority shipping",Bulang & Sons,2025-08-26,False
IWC Da Vinci Perpetual Calendar Silver Dial Ref. IW375803,IWC,9900,https://bulangandsons.com/products/iwc-da-vinci-perpetual-calendar-silver-dial-ref-iw375803-w2951,https://cdn.shopify.com/s/files/1/0961/8613/8969/files/W-2951IWCDaVinciPerpetualcalendarchronographSilverdialrefIW375803_007_1x1_31b1288b-aac6-44d2-addc-de5956cf5913.jpg?v=1762436508,"The IWC Da Vinci line emerged in 1969 with the introduction of the very first IWC Da Vinci, equipped with the infamous Beta 21 quartz movement. However, the watch we have at hand is a very different kind of timepiece! The first significant evolution of the collection occurred in 1985 with what is undoubtedly the most famous version: the Da Vinci Perpetual Calendar (Ref. 3750). This model was created under the technical guidance of Kurt Klaus, while Günter Blümlein served as CEO of IWC. The launch of this watch is quite significant, and the context warrants explanation. During the early 1980s, the Swiss watch industry faced massive changes. Interest in quality mechanical timepieces—ranging from simple three-hand watches to complex pieces—was limited to a small group of collectors and enthusiasts. Wearers of mechanical watches were rare and often perceived as “old-school” or “outdated.” While sales representatives from historic brands like IWC attempted to convey the beauty of mechanical movements and the dedication of watchmakers in crafting fine timepieces, clients were captivated by the slim and precise electronic quartz watches. At the Basel Watch Fair in 1985, a new watch was introduced that combined striking design with a complex perpetual calendar chronograph movement (the ancestor of the watch we have today): the Da Vinci Perpetual Calendar (Ref. 3750). This watch, the first in the new Da Vinci collection, is the result of designer Hano Burtscher’s vision, featuring a round design with articulated swivel lugs. More importantly, this watch symbolizes the resurgence of complex mechanical movements. At the end of the 1970s, Kurt Klaus developed a perpetual calendar module that allowed all settings to be made via the crown, easily attachable to almost any movement—from a simple three-hander to a chronograph. Our watch is based on this design language and movement, featuring a nicely sized 41mm steel case with “mushroom” pushers. There is a lot to take in when looking at the dial: it features a white background with painted Arabic numeral hour markers, a 12-hour chronograph, a perpetual calendar displaying the day, date, month, and four-digit year, as well as a moonphase! All of this is protected by a sapphire crystal. The moonphase has a lovely sparkle, a little detail we truly appreciate. All settings can be adjusted using the crown at 3 o’clock—a very ingenious design! This lovely IWC comes on a Bulang & Sons strap and has been fully serviced by our watchmaker. We believe this is a steal at this price—just look at what you're getting in this range. Let's get a great deal done! Specifications: - IWC Da Vinci Perpetual Calendar - Reference IW375803 - Dates to 2004–2006 - 41mm steel stepped case with swivel lugs and “mushroom” pushers - White/silver dial with day, date, month, and four-digit year display in English, with black Arabic numerals - Chronograph, perpetual calendar, and moonphase - Luminous hands - IWC Calibre C.79261 automatic moveme",Bulang & Sons,2025-08-26,False
Rolex Oyster Perpetual Date Black Sigma Dial Ref 1500,Rolex,4500,https://bulangandsons.com/products/rolex-oyster-perpetual-date-black-sigma-dial-ref-1500-w2969,https://cdn.shopify.com/s/files/1/0961/8613/8969/files/W-2969RolexOysterPerpetualDateBlacksigmadialref1500_144_1x1_15181af5-8964-4ede-a79d-9efafa042ed4.jpg?v=1762936199,"The Rolex Date reference 1500 is a classic 34mm model that has gained increasing attention from collectors over the past year. We’re offering a beautiful example with a matte black Sigma dial in excellent condition, featuring crisp white text and rich, vibrant lume. The term ""Sigma"" refers to the small Greek sigmas that appear on either side of the ""T SWISS T"" text on Rolex dials from the early 1970s. These sigmas indicate that the hour markers are made of white gold, a sign of quality craftsmanship. The case remains strong and in great shape all around. The watch is paired with a rivet-link Oyster bracelet (reference 7205), featuring a clasp stamped '4 69' and matching reference 57 endlinks. The watch has been fully serviced by our watchmaker. We always try to keep a good stock of cool steel Rolexes. Please get in touch and let us help you find your perfect one! Specifications: - Rolex Oyster Perpetual Date Reference 1500 - 34mm steel case - Serial 373XXXX dating to 1974 - Black Sigma dial, white text - Oyster bracelet 7205 with 57 endlinks - Fully serviced by our watchmaker - One-year mechanical warranty - Free worldwide FedEx Priority shipping",Bulang & Sons,2025-08-26,False
"Lemania Monopusher Chronograph 6BB ""Asymmetric Case"" Military Chronograph Black Dial",Lemania,5900,https://bulangandsons.com/products/lemania-monopusher-chronograph-6bb-asymmetric-case-military-chronograph-black-dial-w2930,https://cdn.shopify.com/s/files/1/0961/8613/8969/files/W-2930LemaniamonopusherChronograph6bb924asymmetriccasemilitarychronographblackdial_239_1x1_8eac46be-b6b7-4674-a6a0-d02baaa1a11e.jpg?v=1762436477,"Lemania, established in 1884, is one of the most respected names in vintage chronographs. Known for their robust and reliable chronograph movements, Lemania has earned a lasting legacy, especially through their collaborations with Omega, Patek Philippe, and Breguet. Their military-issued watches, designed for extreme environments, exemplify the true essence of a tool watch. This particular Lemania monopusher chronograph is a remarkable example of military-issued timepieces. The 38mm asymmetric steel case features a crown guard on the right side, protecting the crown and pusher from damage. The case is in fantastic condition, and the case back bears military engravings, including ""6BB-944-3306,"" signifying its initial issuance to the Royal Air Force. Later, it was used by sailors and submarine personnel in the Royal Navy. The black dial is non-lumed (a feature to avoid any radiation exposure in submarines), and it is adorned with orange lume for a vintage touch. The syringe hands and ""circle T"" for Tritium designation give it a distinctly military feel, while the dial also features the iconic ""King's Cross"" marking. The watch has a hand-wound Lemania Caliber 2220 movement, which has been fully serviced by our watchmaker for optimal performance. This military chronograph is paired with a single-pass strap, as per MOD regulations, and remains a fascinating and historically significant piece. Specifications: - Lemania Monopusher Chronograph ""6BB"" - 38mm steel asymmetric case with fixed lugs - Case No. 5xx / 70, dating to 1970 - Military engravings on caseback, issued to the GB armed forces - Black broad arrow dial with luminous Arabic numerals - Syringe hands - Lemania Caliber 2220 movement - Comes on a single-pass strap (per MOD rules) - Fully serviced by our watchmaker - One-year mechanical warranty - Free worldwide FedEx Priority shipping",Bulang & Sons,2025-08-26,False
Gerald Genta “Succes“ Day Date Moon-Phase Cream Dial in 18 k yellow gold ref G2747 43,Gerald Genta,10500,https://bulangandsons.com/products/gerald-genta-succes-ref-2747-day-date-moonphase-in-18k-yellow-gold-w2809,https://cdn.shopify.com/s/files/1/0961/8613/8969/files/W-BC11_1_93c8bd0a-ed9e-4361-b7af-a45b64210e48.jpg?v=1762962527,"We are happy to offer you guys this exceptional Gerald Genta 'Success' Day Date Moon-Phase in 18kt yellow gold. This is a very interesting and special watch that dates to the 1980s by Gerald Genta (read our article on him here ), as you might know Genta designed not only the big guns (the Royal Oak and Nautilus) but also these very cool shaped so called “Success“ watches. Featuring a distinctive rounded octagon case, a nod to Genta's love of this form. This watch measures 33mm across, with setting pushers, vendome style lugs discreetly placed on the side of the case, emphasizing its sleek design. It displays four subdials: three dedicated to the day and calendar functions and one at the 12 o’clock position showcasing the moon-phase, while the 6 o’clock sub dial shows a second time zone. All set against a non-luminous cream white dial with matching hands. The calendar is in Italian and the crown has a beautiful black cabochon . This one comes on a nice Bulang and Sons strap with an 18 k yellow gold Genta buckle.The automatic movement has been fully serviced by our watchmaker. Visit us at the Bulang and Sons watch lounge for a private viewing or contact us to learn more about how this exceptional watch can set you apart this summer ! Specifications: - Gerald Genta Succes ref G 2747 43 - 31x 31 rounded octagon 18kt yellow gold case - Day date calendar with four sub dials in Italian language - Automatic movement cal 2203 - Dating to the 1980s - Moon phase indicator at 12 o'clock - Non-luminous dial and hands - Bulang and Sons strap with Gerald Genta 18 k gold pin buckle - Fully serviced by our watchmaker - One-year mechanical warranty - Free worldwide Fedex Priority shipping",Bulang & Sons,2025-08-26,False
Piaget Altiplano in Rose gold Box and papers ref 903-1 Ex President Congres of Peru -Provenance,Piaget,4900,https://bulangandsons.com/products/piaget-altiplano-in-rose-gold-box-and-papers-ref-903-1-ex-president-congres-of-peru-provenance-w2832,https://cdn.shopify.com/s/files/1/0961/8613/8969/files/W-B586_1_5a6a7015-3438-4041-b656-57f7f013ccf2.jpg?v=1762436556,"We’re excited to offer you a watch with an interesting history—this sleek and stylish timepiece! At first glance, it seems like a classic rose gold Altiplano, but if you flip it over, you’ll find a special inscription: “Los diputados del Peru a su presidente Armando de la Flor Dic. 1961” This translates to: “The deputies of Peru, to their President Armando de la Flor, December 1961.” We believe this watch was a gift from the deputies to their President. Additionally, the watch comes with a Piaget-signed envelope addressed to ""Mr. Armando de la Flor, President of the Chamber of Deputies."" Plus the original certificate stating a delivery in 1961 to Lima, Peru.It also includes a rare Piaget presentation box, which we believe is a later addition, possibly a service box from Piaget. The watch itself is in great condition, featuring a no-lume dial, a beautiful 31mm pink gold case, and an ultra-flat hand-wound Caliber 9P movement, fully serviced by our watchmaker. Get in touch to make this “El Presidente” yours ! Specifications: - Piaget Altiplano in 18 k rose gold ref 903-1 in 31 mm - Movement no 580xxx dating to the early 1960s - No lume silver soleil dial - Caseback engraving confirming Ex President of the chamber of deputies of Peru provenance - Bulang and Sons strap - Handwound ultra thin cal 9p movement - Envelope from Piaget confirming the provence - Original Piaget Certificat confirming a delivery to Peru 1961 - Fully serviced by our watchmaker - One-year mechanical warranty - Free worldwide Fedex Priority shipping",Bulang & Sons,2025-08-26,False
"Girard Perregaux ""Richeville "" dresswatch silver sunburst dial ref 8445",Girard Perregaux,1700,https://bulangandsons.com/products/girard-perregaux-richeville-dresswatch-silver-sunburst-dial-ref-8445-w2849,https://cdn.shopify.com/s/files/1/0961/8613/8969/files/W-AC69_1_60a6a86e-cb37-46f8-9150-5f3733586bc5.jpg?v=1762436553,"Today, we have a charming 35mm steel dress watch from Girard Perregaux, one of the oldest still-existing watch manufacturers, in business since 1791! This model is called “Richeville” and was only made for a couple of years in the 1960s. As the story goes, the reason why GP stopped using this Richeville name is due to the American saying “Coming from Richville,” which is not very positive, BUT Gp started to revive the model again ! This watch features a beautiful silver soleil dial with unusual indexes at 6 and 9, and a date window at 3 o’clock with no lume. The watch is powered by a GP automatic movement and has been fully checked and regulated by our watchmaker. The watch comes with the photographed Bulang and Sons strap. This ""Richeville"" is a refined, low-key dress watch that speaks volumes about your sophisticated taste. Don't miss out! Specifications: - Girard Perregaux “Richeville “ ref 8445 - 35mm steel case - Date function, funky indexes - Automatic GP 'Gyromatic ' movement - Silver sunburst dial with date function - Movement serial 321xxxx dating to the 1960s - Bulangandsons leatherstrap - Fully checked by our watchmaker - One-year mechanical warranty - Free worldwide Fedex Priority shipping",Bulang & Sons,2025-08-26,False
"Czapek Antarctique ""Passage de Drake"" Unique Silver Dial Full Set",Czapek,22500,https://bulangandsons.com/products/czapek-antarctique-passage-de-drake-silver-dial-full-set-w2745,https://cdn.shopify.com/s/files/1/0961/8613/8969/files/W-2745CzapekAntartiquePassagedeDrakeFullset_010_1x1_6a73b343-0598-4bb6-86ca-b66b55bdeba1.jpg?v=1762436590,"Czapek is a young yet highly respected independent watchmaker with an innovative business model based on crowdfunding, boasting over 200 shareholders. The brand's unique horizontal integration treats suppliers as partners, ensuring exceptional quality and collaboration. Until 2020, Czapek's collection was a homage to classic luxury, inspired by the designs of Czech-born watchmaker François Czapek. These timepieces exuded elegance and sophistication, appealing to connoisseurs of traditional watchmaking. In a bold move that redefined its identity, Czapek introduced the Antarctique—a luxury sports watch designed to make waves in the competitive market of integrated bracelet timepieces. The integrated bracelet features a three-row design with an easy-release system, allowing for quick changes to the included white rubber strap (unworn and included in the package). The bracelet seamlessly follows the lines of the case, with C-shaped middle links paying homage to the brand’s name. The first standout feature of this watch is its stunning dial, named “Stairway to Eternity.” This unique trapezoid dial motif, with its three-dimensional stamped surface, creates a captivating play of shadows. The technique, called Flinqué, adds a delightful touch. The dial itself was on request and is unique, it is a combination of the Antarctique and Passage de Drake series. Czapek will not make another one of these, so they told. The sword-shaped minute and hour hands and the splash of red on the seconds hand add to its three-dimensionality. The second highlight is the Calibre SXH5, visible through the display caseback. It features a platinum micro-rotor and impeccable finishing, creating a striking contrast. The movement boasts a modern yet intricate design, with hand-finished chamfered inner angles and meticulously detailed flanks. The watch is in pristine 10/10 condition and comes with its Czapek outer box and a stunning handmade inner box that doubles as a workshop for changing straps and adjusting the bracelet. The package includes slots for screwdrivers (for bracelet adjustment), an unworn Czapek rubber strap, a booklet, and the “Czapek Passport” stating the case number and the name of the watchmaker who built the watch. These watches were made to order, limited to one watch per day in 2021. Czapek also gives the option for a custom engraving. This watch was engraved with the coordinates of Ernest Shackleton’s shipwreck, named ‘The Endurance’. Ernest Shackleton lead multiple Arctic expeditions, leaving behind astounding world famous stories. An Arctic Explorer given stage on the back of this Czapek Antarctique, the former owner had a feeling for the finer things.. The watch has been fully checked by our watchmaker and is still under the three-year warranty offered by Czapek. Discover the elegance and innovation of Czapek with the Antarctique ""Passage de Drake,"" a watch that combines modern sophistication with timeless craftsmanship. Specifications: - Czapek Antarctiq",Bulang & Sons,2025-08-26,False
Tudor Prince Oysterdate Salmon Dial Ref. 9016/0,Tudor,3100,https://bulangandsons.com/products/tudor-prince-oysterdate-salmon-dial-ref-9016-0-w2837,https://cdn.shopify.com/s/files/1/0961/8613/8969/files/W-2837TudorprinceoysterdateSalmondialref90160_232_1x1_e8000583-c658-4e8d-83d1-94b729b1a93f.jpg?v=1762436554,"We love to offer you guys rarely seen Tudor oysters , and in this case we have an oysterdate in classic 34 mm sizing with a rare Salmon colored dial! The case and unusual engine turned bezel are in nice condition as well, as the Rolex folded oyster ref 7835 is. The show stopper though is the color of the dial, we love this hue! A lovely piece for in the summer. It really comes alive when the sun hits the dial. We believe the hands are relumed with tritium in the past. The movement itself is fully serviced by our watchmaker. Get in touch to have a talk about this one and get a deal done ! Specifications: - Tudor Oysterdate ref 9016/0 - 34 mm steel case - Serial 709xxx dating to 1970 - Salmon dial with Shield logo - Rolex Oyster bracelet ref 7835 with endlinks 357 and clasp stamped “b” - Fully serviced by our watchmaker - One-year mechanical warranty - Free worldwide FedEx Priority shipping",Bulang & Sons,2025-08-26,False
Blancpain Fifty Fathoms 3H Bundeswehr,Blancpain,17900,https://bulangandsons.com/products/blancpain-fifty-fathoms-3h-bundeswehr-w2813,https://cdn.shopify.com/s/files/1/0961/8613/8969/files/W-2813Blancpainbundeswehr_008_1x1_979b556f-d8aa-4d22-8efe-2e5e98f26fd0.jpg?v=1762436587,"This is a very rare and interesting Blancpain Fifty-Fathoms that was made for the German Bundeswehr frogmen in the 1970s. These watches were never commercially available, only issued ! You will notice this watch doesn't look like your stereotypical Blancpain Fifty Fathoms, due to the bezel insert. The Bund divers were using re breathers so didn’t need the gradiated dive bezels we know from Rolex Subs and so the insert was plain , without numerals.. It is very unusual to find one of these watches in good and original condition, especially the bakelite bezel . This one cracked at the tritium triangle at 12 , so it actually is a proof of use as intended- the bakelite under the triangle is almost not existent so this is were they all crack normally ! The 41mm case is very strong all-round and has fixed strap bars and a winding crown at five o’clock. The case back has the Bund engraving: 6645 -12-4162. The original hands contain tritium lume ( with some “military life on them “ ) that are good match with the hour plots, which are tritium as denoted by the 3H on the dial. We really love the funky orange minute hand ! Coming on the photographed Nato strap. The Automatic movement has been fully checked and regulated by our watch maker . Finding examples like this in this condition is not easy, this is a very special watch indeed, please get i touch to get this tool vibe wrapped around your wrist ! We love issued watches and this is a great find. Let’s talk and do a deal! Specifications: - Blancpain Fifty Fathoms - Issued to German forces (Bundeswehr ) in 1970s - Serial 12xx - Miltary case back engravings - Steel 41mm case - Black Dial with 3H marking - Original blank bakelite bezel insert - Original funky hands with orange minute hand - Comes on the pictured Bulang and Sons nato strap - Fully checked by our watchmaker - One-year mechanical warranty - Free worldwide Fedex Priority shipping",Bulang & Sons,2025-08-26,False
Jaeger-LeCoultre Geophysic 1958 Rose Gold with Box and Papers Ref JL Q8002520,Jaeger Lecoultre,13900,https://bulangandsons.com/products/jaeger-lecoultre-geophysic-1958-rose-gold-with-box-and-papers-ref-jl-q8002520-w2766,https://cdn.shopify.com/s/files/1/0961/8613/8969/files/W-27C8_1.jpg?v=1764149412,"We are delighted to be offering this amazing Jaeger-LeCoultre Geophysic 1958, a tribute to the original 1958 model, crafted in stunning rose gold and limited to just 300 pieces. The original Geophysic was first of all This limited edition for the 125 th anniversary of JLC and second was the world’s first ""International Geophysical Year.""This was an effort put forth and supported by different nations to encourage scientific exploration and experimentation in the fields related to geophysics, such as , radioactivity ,seismology, electromagnetism , and solar activity. These watches were sturdy and extremely precise ; as the watches were used in extreme conditions ( as for example in extreme electro magnetism laboratories and even on the first nuclear submarine !) offers a perfect blend of historical details in a contemporary luxury watch that we know you’ll all love! The 38.5mm rose gold case remains in outstanding condition. The watch houses a white dial, with Arabic numerals at 3, 6, 9, and 12 with stick markers and a simple minute track and striking sword hands. A cool detail is the lume plots on the rehaut, mirroring the design of the 1950s original. Ofcourse this has also the anti-magnetic cage as the original had . This watch comes with a lightly used JLC strap and an 18k rose gold pin buckle, presented in a substantial inner and outer box that includes a beautifully crafted JLC loupe inside. An envelope containing the booklet and the original guarantee certificate, which confirms a sale in Germany in 2015, accompanies this watch. The JLC cal 898/1 movement has been fully checked and regulated by our watchmaker. Visit us at our watch lounge or arrange a call to discuss more about this amazing, limited edition JLC! Specifications: - Jaeger-LeCoultre Geophysic 1958 - 38.5mm rose gold case - JLC caliber 898/1 automatic - anti - magneic inner caseback - Serial number 305xxxx dating to 2015 - White dial with Arabic numerals and stick markers - Lume plots on rehaut as per the 1950s design - JLC strap with 18k rose gold pin buckle - Large box set including JLC branding and original documents - Sold in Germany, 2015 - Fully checked by our watchmaker - One-year mechanical warranty - Includes a handmade leather pouch - Free worldwide FedEx Priority shipping",Bulang & Sons,2025-08-26,False
Rolex Day-Date Yellow Gold Champagne Diamond Dial Ref 1804,Rolex,22900,https://bulangandsons.com/products/rolex-day-date-1804-champagne-dial-18k-yellow-gold-w2715,https://cdn.shopify.com/s/files/1/0961/8613/8969/files/W-5D4A_1_6069d40d-eb3a-46ce-b55d-d0307c81615f.jpg?v=1762437237,"The Day-Date has always been a popular watch here at Bulang and Sons and we are always delighted to offer something a little different such as this very cool reference 1804, the ‘4’ denoting the diamond bezel. The other interesting element is the champagne dial that has diamond hour markers. Diamonds really are forever! This classic 36mm yellow gold Day-Date is in lovely condition with a good strong case. The diamond bezel is original Rolex factory set. The watch houses a champagne dial with diamond set hours that are larger than at 6 and 9 o’clock then a “normal “ ref 180x Day-Date. The day disc is in English. The watch will come on a concealed clasp President bracelet that will fit a wrist size up to 18.5cm. The slow-set movement has been fully serviced by our watchmaker. We love Day-Dates and love sharing our passion with all you watch lovers. Contact us to talk about this cool piece! Specifications: - Reference 1804 - 36mm white gold case - Diamond set bezel - Serial 406xxxx dating to 1975 - Champagne diamond set pie-pan dial - English date disc - Concealed clasp President bracelet - Fully serviced by our watchmaker - One-year mechanical warranty - Includes a handmade leather watch pouch - Free worldwide Fedex Priority shipping",Bulang & Sons,2025-08-26,False
Boucheron Art Deco Pencil Watch,Boucheron,4500,https://bulangandsons.com/products/boucheron-art-deco-pencil-watch-w2649,https://cdn.shopify.com/s/files/1/0961/8613/8969/files/W-2649BoucheronArtdecoPencilwatch_103_1x1_4901a1ac-244b-45ab-a23b-2a4458548024.jpg?v=1762437086,"Founded in 1858 by Frédéric Boucheron, the House of Boucheron is a luxury retailer that specializes in beautifully crafted watches, jewelry, and accessories from its prestigious flagship location on Place Vendome in Paris. The brand's creations are celebrated for their elegance and innovation, including groundbreaking designs like the clasp-less necklace and the integration of diamonds with pearls. This is an interesting pencil in Chinese lacquer with a hidden watch in the top half. The pencil remains in excellent condition. The top section of the pencil houses a small watch with manual wind movement, with winding crown to the right. The black dial has gold printing in an Art Deco style. The watch can be concealed by rotating the barrel of the pencil. This cool object d’art comes in its original Boucheron box from Bond Street London. Our watchmaker has fully serviced the movement. This is a lovely horological gem for your desk. Get in touch and let’s draw up a sale! Specifications: - Boucheron Pencil Watch - Black Lacquer finish - Black dial with gold print - Gold hands - Manual wind movement - Fully serviced by our watchmaker - One-year mechanical warranty - Includes a handmade leather watch pouch - Free worldwide Fedex Priority shipping",Bulang & Sons,2025-08-26,False
Cartier Art Deco Pencil Watch with Concealed Lighter Sterling Silver,Cartier,11500,https://bulangandsons.com/products/cartier-art-deco-pencil-watch-with-concealed-lighter-sterling-silver,https://cdn.shopify.com/s/files/1/0961/8613/8969/files/W-2641CartierPencilwatchinSterlingsilverwithconcealedlighter_134_1x1_145620d9-f397-433e-806c-225810838e04.jpg?v=1762437084,"Cartier is one of the most revered makers of jewellery, watch and accessories. This particular item incorporates three features – it’s a pencil, a lighter and a watch! Imagine the guy who decided to go to Cartier to buy or order a pencil, with a watch plus a lighter to light up his cigars. Definitely an interesting and cool person! The pencil is made in sterling silver and remains in excellent condition. The top section of the pencil houses a small watch with manual wind movement, with winding crown to the right. The dial has Art Deco numerals and two blued hands. The lighter sits below the watch. The pencil comes in its original Cartier box and our watchmaker has fully serviced the movement. We love Cartier and enjoy sharing our knowledge and passion with you guys. Let’s talk! Specifications: - Cartier Pencil Watch - Sterling silver - Dates to the 1930s - White dial with painted Art Deco numerals - Blue steeled hands - Calibre FHF1 manual wind movement - Fully serviced by our watchmaker - One-year mechanical warranty - Includes a handmade leather watch pouch - Free worldwide Fedex Priority shipping",Bulang & Sons,2025-08-26,False
"Rolex Oyster Perpetual Date Black Dial Silver Print ""Upside Down"" Ref 1500",Rolex,5500,https://bulangandsons.com/products/rolex-oyster-perpetual-date-black-dial-silver-print-upside-down-ref-1500-w2625,https://cdn.shopify.com/s/files/1/0961/8613/8969/files/W-2625RolexDateblackdialsilverprintUpsideDown_684_1x1_0bb22b06-5fec-4327-9995-694603a46958.jpg?v=1762437211,"Today we have a cool and interesting 34mm Oyster to share with you. We’ve called this the Upside Down because the reference number is between the lugs at the six o’clock end of the watch and the serial number is at 12, then opposite to normal and so upside down! The 34mm Oyster is so much great value and fun and don’t be fooled by its size; it packs a big punch. This OP Date is in great condition and houses a beautiful black dial with silver text and unusual door-stop markers at six and nine. We believe that the hands have been relumed at some point. The case remains strong all round and the bezel is also very clean. This cool OP Date comes on a vintage Oyster rivet bracelet reference 7205 with 57 endlinks and clasp stamped ‘2 66’. The watch, which has a slow-set date, has been fully serviced by our watchmaker. We would love to help you find your next beautiful watch. Please get in touch with us and let us know what you’re looking for! Specifications: - Reference 1500 - 34mm steel case - Reversed serial and reference numbers - Serial 144xxxx dating to 1966 - Black dial with silver text - Oyster rivet bracelet 7205 with 57 endlinks - Fully serviced by our watchmaker - One-year mechanical warranty - Free worldwide Fedex Priority shipping",Bulang & Sons,2025-08-26,False
Tissot Navigator Chronograph Lemania Movement Ref 817,Tissot,7800,https://bulangandsons.com/products/tissot-navigator-chronograph-lemania-movement-ref-817-w2575,https://cdn.shopify.com/s/files/1/0961/8613/8969/files/W-2575TissotNavigatorChronograph817_216_1x1_f8ef4ad1-43dc-498a-9668-0446dcd29ca4.jpg?v=1762437327,"We love this Type XX style chronograph by Tissot. Featuring a rotating bezel for measuring elapsed time and a black dial with bold luminous Arabic hours, this watch has all the charm of a military chronograph that we know you guys love. And that bezel insert that has faded naturally of the decades just tops it off… Housed in a 40mm steel case the watch remains in really great minty condition with two pushers and a large winding crown, with a bi-directional bezel for measuring elapsed time. The bezel insert has faded beautifully over time to a ghost-like shade. The black dial has two sub dials and bold Arabic painted hours that have taken on a lovely patina. The dial has the so-called Box T logo and is signed T SWISS MADE T. This Tissot will come on the pictured Bulang and Sons strap. The Lemania calibre 827 manual-wind movement has been fully serviced by our watchmaker. This is a great looking and very rare chrono from a well-established brand. Please get in touch to start a conversation! Specifications: - Navigator Chronograph Ref 817 - 40mm steel case - Dates to late 1960s - Black dial with painted Arabic hours - Faded bezel insert - Lemania calibre 827 manual wind movement - Movement serial 250xxxx - Pictured Bulang and Sons strap - Fully serviced by our watchmaker - One-year mechanical warranty - Free worldwide Fedex Priority shipping",Bulang & Sons,2025-08-26,False
"Longines ""Chronostop"" Ref 5824",Longines,19900,https://bulangandsons.com/products/longines-chronostop-ref-5824-w2579,https://cdn.shopify.com/s/files/1/0961/8613/8969/files/W-2579LonginesChronostopref5824_226_1x1_93684983-c717-4b91-b708-54450a99da13.jpg?v=1762936345,"They say big is beautiful…well, it’s certainly true in this case! This is a very Collectible Longines monopusher watch with all the hallmarks of the brand’s dedication to offering interesting pilots’ watches in the mid-20th century, as demonstrated by the bold Arabic hours and large onion winding crown. The steel case measures a huge 47.5mm and has a single chronograph pusher. The black dial has luminous Arabic numerals, an inner rotating bezel calibrated to 60 minutes and two “running seconds” hands - one for counting seconds and the other one is actually a minute counter. The watch will come on the pictured Nato strap. The movement has been fully serviced by our watchmaker. The extract states that this watch was invoiced on 31 March 1951 to the company Knyath, which was at that time the agent for Israel. This is a super cool and still under the radar watch that we’re sure you guys will love. Please arrange a visit to our lounge or a call to discuss this lovely Longines some more! Specifications: - Longines Chronostop ref 5824 - 47.5mm case - Mono-pusher chronograph with large onion crown - Case number 2x - Black dial with painted hours and inner bezel - Calibre 1268Z stop second movement - Movement number 764xxxx dating to the early 1950s - With Longines Extract from the Archives - Comes on the pictured Nato strap - Fully serviced by our watchmaker - One-year mechanical warranty - Free worldwide Fedex Priority shipping",Bulang & Sons,2025-08-26,False
Rolex Oyster Precision 6426 Silver Dial FAP Issued Box and Papers,Rolex,7900,https://bulangandsons.com/products/rolex-oyster-precision-6426-issued-to-fuerza-aera-del-peru-w2248,https://cdn.shopify.com/s/files/1/0961/8613/8969/files/W-2248RolexOysterissuedtoFAPboxandpaper_011_1x1_4e09c483-09a3-463a-a756-9178a28cfa3c.jpg?v=1762437352,"This is a very cool but normal looking manual wind Oyster in the classic 34mm Oyster case. The watch was, however, issued to the Fuerza Aérea Peru, or FAP as collectors refer to it, the Peruvian Air Force. This military issued Oyster is the ultimate in stealth cool! The silver soleil dial has applied hour makers and coronet and has matching hands. The case back features the Fuerza Aérea Peru engraving and it also has the last three digits of the serial inside the case back, as you would hope to see with a special delivery watch. The watch also comes with the original guarantee paper,(..in Spanish language !) box and hang tag. The watch comes on a rivet Oyster bracelet reference 7205 in nice condition and has ref 57 endlinks and a clasp stamped ‘1 71’. This reference 6426 houses a manual wind movement that has been fully serviced by our watchmaker. ‌This is a lovely watch with an incredible history…exactly what we love at Bulang and Sons. Please get in touch to discuss any details and let’s do a deal. Specifications: - Reference 6426 - 34mm steel case - FAP case back engraving - Serial 223xxxx dating to 1970 - Sliver dial - Box, papers and hangtag - Oyster rivet bracelet reference 7205 with 57 endlinks - Fully serviced by our watchmaker - One-year mechanical warranty - Free worldwide Fedex Priority shipping",Bulang & Sons,2025-08-26,False
Omega Seamaster 300 2913/6 Broad Arrow,Omega,9900,https://bulangandsons.com/products/omega-seamaster-300-2913-6-w2321,https://cdn.shopify.com/s/files/1/0961/8613/8969/files/W-2321OmegaSeamaster300ref2913-6_007_1x1_1ac2d73a-a611-452f-9919-3e626efd2a9f.jpg?v=1762961590,"This is a lovely, early Seamaster 300 reference 2913/6 with the much-loved broad arrow hands and some superb signs of life that we believe really suits this cool tool! The 39mm straight-lug steel case is in good condition with some delightful signs of life. The dial is in good condition too and the radium hour markers have taken on a deep patina, as has the lume in the broad arrow hands. As is very common with these watches, the bezel has been restored at some point in its life. This SM300 diver is fitted with the pictured Bulang and Sons strap. The red gilded calibre 501 movement has been fully serviced by our watchmaker. We believe that these early Omega tool watches are still a great buy in today’s market and would love to discuss this more with you. Please get in touch and let’s chat! Specifications: - Seamaster 300 m ref 2913/7 - 39mm steel straight-lug case - 12-3-6-9 radium dial - road arrow hands and straight seconds hand - Red gilded calibre 501 movement - Mvt Serial 1646xxxx dating to 1958 - Bulang and Sons leather strap - Fully serviced by our watchmaker - One-year mechanical warranty - Free worldwide Fedex Priority shipping",Bulang & Sons,2025-08-26,False
Omega Railmaster ref 135004-63,Omega,9500,https://bulangandsons.com/products/omega-railmaster-ref-135-004-63-w2168,https://cdn.shopify.com/s/files/1/0961/8613/8969/files/W-2168OmegaRailmasterref135004_07_1x1_63af474a-624e-48c8-a10c-d3bd9ee85c56.jpg?v=1764703237,"Off the beaten path is a cool place to explore sometimes. Finding interesting and unusual vintage tool watches is something we love to do and offer to you guys. This one is very cool! This is an early example of the Railmaster, Omega’s professional series watch for those operating in environments of high magnetic fields. It’s the equivalent of the Rolex Milgauss or the IWC Ingenieur. Dating to 1963, the watch has a 38mm steel case, with extra thick dial (1mm thick instead of the usual 0.4mm) and special antimagnetic inner case back and the case back features a hippocampus. This Railmaster’s dial is in lovely original condition with stunning patina on the hour markers and crisp white text. The manual wind Calibre 286 movement has been fully checked and regulated by our watchmaker. Do you love this watch or are you looking for something similar? If so, get in touch and let us help you find your next beautiful timepiece. Specifications: - Reference 135004-63 - 38mm steel case - Dates to 1963 - 12-3-6-9 dial layout - Calibre 286 movement - Movement serial 2078xxxx dating to 1963 - Comes on the Bulang and Sons strap as pictured - Fully checked by our watchmaker - One-year mechanical warranty - Free worldwide Fedex Priority shipping",Bulang & Sons,2025-08-26,False
Certina 8721.1 Dress Watch in Steel Glossy Black Dial,Certina,1700,https://bulangandsons.com/products/certina-8721-1-dress-watch-in-steel-glossy-black-dial-w1890,https://cdn.shopify.com/s/files/1/0961/8613/8969/files/W-1890CertinaDresswatch_8_1x1_9308dcc9-52e5-4cf1-ae42-06275911026f.jpg?v=1762437447,"Radium Arabic hours and all the class… We love finding unusual and accessible vintage watches and this classic Certina would be ideal for the new vintage fan or equally for a collector with a sharp eye for vintage design. This 1940s dress watch has a 34mm steel case in great condition with a screw case back and anti-magnetic soft iron inner case back. The glossy black dial has radium painted Arabic numerals and silver print and a small seconds in the lower half. The pencil hands we believe may have been relumed at some point. The Certina-signed Kurth Freres movement, KF 320, has been fully serviced by our watchmaker. Specifications: - Certina D8721.1 - Dates to 1940s - 34mm stainless steel case - Black glossy dial with radium Arabic hours - Certina KF 320 manual wind movement - Comes on the pictured leather strap - Fully serviced by our watchmaker - One-year mechanical warranty - Free worldwide Fedex Priority shipping",Bulang & Sons,2025-08-26,False
Rolex Submariner Date Ref. 1680 “Libyan MilSub”,Rolex,28900,https://bulangandsons.com/products/rolex-submariner-date-ref-1680-libyan-milsub-w3269,https://cdn.shopify.com/s/files/1/0961/8613/8969/files/W-3269RolexSubmariner1680millitary_007_1x1_c8602a00-323f-4841-83d7-6ea7c49ff925.jpg?v=1762435545,"We are happy to offer one of the few known examples of the Libyan MilSub 1680. Military Submariners are among the most sought-after watches, and this is one of the rarest—we’ve seen fewer than a handful. The case remains in excellent condition and, importantly, the inside features the full serial number engraved in the correct, accepted font. This was done by Rolex in Geneva for special-order watches such as MilSubs, Comex pieces, and other important references. The case back bears an Arabic inscription that translates to: “Armed Forces Military Shop.” The watch is fitted with a matte Mk2 dial in great condition, featuring a lovely yellow patina on both the hour markers and hands. It also boasts a beautifully faded blue bezel insert that adds vintage character and charm. We received the watch fitted with a non-cyclops plexi crystal—and since we love the look, we decided to leave it just as it is! The solid link Oyster bracelet (reference 93150) is in very good condition, with a clasp stamped ‘S 9’ and 580 end links. The watch has been fully serviced by our watchmaker. We love vintage Rolex; it’s one of the cornerstones of Bulang and Sons. We would love to discuss this watch in more detail with you and share our passion. Get in touch and let’s talk. Specifications: - Rolex Submariner Date Reference 1680 - Issued to the Libyan military “MilSub” - 40mm steel case - Arabic language military engraving on case back - Full serial inside case back in correct fonts for special order pieces - Serial 571xxxx dating to 1978 - Mk2 matte black Submariner Date dial with lovely yellow patina - “no loupe” plexiglass fitted - Faded-to-blue fat font bezel insert - Oyster bracelet 93150 with 580 end links - Fully serviced by our watchmaker - One-year mechanical warranty - Free worldwide FedEx Priority shipping",Bulang & Sons,2025-08-26,False
Rolex Oyster Perpetual Air-King Gilt dial in 9k yellow gold ref. 1002,Rolex,10900,https://bulangandsons.com/products/rolex-oyster-perpetual-air-king-gilt-dial-in-9k-yellow-gold-ref-1002-w3429,https://cdn.shopify.com/s/files/1/0961/8613/8969/files/W-3429RolexOysterPerpetualAir-KingGiltdialin9kyellowgoldref1002_194_1x1_4297d145-e0ed-48ff-b722-592af1b9a4df.jpg?v=1762352228,"Guys, look at this watch! Is this über-rare beauty not the most Calatrava-esque Rolex ever? Just look at it! A stunning 9kt gold case—presumably made for the UK market—with an elegantly machined bezel, high-gloss gilt dial, applied Rolex script, arrow markers, and those iconic applied 3/6/9 Arabic numerals. And let’s not forget that super cool Air-King font and the sharp dauphine hands. What more could you possibly wish for in a time-only watch? Well look at that super cool hand engraving on the case back : “To Fred on his 21st from Mom and Dad 4-1-1968” ,we love it ! Fitted with a Bulang and Sons leather strap and fully checked and regulated by our watchmaker, this elegant Air-King is ready to leave a lasting impression. Don’t blink—because rare pieces like this tend to disappear faster than you can say ""King of the air."" Specifications: - Rolex Reference Air-King reference 1002 - 34mm 9 k yellow gold case with machined bezel - Serial 1124xxx dating to 1965 - Black glossy gilt dial, with Applied Rolex and 3/6/9 , arrow markers - Lovely case back engraving - Bulang and sons leather strap - Automatic movement - Fully checked by our watchmaker - One-year mechanical warranty - Free worldwide Fedex Priority shipping",Bulang & Sons,2025-10-06,False
Cartier Santos Dumont Black Lacquered ref. WSSA0046 Box and Paper Set,Cartier,6350,https://bulangandsons.com/products/cartier-santos-dumont-black-lacquered-ref-wssa0046-box-and-paper-set-w3823,https://cdn.shopify.com/s/files/1/0961/8613/8969/files/W-3823CartierSantosDumontBlackLacqueredrefWSSA0046boxandpapersset_010_1x1_ccf8e3c6-baa4-4077-a0a3-f308ee385d55.jpg?v=1780657239,"The Cartier Santos holds a truly special place in watchmaking history. At the beginning of the 20th century, pioneering aviator Alberto Santos-Dumont complained to his close friend Louis Cartier that pocket watches were impractical to use while flying. In response, Louis Cartier designed a watch that could comfortably be worn on the wrist — creating what is widely considered one of the world’s very first purpose-built wristwatches for men. Equally revolutionary was its design. At a time when nearly all watches featured round cases, the Santos stood apart with its distinctive square shape, exposed screws, and clean geometric lines — elements that would later become defining signatures of Cartier watchmaking. Over the decades, the Santos evolved into one of Cartier’s most iconic collections, balancing elegance, innovation, and everyday wearability. Within the modern range, the Santos-Dumont represents the collection’s more refined and classical side, staying closest in spirit to the original early aviation watches through its slim profile, elegant proportions, and understated design language. The Cartier Santos-Dumont presented here features a fully stainless steel case measuring 31.5 mm wide, 43.5 mm lug-to-lug, with a cabochon topped crown . Cartier classifies this as a “Large” model, though by modern standards it remains wonderfully elegant and restrained in size — exactly as a Santos-Dumont should be. What makes this watch so appealing on the wrist is the way Cartier combines compact proportions with remarkable presence and refinement. The slim profile allows the watch to sit beautifully under a cuff, while the iconic square case architecture gives it far more visual impact than the measurements alone might suggest. A particularly striking detail is the layer of glossy black lacquer surrounding the bezel and upper case surfaces. This subtle contrast adds depth, sharpness, and a distinctly Art Deco character to the design, beautifully emphasizing the Santos-Dumont’s clean geometric lines and timeless elegance. The deep black lacquered dial immediately draws the eye through its beautifully sculpted surface, featuring an engraved geometric pattern that creates a subtle three-dimensional effect depending on the light. Applied Roman numerals rise elegantly from the dial, adding both depth and unmistakable Cartier character. Complementing the architecture of the dial are the signature sword-shaped hands, whose sharp lines perfectly echo the refined geometry of the numerals and case design. Encircling the dial is a finely printed railway minute track — a classic Cartier detail. The watch comes on its original Cartier alligator strap, with a steel Cartier esque pin buckle attached. Furthermore this watch comes with its original inner and outer boxes , the original invoice and the Cartier guarantee card stating sale in sept 2023. Powering the watch is the manually wound Cartier Calibre 430MC, a movement that offers a wonderfully smooth winding experienc",Bulang & Sons,2026-06-05,False
Rolex Datejust 1601 Grey Sigma Dial,Rolex,5700,https://bulangandsons.com/products/rolex-datejust-1601-grey-sigma-dial-w3792,https://cdn.shopify.com/s/files/1/0961/8613/8969/files/W-3792RolexDatejustGreysigmadialref1601_009_1x1_af29a673-2da5-40de-a0a3-fe6329828939.jpg?v=1781008852,"The Rolex Datejust was unveiled in 1945 to commemorate the 40th anniversary of Rolex and quickly became one of the most influential wristwatches ever produced. As the world’s first self-winding waterproof chronometer wristwatch with an automatically changing date display, the Datejust introduced a level of practicality and refinement that would shape the future of modern watchmaking. More than 80 years later, it remains one of Rolex’s most enduring and recognizable models. This classic 36 mm marvel has a case in great condition with thick and even lugs with a lovely fluted white gold bezel fitted. This example also has a sigma dial, which has solid gold hour markers…a real golden treat! The grey soleil-finish dial in this example is superb with crisp white text and sigma markings at the bottom edge, signifying that the applied hour markers and coronet are in 18kt white gold. This DJ comes on a folded link Jubilee bracelet, reference 6251H, with 55 end links and a clasp marked ‘L4’. The slow set movement has been fully serviced by our watchmaker. Do you love Datejust as much as we do? We always keep a strong stock of them, so get in touch to discuss any of them today! Specifications: Rolex Datejust Reference 1601 36mm steel case, plexi-crystal White gold fluted bezel Serial 360xxxx dating to 1974 Grey soleil pie-pan style Sigma dial, white printed text Slow set movement Jubilee bracelet 6251H with 55 end links Fully serviced by our watchmaker One-year mechanical warranty Free worldwide Fedex Priority shipping",Bulang & Sons,2026-06-09,False
Rolex Datejust 1600 Metallic Silver Dial,Rolex,5500,https://bulangandsons.com/products/rolex-datejust-matte-silver-dial-ref-1600-w3796,https://cdn.shopify.com/s/files/1/0961/8613/8969/files/W-3796RolexDatejustMattesilverdialref1600_180_1x1_9e4ee4b9-c9bb-4052-a084-3701d779f94a.jpg?v=1781263227,"The Rolex Datejust was introduced in 1945 to mark Rolex’s 40th anniversary and quickly became one of the most influential wristwatches ever produced. Remaining in continuous production ever since, the Datejust stands today as one of the longest-running, most recognisable, and most successful watch collections in the world. At the time of its launch, the Datejust represented a major technical achievement as the world’s first self-winding waterproof chronometer wristwatch with a date display that changed automatically at midnight. Combining reliability, elegance, and everyday practicality, it laid the foundation for the modern calendar wristwatch as we know it today. We always try to keep a selection of these iconic watches in stock, and this particular example truly ticks all the right boxes for us. The classic 36 mm Oyster case remains in lovely condition and is fitted with the correct smooth bezel for this rarer reference — a detail that gives the watch a slightly sportier and more understated appearance compared to its fluted counterparts. The silver dial is particularly attractive, featuring a rarer matte, non-soleil finish that gives the watch a wonderfully soft and restrained character. The pie-pan dial further features warm cream-coloured lume plots and crisp black printed text, creating a beautiful vintage aesthetic throughout. The watch is fitted with a folded Rolex Oyster bracelet, reference 7836, complete with end links stamped 258 and a clasp dated “3 71.” We have always loved the combination of a smooth bezel together with an Oyster bracelet on a vintage Datejust. It gives the watch a more relaxed and versatile personality — balancing elegance with a subtle sporty edge. The watch and its slow-setting movement have been fully serviced by our watchmaker and are ready to be enjoyed for many years to come. A beautifully balanced Datejust with a slightly sportier edge , get back to us to get you this! Specifications: Rolex Datejust reference 1600 36 mm steel case , plexi crystal Serial 239xxxx dating to 1970 Matte, non soleil finish pie-pan dial, black text Smooth bezel Rolex Oyster 7836 with end links 258 Fully serviced by our watchmaker One-year mechanical warranty Free worldwide FedEx Priority shipping",Bulang & Sons,2026-06-12,False
Patek Philippe World Time ref 5130R Guilloché Dial in 18k Rose Gold with Box and Papers,Patek Philippe,35900,https://bulangandsons.com/products/patek-philippe-world-time-ref-5130r-guilloche-dial-in-18k-rose-gold-with-box-and-papers-w3642,https://cdn.shopify.com/s/files/1/0961/8613/8969/files/W-3642PatekPhilippeWorldtimeref5130Rwithboxandpapers_274_1x1_244b1467-2899-4b65-a987-9b947955d407.jpg?v=1778666700,"The story of the Patek Philippe World Time complication begins with Louis Cottier, a Geneva watchmaker who invented the modern world time mechanism in the early 1930s. His system allowed the wearer to read the time in 24 time zones simultaneously, using a central hour and minute hand, a rotating 24-hour ring, and a city ring representing major world cities. Patek Philippe quickly recognized the brilliance of Cottier’s invention and, in 1937, introduced its first world time wristwatch: Ref. 96 HU (“HU” for Heure Universelle ). Over the following decades, Patek Philippe refined the concept with several legendary references. The Ref. 1415 HU of the 1940s and 1950s featured a larger case and improved legibility, while the Ref. 2523 HU of the 1950s is celebrated for its breathtaking cloisonné enamel dials depicting world maps. Today, the Ref. 2523 is considered the holy grail of Patek Philippe World Time watches, with exceptional examples achieving tens of millions at auction. From the 1970s until around 2000, Patek Philippe produced very few World Time watches, until the introduction of Ref. 5110, which marked the beginning of the modern World Time era. This reference remains a favorite here at Bulang & Sons—an icon that perfectly balances technical ingenuity with timeless elegance. Presented here is its successor, Ref. 5130R, with the “R” denoting its 18k rose gold case. Slightly larger than its predecessor at 39.5mm, the watch features a classic Calatrava-style case and a pusher at 10 o’clock that advances the local time by one hour while simultaneously rotating the city and 24-hour rings, all without disturbing the minute hand. A sapphire display case back reveals the Caliber 240/228 HU, powered by a refined 22k gold micro-rotor. The hands are the distinctive knife style, with a sharp minute hand and an expressive bubble hour hand—an elegant nod to historic World Time models. The dial is a true work of art, adorned with a beautifully executed guilloché pattern in tones that harmonize effortlessly with the warmth of the rose gold case. The outer city ring displays 24 cities, each representing a different time zone, allowing the wearer to travel the world at a single glance. The watch is paired with a beautiful Bulang & Sons leather strap and fitted with its original 18k rose gold Patek Philippe folding buckle. It comes complete with inner and outer boxes, booklets, the leather document holder, and the original Certificate of Origin, confirming its sale in 2007. Fully serviced by our watchmaker, this exceptional world timer is ready for many years of faithful service. More than a watch, this is a companion for a life well travelled — quietly marking time across continents, memories, and moments. Get in touch to make it yours ! Specifications: Patek Philippe World Time reference 5130R 39.5 mm 18k Rose gold case with display case-back Opaline colored dial with center guilloché World time 24 time zones display complication Case no 4437xxx / movement no",Bulang & Sons,2026-03-13,False
Rolex Datejust 16013 Champagne Dial in steel and yellow gold,Rolex,5400,https://bulangandsons.com/products/rolex-datejust-16013-champagne-dial-in-steel-and-yellow-gold-w3789,https://cdn.shopify.com/s/files/1/0961/8613/8969/files/W-3789RolexDatejustChampagnedialref16013_100_1x1_0ec69b3c-ad83-4658-9bca-bc891b3579a6.jpg?v=1780042047,"The Rolex Datejust is one of the most recognisable and enduring watch collections ever produced. Introduced in 1945 to celebrate Rolex’s 40th anniversary, it became the world’s first self-winding chronometer wristwatch to feature a date display in a window on the dial — a complication that would go on to define the model for generations to come. Presented here is a particularly cool example of a vintage two-tone, or “Rolesor,” Datejust. The watch remains in outstanding overall condition, retaining strong lugs, crisp proportions and a beautifully preserved case throughout. The yellow gold fluted bezel is equally sharp, catching the light exactly as it should. The champagne dial features a lovely soleil finish and is distinguished by unusually wider markers at 3 and 9 o’clock — a subtle detail that gives the watch a slightly more distinctive and playful appearance compared to standard configurations. The steel and gold Jubilee bracelet, reference 62523, remains in very good condition and is fitted with 455 end links and a clasp stamped “F3.” The watch and its quickset movement have been fully serviced by our watchmaker and are ready for many more years of enjoyment. Sharp bezel, champagne dial, timeless proportions , get in touch with us to talk about this charismatic Datejust. Specifications: Rolex Datejust Reference 16013 36mm steel and 18 k gold case case , plexi glass Serial 655xxxx dating to 1979 Champagne soleil finished dial , black text Jubilee bracelet 6523 with 455 end links Quick setting movement Fully serviced by our watchmaker One-year mechanical warranty Free worldwide Fedex Priority shipping",Bulang & Sons,2026-05-29,False
Patek Philippe Retrograde Perpetual Calendar 5059G Officer Case in 18k White Gold with Original Certificate of Origine,Patek Philippe,36000,https://bulangandsons.com/products/patek-philippe-retrograde-perpetual-calendar-5059g-officer-case-in-18k-white-gold-with-original-certificate-of-origine-w3583,https://cdn.shopify.com/s/files/1/0961/8613/8969/files/W-3583PatekPhilippePerpetualretrogradecalendarin18kwhitegoldref5059Gwithoriginalcertificateoforigine_23_1x1_4575111b-929b-4e69-949a-1a52ea01bc4e.jpg?v=1768385312,"Introduced in 1998, Reference 5059 was the first serially produced perpetual calendar wristwatch with a retrograde date ever made by Patek Philippe. It was also the first perpetual calendar model since the legendary References 2497 and 2438-1 to feature a sweep centre-seconds hand. The watch is distinguished by its 36 mm officier-style case, with elongated lugs secured by screwed bars, as well as a hinged case back incorporating a display window and correctors for the moon-phase and calendar functions. Powering the watch is the automatic Calibre 315, fitted with a 21-carat gold rotor. The white dial features black Roman numerals as hour markers, cut-outs for the perpetual calendar and moon-phase displays, and is topped with four elegant blackened hands. The captivating retrograde date is fully integrated into the perpetual calendar mechanism, with the date hand instantly “flying” back to 1 at the end of each month. This fine complication is fitted with an original Patek Philippe leather strap and an 18K white-gold Calatrava style folding clasp. Furthermore the watch is accompanied by its original certificate of origin, stating a sale in 2004, as well as a 2025 service invoice from an authorized Patek Philippe dealer. As a result, the watch remains under Patek Philippe warranty. Total production of the Ref. 5059 remained under 1,400 pieces, spanning 18K yellow, white, and rose gold, along with platinum. Notably, fewer than 400 white-gold examples were produced throughout its eight-year lifespan.. Retrograde, rare, conversation starter and ridiculously charming—just like you! Specifications: Patek Philippe Perpetual Calendar reference 5059G 36mm 18k white gold case with display/ hinged case-back Perpetual Calendar retrograde layout with moon phase, English language Automatic movement Cal.315 with 21k gold-rotor Movement no 323xxxx case no 421xxxx dating to the early 2000’s Patek Philippe leather strap with original Patek Philippe 18k white gold folding buckle Patek Philippe certificate of origin stating sale in 2004 2025 Patek AD service invoice Still under Patek' warranty Free worldwide FedEx Priority shipping",Bulang & Sons,2026-01-14,False
Rolex Submariner 14060 No-Date Tritium Dial,Rolex,7750,https://bulangandsons.com/products/rolex-submariner-14060-no-date-tritium-dial-w3766,https://cdn.shopify.com/s/files/1/0961/8613/8969/files/W-3766RolexSubmariner14060tritiumdial_1x1_111bae7f-d829-49c9-a83d-f30d0b1a9f7c.jpg?v=1781016011,"Introduced in 1988 as the successor to the long-running ref 5513, the 14060 carried the Submariner into a more modern era, while holding on to everything that made the earlier models so appealing. A sapphire crystal, updated movement, and unidirectional bezel brought practical improvements, yet the essence remained unchanged: a no-nonsense tool watch, pure in its design. This early two-line dial version has a certain charm to it. It echoes the simplicity of the 5513, yet feels a touch more contemporary—making it an easy companion for everyday wear, without the concerns that sometimes come with earlier vintage pieces. The glossy dial, signed “Swiss-T&lt;25,” indicates the use of tritium, and remains beautifully clean, with matching lume on both the hands and hour markers. The case is in strong condition, its crisp lines and overall presence. It is paired with a solid 93150 bracelet with 501B end links, showing very nice condition, and fitted with a clasp stamped “V5”.The watch has been fully serviced by our watch maker and is ready for upcoming years. The kind of Submariner that quietly does everything right , let us get you this one! Specifications: Rolex Submariner no-date reference 14060 40mm steel case Serial U30xxxx dating to 1997 Black bezel insert Swiss-T&lt;25 dial variant Bracelet reference 93150 with end links 501B Fully serviced by our watchmaker 1 year mechanical warranty Free worldwide Fedex Priority shipping",Bulang & Sons,2026-06-09,False
Cartier Tank Louis Rare Jaeger Movement in 18k yellow gold Paris Dial,Cartier,16750,https://bulangandsons.com/products/cartier-tank-louis-rare-jaeger-movement-in-18k-yellow-gold-paris-dial-pre-merger-w3555,https://cdn.shopify.com/s/files/1/0961/8613/8969/files/W-3555CartierTankLouisrareJaegerLeCoultremovementin18kyellowgoldwhiteParisdial_005-_1x1_7cf06360-a531-4ad7-9a12-0b1df70bf66f.jpg?v=1780657175,"Few manufacturers have shaped the aesthetics of watchmaking as profoundly as Cartier. Long before wristwatches became commonplace, the maison understood that a watch could be more than a mere instrument for telling time—it could be an expression of style, culture, and refinement. This philosophy gave rise to some of the most enduring and influential designs in horological history. Among them, the Tank stands as Cartier's defining creation. Inspired by the silhouette of military tanks viewed from above during the First World War, its distinctive rectangular case and parallel brancards introduced an entirely new approach to wristwatch design. Over a century later, the Tank remains one of the most recognizable and celebrated watches ever produced. What makes the Tank so remarkable is the contrast between its inspiration and its execution. Cartier transformed the powerful, utilitarian forms of military machinery into an object of elegance and restraint. The result was a design whose origins are almost impossible to detect beneath its timeless sophistication. Among the many iterations of the Tank, the Tank Louis Cartier is widely regarded as the purest expression of the concept. Introduced during the 1920s, it refined the original design through softer lines, gently curved brancards, and more graceful proportions. These subtle changes elevated the Tank from an innovative wristwatch into a true icon of elegance, creating the visual template that collectors immediately recognize today. Presented here is a particularly charming example dating from the early 1970s, crafted in 18k yellow gold and powered by a hand-wound movement supplied by Jaeger-LeCoultre, which is very rare. For many collectors, this detail is especially significant. During this period, Cartier relied on some of Switzerland's finest movement manufacturers, and the presence of a Jaeger-LeCoultre calibre adds an additional layer of desirability to an already exceptional watch. Vintage Cartier production during the 1960s & early 1970s was remarkably limited. Operating primarily through its independent boutiques in Paris, London, and New York, the maison produced watches in relatively small numbers, often with a highly artisanal approach. As a result, surviving examples from this era are considerably rarer than many collectors realize.. Cartier has never published comprehensive production records for this period. However, it is widely understood that watch production during the 1960s and early 1970's remained highly limited, experts estimate that they produced fewer than 100 to a few hundred Tank watches per year in the 1960s. The 30 x 23mm 18k yellow-gold case remains in lovely condition and is further distinguished by a beautifully hand-engraved caseback bearing the touching inscription: ""To Rodney... with each passing hour greater love and affection... Billie, December 25, 1973."" These personal engravings offer a glimpse into the lives of previous owners and add a romantic layer of prove",Bulang & Sons,2026-06-05,False
Vacheron Constantin Disco Volante in 18 k yellow gold ref 6508,Vacheron Constantin,9500,https://bulangandsons.com/products/vacheron-constantin-disco-volante-in-18-k-yellow-gold-ref-6508-w3613,https://cdn.shopify.com/s/files/1/0961/8613/8969/files/W-3613VacheronConstantinDiscoVolantein18kyellowgold_217_1x1_da4a12ae-47dc-461a-99ae-e6429b68705d.jpg?v=1777465955,"Founded in 1755 by Jean-Marc Vacheron in Geneva, Vacheron Constantin is the world’s oldest watch manufacturer in continuous operation. Known as part of the ""Holy Trinity"" of Swiss watchmaking, the brand merged with François Constantin in 1819, adopting the motto: ""Do better if possible, and that is always possible."" With a lineage stretching back centuries, the brand has been responsible for some of the most sophisticated and beautifully executed complications ever produced. At hand, we have a very ultra-thin and strikingly cool “Disco Volante,” or flying saucer. The 34mm 18k yellow gold case features hidden lugs and a hand-finished guilloché surface with a glorious red patina on the gold. The silver-colored dial is elegantly simple, with stick markers, no lume, and a mirror-like finish that reflects the hands. The stick hands are topped by a black Vacheron & Constantin signature, completing the refined look. This rare flying saucer has been paired with a thin leather strap and a uniquely shaped 18k gold Vacheron Constantin pin buckle. The ultra-thin caliber 1003 hand-wound movement has been fully serviced by our watchmaker and is ready for years of enjoyment. We love these Disco Volantes—they are effortlessly cool, lightweight on the wrist, and an absolute joy to wear. Take a closer look, and let’s have a conversation about this remarkable piece. Specifications: Vacheron Constantin “Disco Volante “ ref 6508 Dresswatch 34 mm, 18 k yellow gold case with hidden lugs, hand finished engraved Serial dates to the 1960's Silver dial , no lume , stick markers and hands set Calibre 1003 hand wound ultra thin movement Leather strap with original VC 18 k gold pin buckle Fully serviced by our watchmaker One-year mechanical warranty Free worldwide Fedex Priority shipping",Bulang & Sons,2026-03-25,False
Patek Philippe Golden Ellipse Porcelain dial in 18k yellow gold ref 3844J,Patek Philippe,12700,https://bulangandsons.com/products/patek-philippe-golden-ellipse-porcelain-dial-in-18k-yellow-gold-ref-3844j-w3643,https://cdn.shopify.com/s/files/1/0961/8613/8969/files/W-3643PatekPhilippeGoldenElipse_168_1x1_cf813958-8fb9-427d-9cbf-bf6007109ef2.jpg?v=1772784356,"Two thousand years ago, Euclid identified an enduring principle of aesthetic proportion known as the Golden Section. So perfect are its proportions that the Renaissance mathematician Luca Pacioli later named it De Divina Proportione —the ratio of 1 to 1.618, defining the precise point at which a line may be divided into two harmonious yet unequal lengths. Almost sixty years ago, Patek Philippe embraced this same principle of balance and elegance in the creation of the Golden Ellipse, a design that remains entirely unique within the brand’s portfolio. Presented here is a “TV-shaped” Golden Ellipse, reference 3844, crafted in 18k yellow gold. Measuring 33 x 33 mm, the case features short, elegant lugs and a discreet winding crown, resulting in a refined and perfectly balanced presence on the wrist. The porcelain dial is rich in detail and character. It features a delicate dotted - applied minute track, raised black enamel Patek Philippe signature, and sigma markings at six o’clock, indicating that the applied hour markers and sharp dauphine hands are executed in solid gold. Together, these elements create a dial of remarkable depth and quiet sophistication. The watch is paired with a beautiful Bulang & Sons leather strap . Both the watch and its hand-wound Caliber 215 have been fully serviced by our watchmaker, ensuring reliable performance for years to come. A watch guided not by trends, but by timeless proportion. An effortlessly cool dress watch — ready to be wrapped around your wrist. Specifications: Patek Philippe Reference 3844 Golden Ellipse 18K yellow gold case 33 x 33 mm (measured without the lugs) Rare Porcelain dial with no-lume, sigma markings ,“dot dot” minute track Dauphine hands Caliber 215 hand-wound movement Movement no 133xxxx case no case no 278xxxx dating to the early 1970's Bulang and sons leather strap Fully serviced by our watchmaker One-year mechanical warranty Free worldwide FedEx Priority shipping",Bulang & Sons,2026-03-06,False
Rolex Explorer 5504 “Super precision” Gilt Chapter-ring Dial,Rolex,20900,https://bulangandsons.com/products/rolex-explorer-5504-super-precision-gilt-chapter-ring-dial-w3369,https://cdn.shopify.com/s/files/1/0961/8613/8969/files/W-3369RolexExplorerGiltchapterringref5504Superprecision_007_1x1_dbf7b709-07e1-466a-a86e-8418be00dee5.jpg?v=1762434864,"The Explorer has long represented what many consider the perfect “one good watch” to own. Its clean design and understated versatility make it equally suited to everyday life and adventurous escapes. The reference 1016, in particular, holds a special place in watch history—produced for an impressive 29 years, from 1960 to 1989. With its modest 36mm case, no-date dial, and sharp black face—whether gilt or matte—it remains the quintessential vintage Rolex sports watch. Quietly iconic, the Explorer is the Rolex for those who appreciate substance over status. For many watch enthusiasts, including us at Bulang and Sons, a gilt dial Explorer with a chapter ring is the ultimate grail—and when people picture that, they usually think of the Rolex 1016. While this is not a reference 1016, it is the ref. 5504—often overlooked and perhaps even “a forgotten Explorer reference.” Unlike its “brother” reference 5500, which is 34mm, the 5504 retains the full 36mm case size. Let’s break down why this watch is such an interesting one: The 5504 is often mistaken for a 1016, and truth be told, the only real difference is that the 5504 was never chronometer-certified. At the time, this was Rolex’s way of offering a nearly identical model at a lower price point. (Or—depending on how you look at it—charging more for the 1016! 😉) When the 5504 Explorer was first produced in 1958, the chronometer-certified Explorer was actually the Rolex 6610, which used the older caliber 1030 movement that Rolex was beginning to phase out of its sports models. The 5504 was one of the first to feature the newer caliber 1530, which was also used in early Submariners of the time, including the legendary 5508 and 5510 “Big Crown” models—better known as the “James Bond” watches. This newer caliber was compact and highly precise, but it was built as more of a workhorse movement. That’s why it appeared in several non-chronometer models, including early Submariners, the later 5513, and the Air-King. This fine example features a beautiful gilt dial with a chapter ring, bold lume-filled numerals, and silver printing for ""Explorer"" and ""Super Precision."" The hands were replaced during a later service and are tritium—no longer glowing under UV light. The riveted Oyster bracelet (ref. 7206) has end links marked 80 and a clasp stamped 2/69. The watch has been fully checked and regulated by our watchmaker and is ready to “explore some more” in the years ahead! It wears beautifully on the wrist—classic and under-the-radar, never loud. Get in touch if this low-key legend speaks to you. Specifications: Rolex Explorer Reference 5504 Super precision 36mm case with smooth bezel Serial 571xxx dating to 1960 Black gilt chapter ring dial “Swiss only “with two silver lines Hand set later then the watch Riveted Oyster bracelet ref 7206 with end links 80 Fully checked by our watchmaker One-year mechanical warranty Free worldwide FedEx Priority shipping",Bulang & Sons,2025-08-26,False
Patek Philippe Calatrava Automatic ref. 3802J White Dial in 18k Yellow Gold Clous de Paris,Patek Philippe,9950,https://bulangandsons.com/products/patek-philippe-calatrava-automatic-ref-3802j-white-dial-in-18-k-yellow-gold-clous-de-paris-case-white-dial-w3550,https://cdn.shopify.com/s/files/1/0961/8613/8969/files/W-3550PatekPhilippeCalatravaautomaticref3802_0011_1x1_d5353bc1-2695-4f9e-be48-cd6b7870fc36.jpg?v=1774273175,"This reference 3802 was introduced in 1983 as a self-winding Calatrava with a date function—a departure from the collection’s traditionally time-only models—and it quickly became a staple of the Patek Philippe lineup, achieving iconic status alongside the manual-wind reference 3919. This 3802J (the J denoting Jaune , French for yellow, thus yellow gold) features a 33 mm case with the iconic clous-de-Paris (hobnail) texture. The dial presents the classic Calatrava white background with black Roman numerals, central seconds, and a date function at 3 o’clock. Powered by the renowned automatic calibre 315 S C with its 22k gold rotor, the watch has been fully serviced by our watchmaker. This fine Clous has been fitted with one of our Bulang and Sons leather straps and an original yellow-gold Patek pin buckle. The watch and its movement have been fully checked and regulated by our watchmaker and are ready for up coming years . If you’re looking for a timeless Calatrava with the iconic clous de Paris bezel, feel free to contact us for availability ! Specifications: Patek Philippe Calatrava Reference 3802J 33mm 18k yellow gold case with “hobnail” bezel White dial with black Roman numerals and non-lumed hands Date function at 3 o’clock Bulang and sons Leather strap with Patek Philippe 18 k gold pin buckle Calibre 315 S C automatic movement Case number 295xxx, 1914xxx movement number , dating to circa 2000 Fully serviced by our watchmaker One-year mechanical warranty Free worldwide FedEx Priority shipping",Bulang & Sons,2026-01-07,False
Patek Philippe Calatrava ref. 5026-011P Black Dial in Platinum Millennium limited Edition,Patek Philippe,24900,https://bulangandsons.com/products/patek-philippe-calatrava-ref-5026-011p-black-dial-in-platinum-millenium-limited-edition-w3740,https://cdn.shopify.com/s/files/1/0961/8613/8969/files/W-3740PatekPhilippeCalatravaBlackdialinplatinumref5026-011Milleniumlimitededition_713_1x1_f39a3d57-180d-4488-a455-159c4eb2a357.jpg?v=1776241696,"There is something quietly reassuring about the design language of the Patek Philippe Calatrava—a sense of balance and refinement that has remained largely untouched since the days of the original reference 96. The reference 5026 carries that same spirit, yet with a subtle evolution. It builds upon everything we have come to appreciate about the Calatrava: clean lines, elegant proportions, and a dial that feels both timeless and effortless. At the same time, it introduces a gentle nod to another great name in watchmaking. The interplay between Patek Philippe’s restrained design and the influence of Breguet creates something truly special—an aesthetic that feels familiar, yet just a little different. This particular example, however, tells an even more interesting story. Created as a Millennium edition in the year 2000 and limited to just 130 pieces, it steps slightly away from the expected. Instead of the more commonly seen Arabic numerals, the dial features painted Roman numerals at the quarter hours, balanced by simple stick indices for the remaining markers. It’s a subtle variation, but one that gives the watch its own quiet identity. Inside, the beautifully refined cal. 240 micro-rotor movement—first introduced in 1977—keeps things slim and elegant. The off-centre seconds subdial adds a touch of asymmetry, while the modest 33.5 mm case ensures it wears exactly as a classic Calatrava should: understated and close to the wrist. Produced between 1997 and 2002, the reference 5026 remains one of those pieces that doesn’t seek attention, but rewards those who take the time to look a little closer. This fine Calatrava is fitted with a new Patek leather strap with its original platinum folding clasp fitted and the watch and its automatic movement with its cal 240 has been fully serviced by our watch maker. For those who appreciate the quiet elegance of Patek Philippe ,get in touch to discuss this Millennium Calatrava today! Specifications: Patek Philippe Calatrava Ref. 5026-011 Millennium limited edition 33.5mm Platinum case with display caseback Movement serial 315xxxx dating to the year 2000 Black dial with painted Roman numeral hour markers Limited edition of 130 pieces White stick hands and small seconds sub dial Automatic movement Cal. 240 with gold micro rotor Pictured Patek Philippe leather strap with original PT Patek folding clasp fitted Fully serviced by our watchmaker One-year mechanical warranty Free worldwide FedEx Priority shipping",Bulang & Sons,2026-04-15,False
