title,brand,price,url,img,description,source,date,sold
"2024 Grand Seiko Elegance ""Oruri"" (Ref. SBGW279G / 9S64-00Z0) Blue Dial W/ Full Set",Seiko,4950,https://craftandtailored.com/products/2024-grand-seiko-elegance-oruri-ref-sbgw279g-9s64-00z0-blue-dial-w-full-set,https://cdn.shopify.com/s/files/1/1104/9180/files/Img044838.jpg?v=1784337941,"Fans of Seiko have almost certainly heard the fascinating story of inter-company competition between King Seiko and Grand Seiko during the 1960s and 1970s. Back then, Seiko had two separate factories creating its watches, with Grand Seiko produced at the Suwa factory and King Seiko produced by the Daini factory. Seiko’s objective behind having its two factories compete against each other was to promote progress through competition, with the end goal of building the best timepieces possible. Grand Seiko ended up winning out and has gone on to become one of the most respected brands in the business. For decades, however, Grand Seiko enthusiasts had to acquire such pieces directly from Japan or through a third-party seller, as they were exclusive to the Japanese market. Historically speaking, Grand Seiko has labeled itself as a sub-brand of Seiko up until 2017. However, the sister company decided to spread its wings and fly as a fully independent brand that year. Part of Grand Seiko’s Elegance Collection, the SBGW279 ""Oruri"" draws its inspiration from the vibrant blue plumage of the Oruri songbird, which migrates from Southeast Asia to the mountainous forests of Japan during Rikka, the traditional seasonal period that marks the beginning of summer. Capturing the brilliance of the bird in flight, the dial features a rich, radiant blue sunray finish that shifts beautifully with changing light, showcasing Grand Seiko’s mastery of dial craftsmanship. Measuring a refined 37mm in diameter, the watch strikes a perfect balance between vintage-inspired proportions and modern wearability. Beneath its elegant exterior beats the hand-wound Caliber 9S64, an in-house movement offering an impressive 72-hour power reserve while embodying the precision, reliability, and meticulous finishing for which Grand Seiko has become renowned. SPECS Stock # GSESBGW279G Brand Grand Seiko Style Elegance Model SBGW279G / 9S64-00Z0 Serial 1DXXXX Size Men's Material Stainless Steel Dial Blue Millimeters 37 Strap 2pc Grand Seiko Brown Alligator Leather Strap W/ SS Grand Seiko Tang Buckle CASE & BRACELET The case exhibits nominal signs of gentle use with no notable dents, wear, or damage present. The sapphire display case back displays the beautiful cal. 9S64 movement and is also in excellent condition, showing no notable wear. The watch comes supplied on its original brown alligator leather strap with the original Grand Seiko tang buckle. The strap is in minimally worn condition. DIAL & HANDS The original vibrant blue sunburst dial is flawless. The polished dauphine-style hands are flawless. ACCESSORIES The watch is a complete set with its inner and outer boxes, guarantee card, Grand Seiko Certificate, hang tags, and booklets. The watch is functioning perfectly and keeping time.",Craft & Tailored,2026-07-17,False
1986 CWC Royal Navy Diver 0552/6645-99-7573314,CWC,5500,https://craftandtailored.com/products/1986-cwc-royal-navy-diver-0552-6645-99-7573314,https://cdn.shopify.com/s/files/1/1104/9180/files/Img044820.jpg?v=1784331432,"Founded in 1972, Cabot Watch Company (CWC) was established with the goal of producing purpose-built military timepieces for the British Ministry of Defence. Over the following decades, the company became one of the MOD's principal suppliers, manufacturing wristwatches for a variety of British military branches and earning a reputation for rugged, no-nonsense tool watches designed for operational use. In 1980, CWC was awarded the contract to replace the legendary Rolex-issued Royal Navy Submariner, commonly referred to today as the ""MilSub."" The first generation of CWC Royal Navy divers featured an automatic movement, a dial inspired by the Omega Seamaster 300, and an acrylic bezel insert. In 1983, the specification evolved to a quartz movement, improving reliability and reducing maintenance while retaining the proven Monnin-style case design closely associated with the Heuer Ref. 844 and other professional dive watches of the era. Quartz Royal Navy divers remained in military service for nearly two decades before being gradually superseded by the CWC SBS diver in the early 2000s. Today, these issued Royal Navy watches are recognized as some of the most historically significant British military wristwatches of the modern era, combining authentic military provenance with relatively low production numbers and an unmistakably utilitarian aesthetic. The 1986 CWC Royal Navy Diver represents one of the rarest early military-issued quartz dive watches produced for the British Ministry of Defense, and the last to use an acrylic bezel. Designed as the successor to the Rolex-issued ""MilSub,"" these watches were built with reliability and serviceability in mind, earning a place on the wrists of Royal Navy divers throughout the 1980s and into the early 2000s. Introduced as part of CWC's evolution from the earlier automatic Royal Navy diver, the 1986 specification features the updated CWC-signed dial with an enlarged circled ""T,"" ""QUARTZ"" designation, and the dependable ETA 555.115 quartz movement housed inside the rugged M.R.P. SA-made Monnin-style case, a design shared with several iconic professional dive watches of the era, including the Heuer Ref. 844. What distinguishes the 1986 contract is its rarity. Research published by CWC Addict indicates that approximately 850 early quartz Royal Navy divers were produced between the 1983, 1985, and 1986 contracts, with only around 100 examples dating to 1986 . As these watches were gradually withdrawn from service and replaced by the CWC SBS diver in the early 2000s, comparatively few remained in circulation. Today, the early Royal Navy CWC divers occupy an important place in military watch collecting. Their direct connection to the British Ministry of Defense, limited production, and unmistakably utilitarian design have made them increasingly sought-after by collectors, with 1983, 1985, and 1986 examples among the most elusive of the entire Royal Navy quartz series. SPECS Stock # CWCRND86-1 Brand CWC Style Militar",Craft & Tailored,2026-07-17,False
"*Unpolished* 1978 Tudor Big Block Chronograph (Ref. 94210) Silver ""Solo"" Dial",Tudor,7750,https://craftandtailored.com/products/1978-tudor-big-block-chronograph-ref-94210-silver-solo-dial,https://cdn.shopify.com/s/files/1/1104/9180/files/Img045043_450446d5-c469-4c26-96c6-69888fbcb7a2.jpg?v=1784334836,"The Tudor ""Big Block"" chronographs debuted in 1976 as the successors to the beloved Montecarlo series, marking a significant milestone for the brand. While both the Montecarlo and Rolex Daytona of the era relied on manual-winding chronograph movements, the Big Block introduced the automatic Valjoux 7750 caliber, complete with a quickset date, a feature that not only distinguished it from the contemporary Daytona but also preceded Rolex's own automatic chronograph by more than a decade, with the Zenith-powered Daytona not arriving until 1988. The watch earned its now-iconic ""Big Block"" nickname from its noticeably thicker mid-case, designed to house the robust automatic movement. Among the various dial configurations, the silver sunburst dial paired with contrasting black sub-registers has long been regarded as one of the most striking and desirable, offering the classic ""panda"" aesthetic that has become a cornerstone of vintage chronograph collecting. What truly elevates this example, however, is its exceptionally rare ""Solo Dial."" Named for the absence of the ""OYSTERDATE"" designation beneath the Tudor signature, this first-execution dial is recognized as the earliest configuration of the ref. 94210 and is believed to have been produced in extremely limited numbers. Similar ""Solo Dial"" variations are well known among vintage Rolex collectors, where they are seldom encountered outside of major international auctions. Tudor examples, however, are considerably rarer still, with only a small handful of ref. 94210 ""Solo Dial"" watches are known to collectors. As a result, this watch represents one of the most elusive and highly coveted variants of the original Big Block, occupying a special place within the hierarchy of vintage Tudor chronographs. SPECS Stock # TBBC94210 Brand Tudor Style Big Block Chronograph Model 94210 Serial 89XXXX Size Men's Material Stainless Steel Dial Silver ""Solo"" W/ Black Sub-Dials Millimeters 40 Strap 2pc Handmade Leather Strap CASE & BRACELET The robust case features incredibly crisp factory chamfers and finishing, while exhibiting honest signs of use and no evidence of prior polishing. The original rotating bezel shows no fading and nominal signs of use. The case retains its original screw-down pushers and Rolex-signed trip-lock crown. The case back retains all of its factory markings in crisp condition and features an engraving of initials that read ""G.T.R"". The watch comes supplied on a 2pc handmade leather strap. DIAL & HANDS The original silver ""Solo"" dial with black sub-dials is gorgeous and remains in near-perfect vintage condition, exhibiting no damage and no notable age. The tritium lume plots have achieved a vibrant golden-yellow patina and exhibit no notable degradation when inspected under UV light. All of the hands remain original to the watch, and the hour and minute hands retain original tritium lume that matches the dial and show no degradation under UV light inspection, though they do exhibit some oxidation",Craft & Tailored,2026-07-17,False
*Unpolished* 1996 Rolex Submariner (Ref. 16610) W/ Box & Papers,Rolex,9850,https://craftandtailored.com/products/1996-rolex-submariner-ref-16610-w-box-papers,https://cdn.shopify.com/s/files/1/1104/9180/files/Img045004.jpg?v=1784232623,"The Rolex Submariner ref. 16610 was first introduced in 1986 by Rolex but didn't come into commercial availability until about 1987, and is the direct successor to the earlier 16800 and 168000 Submariner references. Still featuring many of the same functions, the 16610 has an upgraded stainless steel case, from 316L steel to the highly corrosion-resistant 904L steel, and features the upgraded Rolex Cal. 3135 movement. The earlier 16610 Submariner examples still feature tritium dials, which were replaced at the end of 1998 with Super-LumiNova. These early tritium examples have become very desirable due to the charming color changes the lume can take on. Creating a fantastic vintage appeal with useful modern functionality. SPECS Stock # RLXSUB16610-22 Brand Rolex Style Submariner Model 16610 Serial T9XXXXX Size Men's Material Stainless Steel Dial Glossy Black Millimeters 40 Bracelet Rolex 93150 Oyster Bracelet W/ 501B End Pieces CASE & BRACELET The honest and well-preserved case is believed to remain unpolished, boasting crisp chamfers and factory finishing, while exhibiting normal wear throughout. The original bezel insert remains a deep black color, with minor signs of use present, and retains its tritium pearl, which has aged to a creamy patina. The original Rolex 93150 Oyster bracelet with 501B end pieces retains 11 links that show minor stretch and will fit up to a 7.25-inch wrist. The watch also comes with an additional link in its set. DIAL & HANDS The original glossy black dial is flawless, showing no damage or age. The tritium lume plots feature a bright white coloration and exhibit no degradation under UV light inspection. The original tritium hands match the dial perfectly and exhibit no degradation when inspected under UV light. ACCESSORIES The watch comes as a complete set with its original inner and outer boxes, Rolex guarantee paper, and serialized hang tag. The watch is keeping time perfectly, backed by a 1-year warranty on accurate timekeeping.",Craft & Tailored,2026-07-16,False
"2020 Tudor Black Bay 36 (Ref. 79500) Black ""Smiling Text"" Dial W/ Box & Papers",Tudor,3050,https://craftandtailored.com/products/2020-tudor-black-bay-36-ref-79500-black-smiling-text-dial-w-box-papers,https://cdn.shopify.com/s/files/1/1104/9180/files/Img044935.jpg?v=1784162537,"Introduced at Baselworld in 2016, the Tudor Black Bay 36 reimagined the brand's celebrated dive watch aesthetic as a versatile everyday timepiece, blending signature design cues such as the iconic Snowflake hands, domed crystal, and oversized screw-down crown with a clean, 36mm case equally suited to casual and formal wear. This early example predates Tudor's transition to its in-house manufacture movement and is powered by the proven ETA Caliber 2824 automatic movement. Among enthusiasts, these first-generation models are affectionately known as the ""Smiling"" Black Bays, a nickname derived from the gently curved Self-Winding text on the dial, a subtle detail that has become one of the defining characteristics of the original series. Combining timeless proportions, dependable mechanics, and understated versatility, the early Black Bay 36 remains one of the best values in modern Swiss watchmaking. SPECS Stock # TDRBB36-2 Brand Tudor Style Black Bay 36 Model 79500 Serial Q1XXXXX Size Men's Material Stainless Steel Dial Black ""Smiling"" Millimeters 36 Bracelet Tudor Oyster-Style Bracelet CASE & BRACELET The unpolished case displays some signs of previous use, with no notable scratches or wear present. The smooth bezel is in excellent condition, showing minimal signs of use. The Tudor Oyster-style bracelet shows signs of use, like the case, and retains 11 links, fitting up to a 6.75-inch wrist. The watch comes with one more link in its set as well. DIAL & HANDS The deep black ""smiling text"" dial is flawless. The Snowflake hands are flawless. ACCESSORIES The watch is a complete set, with its original inner and outer boxes, Tudor warranty card, hang tag, and booklets.",Craft & Tailored,2026-07-15,False
1960s Favre-Leuba Bivouac (Ref. 53203) Blue Dial,Other,6500,https://craftandtailored.com/products/1960s-favre-leuba-bivouac-ref-53203-blue-dial,https://cdn.shopify.com/s/files/1/1104/9180/files/Img044747_ba055e76-ecc5-4a0b-9385-65d0e8c77267.jpg?v=1784069460,"Despite being less familiar to many collectors than some of its Swiss contemporaries, Favre-Leuba holds a remarkable place in horological history. Founded in 1737, it is the second-oldest continuously operating Swiss watch manufacture, with nearly three centuries of innovation behind its name. Throughout the 20th century, Favre-Leuba distinguished itself by developing highly specialized tool watches built for explorers, mountaineers, and professionals operating in extreme environments. Among its greatest achievements was the introduction of the Bivouac in 1962, the world's first wristwatch equipped with a fully functional aneroid barometer. Powered by the in-house manual-winding Caliber 10032, the Bivouac allowed its wearer to simultaneously tell the time while measuring atmospheric pressure and estimating altitude, a groundbreaking accomplishment that predated the age of electronic outdoor instruments by decades. The Bivouac quickly earned a reputation as a serious expedition companion. Legendary Italian mountaineer Walter Bonatti famously relied on one during his first ascent of Pointe Whymper's north face and later on the Matterhorn, while renowned French polar explorer Paul-Émile Victor wore the model throughout his celebrated Endless Ice expeditions. At a time when exploration captured the world's imagination, the Bivouac represented the pinnacle of mechanical ingenuity and practical adventure. The striking blue-dial variant offered here is among the rarest and most desirable executions of the reference. Preserved in exceptional condition, its vivid blue barometric scale and bold black center create one of the most visually captivating designs of the era. More than simply an uncommon colorway, it perfectly embodies the optimism and adventurous spirit of the 1960s, a period when mechanical innovation empowered mankind to push ever farther into the unknown. SPECS Stock # FVLBB53203 Brand Favre-Leuba Style Bivouac Model 53203 Serial 67X Size Men's Material Stainless Steel Dial Black / Blue Millimeters 40 Bracelet Favre-Leuba ""JB Champion"" Bracelet CASE & BRACELET The well-preserved and honest case features light wear throughout, while retaining its factory dimensions and geometry, with minimal evidence of prior polishing present. The original bidirectional ratcheting bezel is in excellent condition, with no fading and only gentle wear present. The case retains its original Favre-Leuba signed crown. The case back is also in great condition, with all of the factory markings fully present. The original Favre-Leuba stainless steel bracelet made by JB Champion is in excellent condition, showing minimal signs of use and only light stretch. The bracelet retains 22 links and will fit up to a 7.5-inch wrist. DIAL & HANDS The original two-tone matte black and powder blue dial remain in excellent condition, showing nominal wear and no damage. The tritium lume plots features degradation throughout when inspected under UV light and feature a cream patina pr",Craft & Tailored,2026-07-14,False
"1932 Bulova ""White Prince"" Digital Display Jump Hour 'Cal. 10AT'",Bulova,4500,https://craftandtailored.com/products/1932-bulova-white-prince-digital-jump-hour-cal-10at,https://cdn.shopify.com/s/files/1/1104/9180/files/Img044751.jpg?v=1783725222,"Founded in New York in 1875 by Czech immigrant Joseph Bulova, the Bulova Watch Company evolved from a small jewelry and clock repair shop into one of America's most influential watchmakers. By the early 20th century, Bulova had established itself as an industry pioneer through innovative manufacturing techniques, standardized production, and bold marketing campaigns that helped make quality timepieces accessible to a broader audience. While the brand is often celebrated for its colorful chronographs, futuristic Accutrons, and unconventional designs of the 1960s through the 1980s, some of Bulova's most remarkable creations emerged decades earlier during the Art Deco era. Among the rarest and most desirable of these early innovations is the White Prince, an extraordinary interpretation of the ""direct-read"" or jump-hour wristwatch. Introduced in the early 1930s, long before digital displays became commonplace, the White Prince replaced traditional hands with a series of rotating discs viewed through precisely sculpted apertures in the dial. The hour is displayed through a jumping window at the top, while the minutes and running seconds are indicated through matching curved apertures below, creating a remarkably modern presentation that feels decades ahead of its time. Powered by Bulova's manually wound Caliber 10AT, the watch combines mechanical ingenuity with striking Art Deco aesthetics in a way few wristwatches of the period could rival. Housed in an elegant stepped rectangular case with finely engraved detailing and distinctive geometric proportions, the White Prince embodies the optimism and architectural styling of the Art Deco movement. Its seamless integration of the display into the case gives the watch an almost architectural appearance, making it feel more like a precision instrument than a conventional wristwatch. The result is a design that remains every bit as captivating today as it was upon its introduction. Highly sought after by collectors and seldom encountered in such well-preserved condition, the 1932 Bulova White Prince stands as one of the most fascinating watches in the brand's history. For enthusiasts who admire the legendary Cartier Tank à Guichets but seek a piece with its own distinctly American identity and exceptional value, the White Prince offers an equally compelling blend of rarity, innovation, and timeless Art Deco design. SPECS Stock # BLVWP10AT Brand Bulova Style ""White Prince"" Jump Hour Model N/A Serial 25XXXX Size Men's / Unisex Material Chrome-Plated Brass Dial Digital Display Millimeters 25.5 X 30 Bracelet Original ""Maxim"" Chrome Plated Brass Ladder-Link Bracelet CASE & BRACELET The quintessentially Art-Deco stepped steel case is simply exceptional, retaining all of the ornate details and original angles, with honest signs of use present, expected for the age of the watch, and nominal evidence of prior polishing. The unsigned crown is likely an early replacement. The case curved and hinged case back is in exc",Craft & Tailored,2026-07-10,False
1992 Tudor Big Block Chronograph (Ref. 79180) Silver Dial W/ Semi-Tropical Sub-Dials,Tudor,5950,https://craftandtailored.com/products/1992-tudor-big-block-chronograph-ref-79180-silver-dial,https://cdn.shopify.com/s/files/1/1104/9180/files/Img044802_a993efda-5e5c-43b3-afea-048acfdf4b05.jpg?v=1783553719,"The Tudor ""Big Block"" chronographs were introduced in 1976 and replaced the Monte Carlo series of chronographs that were originally released in 1970. Both the Tudor Monte Carlo, along with Rolex's Daytona, were manual wind chronographs, whereas the ""Big Blocks"" were outfitted with an automatic movement. This was a big advancement for Tudor, as it wasn't until 1988 that Rolex offered an automatic version of the famous chronograph via the Zenith-based Rolex movements. Also, unlike the Rolex Daytona, Tudor chronographs, including the Monte Carlo, featured date complications. The ""Big Block"" nickname comes as a result of the mid-case size, which is thicker and heavier than the big brother Rolex Daytona references, which accommodated the automatic chronograph caliber Valjoux 7750, which also features a quickset date. SPECS Stock # TBBC79180-2 Brand Tudor Style Big Block Chronograph Model 79180 Serial B4XXXXX Size Men's Material Stainless Steel Dial Silver W/ Black ""Tropical"" Sub-Dials Millimeters 40 Bracelet Tudor 78360 Oyster Bracelet W/ 589 End Pieces CASE & BRACELET The large and well-preserved case features thick and even lugs that retain defined chamfers, while showing honest wear and light evidence of being previously polished. The fixed stainless steel “Units Per Hour” bezel is also in excellent condition, with almost no loss to the original black enamel, with minimal wear present. The case retains its original Rolex trip-lock crown and screw-down pushers. The case back retains all of its factory markings in crisp condition. The original Tudor 78360 Oyster bracelet with correct 589 end pieces retains 13 links that show nominal stretch and will fit up to a 7.75-inch wrist. DIAL & HANDS The original matte black dial with silver sub-dials is in virtually perfect vintage condition, showing no damage, and have acheived a subtle tropical brown patina in the sub-dials, which is noticeable in direct sunlight. The tritium lume plots are a bright ivory color and display no degradation when inspected under UV light. The original tritium hands match the dial perfectly with no degradation present under UV light inspection. ACCESSORIES None. The watch was recently serviced and is keeping time, backed by our 1-year warranty on accurate timekeeping.",Craft & Tailored,2026-07-08,False
"1977 Patek Philippe Gondolo 18K YG (Ref. 3467J) W/ Box, Certificate Of Origin, Sales Receipt, & Patek Philippe Service History",Patek Philippe,19500,https://craftandtailored.com/products/1977-patek-philippe-gondolo-18k-yg-ref-3467j-w-box-certificate-of-origin-sales-receipt-patek-philippe-service-history,https://cdn.shopify.com/s/files/1/1104/9180/files/Img044571_4d5b36c7-0d9d-436a-83c8-0f4d16cdc28e.jpg?v=1783398483,"""You never actually own a Patek Philippe. You merely look after it for the next generation."" Introduced in 1996, this now-iconic slogan perfectly captures the philosophy that has defined Patek Philippe since its founding in 1839. Long before the campaign became one of the most recognizable in luxury marketing, the Geneva manufacture had already established an unparalleled reputation for technical innovation, uncompromising craftsmanship, and timeless design. Every Patek Philippe is created not merely as a watch, but as an heirloom, built to transcend generations. The Gondolo collection traces its origins to one of the most important commercial partnerships in Patek Philippe's history. Beginning in 1872, the manufacture worked closely with Gondolo & Labouriau, the prestigious Rio de Janeiro retailer whose extraordinary success made Brazil one of Patek Philippe's largest markets, accounting for more than a third of the brand's global sales at the height of their relationship. Today, the Gondolo name honors this remarkable chapter, representing Patek Philippe's dedication to elegant, architecturally inspired dress watches that embrace geometric forms, precious metals, and unmistakable Art Deco influences. Originally sold in 1977, the present Gondolo Ref. 3467 is an exceptional survivor and a true collector's example. Preserved in outstanding condition, it retains its original 18K yellow gold mesh bracelet and is accompanied by an extraordinary suite of accessories, including its original presentation box, Certificate of Origin, original sales receipt, and documented Patek Philippe factory service history from 2007. Beautifully preserved and comprehensively documented, this remarkable time capsule embodies exactly what Patek Philippe has always stood for: a watch carefully treasured through the decades, ready to be entrusted to its next custodian. SPECS Stock # PPG3467-2 Brand Patek Philippe Style Gondolo Model 3467J Serial 79XXXX / 51XXXX Size Men's Material 18K Yellow Gold Dial Gold Tapestry Millimeters 26 X 32.5 Bracelet Associated 18K YG Mesh Bracelet CASE & BRACELET The uniquely cast 18K yellow gold tank-style rectangular case is in exceptional condition, with light signs of honest wear and no notable evidence of prior polishing. The factory finishing and dimensions of the case remain fully intact through the ""ribbed"" texture of the front of the case. The case retains its original crown signed with the Patek Philippe cross. The associated 18K yellow gold mesh bracelet is hallmarked and mentioned on the original sales receipt, though it is not signed by Patek Phillipe. The bracelet will fit between a 6.75-inch and 7-inch wrist, depending on the position of the clasp, and exhibits no stretch. DIAL & HANDS The ""tapestry"", or ribbed gold dial, mimics the finish of the case for a unified design throughout. The dial itself remains in virtually flawless condition, showing no notable signs of age and no damage. The black enameled markers and hands jump ",Craft & Tailored,2026-07-06,False
"1990s Franck Muller Cintree Curvex ""World Wide"" 18K YG (Ref. 5850WW) Guilloché & Cloisonné Asia Dial W/ Box",Franck Muller,11850,https://craftandtailored.com/products/1990s-franck-muller-cintree-curvex-world-wide-18k-yg-ref-5850ww-guilloche-cloisonne-asia-dial-w-box,https://cdn.shopify.com/s/files/1/1104/9180/files/Img044673true_87781f1a-c1d8-4bf6-b49e-0965488eb592.jpg?v=1783048609,"As polarizing as the brand may be today, it is difficult not to admire the early work of Franck Muller, the celebrated independent watchmaker often referred to as the ""Master of Complications."" After enrolling in the Geneva Watchmaking School at just 15 years old, Muller established himself as one of the foremost restorers of complicated timepieces, performing meticulous restoration work for the Patek Philippe Museum, prominent collectors, and leading auction houses. This unparalleled exposure to some of history's greatest watches laid the foundation for his own creations, culminating in the launch of the Franck Muller brand in 1991. While the modern brand has evolved considerably, these early pieces remain highly regarded for their exceptional craftsmanship, classical proportions, and imaginative complications. The most recognizable of these designs is the Cintrée Curvex, whose gracefully curved tonneau-shaped case has become synonymous with the Franck Muller name. The most recognizable silhouette from Franck Muller is undoubtedly the Cintree Curvex, an elegant, oblong, and curved case style that was initially offered in 7 sizes. Among the most artistic interpretations of the Cintrée Curvex is the exceedingly uncommon World Wide Collection, a series created as a tribute to the romance of travel and inspired by the beautifully illustrated geographic atlases of centuries past. Produced as a set of five distinct watches, each representing one of the world's inhabited continents, Africa, Asia, Europe, Oceania, and the Americas, the collection paired traditional Swiss watchmaking with decorative métiers d'art. The present Ref. 5850WW showcases the Asia dial, featuring a breathtaking hand-executed cloisonné enamel map framed by an intricate guilloché background, created using traditional Chinese-inspired cloisonné techniques and finished entirely by hand by master Swiss artisans. Beneath its artistic exterior lies the automatic Franck Muller Cal. 2800, equipped with a platinum rotor and a practical second time-zone indication displayed by a centrally mounted serpentine 24-hour hand that can be adjusted independently via the winding crown. Beautifully blending fine art, world travel, and haute horology, the World Wide Collection stands among the most distinctive and technically impressive creations from Franck Muller's celebrated early years SPECS Stock # FKMCC5850WW Brand Franck Muller Style Cintree Curvex ""World Wide"" Model 5850WW Serial No. 2X Size Men's Material 18K Yellow Gold Dial Blue Guilloché & Multicolored ""Asia"" Cloisonné Millimeters 32 X 45 Strap 2pc Franck Mueller Tan Alligator Strap W/ 18K YG Franck Muller Western Tang Buckle CASE & BRACELET The robust, yet ergonomic, curved 18K yellow gold case is in exceptional condition, and is believed to remain unpolished. Featuring perfect factory dimensions, crisp edges, and sharp engravings throughout the case back. The case displays gentle signs of previous use, though no notable dents or dings a",Craft & Tailored,2026-07-02,False
1989 Rolex Submariner (Ref. 5513) 'L Serial',Rolex,10650,https://craftandtailored.com/products/1989-rolex-submariner-ref-5513-l-serial-5,https://cdn.shopify.com/s/files/1/1104/9180/files/Img044495.jpg?v=1782504752,"The Rolex Submariner reference 5513 stands as one of the purest expressions of the classic dive watch. Introduced in 1962 and produced until 1989, the ref. 5513 enjoyed one of the longest production runs of any Submariner reference. Its appeal lies in its simplicity, featuring the iconic Submariner case design and a clean, highly legible dial free of a date complication, resulting in a tool watch that is both purposeful and enduringly stylish. The last of the ref. 5513 Submariners produced were adorned with serial numbers beginning with a letter, not a number. These 5513s were the last of the legendary reference that so many iconic people wore and loved. These watches today have become highly desirable as they are the bookend to one of the longest-running and most appreciated references Rolex has ever produced. During this time, only very few 5513s made it off the production line as Rolex was preparing to introduce its successor, the ref. 14060 Submariner. SPECS Stock # RLXSM551389-10 5Brand Rolex Style Submariner Model 5513 Serial L5XXXXX Size Men's Material Stainless Steel Dial Glossy Black W/ WG Surrounds Millimeters 40 Bracelet Rolex 93150 Oyster Bracelet W/ 580 End Pieces CASE & BRACELET The excellent case was previously polished to feature broad, sharp chamfers and retains very thick and symmetrical lugs while showing minimal signs of wear. The original Mk III ""thin font"" bezel insert remains deep black, with minimal fading and light wear present, and retains its tritium pearl, which matches the dial patina nicely. The original Rolex 93150 Oyster bracelet with 580 end pieces retains 12 links that show minimal stretch and will fit up to a 7.75-inch wrist. DIAL & HANDS The original glossy black dial is in virtually flawless condition, exhibiting no age or damage. The tritium lume plots feature a bright ivory patina and show no degradation under UV light inspection. The original tritium hands match the dial perfectly; the hour and minute hands exhibit some superficial cracking and remain stable when inspected under UV light. ACCESSORIES None. The watch is keeping time, but the service history is unknown. A movement service can be purchased upon request.",Craft & Tailored,2026-06-26,False
"1971 Rolex Two-Tone Datejust (Ref. 1601) Non-Luminous Champagne ""Wide Boy"" Dial",Rolex,4650,https://craftandtailored.com/products/1971-rolex-two-tone-datejust-ref-1601-non-luminous-champagne-wide-boy-dial,https://cdn.shopify.com/s/files/1/1104/9180/files/Img044470_3e36c571-4c7a-49c9-949a-712f685d2361.jpg?v=1782437578,"The Rolex Datejust is one of the most iconic and beloved Rolex watches ever made. Launched in 1945, it has remained a timeless classic, instantly recognizable as an item of advanced quality and functional design. The Datejust’s exemplary style makes it an extremely versatile choice, worn just as easily with a suit as with jeans and a t-shirt. The Datejust would make a fantastic starting point for a new vintage collector and is always a great addition to an expanding collection. Worn effortlessly in any setting, the Rolex Datejust remains a cornerstone of classic watch design. Early examples are particularly admired for their balance of simplicity and understated sophistication, qualities that are fully realized in the present 1971 ref. 1601. Fitted with a striking champagne “Wide Boy” dial, this example stands apart through its distinctive design details. The applied hour markers and hands feature a broader, more substantial profile compared to the standard stick markers and baton hands seen on most Datejust models of the period, lending the watch a bold yet refined presence on the wrist. SPECS Stock # RLXTTDJ1601-71/4 Brand Rolex Style Datejust Model 1601 Serial 27XXXXX Size Men's Material Stainless Steel / 14K Yellow Gold Dial Champagne ""Wide Boy"" Millimeters 36 Strap 2pc Handmade Leather Strap CASE & BRACELET The impressive case boasts full, symmetrical lugs and crisp edges with strong factory finishing throughout. The case exhibits only light signs of use with nominal evidence of prior polishing present. The 14K yellow gold fluted bezel retains crisp edges and has achieved a charming oxidized patina. The case back retains crisp factory finishing. The watch comes supplied on a 2pc handmade leather strap. DIAL & HANDS The original and superb non-luminous ""pie-pan"" champagne sunburst ""Wide Boy"" dial is in near-perfect condition, featuring only a nominal age that is invisible to the naked eye and no damage. The original yellow gold ""Wide Boy"" hands are in perfect vintage condition. The metallic gold date wheel is original with ""open"" 6 and 9 numerals. ACCESSORIES None. The watch is keeping time, but the service history is unknown. A movement service can be purchased upon request.",Craft & Tailored,2026-06-25,False
1958 Tudor Oyster (Ref. 7934) Blue Enamel Engraved Floral Motif Dial,Tudor,10450,https://craftandtailored.com/products/1950s-tudor-oyster-ref-7934-blue-enamel-engraved-floral-motif-dial,https://cdn.shopify.com/s/files/1/1104/9180/files/Img044416copy.jpg?v=1782340804,"This beautiful and remarkably rare Tudor Oyster ref. 7934 boasts one of the most unexpected, intricate, and captivating dials we've seen from the brand. Making for a watch with a unique juxtaposition as this type of dial detail would be more expected from brands such as Patek Philippe or Vacheron Constantin, being hand engraved and then enameled and finished with impressive detail, however, it is encased in a robust, waterproof stainless steel case in the classic stylings of Rolex / Tudor in this era. The Rolex / Tudor relationship dates back to 1926, when Hans Wilsdorf, the founder of Rolex SA, wanted to create a more affordable wristwatch alternative that still maintained a high quality of craftsmanship. Tudor manufactured wristwatches adjacent to Rolex for many years, which featured more affordable non-in-house Swiss movements, whilst still utilizing Rolex's case designs and manufacturing processes. Even though Tudor shares many similarities with its older brother, Rolex, Tudor's designs tended to differentiate from the Rolex formula to make for some uniquely fantastic timepieces in their own right. SPECS Stock # TDRO7934-4 Brand Tudor Style Oyster Model 7934 Serial 21XXXX Size Men's / Unisex Material Stainless Steel Dial Cream W/ Blue Enamel Engraved Floral Motif Millimeters 34 Bracelet Rolex 7205 Oyster Rivet Bracelet W/ 57 End Pieces CASE & BRACELET The excellent case retains very thick and even lugs that exhibit light signs of use, with minimal evidence of prior polishing present. The smooth stainless steel bezel is also in great condition, with minor signs of use present. The case retains a twin-lock Rolex crown, which is likely an early service replacement. The original Rolex 7205 Oyster rivet bracelet with 57 end pieces is stamped 3/57 and retains 11 links that show minor stretch and will fit up to a 6.75-inch wrist. DIAL & HANDS The intricate, rare, and beautiful dial has achieved a wonderful vintage aesthetic and remains in great vintage condition. The cream-colored, waffle-textured, outer portion of the dial, which houses the gold markers, exhibits some darkening to the color, along with some expected age and markings throughout. The radium-filled markers and lume plots all remain intact, with subtle, yet expected degradation present when inspected under UV light, and feature a dark patina. The blue enameled center portion of the dial still remains vibrant, though some expected dulling and light wear is visible, but no cracking or major damage is present. The original radium lume gilt alpha hands match the dial with no notable degradation present. ACCESSORIES None. The watch is keeping time, but the service history is unknown. A movement service can be purchased upon request.",Craft & Tailored,2026-06-24,False
"1987 Omega Speedmaster Automatic (Ref. 376.0822) ""Holy Grail""",Omega,18250,https://craftandtailored.com/products/1987-omega-speedmaster-automatic-ref-376-0822-holy-grail,https://cdn.shopify.com/s/files/1/1104/9180/files/Img044344copy_14c13357-5f3f-458b-b79f-0baff4383fe2.jpg?v=1782178165,"The Omega Speedmaster Professional remains one of the most iconic chronographs ever produced. Its story spans from the world of motorsport to aviation, and ultimately to NASA and the U.S. Space Program. Within the expansive Speedmaster lineage, countless subtle reference variations have become highly sought after by collectors. By the mid-1980s, Omega faced mounting pressure from inexpensive and technologically advanced Japanese quartz watches. In response, the brand introduced a trio of innovative limited-production Speedmasters that expanded upon the traditional Moonwatch formula: • 20-Year Flight-Qualified for Space (Ref. ST 345.0808, 1985–1988) — A numbered series of 1,000 pieces and the first Moonwatch-cased Speedmaster to feature a display caseback, revealing the copper-colored Calibre 863. • ""Speedy-Moon"" (Ref. ST 345.0809, 1985–1988) — Produced in approximately 1,300 examples and the first Moonwatch-cased Speedmaster equipped with a moonphase complication, powered by the Calibre 866. • ""Holy Grail"" (Ref. ST 376.0822, 1987–1988) — Produced in approximately 1,800 examples and the first Moonwatch-cased Speedmaster fitted with a self-winding chronograph movement, featuring both day and date displays and powered by the Calibre 1045. The ""Holy Grail"" Speedmaster, its nickname coined by the late Omega authority Chuck Maddox, is among the most uncommon and desirable Speedmaster variants ever produced. Combining the classic design language of the Speedmaster Professional with the highly regarded Lemania-based Calibre 1045 from the Speedmaster Mark 4.5, it represents a unique fusion of form and function. In addition to the traditional chronograph layout, the Calibre 1045 incorporates day and date displays as well as a 24-hour indicator, creating one of the most technically sophisticated and compelling Speedmasters of its era. SPECS Stock # OMSPHG3760822 Brand Omega Style Speedmaster Automatic ""Holy Grail"" Model 376.0822 Serial 482XXXXX Size Men's Material Stainless Steel Dial Matte Black Millimeters 42 Strap 2pc Handmade Leather Rally Strap CASE & BRACELET The slightly modified take on the classic asymmetrical case design makes for a slightly thicker timepiece, to accomodate for the extra complications as well as the automatic winding function. The case itself is in wonderful condition, exhibiting minimal signs of wear and only light evidence of prior polishing. The black aluminum tachymetre bezel remains in well-preserved, clean condition, with only signs of gentle wear present. The case retains its original pump pushers and Omega-signed crown. The case back is in very crisp condition, with the medallion fully intact, and only light wear marks. The watch comes supplied on a 2pc handmade leather rally strap. DIAL & HANDS The original matte black dial is the perfect combination of complicated, but uncluttered, and remains in excellent vintage condition, with no damage or wear present on the dial itself. The tritium lume plots have achieved a golden ",Craft & Tailored,2026-06-23,False
1960s Heuer Carrera 12 '2nd Execution' (Ref. 2447D) Silver Decimal Dial,Heuer,10000,https://craftandtailored.com/products/1960s-heuer-carrera-12-2nd-execution-ref-2447d-silver-decimal-dial,https://cdn.shopify.com/s/files/1/1104/9180/files/Img044335.jpg?v=1781917652,"The Heuer Carrera 12 is one of those rare chronographs that effortlessly combines motorsport heritage, technical significance, and timeless design. Introduced in 1963, the same year as the Rolex Daytona, the Carrera shared several notable traits with its contemporary, including Singer-produced dials and the legendary Valjoux 72 movement. Named after the notoriously dangerous Carrera Panamericana, the Carrera quickly established itself as one of the defining chronographs of the twentieth century, earning its place among the most celebrated sports watches ever produced. Designed by Jack Heuer with legibility as the primary objective, the Carrera was intentionally free of unnecessary distractions. A patented steel tension ring secured the crystal while simultaneously carrying the 1/5-second scale, allowing the dial itself to remain exceptionally clean and easy to read. Paired with simple baton hour markers and a sharply executed Piquerez-manufactured case featuring faceted lugs, the result was a chronograph of remarkable elegance and clarity. The present Ref. 2447D, known as the Carrera 12 for its combination of 30-minute and 12-hour registers, is fitted with an especially desirable second-execution silver ""Decimal"" dial. Featuring a monochromatic silver-on-silver layout with matching sub-dials and an uncommon decimal scale, this configuration is among the most attractive and sought-after variants of the early Carrera lineage. SPECS Stock # HUR2447D-2 Brand Heuer Style Carrera 12 Model 2447D Serial 77XXX Size Mens Material Stainless Steel Dial Silver ""Decimal"" Millimeters 36 Strap 2pc Handmade Leather Strap W/ Heuer Tang Buckle CASE & BRACELET The impressive case is very well-preserved, exhibiting minimal wear and no notable evidence of prior polishing. The case retains the original pump pushers and Heuer signed crown. The screw-down case back features crisp finishing with minimal signs of use present. The watch comes supplied on a 2pc handmade leather strap and an era-correct Heuer tang buckle. DIAL & HANDS The beautiful, second execution silver ""decimal"" dial is in excellent condition, showing no damage or notable signs of age. The original tritium lume plots mostly all remain intact, except for the 3 and 9 o'clock plots, which are commonly missing on these models, and feature a subtle cream patina. The original black inlay hands were professionally restored with tritium to match the dial patina. ACCESSORIES None. The watch is running and functioning correctly, but the service history is unknown. A movement service can be purchased upon request.",Craft & Tailored,2026-06-22,False
1940s Movado Ladies Bracelet Watch 18K YG (Ref. 1025) Two-Tone Silver Dial W/ Breguet Numerals,Movado,2650,https://craftandtailored.com/products/1940s-movado-ladies-bracelet-watch-18k-yg-ref-1025-two-tone-silver-dial-w-breguet-numerals,https://cdn.shopify.com/s/files/1/1104/9180/files/Img044239_64968722-531f-43e0-8fa5-c781d64337c8.jpg?v=1782171921,"Movado stands as a perfect example of what makes vintage watches so captivating compared to their modern counterparts. During the mid-century, the brand competed directly with the likes of Rolex and Patek Philippe, earning acclaim for its design innovation and craftsmanship. Movado firmly established itself as a premium manufacturer, one whose influence continues to resonate throughout the watch industry today. SPECS Stock # MOVL18K Brand Movado Style Bracelet Watch Model 1025 Serial 39XXX Size Women's Material 18K Yellow Gold Dial Two-Tone Silver W/ Breguet Numerals Millimeters 13 X 31 Bracelet Vintage Gold-Plated Bracelet CASE & BRACELET The beautifully preserved, 18K yellow gold case, featuring articulating lugs, is simply exceptional. The case exhibits signs of gentle wear and light evidence of prior polishing, expected for its age, but maintains visible hallmarks and factory geometry throughout. The crown is likely an early service replacement, but matches the overall aesthetic of the watch perfectly. The watch comes supplied on a vintage gold-plated bracelet, which matches the watch perfectly and will fit up to a 6.5-inch wrist. DIAL & HANDS The original, beautiful, and well-preserved two-tone silver dial with Breguet numeral markers features only minor elements of age with no damage present. The original yellow gold kite hands are in excellent condition. ACCESSORIES None. The watch is running, but the service history is unknown. A movement service can be purchased upon request.",Craft & Tailored,2026-06-22,False
"1960s Jaeger-LeCoultre Automatic Memovox Gold-Filled (Ref. 2265) Silver ""Sober"" Dial",Jaeger-LeCoultre,2450,https://craftandtailored.com/products/1960s-jaeger-lecoultre-automatic-memovox-gold-filled-ref-2265-sober-dial,https://cdn.shopify.com/s/files/1/1104/9180/files/Img043316copy_0c922c60-40f1-432c-a59b-7c100324a510.jpg?v=1781915198,"This Jaeger-LeCoultre Automatic Memovox ref. 2265 is one of the most desirable alarm references produced by Jaeger-LeCoultre from the 1950-60s. This reference employs the Cal. K815 movement, which is the very first automatic alarm movement, and utilizes a ""bumper rotor"" for its automatic winding system. The double-crown feature allows for winding and setting the time, as well as setting the alarm. The top crown sets the alarm complication of the timepiece. This exquisite automatic Memovox features a noble 38mm gold-filled case, making this creation oversized for its era. The case sits nicely on the wrist and has a classic and timeless appearance while remaining relevant by today's wristwatch sizing standards. This piece would make a great addition to an existing collection and be a great and classic timepiece as a stand-alone piece. SPECS Stock # JLCMVA2265 Brand Jaeger-LeCoultre Style Automatic Memovox Model 2265 Serial 4523085 Size Men's Material Gold-Filled Stainless Steel Dial Silver ""Sober"" Millimeters 38 Bracelet Kreisler 10K Gold-Filled Coffin-Link Bracelet CASE & BRACELET The excellent, oversized case features its original dimensions, showing some light wear with minimal evidence of prior polishing present. The matching twin crowns are likely early replacements as they are not branded. The case back retains all of its original factory markings in crisp and visible condition; the case back exhibits some light tool marks, which are common for these two-piece case backs. The generic, but likely original to the watch, Kreisler 10K gold-filled coffin-link bracelet retains 11 links that show almost no stretch and will fit up to a 7.5-inch wrist. DIAL & HANDS The original silver sunburst ""sober"" dial is primarily brandless, apart from the ""Memovox"" text, hence the nickname ""sober"" dial. The dial is in wonderful vintage condition, showing some gentle marks and age, expected for the era of the watch, though no major damage is present. The tritium lume plots located around the center of the dial and within the alarm arrow all remain at least partially intact, exhibiting light degradation, and have taken on a matching beige patina. The original tritium yellow gold hands match the dial patina and exhibit no degradation under UV light inspection. ACCESSORIES None. The watch is keeping time, but the service history is unknown. A movement service can be purchased upon request.",Craft & Tailored,2026-06-19,False
"2005 Vacheron Constantin Overseas Dual-Time 'Limited Edition' (Ref. 47450/B01A) Black ""Wempe"" Dial W/ Full Set & Recent Factory Service",Vacheron Constantin,24500,https://craftandtailored.com/products/2005-vacheron-constantin-overseas-dual-time-limited-edition-ref-47450-b01a-black-wempe-dial,https://cdn.shopify.com/s/files/1/1104/9180/files/Img043991_71728626-de52-44cb-80ee-3c4f1638ae5c.jpg?v=1781288539,"Few watchmakers command the same level of respect as Vacheron Constantin, the third-oldest continuously operating watch manufacturer in the world, founded in 1755. Renowned for uncompromising craftsmanship and timeless design, the brand’s mastery spans everything from ultra-complicated calendar watches to restrained, elegant dress models. This breadth of excellence is precisely why Vacheron Constantin stands among the horological “Holy Trinity”, a reputation earned through centuries of precise execution, innovation, and an unwavering dedication to refinement. Introduced as part of the second generation of the Overseas collection, the Vacheron Constantin Overseas Dual-Time Ref. 47450/B01A perfectly embodies the brand’s ability to blend refined Swiss watchmaking with everyday practicality. Produced between 2004 and 2016, the second-generation Overseas elevated the model’s sporting credentials while retaining the elegance expected from one of horology’s most revered maisons. The example presented here is a particularly desirable limited edition created to commemorate the 100th anniversary of Wempe Chronometerwerke, featuring several details exclusive to the collaboration, including a glossy black dial, silver Wempe co-signature, and the omission of the standard center seconds hand, giving the watch a cleaner and more purposeful aesthetic. Measuring a contemporary 42mm in diameter, this Overseas is equipped with Vacheron Constantin’s highly practical Dual-Time complication, allowing the wearer to track two time zones simultaneously through a dedicated second-time display accompanied by a day-and-night indicator. Additional functionality comes courtesy of a power reserve indicator, making this one of the most versatile references within the Overseas lineage. Offered as a complete collector’s set and preserved in excellent condition, this limited-edition Wempe collaboration represents a compelling opportunity to acquire a distinctive and uncommon variation of one of Vacheron Constantin’s most celebrated modern sports watches. SPECS Stock # VCOSDT47450W Brand Vacheron Constantin Style Overseas Dual-Time Model 47450/B01A Serial 81XXXX / 96XXXX Size Men's Material Stainless Steel Dial Black ""Wempe"" Millimeters 42 Bracelet Vacheron Constantin Integrated Bracelet W/ Butterfly Clasp CASE & BRACELET The robust case exhibits honest signs of gentle wear and light evidence of prior polishing while retaining factory dimensions, finishing, and angles throughout. The sapphire crystal remains clean, free from wear or blemishes. The crown and date setting pusher are original to the watch. The case back retains all of the factory markings in crisp and legible condition. The integrated stainless steel bracelet with butterfly clasp retains 15 links, along with a half link, that show no stretch. The bracelet comes with an additional 3-links as well. DIAL & HANDS The original glossy black ""Wempe"" dial is flawless. The hands are also flawless, but were replaced in the most",Craft & Tailored,2026-06-12,False
1942 Longines Dress Watch (Ref. 22199) Black Gilt Dial,Longines,1850,https://craftandtailored.com/products/1942-longines-dress-watch-ref-22199-black-gilt-dial,https://cdn.shopify.com/s/files/1/1104/9180/files/Img043998_89cdd07d-38b8-4a34-b1e3-b5232f7fa2be.jpg?v=1780705567,"Longines is one of the world’s oldest continuously operating watch manufacturers, with origins stretching back to 1832. Over nearly two centuries, the brand has earned a reputation for crafting timepieces of remarkable precision—so much so that Longines serves as the official timekeeper of the Kentucky Derby, where accuracy is everything. From robust chronographs and capable divers to elegant dress watches, Longines has consistently delivered designs that balance beauty and functionality. Its history is rich with military-issued pieces, refined sports watches, and some of the most charming dress references of the mid-century era. SPECS Stock # LONGDW22199 Brand Longines Style Dress Watch Model 22199 Serial 64XXXXX Size Men's / Unisex Material Stainless Steel Dial Black ""Gilt"" Millimeters 31.5 Strap 2pc Canvas Strap CASE & BRACELET The thin, faceted lug case shows honest wear throughout, consistent with the age of the watch, while also retaining crisp factory chamfers and finishing throughout. The unsigned crown is likely an early replacement, but it matches the aesthetic of the watch perfectly. The snap-fit case back shows light wear. The watch comes supplied on a 2pc canvas strap. DIAL & HANDS The original glossy glack galvanic gilt dial remains beautifully preserved, showing some light age and a spotted patina throughout. The radium numerals have achieved a charming brown patina, and no notable degradation is present when inspected under UV light. The original blued steel hands show some light age and oxidation, but no degradation is present in the lume under UV light inspection, and the lume also matches the dial perfectly. ACCESSORIES None. The watch is keeping running, but the service history is unknown. A movement service can be purchased upon request.",Craft & Tailored,2026-06-05,False
"1973 Rolex Day-Date 18K YG (Ref. 1803) Champagne ""Wide Boy"" Sigma Dial W/ Box & Papers",Rolex,23750,https://craftandtailored.com/products/1973-rolex-day-date-18k-yg-ref-1803-champagne-wide-boy-sigma-dial-w-box-papers,https://cdn.shopify.com/s/files/1/1104/9180/files/Img044067copy_9230e908-4693-411b-b2aa-0b1d89b056b4.jpg?v=1780613596,"The Rolex Day-Date is one of the most iconic and beautiful watches in the Rolex catalog. The Rolex Day-Date earned the nickname ""President"" after it was rumored that President Dwight Eisenhower wore one, but Eisenhower actually wore a Rolex 18K yellow gold Oyster-Perpetual Datejust, which Rolex gifted to him in 1953. However, the nickname ""President"" is quite fitting for the Day-Date, as Presidents Kennedy, Johnson, Ford, Reagan, Nixon, and Roosevelt all wore the Rolex Day-Date. Apart from its executive affiliation, the Day-Date is a symbol of status and luxury, only produced in highly refined precious metals, including 18K yellow, white, and rose gold, and also platinum, featuring both the day and date complications within the movement. This 18K yellow gold Day-Date ref. 1803 from 1973 is fitted with a unique champagne Sigma dial that features a sought-after dial layout, commonly referred to as the ""Wide Boy"" as the markers and hand configuration are much wider in look and design than the typical stick markers and baton hands more commonly found on Datejust references of the same era. Perfectly worn in any setting, from formal to casual. A Sigma dial is a Rolex dial named for the letters printed at the bottom of the dial at the 6 o'clock position. Most Rolex dials are commonly marked with “T Swiss T,” under the 6 o'clock marker; however, a Sigma dial is marked “σ T SWISS T σ.” This signifies the use of gold components within the dial. SPECS Stock # RLXDD180373 Brand Rolex Style Day-Date Model 1803 Serial 33XXXXX Size Men's Material 18K Yellow Gold Dial Champagne ""Wide Boy"" Sigma Millimeters 36 Bracelet Rolex 18K YG President Bracelet CASE & BRACELET The exceptional 18K yellow gold case maintains factory dimensions and crisp finishing overall, exhibiting no evidence of being polished in the past, with light signs of honest wear and ""sleeve polish"" present. The 18K yellow gold fluted bezel features crisp edges and angles, with only light signs of use present. The case back retains its original factory finishing. The 18K yellow gold president bracelet dates slightly later than the watch, with an ""A"" date code, and retains 24 links that show light stretch and will fit up to a 7.75-inch wrist. DIAL & HANDS The original and beautiful champagne sunburst ""Wide Boy"" Sigma dial is in flawless condition, showing no damage or age. The tritium lume plots feature an eggshell coloration with no degradation present when inspected under UV light. The original ""Wide Boy"" hands match the dial lume perfectly and exhibit no degradation under UV light inspection. The metallic date wheel is original with ""open"" 6 and 9 numerals, and the day window language is English. ACCESSORIES The watch comes as a full set with the original box, Rolex guarantee paper, booklets, calendar, and Rolex document wallet. The watch is keeping time, but the service history is unknown. A movement service can be purchased upon request.",Craft & Tailored,2026-06-04,False
"1983 Rolex Air-King (Ref. 5500) ""Domino's Pizza""",Rolex,15000,https://craftandtailored.com/products/1983-rolex-air-king-ref-5500-dominos-pizza,https://cdn.shopify.com/s/files/1/1104/9180/files/Img043977.jpg?v=1780354942,"1983 was an exciting year. Return of the Jedi captivated audiences worldwide, Michael Jackson released Thriller, and Sally Ride became the first American woman to travel to space. At the same time, Domino's Pizza was one of the most prominent fast-food pizza franchises in America. This eccentric Rolex Air-King was the ultimate trophy for one successful Domino's Pizza franchise owner who had to achieve back-to-back weeks of exceptional sales figures. Rolex watches with dials that were co-branded with the logos of corporations and organizations were seen in a variety of different references. However, none are as popular or iconic as the Air-Kings that featured logo dials. The Air-King was the preferred choice for co-branding thanks to the watch's price point and availability, and since these watches were generally being purchased and printed with the intent of being given to employees as awards or gifts, it made sense to use a budget-minded model. After all, a free Rolex is a free Rolex! That being said, the most notorious amongst the co-branded logo dials is, without a doubt, the Domino's Pizza Air-King. There is something magically absurd about the juxtaposition of the idealized totem of luxury that is a Rolex watch and the bold, unmistakable logo of an iconic fast-food pizza chain. It’s something that makes these watches irresistible to many, especially when you add the nostalgia factor and the incredibly fond memories many of us have for the ""30 minutes or less"" pizza chain, and this has all culminated in a collecting frenzy when it comes to the Domino’s Air-Kings. As the story goes, Tom Monaghan opened the first Domino's Pizza location in 1960 in Michigan and quickly expanded to the surrounding areas after seeing early success. Thanks to the franchise model the brand adopted early on, Domino's Pizza opened its 1000th store 23 years later. During this time of rapid expansion, one of the Domino's Pizza franchise owners approached Tom to fawn over the Bulova watch he wore, which was adorned with the Domino's Pizza logo on the dial. Monaghan replied, ""Turn in a $20,000 sales week, and it's yours!"" Apart from that lone Bulova and a few Seikos, which were given out as awards, Domino's Pizza quickly landed on the Rolex Air-King as the company's premier award prize. At first, a franchise owner only had to have a $20,000 sales week, and the Rolex was theirs, but due to the exponential growth in popularity Domino's enjoyed at the time, that sales goal was increased to $25,000 a week for 4 weeks in a row. Rolex signified its more economical timepieces with the text ""Precision"" printed on the dial. These watches carried in-house movements that were well-made but manually wound. This was until the Air-King was introduced to the world in 1957, and it became the premier model of Rolex’s more affordable Precision model range. These watches still featured the ""Precision"" text, but the Air-King housed a fully automatic movement, and although the rest of the Pre",Craft & Tailored,2026-06-01,False
Tropical 1948 Longines Sei-Tacche (Ref. 23788) Military Dial,Longines,2150,https://craftandtailored.com/products/1948-longines-sei-tacche-ref-23788-military-dial,https://cdn.shopify.com/s/files/1/1104/9180/files/Img043666copy2.jpg?v=1779844743,"Longines is one of the oldest continuously operating watch manufacturers in the world, with roots dating back to 1832. Over that immense period of time, the brand has crafted some truly incredible and incredibly accurate timepieces. In fact, it's one of the reasons Longines is the official timekeeper of the Kentucky Derby, where accuracy is paramount. Among vintage Longines, few models capture the imagination of collectors quite like the “Sei-Tacche.” Produced in the 1930s and 1940s alongside the earlier “Tre-Tacche,” these watches earned their names from their distinctive casebacks, six notches for the Sei-Tacche, three for the Tre-Tacche, engineered for a tighter seal and requiring specialized tools to remove. Beyond this functional innovation, the Sei-Tacche has become a cult favorite, celebrated for its uncompromising simplicity and its place as one of the earliest true “tool watches” before the category even had a name. This 1951 example ref. 23788 brings all the hallmarks that collectors seek: a 33mm stainless steel case, a warm military-style dial with bold radium-lumed Arabic numerals, a red 24-hour scale for a touch of color, and a refined blue steel handset. The six-notched caseback and rugged construction speak to Longines’ wartime focus on reliability and resilience, making these pieces both historically significant and incredibly wearable today. For collectors, the Sei-Tacche represents more than just a vintage Longines; it embodies the brand’s legacy of precision and durability, qualities that established its reputation in both civilian and military circles. With its understated aesthetics, robust build, and undeniable historical importance, the Sei-Tacche remains one of the most compelling entry points into serious vintage Longines collecting. SPECS Stock # LGSST23788 Brand Longines Style Sei-Tracche Model 23788 Serial 83XXXXX Size Men's / Unisex Material Stainless Steel Dial Beige ""Aged"" Millimeters 33 Strap 2pc Canvas Strap CASE & BRACELET The excellent case features long lugs extending the size of the watch beyond its diameter measurement and retains full and symmetrical dimensions throughout, showing some wear and light evidence of prior polishing. The crown is believed to be original to the watch. The distinctive 6-notch case back is in excellent condition with light wear present and is adorned with the factory engravings remaining crisp. Additionally, the back of the top left lug bears a matching engraving to the case back, corroborating the originality of the watch. The watch comes supplied on a 2pc black canvas strap. DIAL & HANDS The original, beautifully aged military-style dial has achieved a fantastic vintage aesthetic, featuring a dial that has developed a warm beige coloration, radium arabic numerals, and a red 24-hour scale. The dial itself shows light speckles from aging and some additional elements of age around the outer edge, as expected. The radium-filled numerals have taken on a dark grey patina and exhibit onl",Craft & Tailored,2026-06-01,False
"1970s Yema Yachtingraf Régate (Ref. 5667370) ""Blue Ship""",Yema,9500,https://craftandtailored.com/products/1970s-yema-yachtinggraf-regate-ref-5667370-blue-ship,https://cdn.shopify.com/s/files/1/1104/9180/files/Img043926-2.jpg?v=1779826313,"From outer space, the racetrack, sailing, diving, and to the North Pole and back, Yema wristwatches were built to accompany adventurers from the very beginning. Founded in 1948, the Yema watch company saw early success and quickly became the best-selling French watch brand of the 1960s. The Yema Yachtingraf was introduced in 1966 for the sole purpose of regatta racing and features a highly visible red, white, and blue countdown timer within the right sub-register to track the critical five-minute starting sequence of a yacht race. The Yachtingraf eventually became the official watch of the French Sailing Federation and went on to accompany the French National Sailing Team during the 1972 Olympic Games. The example offered here is the highly coveted and exceptionally uncommon “Blue Ship” execution of the Yema Yachtingraf Régate, regarded by many collectors as the seventh and final evolution of the original non-digital Yachtingraf lineage. Distinguished by its oversized “Jumbo” straight lug case architecture and signature blue ship motif above 6 o’clock, this particular variant represents one of the rarest and most visually striking expressions of the Yachtingraf platform ever produced. The dial layout of the Yachtingraf Régate is equally as compelling as its case architecture, featuring a highly specialized regatta countdown display designed specifically for yacht racing applications. The multi-colored segmented register allows sailors to track the critical countdown period leading up to the start of a race, functioning as both a practical navigational instrument and one of the most visually distinctive chronograph displays of the era. Adding further visual depth are the unique dial “cutouts” integrated directly into the regatta countdown register itself, creating a layered, dimensional effect rarely seen in period chronographs. These apertures expose the rotating countdown disc beneath the dial surface, allowing the wearer to visually track the progression of elapsed countdown intervals in real time. The result is a dial execution that feels remarkably technical, playful, and purpose-built all at once, embodying the experimental spirit of late-1960s and early-1970s regatta chronograph design. Powering the watch is the modified Valjoux 7733S manual-wind chronograph movement, specifically adapted for regatta timing functionality. SPECS Stock # YYG5667370 Brand Yema Style Yachtingraf Model 5667370 Serial N/A Size Men's Material Stainless Steel Dial Matte Black Millimeters 38.5 Strap 2pc Rubber Tropic Strap CASE & BRACELET The straight lug case remains wonderfully well-preserved and unpolished, retaining its original factory finishing and sharp case geometry throughout. The original bakelite bezel remains flawless, showing no signs of cracking or degradation. The case retains its original unsigned crown and pump pushers. The case back retains all of its original factory engravings in full legible and deep condition. The watch comes supplied on a 2pc ",Craft & Tailored,2026-05-26,False
Tropical 1951 Longines Sei-Tacche (Ref. 5413 10),Longines,1650,https://craftandtailored.com/products/1951-longines-sei-tacche-ref-5413-10,https://cdn.shopify.com/s/files/1/1104/9180/files/Img043863.jpg?v=1779320262,"Longines is one of the oldest continuously operating watch manufacturers in the world, with roots dating back to 1832. Over that immense period of time, the brand has crafted some truly incredible and incredibly accurate timepieces. In fact, it's one of the reasons Longines is the official timekeeper of the Kentucky Derby, where accuracy is paramount. Among vintage Longines, few models capture the imagination of collectors quite like the “Sei-Tacche.” Produced in the 1930s and 1940s alongside the earlier “Tre-Tacche,” these watches earned their names from their distinctive casebacks, six notches for the Sei-Tacche, three for the Tre-Tacche, engineered for a tighter seal and requiring specialized tools to remove. Beyond this functional innovation, the Sei-Tacche has become a cult favorite, celebrated for its uncompromising simplicity and its place as one of the earliest true “tool watches” before the category even had a name. This 1951 example ref. 5413 10 brings all the hallmarks that collectors seek: a 33mm stainless steel case with drilled lugs, a warm silver dial with bold radium-lumed Arabic numerals, a red 24-hour scale for a touch of color, and a refined blue steel handset. The six-notched caseback and rugged construction speak to Longines’ wartime focus on reliability and resilience, making these pieces both historically significant and incredibly wearable today. For collectors, the Sei-Tacche represents more than just a vintage Longines; it embodies the brand’s legacy of precision and durability, qualities that established its reputation in both civilian and military circles. With its understated aesthetics, robust build, and undeniable historical importance, the Sei-Tacche remains one of the most compelling entry points into serious vintage Longines collecting. SPECS Stock # LGSST541310 Brand Longines Style Sei-Tracche Model 5413 10 Serial 83XXXXX Size Men's / Unisex Material Stainless Steel Dial Beige ""Tropical"" Millimeters 33 Strap 2pc Leather Strap CASE & BRACELET The excellent case features long lugs extending its size beyond its diameter measurements and retains crisp finishing and edges throughout, showing no notable wear and light evidence of being previously polished. The crown is believed to be original to the watch. The distinctive 6-notch case back is in excellent condition with light wear present and is adorned with an engraving of initials that read ""R.M.H."" Additionally, the back of the top left lug bears a matching engraving to the case back, corroborating the originality of the watch. The watch comes supplied on a 2pc black leather strap. DIAL & HANDS The original dial has achieved a charming peachy-beige tropical patina throughout and remains in wonderfully preserved condition for its age, exhibiting only gentle marks and wear. The radium filled arrow markers and numerals have achieved a charming beige coloration, with some darker spots, and exhibit nominal degradation when inspected under UV light. The original alpha ha",Craft & Tailored,2026-05-20,False
1960s Movado Kingmatic Sub-Sea 18K YG (Ref. 5261),Movado,4250,https://craftandtailored.com/products/1950s-movado-kingmatic-sub-sea-18k-yg-ref-5261,https://cdn.shopify.com/s/files/1/1104/9180/files/Img043858_c93a40d0-8894-49fa-b716-b75ad9d9bb95.jpg?v=1779235666,"The Movado Kingmatic stands as a perfect example of why vintage Movado remains so compelling today. During the mid-century era, Movado competed directly with the likes of Rolex and Patek Philippe, establishing itself as one of the premier watchmakers of the period through a combination of innovative design, refined aesthetics, and exceptional manufacturing standards. While the brand’s modern identity is often associated with minimalist design, vintage Movado tells a far richer story, one deeply rooted in technical achievement and elegant watchmaking. Presented here, the solid 18K yellow gold Kingmatic Sub-Sea perfectly captures that balance between luxury and utility. Beginning in the 1930s, Movado introduced water-resistant wristwatches under the “Sub-Sea” designation, a hallmark later carried into the brand’s more robust sports and dive watches of the 1950s and 1960s. Unlike many manufacturers of the era, Movado extended this water-resistant engineering across even its dress-focused references, resulting in sophisticated pieces like this ref. 5261. With its elegant proportions, solid gold construction, and understated mid-century styling paired with the practical Sub-Sea capability, the Kingmatic represents an especially refined interpretation of the classic waterproof dress watch. SPECS Stock # MOVKMSS5261 Brand Movado Style Kingmatic Sub-Sea Model 5261 Serial 53X Size Men's Material 18K Yellow Gold Dial Silver Millimeters 35 Strap 2pc Handmade Black Alligator Strap CASE & BRACELET The classically designed, 18K yellow gold case remains in exceptional condition, exhibiting only gentle wear and light evidence of being polished in the past. The case retains its original crown, adorned with the Movado logo, which exhibits minor wear. The screw-down case back shows minimal signs of use and retains the ""Kingmatic"" medallion. The watch comes supplied on a 2pc black alligator leather strap. DIAL & HANDS The original silver sunburst dial features gold applied markers and remains in exceptional vintage condition overall, showing no damage and only minor age. The small tritium lume plots located at the tip of each marker exhibit some degradation throughout, though most remain present. The original yellow gold hands are also in excellent condition, though the lume in the hour hands is no longer present. ACCESSORIES None. The watch is running, but the service history is unknown. A movement service can be purchased upon request.",Craft & Tailored,2026-05-19,False
"1978 Rolex Daytona (Ref. 6265) Black ""Floating Big Red"" Dial W/ Box & Extensive Documentation",Rolex,82000,https://craftandtailored.com/products/1978-rolex-daytona-ref-6265-black-floating-big-red-dial-w-box-extensive-documentation,https://cdn.shopify.com/s/files/1/1104/9180/files/Img043293copy2_3defa5bd-686e-450a-9b34-e42dabdb3905.jpg?v=1778190990,"Rolex first introduced the Cosmograph in 1963 in steel, 14k, and 18k yellow gold with a design that was solely focused on automobile racing. The Units Per Hour bezel allowed for the tracking and measuring of average speed and lap times, making for a truly useful tool for racing drivers in the 20th century. Rolex, being the same marketing powerhouse back then as they are today, knew the American market would be their most effective demographic as racing in America was on the rise in the 60s-70s. Effectively, in 1964, the Rolex Cosmograph was branded “Daytona” after the famous race, the 24 Hours of Daytona, and the rest is history. The Daytona saw its first major update in late 1969 when Rolex decided to bring its Oyster technology to the Cosmograph. Accompanying the ""Oyster"" text on the dial, the case crown was upgraded to a 7mm trip-lock crown, and the most significant upgrade was the introduction of the screw-down chronograph pushers, which is a function we still see today in the modern Daytona offering from Rolex. While the case size of this new model was the same as its predecessor at 36mm, the larger crown and more robust pushers greatly increase the watch's wrist presence. We love a watch with provenance, and this specific Daytona may be one of the most well-documented examples we've ever had. Remaining in a very attractive and presentable condition, and ready for daily wear. SPECS Stock # RLXDT6265-78/5 Brand Rolex Style Daytona Model 6265 Serial 55XXXXX Size Men's Material Stainless Steel Dial Matte Black ""Floating Big Red Millimeters 36 Bracelet Rolex 62510H Jubilee Bracelet W/ 574 End Pieces CASE & BRACELET The wonderful case exhibits full and even lugs that exhibit some evidence of light polishing in the past, and wear. The stainless steel “UPH” bezel remains in excellent condition, showing light use and no loss to the black enamel inlay. The Mk III screw-down pushers are OEM Rolex service units. The later Rolex 62510H Jubilee bracelet with 574 is an OEM service unit and retains 22 links that show light stretch and will fit up to an 8.25-inch wrist. DIAL & HANDS The original matte black ""Floating Big Red"" dial is in wonderful vintage condition, showing no age or damage to the dial itself. The silver sub-dials exhibit some wear, expected for the age of the watch. The tritium lume plots have achieved a lovely creamy yellow patina. Under UV light inspection, the 3 o'clock plot features slight degradation, while the 6 o'clock plot is mostly missing, and the rest of the plots remain fully intact. The hands are OEM Rolex luminova service units. ACCESSORIES The watch comes with its original inner and outer boxes, original sales receipt, blank Rolex guarantee paper, informational and instruction booklets, and extensive documentation ranging from Rolex services, independent services, and appraisals. The watch is keeping time perfectly, backed by a 1-year warranty on accurate timekeeping.",Craft & Tailored,2026-05-07,False
1980 Rolex Datejust 18K YG (Ref. 16018) Onyx Stone Dial,Rolex,40500,https://craftandtailored.com/products/1980-rolex-datejust-18k-yg-ref-16018-onyx-stone-dial,https://cdn.shopify.com/s/files/1/1104/9180/files/Img043660.jpg?v=1778096973,"The Rolex Datejust is one of the most iconic and beloved models made by Rolex. Launched in 1945, it remains a timeless classic and is instantly recognizable as an item of superior quality and functional design. The Datejust can be worn just as easily with a suit as it can be in jeans and a t-shirt. The Datejust would make a great start for a new vintage collector and is always a great addition to an expanding collection. On an extremely limited basis, Rolex manufactured timepieces featuring exotic materials. Such as dials made from various minerals, woods, and stones, including black onyx, burl wood, lapis lazuli, birch, fossil, coral, aventurine, and ferrite, among others… These exotic variants are always strikingly vivid with a minimalist design, and each exotic variant was produced in very limited numbers. With rarity varying between materials, the rarer the material was, the fewer Rolex produced. The Datejust stone dials are elusive, as Rolex stone dials are most commonly seen in the Day-Date references. The onyx stone pairs perfectly with the gold Datejust, creating depth in the dial that is rarely seen in a wristwatch and is loved by collectors. SPECS Stock # RLXDJ16018ONX Brand Rolex Style Datejust Model 16018 Serial 64XXXXX Size Men's Material 18K Yellow Gold Dial Onyx Stone Millimeters 36 Strap 2pc Handmade Leather Strap CASE & BRACELET The exceptional 18k yellow gold case boasts full factory dimensions and original finishing, while featuring subtle sleeve polish from wear, with no evidence of actual polishing in the past. The case does exhibit some honest signs of light wear. The 18K yellow gold fluted bezel is just as crisp as the case, with minimal signs of previous use present. The case back retains its original dimensions and finish with light wear present. The watch comes supplied on a 2pc handmade leather strap. DIAL & HANDS The original deep black Onyx stone dial is simply incredible with no cracks or damage present whatsoever. The solid yellow gold hands are in excellent condition. The metallic gold date wheel is original with ""open"" 6 and 9 numerals. ACCESSORIES None. The watch is keeping time perfectly, backed by a 1-year warranty on accurate timekeeping.",Craft & Tailored,2026-05-06,False
1954 Omega Seamaster Automatic (Ref. 2869 1SC) 'Cal. 500' Black Gilt Dial,Omega,2150,https://craftandtailored.com/products/1954-omega-seamaster-automatic-ref-2869-1sc-cal-500-black-gilt-dial,https://cdn.shopify.com/s/files/1/1104/9180/files/Img043225_a1c01065-0eb0-4179-91d2-a2813f571c51.jpg?v=1777430971,"The Speedmaster might be the watch that made Omega a household name (and took it to the moon), but the Seamaster has been around quite a bit longer and has its own incredible legacy worth talking about. First released in 1948 in celebration of Omega’s centennial anniversary, the Seamaster became a worldwide success and was the brand’s top seller for a long time. Today, it’s the longest-running name in the Omega catalog and still holds a special place in plenty of collectors’ hearts. This ref. 2869 1SC is a fantastic example of how well-rounded the Seamaster is, helping to make it the perfect all-day, everyday timepiece – especially with its beautiful black gilt dial, offering a refined presentation to the reference. It’s powered by the respected Cal. 500 movement, which is fitted into an elegant design that is subtle, timeless, and well-balanced. With its 33mm stainless steel case and long, broad lugs, the piece is both a relevant and suitable option in any environment, especially thanks to its classic dial layout that is both stylish and recognizable. SPECS Stock # OMSM28691SC Brand Omega Style Seamaster Automatic Model 2869 1SC Serial 14XXXXXX Size Men's Material Stainless Steel Dial Black Gilt Millimeters 33 Strap 2pc Handmade Leather Strap CASE & BRACELET The excellent case retains strong case chamfers and exhibits minor signs of use, with minimal evidence of previous polishing present. The Omega-signed crown is believed to be the original to the watch. The case back shows signs of use but still retains its factory markings and is adorned with an engraving that reads "" Bob G. Morey, From Helen N. Morey, Nov. 11-1958"". The watch will come supplied on a 2-piece leather strap. DIAL & HANDS The original applied logo black gilt dial has achieved a wonderful vintage aesthetic while remaining in well-preserved condition. The dial exhibits a cloudy patina throughout, with natural aging expected for a gilt dial of the era. The radium tipped markers mostly remain intact, though they do display degradation throughout. The original radium hands have aged to a dark patina and show no degradation under UV light. ACCESSORIES None. The watch is keeping time, but the service history is unknown. A movement service can be provided upon request.",Craft & Tailored,2026-04-28,False
Craft+Tailored Magazine (Annual Subscription) · 4 Issues Per Year,Craft + Tailored,120,https://craftandtailored.com/products/craft-tailored-magazine-subscription,https://cdn.shopify.com/s/files/1/1104/9180/files/RLX_6654_48907cb5-f5e4-4f65-8003-76d830445a93.jpg?v=1777069536,"Issue No. 01 of the Craft + Tailored Magazine marks the beginning of our new quarterly print journal. Built as a response to the disposable nature of modern media, the magazine exists as a slower, more intentional format for the kinds of stories that deserve more than a swipe or a scroll. The debut 120-page issue features contributions from more than a dozen incredible collaborators, covering everything from an Explorer-dial Submariner and a classic G-Wagen to rare jazz records and hunting for vintage gems in Hong Kong. It’s classic Craft + Tailored at its core, layered with new voices and perspectives that push the conversation further. The magazine will publish quarterly, with new issues released each April, July, October, and January. An annual subscription includes all four issues, complimentary shipping, and early delivery ahead of public release. Subscribers will also receive access to future subscriber-only products, releases, and events as the magazine continues to evolve over the coming year. When you purchase a subscription, you’ll receive the current issue immediately, with the remaining issues shipped automatically upon release.",Craft & Tailored,2026-04-23,False
1970 Tudor Ranger (Ref. 9050/0),Tudor,11950,https://craftandtailored.com/products/1970-tudor-ranger-ref-9050-0,https://cdn.shopify.com/s/files/1/1104/9180/files/Img043141copy2_25829c0e-4655-4f28-9f14-ef3027cb6388.jpg?v=1776293211,"The Rolex/Tudor relationship dates back to 1926 when Hans Wilsdorf, the founder of Rolex SA, wanted to create a more affordable wristwatch alternative that still maintained a high quality of craftsmanship. Tudor manufactured wristwatches adjacent to Rolex for many years, which featured more affordable non-inhouse Swiss movements, whilst still utilizing Rolex's case designs and manufacturing processes. Even though Tudor shares a lot of similarities with its older brother Rolex, Tudor's designs tended to differentiate from the Rolex formula to make for some uniquely cool timepieces in their own right. The Ranger is one of the more coveted Tudor watches amongst collectors. Known for being elusive, with only a very small number ever actually being made, Rangers are rarely seen for sale on the open market. The Ranger is often referred to as ""Tudor's Explorer"" and although there are similarities, such as the lumed Arabic numerals, but the Ranger comes across as a totally different watch that offers a completely different wearing experience. Especially the ref. 9050/0 which features the quick set date function at the 3 o'clock position. SPECS Stock # TDRRGR90500-2 Brand Tudor Style Ranger Model 9050/0 Serial 70XXXX Size Men's Material Stainless Steel Dial Matte Black Millimeters 34 Bracelet Rolex 7835 Oyster Bracelet W/ 361 End Pieces CASE & BRACELET The exceptional case retains very thick and symmetrical lugs that feature crisp edges and finishing throughout, while exhibiting nominal evidence of prior polishing and nominal wear. The smooth stainless steel bezel is in excellent condition overall, showing no notable wear and crisp edges. The case retains its original Rolex twin-lock crown. The caseback retains all of its factory engravings in deep and crisp condition. The original Rolex 7835 folded-link Oyster bracelet with 361 end pieces retains 12 links that exhibit minimal stretch and will fit up to a 7.25-inch wrist. DIAL & HANDS The original matte black Ranger dial remains in virtually flawless condition, displaying no damage or notable age. The tritium lume plots have achieved a lovely creamy yellow patina with no degradation present under UV light inspection. The original tritium hands match the dial patina perfectly and display no degradation under UV light inspection. ACCESSORIES None. The watch is keeping time, but the service history is unknown. A movement service can be purchased upon request.",Craft & Tailored,2026-04-16,False
*Unpolished* 1985 Rolex Oysterquartz Day-Date 18K YG (Ref. 19018) Black Dial,Rolex,24500,https://craftandtailored.com/products/unpolished-1985-rolex-oysterquartz-day-date-18k-yg-ref-19018-black-dial,https://cdn.shopify.com/s/files/1/1104/9180/files/Img043143_56ce9fc9-ccb8-41d0-b0b0-6219394c7a6e.jpg?v=1776305490,"The Rolex Day-Date Oysterquartz ref. 19018 is one handsome and uniquely designed timepiece. In the late 1970s and early 1980s, Quartz timepieces were dominating the market, and yes, even Rolex was affected by what is now known as the ""Quartz Crisis"". It would be a mistake to think that quartz watches were an afterthought for Rolex, even despite Rolex's strong dedication to mechanical movements; Rolex began to realize that this type of product could establish itself on the market. This proved to be a fact in the following years to come. The Rolex Oysterquartz production range, having lasted less than 3 decades, makes the entire range of Rolex Oysterquartz highly sought after and extremely collectible. It has been estimated that fewer than 25,000 total Oysterquartz watches were ever produced by Rolex. The design of the Rolex Oysterquartz Day-Date is far removed from the classic Day-Date models and carries design characteristics of the period from which it hails. The angular case, an integrated presidential-style bracelet, is utterly unique and almost architectural in appearance. The case and integrated bracelet are unquestionably remarkable. The Rolex Cal. 5055 11 jewel quartz movement is built as one would expect from Rolex, of technical advancement, but with a bespoke build and finish. This Rolex Oysterquartz Day-Date ref. 19018 is for the gentleman who understands design, style, and truly appreciates substance. A standout piece by every measure, it makes a statement not only through its use of solid 18K yellow gold, but through the distinctive blend of bold geometry and timeless elegance that defines the Oysterquartz, offering the wearer a watch that is both unmistakably luxurious and unapologetically design-forward. SPECS Stock # RLXOQDD19018-5 Brand Rolex Style Oysterquartz Day-Date Model 19018 Serial 87XXXXX Size Men's Material 18K Yellow Gold Dial Black Millimeters 36 Bracelet Rolex 18K Yellow Gold Oysterquartz President Bracelet CASE & BRACELET The sharp 18K yellow gold case is believed to remain unpolished, boasting crisp factory finishing and geometry throughout. The case and bezel have developed a beautiful darkened rose patina throughout as well. The 18K yellow gold fluted bezel is equally crisp as the case, featuring sharp edges and finishing throughout. The case back retains defined factory finishing, showing only gentle signs of use, with the reference and serial engravings remaining in excellent condition, along with the hallmarks as well. The original 18K yellow gold Rolex Oysterquartz President-style bracelet retains 24 links that exhibit almost no stretch and will fit up to a 7-inch wrist. DIAL & HANDS The original black sunburst dial is in remarkable condition, with subtle age only visible in natural light. The tritium lume plots have achieved a lovely golden patina and exhibit no degradation when inspected under UV light. The original tritium hands match the dial perfectly and show no degradation under UV light inspection. The ",Craft & Tailored,2026-04-15,False
1954 Omega Dress Watch (Ref. 2635-9 SC) Black Gilt Dial W/ Breguet Numerals,Omega,2500,https://craftandtailored.com/products/1954-omega-dress-watch-ref-2635-9-sc-black-gilt-dial-w-breguet-numerals,https://cdn.shopify.com/s/files/1/1104/9180/files/Img042965_cd65d876-7669-4c57-875a-de1c8fe07b3a.jpg?v=1776215659,"The world of vintage Omega is vast. It's filled with interesting and unique references, to a degree, unlike almost any other manufacturer. This is true whether you're looking for something for racing, dressing up, diving, or any other function. Omega does it all – and does it all to the nines. Case in point, this gorgeous stainless steel automatic dress watch from the '50s. It may not have one of the famous monikers on the dial (Seamaster, DeVille, etc), but it makes up for it with a stunning black galvanic dial featuring gilt printing and Breguet numerals. And the cal. 354 bumper movement beating inside is a bit of an icon in its own right. SPECS Stock # OMGDW26359 Brand Omega Style Dress Watch Model 2635-9 SC Serial 14XXXXXX Size Men's Material Stainless Steel Dial Black 'Gilt' Millimeters 33 Strap 2pc Handmade Leather Strap CASE & BRACELET The handsome case features pronounced lugs that provide dimension, extra presence, and overall charm to the otherwise traditional styling. The case exhibits almost no signs of previous use and only evidence of being previously polished. The Omega crown is believed to be original to the watch. The screw-down case back is in great condition with minimal wear present. The watch comes supplied on a 2pc leather strap. DIAL & HANDS The original black galvanic gilt dial with Breguet numerals and dagger markers features a lovely textural patina throughout the top lacquer finish, lightening the dial and allowing for an almost shimmering effect to come through in natural light. Normal degradation to the original radium lume tipped markers is present when inspected under UV light. The original gilt dauphine hands exhibit no degradation in the lume and feature only minor oxidation. ACCESSORIES None. The watch is keeping time, but the service history is unknown. A movement service can be purchased upon request.",Craft & Tailored,2026-04-14,False
1960s Girard Perregaux Alarm Gold-Plated,Girard Perregaux,2000,https://craftandtailored.com/products/1960s-girard-perregaux-alarm-gold-plated,https://cdn.shopify.com/s/files/1/1104/9180/files/Img042874copy2.jpg?v=1776198747,"Girard Perregaux has a deep lineage within Swiss watchmaking history, unofficially forming at the end of the 17th century and formally being announced as Girard Perregaux & Cie in 1852, and during their time since have created some very worthwhile and interesting watches. We love this uniquely designed alarm wristwatch from Girard Perregaux. Instead of the alarm function being set via an additional hand or rotating disc in the center of the dial, the alarm function is housed in a beautifully constructed window that allows for a user-friendly setting function in a stylish fashion. SPECS Stock # GRDPRALM-3 Brand Girard Perregaux Style Alarm Model N/A Serial N/A Size Men's Material Gold-Plated Stainless Steel Dial Champagne Millimeters 35 Strap 2pc Handmade Leather Strap CASE & BRACELET The excellent gold-plated case featured strong dimensions throughout with thick and symmetrical lugs that show only light signs of use and nominal evidence of prior polishing. The matching crowns appear to be early replacements and match the aesthetic of the watch perfectly. The two-part stainless steel case back is in excellent condition with some minor wear present. The watch comes supplied on a 2pc handmade leather strap. DIAL & HANDS The original virtually brushed champagne dial is in wonderful vintage condition, showing no damage and only nominal elements of age. The silver alarm wheel is in excellent condition as well. The tritium lume plots are mostly removed from the dial, with only minor remnants present when inspected under UV light. The original hands retain the original tritium lume and black enamel filling with no degradation present. ACCESSORIES None. The watch is keeping time perfectly, but the service history is unknown. A movement service can be purchased upon request.",Craft & Tailored,2026-04-14,False
*Mint* 2022 Audemars Piguet Royal Oak Oak 18K RG (Ref. 15510OR) Blue Dial W/ Full Set,Audemars Piguet,65000,https://craftandtailored.com/products/mint-2022-audemars-piguet-royal-oak-oak-18k-rg-ref-15510or-blue-dial-w-full-set,https://cdn.shopify.com/s/files/1/1104/9180/files/Img040458.jpg?v=1774053837,"Designed by the legendary Gerald Genta in 1972, the original Royal Oak ref. 5402 redefined the industry as the most expensive steel watch of its time. Bold in both size and concept, it challenged traditional design norms by introducing a luxury sports watch in steel. The gamble paid off, cementing the Royal Oak as an icon–celebrated for its balance of utility and timeless design, with its signature mix of brushed and polished surfaces, sharp angles, and unmistakable octagonal bezel. A modern expression of Audemars Piguet’s most iconic design, the Royal Oak Ref. 15510OR brings together heritage aesthetics with contemporary execution. Crafted in full 18K pink gold, the 41mm case retains the unmistakable Royal Oak silhouette while reflecting the latest evolution of the model. The dial features the classic “Grande Tapisserie” pattern in the storied “Bleu Nuit, Nuage 50” tone, a direct nod to the original 1972 Royal Oak. Powering the watch is the in-house Calibre 4302 automatic movement, offering a 70-hour power reserve and beautifully finished architecture visible through the sapphire caseback. Finished with a blue alligator strap, an uncommon configuration for this reference, this example balances sport and refinement with ease. A compelling modern Royal Oak with strong ties to its roots, presented here in mint condition with its full set. SPECS Stock # APRO15510OR Brand Audemars Piguet Style Royal Oak Model 15510OR Serial MMXXXXX / BNXXXX Size Men's Material Stainless steel Dial Blue Tapisserie Millimeters 41 Strap Audemars Piguet Blue Alligator Strap W/ 18K RG Audemars Piguet Deployant Buckle CASE & BRACELET The mint, virtually unworn 18K rose gold case is exceptional, showing no apparent signs of use through the case or bezel. The strap and buckle are in similar condition and display no signs of previous use. DIAL & HANDS The vibrant blue Tapisserie dial and rose gold hands are flawless. ACCESSORIES Comes with its original inner and outer boxes, Certificat d'Origine et de Garantie, and original sales receipt. The watch is keeping time perfectly and functions flawlessly.",Craft & Tailored,2026-03-20,False
2023 Rolex Oyster-Perpetual 36 (Ref. 126000) Pink Dial W/ Full Set,Rolex,11500,https://craftandtailored.com/products/2023-rolex-oyster-perpetual-36-ref-126000-pink-dial-w-full-set,https://cdn.shopify.com/s/files/1/1104/9180/files/Img041716_ad3ba65b-d7a7-41d9-9534-a76c59f45697.jpg?v=1773712447,"In 2020, Rolex refreshed the Oyster Perpetual line with a bold new direction, introducing an array of vibrant dial colors and expanded case sizes to one of its most classic and enduring collections. The update included the introduction of the larger 41mm ref. 124300, alongside the normal case sizes in 36mm, 34mm, 31mm, and 28mm—each outfitted with the new-generation automatic movement. These models retained the signature traits of the Oyster Perpetual family: clean, no-date dials, brushed Oyster bracelets, smooth bezels, and chronometer-certified performance. However, it was the playful use of color—ranging from coral red and yellow to green, pink, and turquoise blue—that set this release apart, injecting new energy into a line traditionally associated with understated elegance. SPECS Stock # RLXOP126000PK Brand Rolex Style Oyster-Perpetual 36 Model 126000 Serial 7WXXXXXX Size Men's Material Stainless Steel Dial Pink Millimeters 36 Bracelet Rolex Oyster Bracelet CASE & BRACELET The excellent unpolished case exhibits crisp edges and factory finishing throughout, with only very minimal signs of use present. The smooth mirror-polished stainless steel bezel is also excellent, showing almost no signs of use. The case back exhibits no notable wear. The original Rolex Oyster bracelet retains 13 links that show no stretch with nominal wear, and will fit up to a 7.25-inch wrist. The watch also comes with an additional link, making for a full linked bracelet DIAL & HANDS The vibrant pink dial is flawless. The original hands are flawless. ACCESSORIES The watch comes complete with its original inner and outer boxes, Rolex warranty card, green leather card holder, serial hang tag, and chronometer seal hangtag. The watch is keeping time perfectly per factory specs.",Craft & Tailored,2026-03-16,False
"1995 Rolex Day-Date 18K WG (Ref. 18239) Sapphire ""Teardrop"" Dial",Rolex,43500,https://craftandtailored.com/products/1995-rolex-day-date-18k-wg-ref-18239-sapphire-teardrop-dial,https://cdn.shopify.com/s/files/1/1104/9180/files/Img041784.jpg?v=1773095279,"The Rolex Day-Date is one of the most iconic and beautiful watches in the Rolex catalog. The Rolex Day-Date earned the nickname ""President"" after it was rumored that President Dwight Eisenhower wore one, but Eisenhower actually wore a Rolex 18K yellow gold Oyster-Perpetual Datejust, which Rolex gifted to him in 1953. However, the nickname ""President"" is quite fitting for the Day-Date, as Presidents Kennedy, Johnson, Ford, Reagan, Nixon, and Roosevelt all wore the Rolex Day-Date. Apart from its executive affiliation, the Day-Date is a symbol of status and luxury, only produced in highly refined precious metals, including 18K yellow, white, and rose gold, and also platinum, featuring both the day and date complications within the movement. Rolex introduced the cal. 3155 in 1988, this movement featured an updated double-quickset complication, allowing the user to set both the day and date complications quickly. While in position two of the crown, rotating the crown clockwise will promptly change the date, while counterclockwise will quickly change the day. Rolex consistently strikes the perfect balance between luxury and functionality, and this end-of-series 18K white gold Day-Date ref. 18239 from 1995 exemplifies that harmony. Featuring a rare sapphire “teardrop” dial, it stands as a fitting testament to the brand’s enduring commitment to quality. SPECS Stock # RLXDD18239-95/2 Brand Rolex Style Day-Date Model 18239 Serial W0XXXXX Size Men's Material 18K White Gold Dial Silver W/ Factory Sapphire Teardrops Millimeters 36 Bracelet Rolex 8385 18K WG President Bracelet CASE & BRACELET The 18K white gold case features thick and symmetrical lugs that display minimal evidence of prior polishing and light signs of previous use. The 18K white gold fluted bezel is in excellent condition, retaining defined edges with no notable wear. The case retains its original white gold two-dot twin-lock crown. The sapphire crystal is clean, with no scratches or chips present. The era-correct Rolex 8385 18K white gold President bracelet was sourced with the watch and dates slightly earlier than the head. The bracelet retains 22 links that show minimal stretch and will fit up to a 7-inch wrist. DIAL & HANDS The rare non-luminous silver sunburst dial features factory-set sapphire markers at the 6 o'clock and 9 o'clock, hence the ""sapphire teardrop"" nickname, and remains in perfect condition. The solid white gold hands are in perfect condition. ACCESSORIES None. The watch is keeping time perfectly, backed by our 1-year warranty on accurate timekeeping.",Craft & Tailored,2026-03-09,False
"2020s Gevril Tribeca Chronograph (Ref. R005/2) ""RCO-Style Dial"" W/ Box & Papers",Other,5500,https://craftandtailored.com/products/2020s-gevril-tribeca-chronograph-rco-style-dial-w-box-papers,https://cdn.shopify.com/s/files/1/1104/9180/files/Img041851_3e13f820-aff1-47eb-b8d1-65ff6311748c.jpg?v=1773094249,"The Gevril Tribeca is widely regarded as one of the most faithful and celebrated homages to one of the most iconic watches ever produced—the Rolex “Paul Newman” Daytona. Introduced in 1999, the Tribeca was designed to capture the spirit and design language of the legendary chronograph, offering enthusiasts a chance to enjoy the unmistakable What makes the Gevril Tribeca particularly compelling is its appeal across the collecting spectrum. It resonates both with dedicated Paul Newman Daytona collectors who appreciate the design lineage, and with enthusiasts who want to experience the charm and charisma of the legendary dial layout in a way that is accessible, wearable, and still quality in form and function. The Tribeca model was recently rereleased by Gevril in the 2020s and features some modern updates while remaining faithful to the original design. SPECS Stock # GREVTRICHPN-11 Brand Gevril Style Tribeca Model R005/2 Serial 098/500 Size Men's Material Stainless Steel Dial White ""RCO Paul Newman-Style"" Millimeters 36 Strap Gevril ""Oyster-Style"" Bracelet W/ Original End Pieces CASE & BRACELET The excellent case retains full, symmetrical lugs that exhibit only gentle wear from use, with no notable evidence of prior polishing present. The black bezel insert is in exceptional condition, showing no delamination or cracking. The ""Gevril"" signed screw-down crown and the screw-down pushers remain original and in perfect condition. The caseback retains all of its original factory engravings and shows no wear. The Gevril ""Oyster-style"" bracelet and end pieces remain original to the watch, showing almost no stretch from use with 10 links. The set comes with 4 additional bracelet links as well. DIAL & HANDS The tri-color ""exotic"" dial remains in perfect condition, showing no imperfections. The tritium lume plots remain bright white and show no degradation when inspected under UV light. The original tritium hands match the dial perfectly and show no degradation or lume loss under UV light inspection. ACCESSORIES The watch comes as a complete set with its original inner and outer boxes, hang tags, and its warranty card, which is blank. The watch is keeping time and functioning perfectly, but the service history is unknown.",Craft & Tailored,2026-03-09,False
"1983 Rolex Daytona (Ref. 6263) Silver ""Big Red"" Dial",Rolex,89500,https://craftandtailored.com/products/1983-rolex-daytona-ref-6263-silver-big-red-dial,https://cdn.shopify.com/s/files/1/1104/9180/files/Img041636.jpg?v=1771890828,"Rolex first introduced the Cosmograph in 1963 in steel, 14k, and 18k yellow gold with a design that was solely focused on automobile racing. The Units Per Hour bezel allowed for the tracking and measuring of average speed and lap times, making for a truly useful tool for racing drivers in the 20th century. Rolex, being the same marketing powerhouse back then as they are today, knew the American market would be their most effective demographic as racing in America was on the rise in the 60s-70s. Effectively, in 1964, the Rolex Cosmograph was branded “Daytona” after the famous race, the 24 Hours of Daytona, and the rest is history. The Daytona saw its first major update in late 1969 when Rolex decided to bring its Oyster technology to the Cosmograph. Accompanying the ""Oyster"" text on the dial, the case crown was upgraded to a 7mm trip-lock crown, and the most significant upgrade was the introduction of the screw-down chronograph pushers, which is a function we still see today in the modern Daytona offering from Rolex. While the case size of this new model was the same as its predecessor at 36mm, the larger crown and more robust pushers greatly increase the watch's wrist presence. SPECS Stock # RLXDT6263-83/3 Brand Rolex Style Daytona Model 6263 Serial 76XXXXX Size Men's Material Stainless Steel Dial Silver ""Big Red"" Millimeters 36 Bracelet Rolex 78350 Oyster Bracelet W/ 571 End Pieces CASE & BRACELET The impressive case retains very thick and symmetrical lugs, exhibiting light evidence of being previously polished, with light signs of use. The Mk. III bezel is excellent, with no cracks or notable wear present. The Mk. III screw-down pushers are original to the watch. The era-correct Rolex 78350 Oyster bracelet with 571 end pieces dates to 1985 and retains 12 links that show nominal stretch and will fit up to a 7.5-inch wrist. DIAL & HANDS The original silver sunburst ""Big Red"" Daytona dial remains well-preserved, minimally aged, and quite presentable. Showing a small mark just right of the hand stack and some very subtle aging along the outer edge of the dial, but otherwise remaining in very well-preserved condition. The tritium lume plots feature an eggshell patina, and all remain intact when inspected under UV light, though most of the plots exhibit some level of degradation. The original tritium hands match the dial perfectly; the minute hand does exhibit some lume plots under UV light inspection, while the hour hand shows no degradation. ACCESSORIES None. The watch is keeping time perfectly, though the service history is unknown. A movement service and be purchased upon request.",Craft & Tailored,2026-02-23,False
"1978 Rolex Daytona (Ref. 6265) Black ""Floating Big Red"" Dial",Rolex,87500,https://craftandtailored.com/products/1978-rolex-daytona-ref-6265-black-floating-big-red-dial,https://cdn.shopify.com/s/files/1/1104/9180/files/Img041618.jpg?v=1771546563,"Rolex first introduced the Cosmograph in 1963 in steel, 14k, and 18k yellow gold with a design that was solely focused on automobile racing. The Units Per Hour bezel allowed for the tracking and measuring of average speed and lap times, making for a truly useful tool for racing drivers in the 20th century. Rolex, being the same marketing powerhouse back then as they are today, knew the American market would be their most effective demographic as racing in America was on the rise in the 60s-70s. Effectively, in 1964, the Rolex Cosmograph was branded “Daytona” after the famous race, the 24 Hours of Daytona, and the rest is history. The Daytona saw its first major update in late 1969 when Rolex decided to bring its Oyster technology to the Cosmograph. Accompanying the ""Oyster"" text on the dial, the case crown was upgraded to a 7mm trip-lock crown, and the most significant upgrade was the introduction of the screw-down chronograph pushers, which is a function we still see today in the modern Daytona offering from Rolex. While the case size of this new model was the same as its predecessor at 36mm, the larger crown and more robust pushers greatly increase the watch's wrist presence. SPECS Stock # RLXDT6265-78/4 Brand Rolex Style Daytona Model 6265 Serial 55XXXXX Size Men's Material Stainless Steel Dial Matte Black ""Floating Big Red Millimeters 36 Bracelet Rolex 78350 Oyster Bracelet W/ 571 End Pieces CASE & BRACELET The remarkably well-preserved, thick case displays crisp edges and original factory finishing, with no notable signs of previous polishing and only honest wear throughout. The stainless steel “UPH” bezel remains in excellent condition, showing light use and minor loss to the black enamel inlay. The Mk II screw-down pushers are original to the watch. The inside of the case back is stamped “6265"". The era-correct Rolex 78350 folded-link Oyster bracelet with 571 end pieces is believe to be original to the watch and retains 12 links that show light stretch and wear, and will fit up to a 7.25-inch wrist. DIAL & HANDS The original matte black ""Floating Big Red"" dial remains in wonderful vintage condition, exhibiting elements of minor aging to the dial itself and some darkening and light wear within the silver sub-dials. The tritium lume plots have developed a dark patina, and all remain at least partially intact, though degradation is most notably present in the 3, 6, and 9 plots, which is very common for Daytonas from this era. The original tritium hands have aged slightly lighter then the dial lume, featuring a dark beige patina, and exhibit no degradation when inspected under UV light. ACCESSORIES None. The watch is keeping time, but the service history is unknown. A movement service can be purchased upon request.",Craft & Tailored,2026-02-19,False
1979 Rolex Submariner (Ref. 1680) Mk. II Dial,Rolex,13000,https://craftandtailored.com/products/1979-rolex-submariner-ref-1689,https://cdn.shopify.com/s/files/1/1104/9180/files/Img037392_46ba31f2-6727-4cff-8980-681edcefd6b9.jpg?v=1751572791,"The Rolex Submariner ref. 1680 is a stunning classic. First introduced in 1969, the ref. 1680 includes the date, unlike previous Submariners (ie. ref. 5512 and 5513). The Infamous Red Submariner is also a ref. 1680 which had the word ""Submariner"" in red lettering, manufactured from 1969-1975. This watch is an example of what is referred to as the ""White Dial."" It is the first ref. 1680 with the word ""Submariner"" in white lettering. The Rolex Submariner ref. 1680 is an all-around perfect sports watch that makes for stylish daily drivers that continue to rise in collectibility, and with a versatile aesthetic that works in both casual settings or dressed up with a suit. SPECS Stock # RLXSUB791680-9 Brand Rolex Style Submariner Model 1680 Serial 59XXXXX Size Men's Material Stainless steel Dial Black Millimeters 40 Bracelet Rolex 93150 Oyster Bracelet W/ 580 End Pieces CASE & BRACELET The strong and thick case is believed to have been professionally polished in the past to display factory-like dimensions, angles, and chamfers. The case exhibits light signs of use. The black bezel insert is a later OEM Rolex service insert with a luminova pearl and remains deep black with almost no signs of previous use. The original Rolex 93150 Oyster bracelet with 580 end pieces is in excellent condition and retains 11 links that show almost no stretch from use. DIAL & HANDS The original matte black Mk. II dial is in exceptional original condition, displaying no damage, only minimal age, and remaining very clean throughout. The tritium lume plots have aged to a lovely creamy coloration and show no degradation under UV light inspection. The original tritium hands have aged a shade darker than the dial and, match the dial nicely overall, under UV light inspection the hour and minute hands exhibit some minor superficial cracking and remain stable. The metallic date wheel is original with ""open"" 6's and 9's. ACCESSORIES None. The watch was recently serviced and is keeping time perfectly, backed by a 1-year warranty on accurate timekeeping.",Craft & Tailored,2026-02-17,False
1955 Rolex Oyster Precision (Ref. 6246) Black Honeycomb “Stelline” Dial,Rolex,68750,https://craftandtailored.com/products/1955-rolex-oyster-precision-ref-6246-black-honeycomb-stelline-dial,https://cdn.shopify.com/s/files/1/1104/9180/files/Img039781_463c6403-9bb2-4640-ad03-1db9ef6fd540.jpg?v=1770873920,"Few corners of vintage Rolex collecting are as captivating as the rare and charismatic “Stelline” dials. Translating to “little stars” in Italian, Stelline refers to the distinctive star-shaped hour markers that transform an otherwise restrained Oyster model into something quietly extraordinary. The most well-known Stelline dials are fitted within the Rolex ref. 6062, a triple calendar moon phase reference outfitted with an Oyster case; however, several other references within the men’s 34mm-36mm case size range have been seen fitted with the Stelline dial as well, though they appear only sporadically and typically command strong six-figure results when they surface at major auctions. Presented here is an exceptional 1955 Rolex Oyster Precision Ref. 6246 featuring the elusive black honeycomb “Stelline” dial. Housed in a refined 32mm Oyster case—often referred to as “boy’s size”—this configuration offers what is arguably the most versatile expression of the star-dial aesthetic. The more compact proportions lend the watch an understated elegance, wearing beautifully across a broad range of wrist sizes while offering a compelling entry point into one of Rolex’s most celebrated vintage dial variants. The black honeycomb dial provides remarkable depth and texture, its geometric surface catching the light with subtle dynamism. A finely drilled gilt minute track frames the composition, drawing the eye inward to the applied gold star markers and matching gilt hands, which command attention without overwhelming the design. The svelte stainless steel Oyster case serves as the perfect counterbalance—restrained, purposeful, and wholly timeless. Pure, charismatic, and undeniably rare, this Ref. 6246 represents one of the most enchanting interpretations of the Stelline class—a watch that blends mid-century Rolex restraint with a touch of celestial whimsy. SPECS Stock # RLXOP6246STAR Brand Rolex Style Oyster Precision Model 6246 Serial 11XXXX Size Men's / Unisex Material Stainless Steel Dial Black Honeycomb ""Stelline"" Millimeters 32 Bracelet Rolex 7205 Oyster Rivet Bracelet W/ 62 End Pieces CASE & BRACELET The excellent case retains full and even lugs that show light signs of use and minimal evidence of prior polishing while retaining crisp edges and finishing throughout. The smooth stainless steel bezel features nominal signs of use and is in great overall condition. The case retains its original brevet (+) crown. The case back is adorned with an endearing engraving that reads: ""In Affirmation of 25 Years of Meritorious Service, A.D' Souza, J.L.M., 1-2-57"". Sourced with the watch is the Rolex 7205 Oyster rivet bracelet with 62 end pieces is stamped 4/67, dating later than the watch, but matching the overall aesthetic. The bracelet retains 12 links that show mild stretch and will fit up to a 7.24-inch wrist. DIAL & HANDS The wonderfully preserved and captivatingly beautiful black, honeycomb-textured dial featuring the iconic ""Stelline"" or ""little star"" markers,",Craft & Tailored,2026-02-12,False
"1970s Piaget Altiplano Dual Time 18K WG (Ref. 612104) ""Asprey"" Guilloché dial",Piaget,24750,https://craftandtailored.com/products/1970s-piaget-altiplano-dual-time-18k-wg-ref-612104-asprey-guilloche-dial,https://cdn.shopify.com/s/files/1/1104/9180/files/Img041189_fddf1c0c-138b-4368-be1d-0227b14debf3.jpg?v=1770335295,"Piaget is widely celebrated as one of the most creative and esoteric watchmakers, with a deep foundation in Swiss watchmaking, as the brand was established in 1874. The avant-garde approach to design isn't without a rigorous dedication to quality, which is expressed through the brand's inherent comprehension of what high luxury and fine watchmaking truly are. Dating to the late 1970s and executed in 18k white gold, this exceptional Piaget is a compelling expression of the brand’s refined craftsmanship and design philosophy. Its defining feature is an elegant dual-time display, achieved through opposing Cal. 6P1 movements and presented via contrasting silver and black sub-dials, each adorned with classic Breguet numerals and set within a finely executed guilloché dial. A crisp hobnail-patterned bezel frames the composition, incorporating two slim crowns at 3 and 9 o’clock for intuitive operation. Completing the dial is the Asprey signature at 6 o’clock, an enduring symbol of London luxury since 1847 and a storied retailer to royalty, celebrated for commissioning exceptional pieces from the world’s most prestigious watchmakers. This combination of an Asprey-signed guilloché dial, dual-time display, and elegant detailing results in a harmonious and highly collectible timepiece that is rooted in functionality. SPECS Stock # PGAT612104DT Brand Piaget Style Altiplano Dual Time Model 612104 Serial 28XXXX Size Men's / Unisex Material 18K White Gold Dial Silver Guilloché ""Asprey"" Millimeters 34 Strap 2pc Lizard Leather Strap CASE & BRACELET The 18k white gold case, highlighted by its crisp hobnail bezel, remains in exceptional condition, showing only light, honest wear and nominal evidence of prior polishing. Deep hallmarks and well-preserved factory finishing are present throughout. The twin unsigned crowns at 3 and 9 o’clock are original to the watch and remain in excellent condition, exhibiting only slight fading to the original rhodium finish. The case back retains strong factory finishing with deeply stamped reference and serial number engravings. The watch is fitted with a two-piece black lizard leather strap. DIAL & HANDS The original silver guilloché dial, co-signed by Asprey, remains a true work of art and is preserved in exceptional condition, showing no damage and only minimal, age-appropriate patina. The opposing 12-hour sub-dials, each independently driven by its own Cal. 6P1 movement and featuring Breguet numerals, exhibit only faint signs of aging that are negligible to the naked eye. The original alpha-style hands are equally well preserved and remain in excellent condition. ACCESSORIES None.",Craft & Tailored,2026-02-05,False
"*Unpolished* 1991 Rolex 'Zenith' Daytona 18K YG (Ref. 16528) Champagne Mk. III ""Tiffany & Co."" Dial",Rolex,97500,https://craftandtailored.com/products/unpolished-1991-rolex-zenith-daytona-18k-yg-ref-16528-champagne-mk-iii-tiffany-co-dial,https://cdn.shopify.com/s/files/1/1104/9180/files/Img037187.jpg?v=1750819739,"First introduced in 1963 the Rolex Daytona has remained a sought-after stable within the Rolex product range. Designed with professional racecar drivers in mind, the Daytona’s precision chronograph and tachymeter bezel allowed drivers to accurately measure speeds up to 400 kilometers or miles per hour. The release of the Daytona came just after Rolex had become the official timekeeper of the Daytona racetrack and the name evolved as a way for the brand to highlight its connection to the celebrated race. Early Daytona models featured a manual-wind Valjoux 72-based column-wheel chronograph movement. This was in use until 1988 when Rolex released the ref. 16520 with an automatic “self-winding” movement. Rolex outsourced this moment, utilizing the Zenith 400 movement, originally manufactured for the “Zenith El-Primero.” For use in the ref. 16520, Rolex required approximately 200 modifications to the Zenith movement, which remained in use for twelve years. As a result, Daytonas from this period are commonly referred to as “Zenith Daytonas.” In this reference, Rolex also incorporated more durable sapphire crystals, helping to increase the depth rating to a guaranteed 100m or 330ft. “Tiffany & Co.” signed Rolex watches are the elusive and forever desirable variants of our favorite models offered by the horological house. Beginning in the late 1950s, Tiffany & Co. began printing their name on the dials of watches from various Swiss brands that were sold through their retail locations. Though they worked with a variety of brands in this era, the “Tiffany & Co.” co-branded Rolex are by far the most talked about, well-known, and collected amongst the lot, and for good reason. The relationship between Tiffany and Rolex carried on until the 1990s when Tiffany & Co. entered into an exclusive partnership with Patek Philippe. Interestingly, the Tiffany & Co. logos were printed by hand at the Tiffany Location in New York City, not by Rolex. SPECS Stock # RLXDT16528TIF Brand Rolex Style 'Zenith' Daytona Model 16528 Serial X4XXXXX Size Men's Material 18K Yellow Gold Dial Champagne 'Mk. III' ""Tiffany & Co."" Millimeters 40 Bracelet Rolex 78668 18K YG Oyster Bracelet W/ 103 Solid End Pieces CASE & BRACELET The impressive and unpolished 18K yellow gold case retains crisp edges and sharp finishing throughout, showing honest signs of gentle use with no notable wear spots or dents. The 18K yellow gold ""Units Per Hour"" bezel is also in extremely crisp condition, retaining all of the factory black enamel with minimal signs of use present. The case back retains its factory green Rolex sticker. The original 18K yellow gold Rolex 78668 Oyster bracelet with solid 103 end pieces retains 12 links that show virtually no stretch and will fit up to a 7.25-inch wrist. DIAL & HANDS The champagne Mk. III ""inverted 6"" dial is notably co-branded ""Tiffany & Co."" and remains in flawless original condition, showing no elements of age or damage. The tritium lume plots exhibit no degradation ",Craft & Tailored,2025-11-18,False
1995 Rolex Day-Date 18K YG (Ref. 18378) Factory Ruby & Diamond Dial W/ Factory Ruby & Diamond Bezel,Rolex,36500,https://craftandtailored.com/products/1995-rolex-day-date-18k-yg-ref-18378-factory-ruby-diamond-dial-w-factory-ruby-diamond-bezel,https://cdn.shopify.com/s/files/1/1104/9180/files/Img039759_70454faa-4ed9-434e-a330-bff915150613.jpg?v=1762485090,"The Rolex Day-Date is one of the most iconic and beautiful watches in the Rolex catalog. The Rolex Day-Date earned the nickname ""President"" after it was rumored that President Dwight Eisenhower wore one, but Eisenhower actually wore a Rolex 18K yellow gold Oyster-Perpetual Datejust, which Rolex gifted to him in 1953. However, the nickname ""President"" is quite fitting for the Day-Date, as Presidents Kennedy, Johnson, Ford, Reagan, Nixon, and Roosevelt all wore the Rolex Day-Date. Apart from its executive affiliation, the Day-Date is a symbol of status and luxury, only produced in highly refined precious metals, including 18K yellow, white, and rose gold, and also platinum, featuring both the day and date complications within the movement. Rolex introduced the cal. 3155 in 1988, this movement featured an updated double-quickset complication allowing the user to set both the day and date complications quickly. While in position two of the crown, rotating the crown clockwise will promptly change the date, while counterclockwise will quickly change the day. Rolex finds the perfect balance between luxury and functionality, and this 1995 Rolex Day-Date ref. 18378 with factory-set diamonds and rubies is proof of that. There is always rigorous approval testing for any materials used by Rolex; therefore, only the finest materials are used to make Rolex watches. SPECS Stock # RLXDD18378 Brand Rolex Style Day-Date Model 18378 Serial W4XXXXX Size Men's Material 18K Solid Gold W/ Diamond & Ruby Bezel Dial Lemon W/ Diamond String Dial & Ruby Markers Millimeters 36 Bracelet Rolex 18K YG 8385 President Bracelet CASE & BRACELET The strong 18K yellow gold case is in well-preserved condition, showing thick and symmetrical lugs that show minimal evidence of being previously polished, with honest signs of use present. The 18K yellow gold bezel with factory-set diamonds and ruby cardinals set at 12, 3, 6, and 9 o'clock is also in exceptional condition. The case back retains all of its original finishing with minimal wear shown. The 18K yellow gold Rolex 8385 President bracelet was sourced with the watch but dates slightly earlier and retains 23 links that show minimal stretch and will fit up to a 7.25-inch wrist. DIAL & HANDS The original and rare satin yellow or ""lemon"" dial features factory-set ruby markers with a center diamond string motif. The dial itself is in virtually flawless condition with no age or wear present. The original hands are in perfect condition with the tritium inlay featuring a lovely cream patina and no degradation when inspected under UV light. ACCESSORIES None. The watch is keeping time perfectly, backed by our 1-year warranty on accurate timekeeping.",Craft & Tailored,2025-11-06,False
"1950s LeCoultre Wrist Alarm Gold-Filled 'Cal. 814' (Ref. 2052-1) Gifted To US Navy ""COMCRUDESPAC"" Staff Member",Jaeger-LeCoultre,1500,https://craftandtailored.com/products/1950s-lecoultre-wrist-alarm-gold-filled-ref-2052-1-cal-814,https://cdn.shopify.com/s/files/1/1104/9180/files/Img039019.jpg?v=1761767305,"This Jaeger-LeCoultre Memovox, or LeCoultre and Wrist Alarm for the US Market, is one of the most desirable and recognizable models produced by LeCoultre from the 1950s. The double-crown feature allows for winding and setting the time, as well as setting the alarm. The top crown sets the alarm complication of the timepiece. The ref. 2052-1 features an excellent 10K yellow gold-filled case, measuring a well-proportioned 32mm case with long lugs. The case sits nicely on the wrist and has a classic and timeless appearance while remaining relevant by today's wristwatch sizing standards. The alarm is crisp and noticeable, which is a key feature of the Cal. 814 manual wind movement. This piece would make a great addition to an existing collection and be a great and classic timepiece as a stand-alone piece! SPECS Stock # LCWA20521 Brand LeCoultre Style Wrist Alarm Model 2052-1 Serial 877XXXX Size Men's Material 10K Gold-Filled Dial Silver 'Aged' Millimeters 32 Strap 2pc Handmade Leather Strap CASE & BRACELET The 10K yellow gold-filled case remains in wonderful condition, showing only light evidence of being previously polished and honest signs of gentle wear. The unsigned twin crowns are believed to be very early replacements. The case back is adorned with a hand engraving that reads "" Staff, COMCRUDESPAC, Aug 53 - June 55, to N1, Compliments of your team."" The watch comes supplied on a 2pc handmade leather strap. DIAL & HANDS The original silver dial has achieved an excellent vintage aesthetic through age, showing some spots of discoloration and gentle marks, with all of the printing and dial details fully present and intact. The radium lume plots all remain intact when inspected under UV light and have taken on a lovely beige patina. The inner rotating Memovox dial is in a similar condition to the rest of the dial, and the blue print adds a welcomed touch of color. The original radium-tipped hands have aged a shade darker than the hands and exhibit no notable degradation when inspected under UV light. ACCESSORIES None. The watch is keeping time, but the service history is unknown. A movement service can be purchased upon request.",Craft & Tailored,2025-10-29,False
1965 Rolex Submariner (Ref. 5513) Gilt Explorer Dial W/ Box & Papers,Rolex,175000,https://craftandtailored.com/products/1965-rolex-submariner-ref-5513-gilt-explorer-dial-w-box-papers,https://cdn.shopify.com/s/files/1/1104/9180/files/Img039303.jpg?v=1761693406,"First introduced in 1962 and ceased in early 1990, the ref. 5513 itself stands as the definitive no-date Submariner—a pure expression of tool-watch functionality that has inspired countless designs since. Its clean aesthetic, robust construction, and enduring balance of form and purpose make it an essential milestone in any serious vintage Rolex collection. The early production years of the Rolex Submariner reference 5513 represent one of the most dynamic and collectible chapters in the model’s storied evolution. Between the late 1950s and late 1960s—now fondly known as the Gilt Era—Rolex continuously refined the Submariner’s design, resulting in a succession of subtle yet significant variations. Case proportions, crown guards, and dial typography all underwent rapid transformations, with each iteration produced in exceptionally small quantities. Among the rarest and most sought-after variants of the reference is the Explorer Dial configuration, featuring the distinctive 3-6-9 Arabic numeral layout more commonly associated with Rolex’s famed field watch. For decades, it was believed that Explorer Dial Submariners were sold exclusively through Commonwealth markets, primarily the UK and Canada. However, recently uncovered catalogs have revealed that a very limited number were also distributed in the U.S. and select other regions—likely as part of a short-lived test-market initiative between 1961 and 1965. The lineage of this configuration traces back even earlier, to the big-crown ref. 6200 “King Sub,” cementing its place among the most historically significant Submariner variants. This particular example was originally retailed in the UK by Charles Packer & Co., a distinguished London jeweler known for its fine silver and long-standing partnership with Rolex. The original paperwork confirms the sale, and, much like Tiffany-signed Rolexes of the same era, this watch bears a matching retailer inventory number discreetly engraved on the underside of the upper-left lug—corresponding precisely to the retailer’s documentation. The UK-issued Rolex guarantee papers remain intact, hand-signed and stamped by Charles Packer & Co., with the period-correct internal reference numbering consistent with known practices of the time. Offered here with its original box and papers, this circa 1965 Explorer dial Rolex Submariner ref. 5513 represents a true grail-level example of one of the most collectible gilt-era configurations—uniting provenance, originality, and historical significance in a single, extraordinary piece. SPECS Stock # RLXSM5513EXP Brand Rolex Style Submariner Model 5513 Serial 11XXXXX - 17/5XXX Size Men's Material Stainless Steel Dial Glossy Gilt 3-6-9 ""Explorer"" Millimeters 40 Bracelet Rolex 7206 ""Swiss Made"" Oyster Rivet Bracelet W/ 80 End Pieces CASE & BRACELET The incredible case retains thick, symmetrical lugs that retains prominent and crisp factory chamfers while exhibiting only minor wear with no notable evidence of being previously polished",Craft & Tailored,2025-10-28,False
"1979 Rolex Daytona (Ref. 6263) Silver ""Big Red"" Dial",Rolex,105000,https://craftandtailored.com/products/1979-rolex-daytona-ref-6263-silver-big-red-dial-1,https://cdn.shopify.com/s/files/1/1104/9180/files/Img039120.jpg?v=1759284157,"Rolex first introduced the Cosmograph in 1963 in steel, 14k, and 18k yellow gold with a design that was solely focused on automobile racing. The Units Per Hour bezel allowed for the tracking and measuring of average speed and lap times, making for a truly useful tool for racing drivers in the 20th century. Rolex, being the same marketing powerhouse back then as they are today, knew the American market would be their most effective demographic as racing in America was on the rise in the 60s-70s. Effectively, in 1964, the Rolex Cosmograph was branded “Daytona” after the famous race, the 24 Hours of Daytona, and the rest is history. The Daytona saw its first major update in late 1969 when Rolex decided to bring its Oyster technology to the Cosmograph. Accompanying the ""Oyster"" text on the dial, the case crown was upgraded to a 7mm trip-lock crown, and the most significant upgrade was the introduction of the screw-down chronograph pushers, which is a function we still see today in the modern Daytona offering from Rolex. While the case size of this new model was the same as its predecessor at 36mm, the larger crown and more robust pushers greatly increase the watch's wrist presence. SPECS Stock # RLXDT6263-79/4 Brand Rolex Style Daytona Model 6263 Serial 62XXXXX Size Men's Material Stainless Steel Dial Silver ""Big Red"" Millimeters 36 Bracelet Rolex 78350 Oyster Bracelet W/ 571 End Pieces CASE & BRACELET The impressive case retains very thick, crisp, and symmetrical lugs, exhibiting only nominal evidence of being previously polished, with light signs of use. The Mk III bezel is excellent, with no cracks or signs of delamination present. The Mk II screw-down pushers are original to the watch. The original Rolex 78350 Oyster bracelet with 571 end pieces retains 11 links that show nominal stretch and will fit up to a 6.75-inch wrist. DIAL & HANDS The original silver sunburst ""Big Red"" Daytona dial is in exceptionally well-preserved vintage condition, exhibiting no damage or notable age within the dial itself or the black sub-dials. The tritium lume plots feature an eggshell patina and all remain intact when inspected under UV light, though the 9 o'clock plot exhibits minor degradation, which is common for this era of Daytona. The original tritium hands match the dial perfectly with no degradation present under UV light inspection. ACCESSORIES None. The watch is keeping time perfectly, though the service history is unknown. A movement service and be purchased upon request.",Craft & Tailored,2025-09-30,False
1981 Rolex Day-Date 18K WG (Ref. 18039) Blue Vignette Diamond Dial,Rolex,32500,https://craftandtailored.com/products/1981-rolex-day-date-18k-wg-ref-18039-blue-vignette-diamond-dial,https://cdn.shopify.com/s/files/1/1104/9180/files/Img038940_46ca824e-8498-4869-abc2-23ecbf8c497e.jpg?v=1758158499,"The Rolex Day-Date is one of the most iconic and beautiful watches in the Rolex catalog. The Rolex Day-Date earned the nickname ""President"" after it was rumored that President Dwight Eisenhower wore one, but Eisenhower actually wore a Rolex 18K yellow gold Oyster-Perpetual Datejust, which Rolex gifted to him in 1953. However, the nickname ""President"" is quite fitting for the Day-Date, as Presidents Kennedy, Johnson, Ford, Reagan, Nixon, and Roosevelt all wore the Rolex Day-Date. Apart from its executive affiliation, the Day-Date is a symbol of status and luxury, only produced in highly refined precious metals, including 18K yellow, white, and rose gold, and also platinum, featuring both the day and date complications within the movement. Rolex finds the perfect balance between luxury and functionality, and this 1981 Rolex Day-Date ref. 18039 blue vignette dial with factory diamonds is proof of that. There is always rigorous approval testing for any materials used by Rolex; therefore, only the finest materials are used to make Rolex watches. The vignette dials are beautifully crafted ""Stella"" or lacquered dials that feature incredible dimension by contrasting deep and vibrant colors. The diamond dial Rolex Day-Date is perfect for the enthusiast who has an appreciation for luxurious watchmaking with subtlety. SPECS Stock # RLXDD18039BVD Brand Rolex Style Day-Date Model 18039 Serial 65XXXXX Size Men's Material 18K White Gold Dial Blue Vignette W/ Factory Diamonds Millimeters 36 Strap Rolex 8385 18K WG President Bracelet CASE & BRACELET The 18K white gold case remains remarkably well-preserved, showing extremely crisp edges with thick dimensions throughout. The 18K white gold fluted bezel also remains in excellent condition, displaying sharp angles and edges, with no notable wear present. The case retains its original two-dot white gold twin-lock crown, which has achieved a warm color from age. The era-correct 18K white gold Rolex 8385 President bracelet dates slightly later than the watch and retains 23 links that exhibit nominal stretch and will fit up to a 7.25-inch wrist. DIAL & HANDS The stunningly gorgeous and original blue vignette ""Stella"" lacquered dial with factory diamond markers is virtually flawless, with the only element of age being a small spot of delamination hidden in the right corner of the day window, which is invisible to the naked eye, and the dial is otherwise perfect. The diamond markers have been inspected for their clarity and remain original to the watch. The tritium lume plots have achieved a lovely cream patina and exhibit no degradation when inspected under UV light. The original tritium hands match the dial perfectly and show no degradation under UV light inspection. The date wheel is original with ""open"" 6's and 9's. ACCESSORIES None. The watch was recently serviced and is keeping time perfectly, backed by a 1-year warranty on accurate timekeeping.",Craft & Tailored,2025-09-17,False
2021 Synchron Military PVD W/ Box & Warranty Card,Other,1650,https://craftandtailored.com/products/2021-synchron-military-pvd-w-box-warranty-card,https://cdn.shopify.com/s/files/1/1104/9180/files/Img037691.jpg?v=1754596453,"Introduced in 2021, the Synchron Military PVD case is a faithful modern revival of the iconic Doxa Army, a professional dive watch originally developed in the early 1970s. Synchron, the Swiss watch group that once owned Doxa alongside brands like Cyma and Ernest Borel, drew directly from this heritage design, preserving the bold dial layout, distinctive handset, and rugged tool-watch aesthetic of the original. With its matte PVD-coated case, robust build, and upgraded modern materials, the Synchron Military captures the spirit of the vintage Doxa Army almost perfectly, bringing a legendary dive watch into the modern era without losing its soul. A total of 500 examples of the Military were created, with a split production between the stainless steel and PVD variants. SPECS Stock # SYNMILPVD Brand Synchron Style Military Model N/A Serial 17X / 500 Size Men's Material Stainless Steel 'PVD' Dial Black / White Millimeters 42 Strap 2pc Isoframe Black Rubber Strap CASE & BRACELET The robust and crisp PVD finished stainless steel case is in excellent condition, showing only minor signs of previous use. The sapphire bezel and crystal are in perfect condition, showing no scratches or damage. The case back exhibits almost no signs of previous wear. The watch comes supplied on its original 2pc black Isoframe rubber strap with the original stainless steel tang buckle. DIAL & HANDS The cream and black dial with beige colored lume is flawless. The original orange and black hands have matching lume to the dial and are also flawless. ACCESSORIES The watch comes with its original tube box and Synchron warranty card. The watch was recently serviced and is keeping time and functioning perfectly.",Craft & Tailored,2025-08-07,False
2020s Gevril Tribeca Chronograph (Ref. R005/2) W/ Full Set,Other,5500,https://craftandtailored.com/products/like-new-2000s-gevril-tribeca-chronograph-w-warranty-card,https://cdn.shopify.com/s/files/1/1104/9180/files/Img037438_981fc56e-cefd-47cd-9121-551a0e2551a6.jpg?v=1751918604,"The Gevril Tribeca is probably the most famous homage to the single most famous watch of all time, the Rolex Paul Newman Daytona. When Gevril created the Tribeca in 1999, the goal was to create a fun watch that appealed to an enthusiast market that may be unable to attain an original Paul Newman, but could attain the experience of the iconic watch from The Crown via the much lower-priced Tribeca. The Tribeca model was recently rereleased by Gevril in the 2020s and features some modern updates while remaining faithful to the original design. SPECS Stock # GREVTRICHPN-9 Brand Gevril Style Chronograph Model Tribeca Serial 218 / 500 Size Men's Material Stainless Steel Dial Black / Silver / Red ""Paul Newman Style "" Millimeters 37.5 Bracelet Gevril ""Oyster-Style"" Bracelet W/ Original End Pieces CASE & BRACELET The unpolished case and bracelet are in ""like new"" condition, with only minor storage marks present, with no signs of use. The top pusher retains its original factory protective sticker, with the crown and other pushers showing no wear. The bracelet remains unsized, fitting an 8.25-inch wrist, and shows no notable signs of wear. DIAL & HANDS The matte black 3-color exotic dial is flawless. The hands are flawless. ACCESSORIES The watch is a complete set with its original inner and outer boxes and Gevril warranty card. The watch is keeping time and functioning perfectly.",Craft & Tailored,2025-07-07,False
"1960s Blancpain Fifty-Fathoms ""Barakuda""",Blancpain,39500,https://craftandtailored.com/products/1960s-blancpain-fifty-fathoms-barracuda,https://cdn.shopify.com/s/files/1/1104/9180/files/Img037354_b8e22532-799a-47a9-8863-4b10010f9844.jpg?v=1751398964,"Few companies carry a history that can rival Blancpain SA, which is recognized as being the first watch brand dating back to 1735 with an extensive pedigree of inventions and innovations within the now vast world of horology. The Blancpain dive watches are one of the most important innovations of the brand's history. The idea for the Blancpain Fifty Fathoms was conceived in 1952, when French Navy members requested a wristwatch that was waterproof enough to withstand the pressures endured during the diving missions required of the elite team of combat “Frogmen” divers, also known today as a dive watch. The task of finding this watch was famously taken on by French Navy officers Captain Robert “Bob” Maloubier & Lieutenant Claude Riffaud, who after testing numerous ""waterproof"" watches at the time failed to find a fit for their tactical requirements. While these requirements may seem stock-standard today, in 1952 they were groundbreaking. A wristwatch that was water-resistant enough to survive a diving-based combat mission, but was also visible enough to be easily read underwater, even at night. Since no watch like this existed at the time, Capt. Maloubier created the blueprints for what would become the world's first diving watch, and sent them to various notable watchmakers to manufacture. Though, at the time most watchmaking brands were focused on manufacturing aviation watches, and weren't interested in making hyper-waterproof watches. However, their luck would come to fruition when Capt. Maloubier and Lt. Riffaud engaged with Jean-Jacques Fiechter, the CEO of Blancpain SA from 1950 to 1980. Being a diver himself, Fiechter not only accepted the requirements to produce the timepiece for the elite combat diving team but improved upon the design, resulting in a product that not only adhered to the specifications set forth by the French Navy but innovated the watch industry as a whole. (Capt. Bob Maloubier wearing a Blancpain Fifty Fathoms) The Fifty Fathoms ""Barakuda"" was originally issued to the German Navy—known as the Bundesmarine until its post-reunification renaming to Deutsche Marine in 1995—this special variant of the Blancpain Fifty Fathoms was delivered via the German aquatic equipment supplier Barakuda. While intended for military use, the watch later made its way into civilian retail channels. Though exact production numbers remain unconfirmed, it's widely believed that only 150 examples were ever produced. Distinctive for its two-tone hour markers, the ""Barakuda"" stands out thanks to the striking red accents at the base of each index—adding an unexpected burst of color to an otherwise purposefully subdued design. This unique aesthetic, coupled with its military heritage, has made the Barakuda one of the most sought-after Fifty Fathoms references among collectors. SPECS Stock # BLCPFFBK Brand Blancpain Style Fifty-Fathoms ""Barakuda"" Model N/A Serial 207XXX Size Men's Material Stainless Steel Dial Matte Black W/ Red Accents Millimeters 41",Craft & Tailored,2025-07-01,False
"1970s Heuer Bundeswehr Flyback Chronograph 'Civilian Model' (Ref. 1550 SG) ""Tiny T"" Dial",Heuer,5500,https://craftandtailored.com/products/1970s-heuer-bundeswehr-flyback-chronograph-civilian-model-ref-1550-sg,https://cdn.shopify.com/s/files/1/1104/9180/files/Img035701-copy-2_04feff05-363b-42ab-9ddc-02f7a34f18ae.jpg?v=1746749282,"The Bundeswehr chronographs were a general Issue chronograph for several military forces which included the German Federal Defense Force and even the Norwegian Air Force throughout the 1960s and 70s. More uncommonly, however, examples lacking the military markings on the case and dial were made available to the civilian market. This specific ref. 1550 SG retains its original ""Tiny T"" dial which has a very simple dial design, only featuring the ""Heuer"" logo and a miniscule ""T"" above the 6 o'clock numeral. SPECS Stock # HURB1550SG-2 Brand Heuer Style Flyback Chronograph Model 1550 SG Serial 33XXXX Size Men's Material Stainless Steel Dial Matte Black ""Tiny T"" Millimeters 42 Strap 2pc Handmade Leather Strap CASE & BRACELET The robust case retains strong dimensions, crisp lug holes, and exhibits honest signs of gentle use, showing only a subtle sleeve polishing on the top sides of the lugs. The bidirectional rotating bezel is in excellent condition showing only minimal signs of use. The watch retains its original small pushers, though the crown appears to be an early replacement. The watch will come supplied on a 2pc nylon strap. DIAL & HANDS The matte black “Tiny T” dial is in wonderful vintage condition, with the only elements of age being a few tonal marks. The tritium Arabic Numerals have taken on a charming green coloration and display no degradation when inspected under UV light. The hands are all era-correct and retain original lume, but have aged to different colors which could mean they were replaced at some point. Under UV light inspection, the minute hand displays a superficial crack in the lume near its point and is stable, and the hour and chronograph hands exhibit no degradation. ACCESSORIES None. The watch is functioning correctly and keeping time, previous service history is unknown. A movement service can be purchased upon request.",Craft & Tailored,2025-05-08,False
1994 J. Bianchi “Armée de Terre” French Military Recon Dive Watch,Other,4250,https://craftandtailored.com/products/1994-j-bianchi-armee-de-terre-french-military-recon-dive-watch,https://cdn.shopify.com/s/files/1/1104/9180/files/Img035336.jpg?v=1746576110,"The art of collecting military-issued timepieces has never been more interesting or captivating than in today’s day and age. These alluring timepieces have been sought after for as long as collectors have been rummaging through estate sales and flipping through catalogs, however, due to the availability of archived information we now possess, the community has never been more interconnected or informed. The “Armée de Terre” dive watch created by J. Bianchi for the French Armies Recon Dive Units is an embodiment of the uncompromising spirit of France’s elite reconnaissance units. Born from the legacy of military tool watches issued throughout the 20th century, the Armée de Terre was designed to meet the rigorous demands of field operatives—both past and present. Originally commissioned by the French Army in the early 1990s for its combat diving units. Developed in collaboration with the Centre École de Plongée de l’Armée de Terre (CEPAT), this watch was designed to meet the rigorous demands of specialized units such as the SAF (spécialistes d'aide au franchissement) and TSIO (travaux subaquatiques/intervention offensive), who operated in challenging environments like rivers, lakes, and urban waterways. Jacques Bianchi, a renowned Marseille-based watchmaker, was awarded the contract after his prototypes outperformed competitors in field tests. The watch's design emphasizes functionality: a 42mm stainless steel case with a satin finish to reduce reflections, an oversized, serrated bezel for ease of use with gloves, and a dial featuring large tritium-lumed markers for optimal visibility. Powered by the reliable ETA 2824 automatic movement, the watch also includes a unidirectional 60-click bezel and a flat mineral glass crystal for enhanced durability. Between 1993 and 1994, approximately 1,000 units were produced and issued exclusively to army divers. These watches were not sold to the public and were intended to be returned and reissued within the military upon personnel transfers, making them exceedingly rare in civilian hands today. Each watch was registered within its respective diving unit, and due to decentralized record-keeping, tracing individual histories is basically impossible. Notably, these timepieces were also designed to be mounted on underwater navigation boards, underscoring their role as essential tools for military operations. The J. Bianchi “Armée de Terre” diver watch stands as a testament to military engineering and horological craftsmanship, with the few models that surface offering a genuine piece of French military history. SPECS Stock # JBATFNDW Brand J. Bianchi Style “Armée de Terre” Model French Military Recon Dive Watch Serial 02X Size Men's Material Stainless Steel Dial Matte Black Millimeters 42 Bracelet Black Single-Pass Perlon Strap CASE & BRACELET The impressive and robust cushion-shaped dive watch case retains crisp original details and honest signs of use. The wrapping case chamfer remains fully present around the ",Craft & Tailored,2025-05-06,False
1960s Heuer Autavia (Ref. 2446) First Execution Case W/ Mk. II Dial,Heuer,45000,https://craftandtailored.com/products/1960s-heuer-autavia-ref-2446-mk-ii-dial,https://cdn.shopify.com/s/files/1/1104/9180/files/Img035957_782ca6fc-14bd-499e-bedc-76013e72966f.jpg?v=1745953167,"The Heuer Autavia came into production in 1933 as a dashboard timer for automotive racing and flying, which is how the Autavia name is derived, being a portmanteau of Auto and Aviation. The Autavia was then reintroduced as a wristwatch in 1962 (The same year famous racer and Heuer Ambassador Jo Siffert entered Formula One) and quickly became the flagship for the entire Brand. That first reference introduced was the 2446, which is identified by collectors through the execution of the case and dial design. The earliest examples with the first execution cases are the most sought-after by collectors. These somewhat enigmatic watches were produced in extremely low production numbers, with quickly evolving variants that all feature distinctive aesthetics equalling pure sport chronograph bliss. The benchmark set by the Autavia ref. 2446 created the tone for all Heuer sports watches moving forward and was the first example of what would be considered contemporary Heuer. SPECS Stock # HURAUT2446 Brand Heuer Style Autavia Model 2446 Serial 527XX Size Men's Material Stainless Steel Dial Matte Black W/ White Sub-Dials Millimeters 38.5 Strap 2pc Handmade Leather Strap CASE & BRACELET The exceptionally well-preserved case retains its original dimensions and factory angles with honest signs of gentle use and minimal evidence of being previously polished. The original bidirectional rotating bezel also remains in superb condition, showing almost no wear, minimal fading, with the lumed triangle intact. The case retains its original unsigned crown and small pump pushers. The screw-down case back retains all of the factory engravings in crisp and fully legible condition. The watch comes supplied on a 2pc handmade leather strap. DIAL & HANDS The original Mk. II matte black dial with white sub-dials is in virtually perfect vintage condition, exhibits no damage or notable age. The white sub-dials are also exceptional, showing no notable discoloration and only a few extremely subtle marks that are invisible to the naked eye. The radium lume plots have achieved a deep golden beige patina and exhibit no notable degradation under UV light inspection. The original radium dauphine style hands have aged a shade more saturated than the dial and also display no degradation when inspected under UV light. ACCESSORIES None. The service history is unknown, though the watch is keeping time perfectly and functioning correctly. A movement service can be provided upon request at the time of service.",Craft & Tailored,2025-04-29,False
"1970s Cartier Paris Cristallor 18K YG (Ref. 78096) ""Jumbo""",Cartier,21500,https://craftandtailored.com/products/1970s-cartier-paris-cristallor-18k-yg-ref-78096-jumbo,https://cdn.shopify.com/s/files/1/1104/9180/files/Img034515_f30a8d88-be91-44a2-8693-52685e4d73b8.jpg?v=1740776936,"The Cartier name is synonymous with luxury and has been since the brand's inception in 1847. Offering bespoke and unique jewelry to the world’s elite allowed Cartier to steadily grow through the 19th century and eventually introduced new offerings and wristwatches to their clientele. The Cristallor was introduced alongside the Gondole, Ellipse, and Vendome for the ""Louis Cartier Collection"" that Cartier launched through the help of Ebel in 1973. The Cristallor features a large vertical case with a stepped construction, a feature shared with the other members of the Louis Cartier Collection. The Cristallor was only in production until the very early '80s, something that adds to the rarity and mystique of this special model. In fact, while actual production numbers are unknown, it's widely accepted that there were not a whole lot of these made, and even less remaining today. SPECS Stock # CTRCRI78096-2 Brand Cartier Style Cristallor Model 78096 Serial 08XX Size Men's Material 18K Yellow Gold Dial White Roman ""Paris"" Millimeters 28x35 Strap 2pc Alligator Leather Strap W/ 18K YG Cartier Tang Buckle CASE & BRACELET The large rectangular 18K yellow gold three-tier stepped case is in exceptionally well-preserved condition, showing only gentle signs of use. The watch retains its original blue sapphire cabochon crown. The case back retains all of its factory engravings and hallmarks in crisp, deep, and clean condition. The watch comes supplied on a Cartier 2-piece burgundy alligator leather strap with a matching 18k yellow gold Cartier tang buckle. DIAL & HANDS The original white Roman Numeral ""Paris"" signed dial is in very impressive condition overall, showing no major signs of age. The dial has developed a very subtle spidering to the top lacquer, which is extremely common in this era. The original blue hands are in excellent condition with nominal oxidation present. ACCESSORIES None. The watch is keeping time, but the service history is unknown. A movement service can be provided upon request.",Craft & Tailored,2025-02-28,False
1980s Heuer Pasadena Chronograph (Ref. 750.501) 'Factory PVD',Heuer,5000,https://craftandtailored.com/products/1980s-heuer-pasadena-chronograph-ref-750-501-factory-pvd-copy,https://cdn.shopify.com/s/files/1/1104/9180/files/Img033650_446a7a21-a469-483c-bb56-2dae0d4f8eac.jpg?v=1738698209,"Founded in 1860 in St-Imier, Switzerland, Heuer remains one of the most respected and beloved vintage brands in the watch world. Having put out iconic models like the Carrera, Autavia, Monaco, and Camaro, the brand's pentagonal logo became a calling card for quality and auto racing-worthy design. But they put out a lot of other, equally cool pieces that never got quite the notoriety of their bigger siblings. Case in point, this Pasadena ref. 750.501, a short-run reference that was introduced just a few years before Heuer was acquired by Techniques d'Avant Garde and became TAG Heuer. With a name that bucks the brand's typical trend of naming their watches after the world's most famous auto races, it instead harkens to one of Southern California's most idyllic cities, just outside the hustle and bustle of downtown LA. Its exceptional, honestly worn PVD case and bracelet—which call to mind the iconic Porsche Design Chronograph 1—and large, highly legible dial design make this an immediately attractive piece, and a great way to dive into the world of Heuer while still keeping it a little left of the proverbial dial. SPECS Stock # HURPAS750501-2 Brand Heuer Style Pasadena Model 750.501 Serial N/A Size Men's Material Stainless Steel Dial Matte Black Millimeters 40 Bracelet Heuer Factory PVD Bracelet CASE & BRACELET The unpolished case features its original factory PVD finishing and displays minimal wear from age with crisp and fine edges throughout. The case retains its original PVD finished pump pushers and unsigned crown. The case back retains all of the factory finishing and engravings in crisp condition with some tool marks present from being previously serviced. The watch comes supplied on the original unsigned factory PVD bracelet which retains 19 links that show no stretch and will fit up to a 7 1/4-inch wrist. DIAL & HANDS The matte black dial is in exceptional vintage condition showing no damage or notable age. The tritium lume plots have taken on a beautiful dark custard patina, under UV light inspection the lume in the small 12 o'clock marker is mostly missing while the rest of the lume plots remain intact. The original tritium hands are in great condition, with the hour hand having aged to a darker coloration than the dial and the minutes hand having aged to a lighter coloration. The center chronograph hand has lightened to a cream color from its original bright orange finish. ACCESSORIES None. The watch is keeping time, but the service history is unknown. A movement service can be provided upon request.",Craft & Tailored,2025-02-04,False
"1970s Patek Philippe Stainless Steel Calatrava (Ref. 3579-1) W/ Box, Accessories, & Original Sales Receipt",Patek Philippe,26000,https://craftandtailored.com/products/1980s-patek-philippe-stainless-steel-calatrava-ref-3579-1-w-box-accessories-original-sales-receipt,https://cdn.shopify.com/s/files/1/1104/9180/files/Img031570.jpg?v=1730250836,"'You never actually own a Patek Philippe. You merely look after it for the next generation.’ — Patek Philippe started this now ubiquitous marketing campaign in 1966 and never looked back, though they already had an outstanding legacy since the watchmaker was founded in the year 1839. Patek built its reputation on several foundational pillars: tradition, innovation, and excellence, all of which are paramount in every timepiece they make, both old and new. Introduced in 1969 and produced for a brief five-year period until it was discontinued in 1974, the Patek Philippe Calatrava ref. 3579-1 isn't just a beautiful timepiece, but represents Patek’s exploration beyond their traditional design language at the time, experimenting with a new style of watchmaking, sports watches. Made from stainless steel—a rare choice for Patek, particularly in the pre-Nautilus era—the ref. 3579-1 stands as a foundational model that helped pave the way for other steel watches in Patek’s lineup and in many ways the precursor to the iconic Nautilus, which was released just two years after its discontinuance. Allegedly, the ref. 3579-1 was actually produced for the Japanese market, which saw an uptick in interest for Patek Philippe at the time, however only about 200 pieces were made, likely due to its obscure design for the brand at the time. This specific example is especially special as it features the even more elusive blue dial and comes as a collector set with the original boxes, accessories, and the original sales receipt - a quality seldom seen for this model. SPECS Stock # PPC35791 Brand Patek Philippe Style Calatrava Model 3579-1 Serial 12XXXXX / 52XXXX Size Men's Material Stainless Steel Dial Blue Millimeters 37 Strap 2pc Patek Philippe Black Alligator ""Cousu Main"" W/ SS Patek Philippe Tang Buckle CASE & BRACELET The modestly sized and thin stainless steel cushion-shaped case features an appealing mix of polished and brushed finishes, making for an elegant, yet unique overall design. The case remains in excellent overall condition showing evidence of light previous polishing in the past with honest signs of gentle use present. The case retains its original crown signed with the Patek Phillipe cross. The screw-down case back is in wonderful condition with no notable wear present. The watch comes supplied on a newer black alligator Patek Philippe ""cousu main"" 2pc leather strap, with the original unsigned Patek Philippe tang buckle. The watch also comes its the original Patek Philippe strap as well. DIAL & HANDS The beautifully preserved and charmingly aged blue sunburst dial has developed a subtle but tasteful gold speckling evenly throughout the dial, with no damage or unattractive elements of age present. The brushed steel inner retaining ring adds a welcomed depth to the watch and remains in excellent condition. The steel markers and hands both remain in remarkable condition as well. ACCESSORIES The watch comes with its original inner coffin box and outer box, t",Craft & Tailored,2024-10-29,False
"Craft + Tailored x Ampal Creative - ""Choose Vintage"" Hat",Craft + Tailored,48,https://craftandtailored.com/products/craft-tailored-x-ampal-creative-logo-hat,https://cdn.shopify.com/s/files/1/1104/9180/files/cv-5.jpg?v=1728344729,"Words to live by. We've partnered with our pals at The Ampal Creative to produce this limited-edition, made-in-the-USA hat. Make the right choice and pick up one of these hats today before they are all gone. We've been fans of the Ampal brand for a while and one of the biggest reasons is the way they size and fit these hats - they wear like your favorite well-worn vintage piece from day one. This combined with their top-quality material choices makes for basically the perfect hat. This limited edition hat features: 100% Cotton Bedford Cloth Upper Waxed Canvas Underbrim 100% Cotton Herringbone Twill Front Panel Lining. Custom Ampal Chino Twill Premium Sweatband",Craft & Tailored,2024-10-09,False
"Craft + Tailored x Ampal Creative - ""C + T"" Hat",Craft + Tailored,48,https://craftandtailored.com/products/craft-tailored-x-ampal-creative-c-t-hat,https://cdn.shopify.com/s/files/1/1104/9180/files/ct_2.jpg?v=1728500530,"Join the team! We've partnered with our pals at The Ampal Creative to produce this limited-edition, made-in-the-USA hat featuring stitched ""C + T"" vintage-style lettering. We've been fans of the Ampal brand for a while and one of the biggest reasons is the way they size and fit these hats - they wear like your favorite well-worn vintage piece from day one. This combined with their top-quality material choices makes for basically the perfect hat. This limited edition hat features: 100% Cotton 14 wale Corduroy Upper Waxed Canvas Underbrim 100% Cotton Herringbone Twill Front Panel Lining Custom Ampal Chino Twill Premium Sweatband",Craft & Tailored,2024-10-09,False
Tropical 1960s IWC Ingenieur (Ref. 666) 'Cal. 8531',IWC,2950,https://craftandtailored.com/products/tropical-1960s-iwc-ingenieur-ref-666-cal-8531,https://cdn.shopify.com/s/files/1/1104/9180/files/Img030192_caa0b142-b177-4079-9929-50abb558296a.jpg?v=1725920788,"Founded more than 150 years ago, the International Watch Company has grown to become one of the most recognizable Swiss watch brands on the planet. They're known the world over for pilot's watches and dive watches and beautiful dress watches. But the Ingenieur was their purpose-built, anti-magnetic tool watch targeted at scientists and engineers, and the ref. 666 was the first one. Another thing IWC are known for is their caliber 85 movement, which is widely regarded as one of the finest watch movements ever made. The cal. 85 was introduced in the 1950s and was the second automatic movement the brand ever made – it was also their first automatic movement with central seconds. It featured the Pellaton winding system, which was a new and extremely efficient movement system for perpetual automatic wristwatch movements, and would go on to birth multiple subsequent versions, including the cal. 8531, which happens to be working away inside this piece. This particular ref. 666 is simply stunning with a no-nonsense design. The classy yet robust case and beautifully speckled 'tropical' dial design pairs excellently with the utilitarian stainless steel material. It makes for a highly reliable daily wearer that's designed to last, and look good doing it. SPECS Stock # IWC666I Brand IWC Style Ingenieur Model 666 Serial 17XXXXX Size Men's Material Stainless Steel Dial Silver ""Tropical"" Millimeters 36.5 Strap 2pc Leather Strap CASE & BRACELET The stainless steel case shows light signs of honest wear, retaining strong lugs with sharp factory lines. The case retains its original ""fish logo"" crown. The case back shows some wear commensurate with its age but is still overall very clean. The watch will come supplied on a two-piece leather strap. DIAL & HANDS The stunning silver dial is warm with a wonderful vintage aesthetic that has taken on a 'tropical' speckling throughout. The applied markers and dot indices create a clean and simple design and the date window is featured in a unique position more towards the center of the dial to preserve the 3 o'clock hour marker. The original beveled dauphine hands remain in stunning condition, with a creamy lume that matches the dial perfectly. Under UV light inspection the lume plots all remain present, however, there is some degradation present in the lume throughout. ACCESSORIES None. The watch is in perfect working condition, additional service history is unknown.",Craft & Tailored,2024-09-09,False
1970s Hamilton Dateline UFO (Ref. 64046-3) Silver Dial,Hamilton,1350,https://craftandtailored.com/products/1970s-hamilton-dateline-ufo-ref-64046-3-silver-dial,https://cdn.shopify.com/s/files/1/1104/9180/files/Img023658_9ab5e177-2ff2-4e2f-bced-e6b59e55d82e.jpg?v=1724885577,"Hamilton was founded in Lancaster, Pennsylvania in 1882 and initially specialized in producing pocket watches. The brand boasts a long and impressive history of breakthroughs in design and technology, and while probably best known for their military associations and fantastic field watches, they've put out some really remarkable outliers as well. Case in point, this incredible Dateline UFO. So named because of its disc-like, lug-free case shape, this is an otherwise incredibly classic piece with an aged silver dial, oversized silver hands and hour markers, and that classic Hamilton understated style. SPECS Stock # HAMDL640463 Brand Hamilton Style Dateline Automatic Model 64046-3 Serial N/A Size Men's Material Stainless Steel Dial Silver ""Aged"" Millimeters 38 Strap 2pc Black Leather Rally Strap CASE & BRACELET The wonderful ultra-round ""UFO"" case has been gently polished in the past and show light wear. The case retains its original Hamilton-signed crown. The case back is clean with only minor signs of wear, and features all of its original engravings in present and legible condition. The watch is supplied on a two-piece leather rally-style strap.. DIAL & HANDS The original silver dial is in great vintage condition with minor signs of age and a darkening of the hue. The large, rectangular hour markers are in beautiful condition and match the handset well, under UV light inspection the lume does exhibit degradation throughout the markers, however this has no affect on the aesthetic of the watch. The lume in the hands has aged to a light cream color and is in otherwise great condition. ACCESSORIES None. The watch is keeping time, but the service history is unknown. A movement service can be provided upon request.",Craft & Tailored,2024-08-28,False
Monterey Vintage Classic '85 Tee,Other,45,https://craftandtailored.com/products/monterey-vintage-classic-85-tee,https://cdn.shopify.com/s/files/1/1104/9180/files/LSD_1845.jpg?v=1723929673,Surprise Car Week Merch Drop! We're up in Monterey for Car Week and had to celebrate the event with something. With this Tee we partnered with Ampal Creative to invent a fictional car event we wish existed - enjoy the first in a series of alternate reality collaborations showcasing what could have been. This limited edition t-shirt is available while supplies last - sizing S through XL. Regular fit True to Size Heavy Weight Ringspun 100% Cotton,Craft & Tailored,2024-08-17,False
1980s LeJour Chronograph (Ref. 7750),Other,2650,https://craftandtailored.com/products/1980s-lejour-chronograph-ref-7750,https://cdn.shopify.com/s/files/1/1104/9180/files/Img028920_44ee852d-3f2c-4993-959b-bcf58d15017a.jpg?v=1720912103,"Heuer manufactured LeJour chronographs under a private-label arrangement in the 1980s. Under the terms of the arrangement, Heuer manufactured an array of watches which LeJour then distributed; some, like the Heuer Pasadena and LeJour model 7750, used the exact same cases and movements. An instantly recognizable example of this day-date chronograph can be seen on the wrist of LT Pete ""Maverick"" Mitchell played by Tom Cruise in the hit movie ""Top Gun"" who is wearing a PVD-finish example made by Orfina and branded under Porsche design. The Heuer and the other references like the LeJour 7750 used the Day-Date Chronograph Valjoux 7750 movement, which is one of the most respected movements with its many complications in a relatively compact package, and is also how the LeJour got its reference name. Each brand produced these references with stainless steel in two case finishes, the bead-blasted anti-reflective stainless steel and a black PVD variant which is the one seen on Maverick's wrist in Top Gun. Though it is far more common to see the sub-brand variants in the PVD finish than the bead-blasted stainless steel option. The case size is 40mm in diameter with a screw-down case back, mineral crystal, Internal tachymeter bezel, black dial with tritium luminous indexes, day, and date at the 3 o’clock position of the dial. Stock # LJCHRON7-6 Brand LeJour Style Chronograph Model 7750 Serial N/A Size Men's Material Stainless Steel Dial Matte Black Millimeters 40 Bracelet LeJour Stainless Steel Bracelet CASE & BRACELET The unpolished, bead-blasted finish case is in exceptional condition, retaining crisp angles and texture with gentle signs of honest use. The case retains its original pump pushers and unsigned crown. The case back remains unpolished as well with all factory marking fully intact and gentle wear present. The original LeJour bracelet exhibits is in excellent condition retaining 16 links that show minimal stretch and will fit up to a 7 1/4-inch wrist. DIAL & HANDS The matte black dial is in virtually perfect vintage condition, exhibiting no damage or notable signs of age. The tritium lume pltos have taken on a handsome creamy patina with no degradation present when inspected under UV light. The original tritium hands have aged to a slightly darker patina and show no degradation when inspected under UV light. ACCESSORIES None. The watch is running and keeping time, previous service history is unknown,",Craft & Tailored,2024-07-13,False
"1991 Rolex Two-Tone Zenith Daytona (Ref. 16523) Black Mk. III ""Inverted 6"" Dial W/ Box, Papers, & Original Sales Receipt",Rolex,31500,https://craftandtailored.com/products/1991-rolex-two-tone-zenith-daytona-ref-16523-black-mk-iii-inverted-6-dial-w-box-papers,https://cdn.shopify.com/s/files/1/1104/9180/files/Img026771.jpg?v=1715129339,"First introduced in 1963 the Rolex Daytona has remained a sought-after stable within the Rolex product range. Designed with professional racecar drivers in mind, the Daytona’s precision chronograph and tachymeter bezel allowed drivers to accurately measure speeds up to 400 kilometers or miles per hour. The release of the Daytona came just after Rolex had become the official timekeeper of the Daytona racetrack and the name evolved as a way for the brand to highlight its connection to the celebrated race. Early Daytona models featured a manual-wind Valjoux 72-based column-wheel chronograph movement. This was in use until 1988 when Rolex released the ref. 16520 with an automatic “self-winding” movement. Rolex outsourced this moment, utilizing the Zenith 400 movement, originally manufactured for the “Zenith El-Primero.” For use in the ref. 16520, Rolex required approximately 200 modifications to the Zenith movement, which remained in use for twelve years. As a result, Daytonas from this period are commonly referred to as “Zenith Daytonas.” In this reference, Rolex also incorporated more durable sapphire crystals, helping to increase the depth rating to a guaranteed 100m or 330ft. This incredible two-tone Rolex Daytona ref. 16523 is a true time capsule, remaining in exceptional condition throughout and accompanied by its original boxes, papers, accessories, and original sales receipt. Stock # RLXDT16520TT-2 Brand Rolex Style ""Zenith"" Daytona Model 16523 Serial N4XXXXX Size Men's Material Stainless Steel / 18K Yellow Gold Dial Black ""Mk. III"" Millimeters 40 Bracelet Rolex Oyster 78393 Bracelet W/ 403 End Pieces CASE & BRACELET The strong case displays crisp angles and sharp finishing with minimal signs of previous polishing present and gentle signs of use shown. The 18k yellow gold ""Units Per Hour"" bezel is in excellent condition with minimal signs of use present. The case retains its original yellow gold Rolex trip-lock crown and screw-down pushers. The Rolex stainless steel and 18K yellow gold 78393 Oyster bracelet with 403 end pieces retains 12 links that show minimal stretch and will fit up to a 7-inch wrist. DIAL & HANDS The original Mk. III black ""inverted 6"" dial is in virtually perfect condition, showing no damage or notable age. The tritium lume plots feature a lovely creamy patina with no degradation present under UV light inspection. The original tritium hands match the dial and show no degradation under U.V. light inspection. ACCESSORIES The watch comes complete with its original inner and outer boxes, Rolex guarantee paper, original sales receipt, both hangtags, leather Rolex notebook with an additional internal paper book, booklets, and polishing cloth. The watch is keeping time perfectly, backed by a 1-year warranty on accurate timekeeping.",Craft & Tailored,2024-05-09,False
Logo Cap - Brown,Other,40,https://craftandtailored.com/products/logo-cap-brown,https://cdn.shopify.com/s/files/1/1104/9180/files/Craft_and_Tailored_012.jpg?v=1708467634,"Keep the sun out of your eyes with this snapback ""dad cap"" in dark khaki with the ""CT"" embroidered letter mark. This limited edition hat features: Six-panel Low-profile Unstructured 100% cotton Embroidered in Los Angeles Dark Khaki hat",Craft & Tailored,2024-02-28,False
Logo Cap - Cream/Blue,Other,40,https://craftandtailored.com/products/logo-cap-cream-blue,https://cdn.shopify.com/s/files/1/1104/9180/files/Craft_and_Tailored_009.jpg?v=1708467417,Keep the sun out of your eyes in our two-tone baseball cap with our custom “CT” font in puff embroidery. This limited edition hat features: Five-panel Mid-profile Embroidered in Los Angeles Cream hat Navy bill CT Logo in navy to match the bill Snapback,Craft & Tailored,2024-02-28,False
Movement Tee,Other,40,https://craftandtailored.com/products/movement-tee,https://cdn.shopify.com/s/files/1/1104/9180/files/Craft_and_Tailored_001.jpg?v=1708467974,This limited edition shirt features a Hand illustrated movement design on the rear of the shirt as well as a stylized Craft & Tailored logo on the front. This is available while supplies last - sizing S through XL. Regular fit 6.5oz Pre-shrunk 100% cotton Shirt Made in Los Angeles Hand Printed in Los Angeles,Craft & Tailored,2024-02-28,False
Better Late Than Never Tee,Other,40,https://craftandtailored.com/products/better-late-than-never-tee,https://cdn.shopify.com/s/files/1/1104/9180/files/Craft_and_Tailored_005.jpg?v=1708467817,"If you're anything like us this phrase comes up all too often in your life - now you can wear it proudly on your chest! This black regular fit t-shirt features the ""Better Late Than Never"" logo on the chest pocket area and vintage styled Craft & Tailored logo on the rear. This limited edition t-shirt is available while supplies last - sizing S through XL. Regular fit 6.5oz Pre-shrunk 100% cotton Shirt Made in Los Angeles Hand Printed in Los Angeles",Craft & Tailored,2024-02-28,False
"1967 Omega Seamaster 300 (Ref. 165.024) ""W10 British Royal Army""",Omega,39500,https://craftandtailored.com/products/1967-omega-seamaster-300-ref-165-024-w10-british-royal-army,https://cdn.shopify.com/s/files/1/1104/9180/files/Img022424_7a254205-f25e-401e-ba8e-2c5cd250222a.jpg?v=1699052877,"The art of collecting military-issued timepieces has never been more interesting or captivating than in today’s day and age. These alluring timepieces have been sought after for as long as collectors have existed, however, due to the availability of archived information we now possess, the community has never been more interconnected or informed. As we collectively continue to discover new information we reinforce our understanding of where, when, and why these incredible timepieces were enlisted. Upon first glance this Omega Seamaster 300 may seem like any other well-preserved reference 165.024 model, however, this unassuming example happens to be a part of one of the most prestigious family of timepieces, those issued by the British Ministry of Defense. Like the Rolex ref. 5517 “MilSub”, which the Omega “MilMaster” actually predates, this watch was created to adhere to the exact specifications set forth by the MOD to fit the necessary military applications it would be used for while also being able to survive the environment of global conflict. Omega created two very similar Seamaster 300 models for the MOD, one for the British Royal Navy, and the other for the British Royal Army which is also designated as the “W10” model. While both of these remain almost exactly the same, both feature military branch-specific engravings on the case back and the British Navy models are also more commonly seen with the iconic circle “T” printing on the dial which designated the use of tritium for the luminous material. Though some “W10” models also featured the circle “T” designation on the dial, most were fitted with standard dials with no military designations. Besides the previously listed differences, both the Navy and Army models feature the iconic sword-shaped hands (which carried over to the Rolex contract), bakelite luminous bezels, fixed strap bars, and the in-house Omega Cal. 552 automatic winding movement. Considering vintage diving watches as a category, the Omega Seamaster 300 has cemented itself as one of the most important watches to come from the “Golden Era” of sports timepieces. The specific aesthetic of the 165.024 evokes a true feeling of adventure and exploration which is all but amplified by the military specifications and provenance. Stock # OMSM300-W10 Brand Omega Style Seamaster 300 ""W10"" Model 165.024 Serial 24XXXXXX Size Men's Material Stainless Steel Dial Matte Black Millimeters 42 Bracelet Phoenix NATO Strap CASE & BRACELET The exceptionally well-preserved case exhibits minimal signs of previous polishing with the original case shape, angles, and dimensions fully present with hones signs of gentle use throughout. The original ""flat 1"" bakelite bezel is in impressive overall condition, exhibiting some honest and expected, age, wear, and scratches but no cracks whatsoever, the lume within the bezel has also achieved a rich golden-brown patina that matches the dial perfectly. The original crystal shows significant crazing throughout a",Craft & Tailored,2023-11-03,False
1970s Hamilton Automatic Super Compressor 600 (Ref. 64040-3),Hamilton,2500,https://craftandtailored.com/products/1970s-hamilton-super-compressor-600-ref-64040-6,https://cdn.shopify.com/s/files/1/1104/9180/files/Img019362.jpg?v=1688669480,"The Super Compressor case was developed by Ervin Piquerez S.A. (EPSA) in the late 1950s with production lasting into the 1970s. The term ""Super Compressor"" comes from a Patented design that Ervin Piquerez S.A. (EPSA) created in which the case sealing method actually became more watertight with increased pressure as a result of increasing depth. The design is complex yet simple in that the deeper in-depth that the watch wen the more watertight the watch would become as a result. The increased pressure by design would allow the case-back to press against the O-ring gasket within the mid-case again increasing water resistance. Super compressors leverage two crowns, one in which operates the winding and setting of the watch and one that operates an inner rotating bezel ring which is also a unique design feature specific to super compressors that allowed for greater security of setting the inner timing bezel inside of the watch instead of externally whereas if the bezel was located externally it could be bumped out of position rendering an accurate measurement of elapsed time. Brands that utilized the super compressor cases included Longines, Hamilton, Universal Genéve, and Enicar. The Super Compressor cases came in two sizes: 42mm, as seen in vintage Longines Skin Divers, and in 36mm, as seen watches like this Hamilton 600. The Hamilton Super Compressor 600 is eyecatching and the perfect example of a Super Compressor. The silver/white dial with its contrasting and reflective inner rotating bezel makes the watch eye-catching while on the wrist without drawing too much attention. The mid-century vibe and feel of this watch are very much apparent with the early Hamilton logo that is to us reminiscent of Eames-era design which can also be seen on the case back of the watch. This Hamilton bridges the gap between sport diver and dress seamlessly and is also functional as the date complication located at the 3 o'clock position and inner rotating bezel will come in handy for keeping track of the date and for timing things such as parking meters and or decompression stops during the ascent of a deep dive! Stock # HAMSPC640403/5 Brand Hamilton Style Super Compressor 600 Model 64040-3 Serial N/A Size Men's Material Stainless Steel Dial Silver Millimeters 36 Strap 2pc Rubber Tropic Strap CASE & BRACELET The classic super compressor case is in wonderful, well-preserved condition with minimal signs of previous gentle polishing and light signs of honest use. The case retains its original cross-hatched twin crowns. The case back retains all of its factory markings and shows signs of gentle use. The watch comes supplied on a 2pc rubber tropic strap. DIAL & HANDS The original silver sunburst dial very presentable vintage condition with some light marks and spots from age that have no effect on the overall aesthetic of the watch. The inner rotating dark metallic bezel is also in exceptional condition and retains its matching tritium triangle at the 12 o'clock position ",Craft & Tailored,2023-07-06,False
"1950s Wittnauer Chronograph (Ref. 800) ""Valjoux Cal. 72""",Wittnauer,3200,https://craftandtailored.com/products/1950s-wittnauer-chronograph-ref-800-valjoux-cal-72,https://cdn.shopify.com/s/files/1/1104/9180/files/Img017708_481c8fb4-f256-4404-8bc5-f30a59d74865.jpg?v=1684284184,"While Wittnauer certainly isn’t one of the commonly known watch brands, it certainly has the history to rival just about any other out there. Founded in 1885 in New York by Swiss immigrant Albert Wittnauer, the eponymous company set out to craft timepieces designed for exploration and adventure, especially in aviation and sea navigation. In fact, Neil Armstrong wore a Wittnauer for the Gemini 8 mission. The Wittnauer and Longines relationship dates back to the 1800s when Wittnauer became the official US distributor for Longines watches. Then, in the 1950s Longines actually purchased Wittnauer and the two brands worked harmoniously to produce some of the most beautiful wristwatches of the mid-21st century, most notably their chronographs. Stock # WITT800 Brand Wittnauer Style Chronograph Model 800 Serial 56XXXX Size Men's Material Stainless Steel Dial Silver Millimeters 35 Strap 2pc Handmade Leather Strap CASE & BRACELET The excellent case has been lightly polished in the past and the lugs retain the original geometry and finishing with honest signs of light use throughout. The unsigned crown appears to be an early replacement, however, the pump pushers are believed to be the originals. The case back displays evidence of previous corrosion which has since been cleaned. The watch comes supplied on a 2pc handmade leather strap. DIAL & HANDS The original silver dial features both red and blue timeing scales and gives off a beautiful vintage aesthetic, showing some marks and age that would be expected for its age. The silver dial has taken on an attractive warmth as well. The radium lume arabic numerals all remain intact and feature a tan and dark brown patina, under U.V. light inspection all of the plots remain intact though the 4 and 5 o'clock plots exhibit light degradation. The original radium hands feature a slightly darker tan color, under U.V. light inspection both the hour and minute hand display lume loss and remain stable. ACCESSORIES None. The watch is keeping time, backed by a 1-year warranty on accurate timekeeping.",Craft & Tailored,2023-05-16,False
"1960s Glycine ""Camaro"" Chronograph (Ref. 85007) ""Valjoux Cal. 72""",Glycine,3450,https://craftandtailored.com/products/1960s-glycine-camaro-chronograph-ref-85007-valjoux-cal-72,https://cdn.shopify.com/s/files/1/1104/9180/files/Img017699_42597379-7680-4828-bb18-0057ab2c296c.jpg?v=1683937582,"Glycine was founded in 1914 and was originally known for making movements for women's watches and later for making chronometer-rated wristwatches, but not until the early 50s would Glycine finds its place in horological history with the Airman wristwatch. After the success of the Airman, the Glycine brand continued to grow through the 60s and 70s as they produced a variety of different sprots watches, including chronogaphs, that are now cherished by collectors today. This interesting chronograph retailed by Gylcine bears close resemblance to the highly sough-after Camaro model produced by Heuer in the late 60s, early 70s. Though this phenomenon is now a well-known article of Heuer's history, Heuer contracted many of its cases and movements to other brands to be retailed under their own name, essentially white-label selling their own watches. This was done to boost revenue and profits for the Heuer brand which struggled financially throughout the 60s and 70s becasue of their forward thinking processes. As a result, numerous unqiue watches were created, which are mostly Heuer with dials influenced by the actual retailers. Case in point, this beautiful Gylcine ""Camaro"" Chronograph ref. 85007, which employs a robust Valjoux Cal. 72 movement. Stock # GLYCAM72 Brand Glycine Style ""Camaro"" Chronograph Model 85007 Serial N/A Size Men's Material Stainless Steel Dial Matte Black W/ White Sub-Dials Millimeters 37 Strap 2pc Handmade Leather Strap CASE & BRACELET The excellent case retains impressive geometry and dimension with minimal signs of previous polishing and light signs of honest use present. The case retains its pump pushers and the unsigned crown appears to be original as well. The case back retains all of its factroy markings in legible condition. The watch comes supplies on a 2pc handmade leahter strap. DIAL & HANDS The matte black dial is in stunning overall condition, showing no damage and almost no age. The outer tachymetre scale adds an extra dimension of contrast and is all in excellent condition. The white sub-dials exhbit minimal elements of age and are in wonerdful overall condition. The hands are original to the watch and all remain in excellent condition. ACCESSORIES None. The watch was just serviced and is keeping time perfectly. The watch will come with a 1-year warranty for accurate timekeeping.",Craft & Tailored,2023-05-12,False
1964 Rolex Cosmograph Daytona (Ref. 6239) Silver Dial W/ Box & Papers,Rolex,83750,https://craftandtailored.com/products/1964-rolex-daytona-ref-6239-silver-dial-w-box-papers,https://cdn.shopify.com/s/files/1/1104/9180/products/Img014686_adf1a74f-70e4-48fa-b0cc-ca6c7544fd32.jpg?v=1677124515,"Rolex first introduced the ref. 6239 Cosmograph in 1963 in steel, 14k, and 18k yellow gold with a design that was solely focused on automobile racing. The Units Per Hour bezel allowed for the tracking and measuring of average speed and lap times making for a truly useful tool for racing drivers in the 20th century. Rolex, being the same marketing powerful house back then as they are today, knew the American market would be their most effective demographic as racing in America was on the rise in the 60s-70s. Effectively, in 1964 the Rolex Cosmograph was branded “Daytona” after the famous race The 24hrs of Daytona. Over the duration of the ref. 6239 and later the 6241, the dial featured numerous small changes and variants with the most notable being the exotic or “Paul Newman” dial until the references ended in 1969. This 1964 Rolex Cosmograph Daytona ref. 6239 is a time-capsule example of one of the very first versions of the Rolex Daytona. Its overall condition is extremely impressive and is potentially the nicest early Daytona we've had the pleasure of coming across, and let's not forget it is also a complete set with its original box and papers. Stock # RLXDT623964 Brand Rolex Style Daytona Model 6239 Serial 10XXXXX Size Men's Material Stainless Steel Dial Silver Millimeters 36 Strap Rolex C+I ""U.S.A Made"" Oyster-Stretch Bracelet CASE & BRACELET This early Daytona case is simply exceptional, with no evidence of being previously polished, the case appears to have only been ""sleeve polished"" through wear over time as the original dimensions, finishing, and geometry remain fully intact from the factory. The crisp and symmetrical lugs exhibit gentle signs of honest use, but no major elements of wear. The original and early base-300 ""Units Per Hour"" stainless steel bezel is also believed to have never been polished, the original black factory enamel is still mostly present. The bezel exhibits gentle signs of use throughout. The case retains its original pump pushers. The Rolex C+I ""U.S.A. Made"" Oyster-Stretch bracelet was sourced with the watch and is stamped ""7-70"" dating it slightly later than the watch. The bracelet retains 12 links that display no stretch and will fit up to a DIAL & HANDS The silver sunburst early Cosmograph dial with matte black sub-dials is in remarkably-impressive condition, with elements of age that are only nominal in nature. The sub-dials exhibit no damage or fading and remain extremely clean. The tritium lume plots have achieved a bright golden-yellow coloration and exhibit no degradation whatsoever, which is extremely rare for dials of this era. The original hands include the extra-long hour hand that is only seen in the first generation of the Daytona, the hands exhibit no degradation under U.V. light inspection and have aged to match the dial perfectly. The white sub-dials hands also remain original to the watch and feature the ""slender"" running seconds hand that is characteristic of early Daytonas with Valjoux 72B mov",Craft & Tailored,2023-02-22,False
1970s Wyler Lifeguard Dynawind Diver 660 (Ref. 4104D-1338),Other,2500,https://craftandtailored.com/products/copy-of-1970s-wyler-dynawind-ref-8181-1168,https://cdn.shopify.com/s/files/1/1104/9180/products/Img013942.jpg?v=1675389461,"In 1923, Paul Wyler began creating his own 16 and 19-line precision movements before founding the eponymously named ""Wyler Watch Company"" in Basel, Switzerland a year later. His watches were well-respected by collectors due to their innovative Incaflex balance wheel, which was designed to absorb shocks to the balance wheel as a means of protection. This Dynawind Diver from the '70s is a perfect merging of that stereotypical '70s style and Wyler's innovative designs including a one-piece monocoque case and an inner rotating bezel. SPECS Stock # WLRDWDY Brand Wyler Style Lifeguard Dynawind Diver 660 Model 4104D-1338 Serial N/A Size Men's Material Stainless Steel Dial Blue Millimeters 39 Bracelet Single Pass Nylon Ribbon Strap CASE & BRACELET The stainless steel case has been gently polished and shows honest signs of use. It retains its original Wyler-signed crowns at 2 and 4 o'clock. The silver case back features the Wyler Lifeguard shield, and shows appropriate signs of use for its age. The watch will be supplied on a single-pass nylon ribbon strap. DIAL & HANDS The metallic blue dial shimmers beautifully in just about any light and features a silver minute track with red markers that separates the tonal blue inner rotating bezel from the inner dial. The dial shows some light, but honest age and the tritium lume plots have achieved a vivid yellow patina. Under U.V. light inspection the dial does show degradation apart from some lume loss in the Arabic ""9"" marker. The original hands have been professionally restored with cream colored tritium to coordinate with the dial patina. ACCESSORIES None. The watch is running and keeping time, previous service history is unknown.",Craft & Tailored,2023-02-02,False
Scatola Del Tempo - Viaggio 6,Scatola Del Tempo,860,https://craftandtailored.com/products/scatola-del-tempo-viaggio-6-black,https://cdn.shopify.com/s/files/1/1104/9180/products/DSC_3067.jpg?v=1672519539,"Founded in 1989 with the belief that the things you value in life deserve to be well cared for, Italy’s Scatola del Tiempo crafts some of the finest and most beautiful watch cases and winders in the world. Every piece is designed and manufactured by hand in Italy using luxurious leathers and other fine materials, and are the result of founder Sandro Colarieti’s strong design aesthetic combined with the expertise of the country’s finest craftsmen. The Viaggio 6 is the brand’s compact storage solution designed specifically for up to 6 watches on straps. Like all Scatola del Tiempo products, this stylish travel case is made from the finest leather and is 100% handmade in Italy. The case holds up to 6 watches and is fully covered and lined with genuine leather. Please note that the Viaggio 6 is designed specifically for watches on leather straps and is not compatible with bracelet watches. Available in black, chocolate, chestnut and a brown-and-tan bicolor.",Craft & Tailored,2022-12-31,False
Scatola Del Tempo - Valigetta 8,Scatola Del Tempo,1180,https://craftandtailored.com/products/scatola-del-tempo-valigetta-8-chocolate,https://cdn.shopify.com/s/files/1/1104/9180/products/DSC_3072.jpg?v=1672514870,"Founded in 1989 with the belief that the things you value in life deserve to be well cared for, Italy’s Scatola del Tiempo crafts some of the finest and most beautiful watch cases and winders in the world. Every piece is designed and manufactured by hand in Italy using luxurious leathers and other fine materials, and are the result of founder Sandro Colarieti’s strong design aesthetic combined with the expertise of the country’s finest craftsmen. The Valigetta 8 is the brand’s storage solution for your 8-piece collection. Like all Scatola del Tiempo products, this elegant and sleek travel case is made from the finest leather and is 100% Handmade in Italy. Featuring safe storage for up to 8 watches with bubble-padded tops that securely hold your piece and prohibit movement during transportation. They’ve also added a handle to make transportation easy. Available in black, chocolate, chestnut and a brown-and-tan bicolor.",Craft & Tailored,2022-12-31,False
Scatola Del Tempo - Valigetta 16,Scatola Del Tempo,1930,https://craftandtailored.com/products/scatola-del-tempo-valigetta-16-black,https://cdn.shopify.com/s/files/1/1104/9180/products/DSC_3080-1_0be40489-abcc-4474-8119-74531d86c8f8.jpg?v=1672540372,"Founded in 1989 with the belief that the things you value in life deserve to be well cared for, Italy’s Scatola del Tiempo crafts some of the finest and most beautiful watch cases and winders in the world. Every piece is designed and manufactured by hand in Italy using luxurious leathers and other fine materials, and are the result of founder Sandro Colarieti’s strong design aesthetic combined with the expertise of the country’s finest craftsmen. The Valigetta 8 is the brand’s storage solution for your 8-piece collection. Like all Scatola del Tiempo products, this elegant and sleek travel case is made from the finest leather and is 100% Handmade in Italy. Featuring safe storage for up to 8 watches with bubble-padded tops that securely hold your piece and prohibit movement during transportation. They’ve also added a handle to make transportation easy, and dual locks to keep your valuables extra secure. Available in black, chocolate, chestnut and a brown-and-tan bicolor.",Craft & Tailored,2022-12-31,False
Scatola Del Tempo - Pochette,Scatola Del Tempo,600,https://craftandtailored.com/products/scatola-del-tempo-pochette-black,https://cdn.shopify.com/s/files/1/1104/9180/products/DSC_3076.jpg?v=1672513124,"Founded in 1989 with the belief that the things you value in life deserve to be well cared for, Italy’s Scatola del Tiempo crafts some of the finest and most beautiful watch cases and winders in the world. Every piece is designed and manufactured by hand in Italy using luxurious leathers and other fine materials, and are the result of founder Sandro Colarieti’s strong design aesthetic combined with the expertise of the country’s finest craftsmen. The Pochette is the brand’s compact, grab-and-go option for your 4-piece collection. Like all Scatola del Tiempo products, this stylish travel case is 100% handmade in Italy from the finest leather, and is equipped with cushioned storage for up to 4 watches. Featuring removable/adjustable dividers, the Pochette is ideal for watches as well as other accessories such as jewelry, keys, chargers, and straps. Available in black, chocolate and chestnut.",Craft & Tailored,2022-12-31,False
Scatola Del Tempo - Valigetta 4,Scatola Del Tempo,780,https://craftandtailored.com/products/scatola-del-tempo-valigetta-4-chocolate,https://cdn.shopify.com/s/files/1/1104/9180/products/DSC_3065.jpg?v=1672513690,"Founded in 1989 with the belief that the things you value in life deserve to be well cared for, Italy’s Scatola del Tiempo crafts some of the finest and most beautiful watch cases and winders in the world. Every piece is designed and manufactured by hand in Italy using luxurious leathers and other fine materials, and are the result of founder Sandro Colarieti’s strong design aesthetic combined with the expertise of the country’s finest craftsmen. The Valigetta 4 is the brand’s storage solution for your 4-piece collection. Like all Scatola del Tiempo products, this elegant and sleek travel case is made from the finest leather and is 100% Handmade in Italy. Featuring safe storage for up to 4 watches with bubble-padded tops that securely hold your piece and prohibit movement during transportation. Available in black, chocolate, chestnut and a brown-and-tan bicolor.",Craft & Tailored,2022-12-31,False
Textured Calfskin Watch Strap - Quantum,Other,65,https://craftandtailored.com/products/textured-calfskin-watch-strap-quantum,https://cdn.shopify.com/s/files/1/1104/9180/products/DSC00146_d9029890-481b-4890-974f-2e973d42b6dc.jpg?v=1614209015,"Our textured calfskin straps are an excellent option for those looking to find a neutral and slightly dressy strap option. This supple leather feels great on the wrist and will age nicely into a unique patina. The Details The elegance of our textured calfskin watch straps began in Italy, where they were crafted by hand to perfection with supple, yet strong Italian textured calfskin leather. Finished in a full stitch style with a soft full-back lining for added comfort. Our textured calfskin straps come in 18mm, 19mm and 20mm sizes and taper down to fit a standard 16mm buckle. A stainless steel buckle is included with the strap (A gold buckle can be added by request.)",Craft & Tailored,2021-02-24,False
Vintage Style Calfskin Watch Strap - Goldeneye,Other,65,https://craftandtailored.com/products/smooth-calfskin-watch-strap-vintage-style-goldeneye,https://cdn.shopify.com/s/files/1/1104/9180/products/DSC00321.jpg?v=1614208644,"This smooth calfskin in Goldeneye is the essential classic tan watch strap. The Goldeneye will look great on anything from sport to dress and will work perfectly on a wide range of case materials. The tonal light brown color of the strap will work especially well with chronographs that possess opposing colored subdials and watches that have developed a patina as the Goldeneye brings a classic yet modern feel to any vintage and or modern watch alike! The Details Our beautiful smooth calfskin watch straps are handcrafted in Italy from supple veg-tanned calfskin that is lined on the back for added durability and comfort. These straps built to last and will only get better with age. The leather will take on a robust patina the more you wear them and. Our smooth calfskin straps come in 19mm and 20mm sizes and taper down to fit a standard 16mm buckle. Stainless steel buckle included, a gold buckle can be added by request.",Craft & Tailored,2021-02-24,False
Textured Calfskin Watch Strap - Chestnut,Other,65,https://craftandtailored.com/products/textured-calfskin-watch-strap-admiral,https://cdn.shopify.com/s/files/1/1104/9180/products/DSC00159_0e7a4fc5-2eef-4c3a-9925-f8dd9ccc2685.jpg?v=1611864179,"Our textured calfskin straps are an excellent option for those looking to find a neutral and slightly dressy strap option. This supple leather feels great on the wrist and will age nicely into a unique patina. The Details The elegance of our textured calfskin watch straps began in Italy, where they were crafted by hand to perfection with supple, yet strong Italian textured calfskin leather. Finished in a full stitch style with a soft full-back lining for added comfort. Our textured calfskin straps come in 18mm, 19mm and 20mm sizes and taper down to fit a standard 16mm buckle. A stainless steel buckle is included with the strap (A gold buckle can be added by request.)",Craft & Tailored,2021-02-18,False
Vintage Style Calfskin Watch Strap - Brandy,Other,65,https://craftandtailored.com/products/smooth-calfskin-watch-strap-vintage-style-brandy,https://cdn.shopify.com/s/files/1/1104/9180/products/DSC00137_ca27853f-4443-44d8-8d82-d8048c4627de.jpg?v=1613705030,"This smooth calfskin in Brandy is an essential classic. The Brandy will look handsome on anything from sport to dress watches and will work perfectly on a wide range of case materials, particularly 18k gold. The deep burgundy tone of the strap will work especially well with a range of sport and dress watches. This rich calfskin will develop a darker patina over time and add the perfect vintage feel to any piece. The Details Our beautiful smooth calfskin watch straps are handcrafted in Italy from supple veg-tanned calfskin that is lined on the back for added durability and comfort. These straps built to last and will only get better with age. The leather will take on a robust patina the more you wear them and. Our smooth calfskin straps come in 19mm and 20mm sizes and taper down to fit a standard 16mm buckle. Stainless steel buckle included, a gold buckle can be added by request.",Craft & Tailored,2021-02-18,False
Nubuck Watch Strap - Rust,Other,65,https://craftandtailored.com/products/nubuck-watch-strap-rust,https://cdn.shopify.com/s/files/1/1104/9180/products/DSC08762_db99fb8c-2935-44e0-8877-ac922307e6a2.jpg?v=1585102438,"Our ""Rust"" Nubuck strap is perfect for your favorite sports watch, whether its a simple diving watch or a colorful chronograph. The subtle reddish-brown coloring is great for accenting lume patina, bezel inserts, and dial features. On dressier watches, the ""Rust"" Nubuck watch strap will bring out a casualness allowing for greater versatility in your timepiece. The Details Our Nubuck Watch Straps are handcrafted in Italy with durable fine-grain calf leather in a full stitch style and feature back lining for added comfort. Perfect for a wide variety of timepieces, the Nubuck leather is long-lasting with a soft touch and will develop an impressive patina of time. Our Nubuck straps come in 18mm, 19mm, and 20mm sizes and taper down to fit a standard 16mm buckle. A stainless steel buckle is included with the strap (A gold buckle can be added by request.)",Craft & Tailored,2020-04-02,False
Smooth Calfskin Watch Strap - Stampede,Other,65,https://craftandtailored.com/products/smooth-calfskin-watch-strap-stampede,https://cdn.shopify.com/s/files/1/1104/9180/products/DSC06866_1eda5972-ead8-4d3f-92ce-8b003116af1b.jpg?v=1582920116,"This smooth calfskin in ""Stampede"" will look great on anything from sport to dress and will work perfectly on yellow gold, platinum, and everything in between. The cool tonal grey color of the ""stampede"" will work especially well on watches that possess a dial with patina and or a colored dial, as the crisp and smooth grey will add a nice and even balance allowing a dial with patina or with color to speak for itself! The Details Our beautiful smooth calfskin Watch Straps are handcrafted in Italy from supple veg-tanned calfskin that is lined on the back for added durability and comfort. These straps built to last and will only get better with age. The leather will take on a robust patina the more you wear them and. Our smooth calfskin straps come in 18mm, 19mm, and 20mm sizes and taper down to fit a standard 16mm buckle. Stainless steel buckle included, a gold buckle can be added by request.",Craft & Tailored,2020-03-03,False
Rolex Day Date - Mondani,Mondani,490,https://craftandtailored.com/products/rolex-day-date-mondani,https://cdn.shopify.com/s/files/1/1104/9180/products/Rolex-Day-Date_b4b148cc-1a6d-446c-803b-4bbec35ce761.jpg?v=1673032828,"When approached with a question that isn't easily answered, here at Craft & Tailored our first reference in sourcing the answer starts with the Mondani Horolilogical publications. Tried and trusted, this collection of information is your best option for understanding the nitty and gritty details of vintage or modern high-end timepieces. Description: The Rolex Day-Date book is a limited edition of 1’000 copies only. It represents the first book entirely dedicated to Day-Date, Day-Date II and Day-Date 40. The Rolex Day-Date is the first wristwatch which indicates the date and the day of the week. In 1956 Rolex presents one of its most successful and most popular watches ever: the Day-Date,. This model is one of the world’s most famous Rolex watches: classic, beautiful, functional, useful and elegant. In 2008 a new chapter of this watch, the Day-date II (ø 41 mm) and in 2015 the Day-Date 40. Known as “President’s Watch”, this Rolex Day-Date has characterized and influenced the history of horology with developments and innovations during the years. With high definition unreleased images, technical details, dials variants, history and updated price of every model, this book analyses every reference from 1956 until today. SPECS: The “Rolex Day-Date” book by Mondani is a prestigious limited edition of 1’000 copies. In this work, the authors examine every detail of this important watch: calibers, dials, cases, bracelets and many more components of every reference. You’ll find all dials with their variants of color (Stella dial) and material (lapis lazuli, root wood, meteorite, etc). The book comes with the updated estimates of all published watches. The book goes through: Birth of the Day-Date, 1800 series, 18000 series, Oysterquartz Day-Date, 18200 /, 18300 series, Special editions ( such as Tridor, platinum editions and more ), 118000 series, Day-Date II, Day-Date 40 Furthermore, you will find: the very first Rolex Day-Date, “pie-pan” dials, personalized dials, vintage advertisements, box, papers and much more useful information about the “President’s watch”. This edition also indicates all dials and bracelets variations that must match a particular reference. The Rolex Day-Date book is an essential book-guide both for collectors and dealers, in order to collect, buy, sell and trade modern and vintage Day-Date.",Craft & Tailored,2018-09-14,False
Italian Textured Calfskin Watch Strap (Swiss Taupe),Other,125,https://craftandtailored.com/products/handmade-textured-alfskin-watch-strap-swiss-taupe,https://cdn.shopify.com/s/files/1/1104/9180/products/unspecified-2.jpeg?v=1571439766,"Sophisticated, classic, & refined are the words that come to mind when looking at our Italian textured calfskin straps. These straps will pair well with both gold and or stainless steel cases and will provide a very classy look and feel while on the wrist. These straps will work best on a variety of watches from dress to sport. These straps are built to last and will only get better with age as the leather will take on a robust patina the more you wear them. Our Italian textured calfskin straps come in 18mm, 19mm, and 20mm sizes and taper down to fit a standard 16mm buckle. Stainless steel buckle included, a gold buckle can be added by request. Pictured: 1980 Rolex Oyster Perpetual Date Ref.1503 Paired With Textured Calfskin Vintage Style Stitched Strap- Swiss Taupe SPECS Stock # VSTCSCB Brand Crafted & Tailored Style Vintage Watch Strap Size 20mm, 19mm, 18mm Material Italian Textured Calf Skin Color Taupe/ Grey, Brown, Cream",Craft & Tailored,2016-10-07,False
Bergeon 6767-F Watch Spring Bar Tool,Bergeon,25,https://craftandtailored.com/products/bergeon-6767-f-watch-spring-bar-tool,https://cdn.shopify.com/s/files/1/1104/9180/products/R0000029.jpg?v=1671582425,"We at Craft & Tailored have tested and used our fair share of spring bar tools and this is by far one of the best tools available. If you are like us and change out your straps on your watches as much as we do this is a must have item. we found that the Bergeon 6767-F works best on modern watches that require a tool that can fit into the springbar slot often found in watches with solid end links. Description: This multi functional tool is capable of removing spring bars holding straps, bracelets or buckles in place. The ends of the tools are made of steel with one end flat to grip a spring bar and the other pointed to compress a Spring Bar. SPECS: Made in Switzerland ""F"" model with Fine Forked Tip, Only 1mm in Diameter - Works with all band materials but Ideal for modern solid end link metal watch bracelets The pin end is 0.8mm in diameter and is perfect for compressing spring bars in watches with holes through the lugs, push pins and recessed buttons The Tool has Knurled Machined Grips on the Handle and is 5-1/2"" Inches Long (148mm) with the Tool Ends Inserted.?Both Ends are made of Hardened Tempered Stainless Steel",Craft & Tailored,2016-09-28,False
Bergeon 30081-140 Mini Watchmakers Screwdriver with Stainless Steel Blade,Bergeon,18,https://craftandtailored.com/products/test,https://cdn.shopify.com/s/files/1/1104/9180/products/89895_std_1457130219.jpg?v=1571439753,"Bergeon 30081-140 Mini Watchmakers Screwdriver with Stainless Steel Blade We like quality things here at Craft& Tailored, even when it comes to the smallest and the most seemingly simple things. If you have ever needed to adjust or take out a link on a Rolex Oyster, Jubilee, or any other bracelet for that matter, you will know that finding the perfect size screwdriver that doesn't damage the link or pin can be tricky. Like all things, Bergeon and Swiss-made for that matter this little tool fits the bill quite nicely. This also comes in handy for adjusting your sunglasses or eyeglasses! These Swiss-made watchmakers and jewelers straight blade screwdrivers include Bergeon's new-generation, stainless steel screwdriver technology. Bergeon screwdrivers are built to high specifications and top standards and all blades are tempered and finely ground to exact specifications. These screwdrivers feature a knurled grip shaft and swivel head so that when you hold the top with one hand, you are able to easily twist the screw out with the other hand. The blade can be changed by using the tightening nut at the end of the screwdriver (called a ""set screw"") making it very quick to replace screwdriver blades. 1.40mm 4-inch miniature watchmakers screwdriver Stainless steel body and knurled grip shaft Tempered stainless steel blade Straight flat-head style blade Swiss Made",Craft & Tailored,2016-07-20,False
PolyWatch Plastic Crystal Polish & Scratch Remover,PolyWatch,12,https://craftandtailored.com/products/polywatch-plastic-crystal-glass-polish-scratch-remover,https://cdn.shopify.com/s/files/1/1104/9180/products/polywatch1.png?v=1632367424,"If you have a vintage Rolex or Omega with an acrylic crystal then you will most likely need to have a tube of this magical stuff laying around. PolyWatch is a simple yet effective compound that is used to bring a scratched acrylic crystal back to life. The compound contains a very fine grit that when applied to the crystal and polished will restore and take out the surface scratches or scuffs on the acrylic crystal. PolyWatch removes scratches from plastic watch crystals Apply a small amount of PolyWatch to the crystal and polish with a microfiber cloth The scratches will disappear and the surface of the crystals will look as good as new 5-gram tube that is sufficient for approximately 10-12 uses NOTE : PolyWatch is to be used on acrylic crystals only. This will not restore sapphire watch crystals. Also, PolyWatch will work on light surface scratches or scuffs, deep scratches will need professional restoration or crystal replacement.",Craft & Tailored,2016-07-07,False
Premium NATO Watch Strap (Black),Other,15,https://craftandtailored.com/products/black-nato,https://cdn.shopify.com/s/files/1/1104/9180/products/NATO_STRAP-20160503-01-18.jpg?v=1571439751,"Craft & Tailored Premium NATO style watch strap is a nylon pass-through strap, with a fixed stainless steel buckle and two stainless steel rings for your favorite timepiece. These straps are made out of durable, but extremely comfortable Nylon. F eature a stitched thread construction, instead of being ultrasonically welded. Length is 11 inches including the buckle, adjustable to fit most size wrists. Width is roughly 1.4mm thick. SPECS Stock # PNWSBL Brand Craft & Tailored Style Nato Watch Strap Size 18mm, 20mm, 22mm Material Nylon Color Black",Craft & Tailored,2016-05-04,False
20mm Rolex Spring Bars For Solid End Links (SEL) (Set of 2),Rolex,15,https://craftandtailored.com/products/genuine-20mm-rolex-spring-bars-for-solid-end-links-sel-set-of-2,https://cdn.shopify.com/s/files/1/1104/9180/products/unspecified-5_9c1b3691-8889-4c28-998c-f949dca9b456.jpeg?v=1571439767,"20mm Rolex Spring Bars For Solid End Links (SEL) (Set of 2) Description: 20mm Rolex (Modern) spring bars for solid end links (SEL). Please note that these spring bars will work only with Rolex solid end pieces and with watches that do not have holes in the lugs, Aka ""No Holes Cases"". These are high end swiss made replacement spring bars and Made of 316L stainless steel and have milled pivots and not cast pivots like inferior non swiss made options. Please refer to case reference to be sure these are appropriate for your specific watch reference. if you are unsure of correct sizing please feel free to send us a message and we will happily assist you source the correct spring bars for your watch! Will work with Rolex case references: Submariner: 114060, 116610, 116610LV, 116613LB, 116613LN, 116618LB, 116618LN, 116619LB, 16610, 16610LV GMT: 16710, 116710, 116710BLNR, 116718,116713 Datejust: 1600, 1601, 1603, 1607, 1625, 1630, 6305, 6518, 6604, 6605, 6827, 16013, 16014, 16018, 16030, 16078, 16200, 16203, 16220, 16233, 16234, 16238, 16248, 16263, 16364, 116135, 116138, 116139, 116185, 116188, 116189, 116199, 116200, 116201, 116203, 116208, 116231, 116233, 116234, 116238, 116243, 116244, 116261, 116263, 116264, 116285 Specs: Rounded and Milled ""Tip or Pin"" Spring bar diameter is 1.77 mm, Pivot aka ""pin"" diameter is .84mm. 19.66mm when pins are depressed providing clearance to install 24.73mm when pins are fully extended (End of pins fit flush with lughole when into case)",Craft & Tailored,2016-03-19,False
"Genuine 20mm Rolex Spring Bars for Submariner, GMT, Explorer (Set of 2)",Rolex,15,https://craftandtailored.com/products/spring-bars-for-no-date-rolex-submariner-14060-20mm,https://cdn.shopify.com/s/files/1/1104/9180/products/unspecified-6_4bb1b2d3-7b29-472b-a5eb-4661bd687593.jpeg?v=1571439752,"Genuine 20mm Rolex Spring Bars For Submariner, GMT, & Explorer (Set of 2) Description: Genuine 20mm Rolex (Fat) spring bars for Submariner, GMT, & Explorer. Please note that these spring bars work only with vintage Rolex-style cases with holes through the lugs. The Rolex modern equivalents for ""No Holes Cases"" are located HERE. These are Rolex Genuine Springbars and Made of 316L stainless steel which is the highest quality stainless steel available. Will work with Rolex case references: 1016, 1019, 1675, 16750, 5513, 5512, 1680, 14060, 16550, 16570, 16660, 16600, 16610, 16613, 16700, 16710, 16713, 16753, 16760, 16800, 16803, Will work with Tudor case references: 9401, 9411, 9420, 9430, 74100, 75304, 76100, 79090, 79170, 79180, 94010, 94110, 94200, 94210, 94300 Specs: Rounded pivot aka ""Tip or Pin"" Spring bar diameter is 2.0 mm, Pivot aka ""pin"" diameter is 1.2 mm. 19.79mm when pins are depressed 25.22mm when pins are fully extended (End of pins fit flush with lughole when fitted into case)",Craft & Tailored,2016-03-19,False
