title,brand,price,url,img,description,source,date,sold
ROLEX OYSTER PERPETUAL DATE 1500/8 18K ROSE GOLD FULL SET,Rolex,9995,https://falco-watches.com/products/rolex-oyster-perpetual-date-1500-8-full-set-1,https://cdn.shopify.com/s/files/1/0904/9201/0882/files/ROLEXOYSTERPERPETUALDATE1500_818KROSEGOLDFULLSET.jpg?v=1783360841,"THE ESSENTIALS MAKE: ROLEX MODEL: 1500/8 YEAR: 1979 BOX/PAPERS: YES/YES CASE DIAMETER: 34MM CASE MATERIAL: 18K ROSE GOLD BRACELET MATERIAL: LEATHER MOVEMENT: AUTOMATIC The Rolex Oyster Perpetual Date line was quietly introduced in the 1950s, bridging the gap between the time-only Oyster Perpetual and the far more famous Datejust. The 34 mm model remained somewhat overshadowed by the Datejust and Day-Date throughout its life, right up until its discontinuation just a few years ago. Most examples are fairly restrained, typically featuring a stainless steel case, smooth bezel, and simple dial. However, the present example, ref. 1500/8, is anything but average. It features an 18K rose gold case with a gorgeous silver dial. While full-gold Datejust's are already less common than Day-Dates, finding one in the 34 mm Oyster Perpetual Date line is even more unusual, particularly in 18K gold (14K was more commonly used on precious metal Oyster Perpetual models). This watch was worn very sparingly throughout its life. The case is pristine, showing only the faintest hairlines. The dial is flawless, with all of the tritium lume plots intact and aged to a lovely creamy hue. The movement arrived in excellent health and is running at +4 s/d, with 285° amplitude and a beat error of just 0.1 ms. Out of all the models in the Rolex catalogue in 1979, very few were more expensive than this, and the original owner could easily have purchased a larger Datejust or Day-Date instead. Instead, they knew exactly what they wanted—something that still rings true for the new owner today. The watch comes complete with its original inner and outer boxes, booklet, wallet, and guarantee papers. A wonderful watch on the wrist.",Falco Watches,2026-07-07,False
IWC NOVECENTO PERPETUAL CALENDAR IW3545 'PLATINUM',IWC,11995,https://falco-watches.com/products/iwc-novecento-perpetual-calendar-3545-platinum,https://cdn.shopify.com/s/files/1/0904/9201/0882/files/IWCNOVECENTOPERPETUALCALENDAR3545_18KYELLOWGOLD.jpg?v=1783163893,"THE ESSENTIALS MAKE: IWC MODEL: IW3545 YEAR: c1994 BOX/PAPERS: NO/YES(SERVICE) CASE DIAMETER: 27X41MM CASE MATERIAL: PLATINUM BRACELET MATERIAL: LEATHER MOVEMENT: AUTOMATIC It’s no secret that we love neo-vintage IWC complications here at Falco. In fact, we firmly believe they are among the most beautiful, yet overlooked and undervalued, watches on the market today. In particular, IWC was one of the few Swiss manufactures during this period producing perpetual calendar wristwatches, led by Kurt Klaus’ remarkable perpetual calendar system that eliminated the usual cluster of correctors and pushers (often operated with a cocktail stick, as many perpetual calendar owners will know). Instead, his ingenious module could be adjusted entirely via the crown. It automatically accounts for the varying lengths of months and leap years, requiring virtually no manual intervention beyond keeping the watch running. Alongside references such as the IW3750 and IW3751, with their traditional round cases, IWC also quietly produced the Novecento line (Italian for ""twentieth century""), featuring square and rectangular cases heavily inspired by the Art Deco watch designs of the 1920s and 1930s. The ref. IW3545 here was introduced in 1987 and remained in production for just under a decade. It features a gorgeous platinum case measuring 27 × 41 mm. Inside beats the automatic calibre 32062, based on Frédéric Piguet’s celebrated calibre 953. The watch can be adjusted entirely via the crown, which has four positions. During normal wear, the crown sits in position X; it can then be unscrewed to position 0 for winding, position 1 for advancing the calendar, and position 2 for setting the time. The watch is simply beautiful on the wrist, wearing remarkably similarly to a Cartier Tank despite housing a perpetual calendar. It benefited from a complete IWC service in 2019 and has only been worn sparingly since, leaving it with virtually no visible marks. The movement was serviced again recently and is running at +4 s/d, with 269° amplitude and a 0.2 ms beat error. It comes complete with IWC's 2019 service documents and the original instruction booklet. So cool.",Falco Watches,2026-07-04,False
AUDEMARS PIGUET '18K WHITE GOLD' QUARTZ GREY DIAL,Audemars Piguet,4250,https://falco-watches.com/products/audemars-piguet-jules-audemars-18k-white-gold,https://cdn.shopify.com/s/files/1/0904/9201/0882/files/AUDEMARSPIGUETJULESAUDEMARS18KWHITEGOLD.jpg?v=1783167862,"THE ESSENTIALS MAKE: AUDEMARS PIGUET MODEL: 14894BA YEAR: c1985 BOX/PAPERS: NO /NO CASE DIAMETER: 31MM CASE MATERIAL: 18K WHITE GOLD BRACELET MATERIAL: LEATHER MOVEMENT: QUARTZ While the Royal Oak is undoubtedly one of the most iconic watches of all time — and arguably saved Audemars Piguet, shaping the brand after Gérald Genta's legendary design in 1972 — the manufacture had already produced an incredible range of watches both before and after the Royal Oak's debut. Fast forward to today, and the Royal Oak continues to dominate the brand's image and demand. But as a result, some truly fantastic 20th-century APs with exceptional craftsmanship fly under the radar and still offer remarkable value. Continuing that theme, the present example dates to the 1980s, and is a wonderful product of its time. The 1970s–80s were an incredibly difficult time for the Swiss watchmaking industry. The controlled vibration of quartz in a wristwatch made the practical functionality of a mechanical movement nearly obsolete overnight. As a result, even the biggest brands scrambled to ""adapt"" to this new technology (well, some brands didn't even have a chance to before going extinct). Thankfully, AP just about made it through — and a few decades later, it's fascinating to study and collect quartz APs from this era. This example features a 31mm 18k white gold stepped case with a beautiful grey dial. Thankfully, the two-hand design means we do not have to witness the ticking of a second hand on a quartz watch. The watch was rarely worn during its lifetime and is unpolished. The hallmarks on the caseback are as sharp as day one, with the original leather strap and 18k buckle both intact. A new battery has been fitted, and if Jake doesn't buy this for himself, I'm sure this watch will make the next owner very happy.",Falco Watches,2026-07-04,False
AUDEMARS PIGUET COBRA '18K WHITE GOLD' DIAMOND INDICES,Audemars Piguet,14495,https://falco-watches.com/products/audemars-piguet-cobra-18k-white-gold,https://cdn.shopify.com/s/files/1/0904/9201/0882/files/AUDEMARSPIGUETCOBRA14975BC_18KWHITEGOLD_17.jpg?v=1783164749,"THE ESSENTIALS MAKE: AUDEMARS PIGUET MODEL: 14579BC YEAR: c2000 BOX/PAPERS: NO/NO CASE DIAMETER: 29x32MM CASE MATERIAL: 18K WHITE GOLD BRACELET MATERIAL: 18K WHITE GOLD MOVEMENT: MANUAL WIND While the Royal Oak is undoubtedly one of the most iconic watches of all time—and arguably the watch that saved Audemars Piguet, shaping the brand following Gérald Genta’s legendary design in 1972—the manufacture had already produced an incredible range of watches both before and after the Royal Oak’s debut. In fact, the Royal Oak was not even Genta’s first creation for Audemars Piguet. Just a few years earlier, he designed the Cobra, ref. 5403: crafted in precious metal and named after its uncanny resemblance to the snake. It is only in recent years that these vintage Cobras have begun receiving the attention they deserve. They were produced in relatively small numbers (partly because of their substantial original price), and even fewer have survived in good condition, avoiding the unfortunate trip to a furnace to be turned into blocks of gold over the years. The present example dates to the 1990s and features a beautiful 18K white gold case measuring 30 mm. If you can even tell where the case starts or ends, it flows seamlessly into the integrated bracelet. Powered by the ultra-thin manual-wind calibre 2080, the watch wears beautifully on the wrist, almost like a piece of jewellery. The dial is reminiscent of a Patek Philippe Ellipse, with its elegant proportions and soft curves. There is no perceptible stretch to the bracelet, and the 18K white gold clasp looks as good as new. The dial features eleven diamond-set hour markers, an applied AP logo at 12 o’clock, and beautifully diamond-set hands. Once again, it nearly brought our photography session to a halt today because Jake completely fell in love with it—and it’s easy to see why. We have freshly serviced the movement, which is running perfectly at +4 s/d, with 255° amplitude and a 0.4 ms beat error. We’ll let Jake’s images do the talking. This beautiful vintage Audemars Piguet looks equally stunning on both men's and women's wrists.",Falco Watches,2026-07-04,False
IWC DA VINCI 18K YELLOW GOLD PERPETUAL CALENDAR CHRONOGRAPH 'RATTRAPANTE',IWC,12995,https://falco-watches.com/products/iwc-da-vinci-18k-yellow-gold-perpetual-calendar-chronograph,https://cdn.shopify.com/s/files/1/0904/9201/0882/files/IWCDAVINCI18KYELLOWGOLDPERPETUALCALENDAR_RATTRAPANTECHRONOGRAPH.jpg?v=1783162648,"THE ESSENTIALS MAKE: IWC MODEL: IW3751 YEAR: c1999 BOX/PAPERS: NO/NO CASE DIAMETER: 39MM CASE MATERIAL: 18K YELLOW GOLD BRACELET MATERIAL: LEATHER MOVEMENT: AUTOMATIC At Falco, one of the questions we’re asked most often is: “What still represents good value in the vintage or neo-vintage world?” While value is inherently subjective, there are certain watches that make such a compelling case that even the most sceptical watch nerds would struggle to argue otherwise. Among the strongest candidates are perpetual calendars from the 1980s and 1990s. For years, watches like the Audemars Piguet Quantième Perpétuel and the Patek Philippe 3940 could be bought for a fraction of the price of their much simpler—and originally much cheaper—stainless steel sports counterparts. In recent years, they have finally begun receiving the attention they deserve, with steadily rising prices to match. Even so, one could argue that at £40–50k, the Patek 3940 still represents exceptional value, particularly when compared to the modern 5327, which costs roughly twice as much. Which makes it all the more remarkable that the three perpetual calendars from IWC that we added to our fleet this week are all priced around—or even below—the price of a modern Rolex ceramic Submariner. The story began with an idea pioneered by the great Kurt Klaus. The legendary IWC watchmaker devised a perpetual calendar system that eliminated the usual cluster of correctors and pushers (often operated with a cocktail stick, as many perpetual calendar owners will know). Instead, his ingenious module could be adjusted entirely via the crown. It automatically accounts for the varying lengths of months and leap years, requiring virtually no manual intervention beyond keeping the watch running. The ref. IW3750 debuted at Baselworld in 1985 and marked the beginning of IWC’s remarkable lineage of perpetual calendar watches, a collection that many credit with helping save the brand during the difficult years of the 1980s. Ten years later, in 1995, the ref. IW3751 Perpetual Calendar Chronograph Rattrapante was introduced, with the split-seconds chronograph mechanism co-developed by Richard Habring. It is a slightly scary thought when you compare the price of a Patek Philippe 5004 with that of an IW3751 today… Regardless, we are simply grateful these watches were made. Production lasted only four or five years before the reference was replaced by the IW3754. The case on this example has been beautifully preserved, sh",Falco Watches,2026-07-04,False
IWC DA VINCI 18K WHITE GOLD 'PERPETUAL CALENDAR 'CHRONOGRAPH',IWC,10495,https://falco-watches.com/products/iwc-da-vinci-18k-white-gold-perpetual-calendar-chronograph,https://cdn.shopify.com/s/files/1/0904/9201/0882/files/IWCDAVINCI18KWHITEGOLD_PERPETUALCALENDAR_CHRONOGRAPH.jpg?v=1783162723,"THE ESSENTIALS MAKE: IWC MODEL: IW3750 YEAR: c1990 BOX/PAPERS: NO/NO CASE DIAMETER: 39MM CASE MATERIAL: 18K WHITE GOLD BRACELET MATERIAL: LEATHER MOVEMENT: AUTOMATIC At Falco, one of the questions we’re asked most often is: “What still represents good value in the vintage or neo-vintage world?” While value is inherently subjective, there are certain watches that make such a compelling case that even the most sceptical watch enthusiasts would struggle to argue otherwise. Among the strongest candidates are perpetual calendars from the 1980s and 1990s. For years, watches like the Audemars Piguet Quantième Perpétuel and the Patek Philippe 3940 could be bought for a fraction of the price of their much simpler—and originally much cheaper—stainless steel sports counterparts. In recent years, they have finally begun receiving the attention they deserve, with steadily rising prices to match. Even so, one could argue that at £40–50k, the Patek 3940 still represents exceptional value, particularly when compared to the modern 5327, which costs roughly twice as much. Which makes it all the more remarkable that we’re able to present the watch you see here. The IWC ref. IW3750 was a continuation of an idea first pioneered by the great Kurt Klaus. The legendary IWC watchmaker devised a perpetual calendar system that eliminated the usual cluster of correctors and pushers (often operated with a cocktail stick, as many perpetual calendar owners will know). Instead, his ingenious module could be adjusted entirely via the crown. It automatically accounts for the varying lengths of months, leap years, and even the four-year leap-year cycle, requiring virtually no manual intervention beyond keeping the watch running. As if that weren’t enough, the IW3750 also features a chronograph, all housed within a 39 mm 18K white gold case measuring under 15 mm thick, including the domed crystal. The IW3750 debuted at Baselworld in 1985 and marked the beginning of IWC’s remarkable lineage of perpetual calendar watches, a collection that many credit with helping save the brand during the difficult years of the 1980s. IWC’s advertising campaign was arguably even bolder than Kurt Klaus’ ingenious design: something unimaginable in today’s world (Easter egg in the last image...) The case has been beautifully preserved on this example, showing only minor marks throughout, while the original white dial remains pristine. All of the tritium lume has aged to a gorgeous creamy hue. Putting this on the",Falco Watches,2026-07-04,False
ROLEX DAY DATE 18039 '18K WHITE GOLD',Rolex,12995,https://falco-watches.com/products/rolex-day-date-18039-18k-white-gold,https://cdn.shopify.com/s/files/1/0904/9201/0882/files/ROLEXDAYDATE18039_18KWHITEGOLD.jpg?v=1783167938,"THE ESSENTIALS MAKE: ROLEX MODEL: 18039 YEAR: 1983 BOX/PAPERS: NO/YES CASE DIAMETER: 36MM CASE MATERIAL: 18K WHITE GOLD BRACELET MATERIAL: LEATHER MOVEMENT: AUTOMATIC We love vintage Day-Dates here at Falco. They are slim, classy, and represent mind-boggling value compared to both vintage sports models and modern Day-Dates. The 180xx series was introduced in the late 1970s and represents the second ""generation"" of the Day-Date line-up. It was fitted with the updated calibre 3055 movement, making it the first-ever Day-Date to feature a quick-set date function. This small yet significant upgrade makes the watch much easier to adjust when it is worn sparingly as part of a collection. The present example, ref. 18039, dates back to 1983 and features an 18K white gold case, produced in much smaller numbers than its yellow gold counterpart. The watch has been enjoyed over the years but has amazingly survived in fantastic condition, showing an unpolished case. The dial, hands, day and date wheels were changed at a service last year at Rolex. The movement came to us in perfect health, running at +3 s/d, with 291° amplitude and a 0.1 ms beat error. The original guarantee papers are still present as well as the booklets. The nfc Rolex service card is also present and has a few months left of factory warranty. A lovely summer watch that's simply gorgeous on the wrist.",Falco Watches,2026-07-04,False
VACHERON CONSTANTIN HISTORIQUES TOLEDO 'PLATINUM',Vacheron Constantin,7995,https://falco-watches.com/products/vacheron-constantin-historiques-toledo-platinum,https://cdn.shopify.com/s/files/1/0904/9201/0882/files/VACHERONCONSTANTINHISTORIQUESTOLEDO_PLATINUM.jpg?v=1783167813,"THE ESSENTIALS MAKE: VACHERON CONSTANTIN MODEL: 31100P YEAR: c1994 BOX/PAPERS: NO/NO CASE DIAMETER: 33.5MM CASE MATERIAL: PLATINUM BRACELET MATERIAL: LEATHER MOVEMENT: MANUAL WIND Often overlooked in the shadow of Patek Philippe and Audemars Piguet’s formidable marketing machines, Vacheron Constantin has long been the quiet sibling of the “Holy Trinity”—and certainly the least talked about. Yet it remains the oldest watchmaker in continuous operation, founded in 1755, with an uninterrupted history spanning over 270 years. It’s easy to see why the brand’s reputation has endured. A self-described blend of tradition and innovation, Vacheron Constantin has produced countless notable references, backed by a wealth of patents and horological firsts. Most recently, the manufacture broke its own record for the most complicated watch ever made: the Berkley Grand Complication, boasting 63 complications (up from its previous record of 57). But, as with all things, sometimes less is more. While Vacheron excels at technical brilliance, it is equally capable of executing refined simplicity. That balance is evident in references such as the ref. 31100 here, better known as the “Toledo.” Though rarely in the spotlight, it exemplifies VC's blend of old-world elegance and playful modernity. The stepped, gently curved case narrows around the crown, creating a distinctive profile that feels both classical and contemporary. The present example is a particularly rare variation in platinum. From our research, only a handful of examples have ever surfaced. The dial features a subtle horizontal wave motif, applied pyramid hour markers, and applied arrow markers at twelve, three, six, and nine. At six o’clock, it bears the Sigma–Swiss–Sigma hallmark, with two Greek sigma symbols flanking the word ""Swiss."" Introduced in the early 1970s by L'Association pour la Promotion Industrielle de l'Or (APRIOR), the Sigma designation indicates the use of solid gold components on the dial, such as the hour markers and hands. Modern enthusiasts may overlook this watch because of its slim profile and modest case size. At 33.5 mm, it is small by contemporary standards, but we challenge even those with larger wrists to try on the 31100, where it nestles into the wrist rather than perching on top. In this instance, bigger is not always better. The watch is powered by the manual-wind calibre 1132.1, recently serviced and running at +3 s/d, with 255° amplitude and a 0.3 ms beat error. It comes with its",Falco Watches,2026-07-04,False
ROLEX EXPLORER II 16550 'SATIN CHICCHI DI MAIS',Rolex,8995,https://falco-watches.com/products/rolex-explorer-ii-16550-satin-chicchi-di-mais-2,https://cdn.shopify.com/s/files/1/0904/9201/0882/files/09_01_25_HERO_EXPORT15_8213ca84-c320-4d01-9502-b1d1bad315a5.jpg?v=1768040389,"THE ESSENTIALS MAKE: ROLEX MODEL: 16550 YEAR: 1987 BOX/PAPERS: NO /NO CASE DIAMETER: 40MM CASE MATERIAL: STAINLESS STEEL BRACELET MATERIAL: STAINLESS STEEL MOVEMENT: AUTOMATIC As far as “transitional” Rolex references go, the Explorer II 16550 is among the most interesting and desirable. Following the commercial obscurity of the ref. 1655 “Steve McQueen” (hard to imagine today), the 16550 was introduced with a new movement featuring a quick-set date, hacking seconds, and the novel addition of an independently adjustable GMT hand. Despite its short four-year production run, the 16550 went through several dial variations. Early examples featured white-gold surrounds (WGS) on the hour markers, while later ones switched to black surrounds. By far the most desirable are the “cream dial” versions. Owing to a manufacturing imperfection, the dials on certain 16550s aged to a strikingly creamy tone—seen most often on WGS examples. What we have here, however, is something of an anomaly. At first glance, the watch displays the lovely creamy tritium markers and hands that collectors prize on the 16550. But look closer, and you’ll notice the dial itself has remained pure white with no colour shift at all. Instead, it presents a satin-like finish, seemingly lacking the usual top layer of lacquer. Only a handful of examples are known to exist, and while information remains scarce, it does not stop us from appreciating the quirky variations within this reference. This example is in beautiful condition. The original wide-font bezel (which gives the watch a noticeably different look from the later 16570s), the case, and the bracelet are all well preserved. While the case has been polished in the past, it was done with great sympathy, and the crown guards remain especially strong. Mechanically, the movement is running perfectly at +3 seconds per day, 300 amplitude, with a 0.1 ms beat error. All the vintage coolness you could want—for less than the price of a modern Submariner.",Falco Watches,2026-07-04,False
ROLEX OYSTERQUARTZ DAY-DATE 19018 'CHAMPAGNE DIAL' FULL SET,Rolex,16495,https://falco-watches.com/products/rolex-oysterquartz-day-date-19018-champagne-dial-full-set,https://cdn.shopify.com/s/files/1/0904/9201/0882/files/ROLEXOYSTERQUARTZDAY-DATE19018_CHAMPAGNEDIAL_FULLSET_cf351e0f-0501-4afc-853b-abea3793d1b4.jpg?v=1783163793,"THE ESSENTIALS MAKE: ROLEX MODEL: 19018 YEAR: 1986 BOX/PAPERS: YES/YES CASE DIAMETER: 36MM CASE MATERIAL: 18K YELLOW GOLD BRACELET MATERIAL: 18K YELLOW GOLD MOVEMENT: QUARTZ The Day-Date is Rolex’s flagship model, and arguably rivals the Submariner as the brand’s most iconic watch. Worn by movie stars, royalty, and heads of state, its design has stood the test of time. The present example, however, is not your typical 36 mm Day-Date with a President bracelet. The ref. 19018 Oysterquartz Day-Date features an integrated 18K bracelet design and is arguably the most distinctive model in the history of the Day-Date line. The Oysterquartz Day-Date was first introduced in 1977 as Rolex’s response to the Quartz Crisis, alongside similar efforts by other leading Swiss watch manufacturers. Although it remained in the Rolex catalogue until around 2003, it was produced in significantly lower numbers than its automatic counterparts, partly because it actually cost more when new (£7,575 in 1986)... The Genta-esque integrated bracelet design remains a unicorn in Rolex’s history. We know that, in the world of vintage Day-Date collecting, condition is paramount. That is even more true for Oysterquartz Day-Dates, given their sharp bezels, polished centre links, and angular case design. Fortunately, the present example, dating to 1986, has led a very easy life. The champagne dial is flawless, with matching day and date wheels and beautifully aged creamy tritium lume plots. The case is equally impressive, with virtually no perceptible stretch to the bracelet. Rolex fitted a new battery in late 2024, at which time the watch also received a light polish. The watch comes complete with its original boxes, wallet, brochures, and original guarantee. Oysterquartz Day-Dates are, in our opinion, among the most undervalued watches in vintage Rolex—and this is as fine an example as any.",Falco Watches,2026-07-04,False
HEUER CARRERA 73655CH 'SECOND EXECUTION',Heuer,3850,https://falco-watches.com/products/heuer-carrera-73655ch-second-execution-1,https://cdn.shopify.com/s/files/1/0904/9201/0882/files/HEUERCARRERA73655CH_SECONDEXECUTION_dd12c419-6320-440a-8d14-94b0f472405c.jpg?v=1783165065,"THE ESSENTIALS MAKE: HEUER MODEL: 73655CH YEAR: 1970 BOX/PAPERS: NO /NO CASE DIAMETER: 39MM CASE MATERIAL: STAINLESS STEEL / 18K GOLD PLATED BRACELET MATERIAL: LEATHER MOVEMENT: MANUAL The year 1963 saw the birth of two of the most iconic sports chronographs: the Rolex Daytona and the Heuer Carrera. Unlike Rolex, known for its slow-and-steady design evolution (a 6265 from 1988 and a 6239 from 1963 are fundamentally the same watch), Heuer produced many more variations of the Carrera, each with its own distinct character. Interestingly, Heuer placed greater emphasis on legibility and functionality when refining the Carrera, while Rolex focused on improving the Daytona’s robustness and water resistance. The present example is a ref. 73655CH, a ""second execution"" Carrera featuring a three-register layout housed in the iconic C-shaped case. It boasts a wonderfully warm 18K gold-plated stainless steel case paired with a matching monochromatic champagne dial. The watch has survived in incredible condition: there is no chipping to the gold plating, the dial remains flawless, and all of the tritium lume plots are intact, having aged to a rich, creamy hue. The watch was serviced within the past year and is running impeccably at +4 s/d, with 275° amplitude and a 0.2 ms beat error. It comes fitted with a pair of racing straps. There’s something wonderfully nostalgic about this watch—it looks absolutely stunning on the wrist.",Falco Watches,2026-07-04,False
AUDEMARS PIGUET JULES AUDEMARS 14894BA 'ULTRA THIN' 18K YELLOW GOLD,Audemars Piguet,5650,https://falco-watches.com/products/audemars-piguet-14894ba-ultra-thin,https://cdn.shopify.com/s/files/1/0904/9201/0882/files/AUDEMARSPIGUETJULESAUDEMARS14894BA_ULTRATHIN_18KYELLOWGOLD.jpg?v=1783164718,"THE ESSENTIALS MAKE: AUDEMARS PIGUET MODEL: 14894BA YEAR: c1995 BOX/PAPERS: NO /NO CASE DIAMETER: 34MM CASE MATERIAL: 18K YELLOW GOLD BRACELET MATERIAL: LEATHER MOVEMENT: MANUAL WIND The Jules Audemars collection was launched by Audemars Piguet in the 1990s, alongside the Edward Piguet collection, both named after the brand’s co-founders. The line featured round watches with a focus on timeless, elegant design and exceptional finishing, perhaps as a way to introduce greater variety to the brand amid the growing dominance of the Royal Oak. Nearly three decades later, the popularity of the Royal Oak has only continued to rise, while many of AP’s dressier offerings from the 1990s and early 2000s have fallen into relative obscurity. Whether this is simply a result of the sports-watch boom of the past decade is open to debate, but the unexpected outcome is that some truly wonderful watches from this era can still be acquired at remarkably reasonable prices. The ref. 14894 shown here is a prime example that a beautiful precious metal watch from a Holy Trinity brand does not need to cost tens of thousands of pounds. The 34 mm 18K yellow gold case measures just 5 mm thick, thanks to the ultra-thin manual-wind calibre 2080 movement. The watch has survived in wonderful condition over its lifetime, showing only minor marks to the case and no imperfections on the simple white dial. There are extensive oxidation on the caseback which we love to see on vintage gold watches. The inside of the caseback is equally beautifully decorated. Our friends at The Strap Tailor kindly custom-made these alligator straps for us, and the original 18K yellow gold Audemars Piguet buckle is still present. The movement arrived in excellent health and is currently running at +2 s/day, with 275° amplitude and a 0.3 ms beat error. Here at Falco, we are loving the comeback of dress watches. A wonderful summer watch that's incredibly cool on the wrist.",Falco Watches,2026-07-04,False
OMEGA SPEEDMASTER PROFESSIONAL MOONWATCH 'WHITE DIAL' UNWORN,Omega,6250,https://falco-watches.com/products/omega-speedmaster-professional-moonwatch-white-dial,https://cdn.shopify.com/s/files/1/0904/9201/0882/files/OMEGASPEEDMASTERPROFESSIONALMOONWATCH_WHITEDIAL.jpg?v=1782813931,"THE ESSENTIALS MAKE: OMEGA MODEL: 310.32.42.50.04.001 YEAR: 2025 BOX/PAPERS: YES/YES CASE DIAMETER: 42MM CASE MATERIAL: STAINLESS STEEL BRACELET MATERIAL: STAINLESS STEEL MOVEMENT: MANUAL WIND This model of Speedmaster was released in early 2024 and came as a breath of fresh air. Omega have not made many white dial Speedmasters over the years, especially not non limited models. This came with either the steel bracelet or rubber strap with deployment. This example dates to 2025 and comes complete with all of its original boxes and paperwork. The watch is, of course, still under Omega warranty and in unworn condition. The previous owner is easily one of the coolest friends of ours—the full story is available free of charge at the Falco showroom.",Falco Watches,2026-07-03,False
OMEGA SPEEDMASTER 'FIRST OMEGA IN SPACE' FULL SET,Omega,4995,https://falco-watches.com/products/omega-speedmaster-first-omega-in-space-2,https://cdn.shopify.com/s/files/1/0904/9201/0882/files/OMEGASPEEDMASTER_FIRSTOMEGAINSPACE_FULLSET.jpg?v=1782813902,"THE ESSENTIALS MAKE: OMEGA MODEL: 311.32.40.30.01.001 YEAR: 2021 BOX/PAPERS: YES /YES CASE DIAMETER: 39.5 mm CASE MATERIAL: STAINLESS STEEL BRACELET MATERIAL: LEATHER MOVEMENT: MANUAL WIND Here at Falco, we all remember when the Omega “First Omega in Space” was released in 2012 — a somewhat faithful homage to the CK2998. With its 39.5 mm case, it was one of the few modern Speedmasters at the time to wear similarly to the earlier straight-lug, Cal. 321-powered vintage models. Some 15 years later (time flies!), the FOIS remains one of our favourite modern Omegas and represents fantastic value, especially when compared to the retail prices of the latest-generation Speedmasters. The movement is running at +2 s/d, 310 amplitude, with zero beat error. A superb everyday watch that comes as a full set.",Falco Watches,2026-07-03,False
CARTIER TANK AMÉRICAINE '18K YELLOW GOLD' AUTOMATIC,Cartier,6850,https://falco-watches.com/products/cartier-tank-americaine-18k-yellow-gold,https://cdn.shopify.com/s/files/1/0904/9201/0882/files/CARTIERTANKAMERICAINE_18KYELLOWGOLD.jpg?v=1782813585,"THE ESSENTIALS MAKE: CARTIER MODEL: 8172984 YEAR: c1995 BOX/PAPERS: NO /YES(SERVICE) CASE DIAMETER: 24 x 41 MM CASE MATERIAL: 18K YELLOW GOLD BRACELET MATERIAL: LEATHER MOVEMENT: AUTOMATIC In 1904, Louis Cartier designed a watch for his friend, the Brazilian aviator Alberto Santos-Dumont, who needed a hands-free way to tell the time while flying. The result, the Cartier Santos, became the first purpose-built men's wristwatch and was made commercially available a few years later, in 1911. In 1917, the Cartier Tank was born, directly inspired by the French Renault FT-17 tank used during the First World War. More than a century later, Cartier is the world's second-largest watch brand by revenue, sitting just behind Rolex, and the Tank family has become one of the most iconic watch designs ever created, with countless variations introduced over the years. Among these, the Tank Américaine is a relatively young member of the family, having been introduced in 1989 to celebrate the 80th anniversary of Cartier's New York branch. Early Tank Américaines were fitted predominantly with quartz movements, a reflection of the era when much of the Swiss watch industry was still recovering from the Quartz Crisis. Its design draws clear inspiration from the Tank Cintrée (Tommy's personal favourite Cartier), but with a more contemporary case that is slightly shorter, thicker, and less dramatically curved. Like the Cintrée, however, the curved case wears beautifully on almost any wrist. The present example is one of the rarer automatic models, whereas most Tank Américaines from the period were fitted with either quartz or manual-winding movements. The mid-size case measures 24 × 41 mm and is crafted entirely in 18K yellow gold. The dial is unmistakably Cartier, featuring printed Roman numerals, a date window at 6 o'clock, the understated Cartier signature, and the beautiful sapphire cabochon crown. The watch has been beautifully preserved over the years and benefited from a Cartier service in early 2025, during which it was fitted a new Cartier strap. The original 18k yellow gold deployant clasp is present. The movement is running beautifully at +2 s/d, with 310° amplitude and a 0.0 ms beat error. A fantastic neo-vintage Cartier that we are proud to present.",Falco Watches,2026-07-02,False
LONGINES CONQUEST 18K ROSE GOLD 'EMIR OF KUWAIT',Longines,4650,https://falco-watches.com/products/longines-conquest-18k-rose-gold-emir-of-kuwait,https://cdn.shopify.com/s/files/1/0904/9201/0882/files/LONGINESCONQUEST18KROSEGOLD_EMIROFKUWAIT_1.jpg?v=1782813777,"THE ESSENTIALS MAKE: LONGINES MODEL: 9025 YEAR: 1961 BOX/PAPERS: YES/YES(ARCHIVE) CASE DIAMETER: 35MM CASE MATERIAL: 18K ROSE GOLD BRACELET MATERIAL: LEATHER MOVEMENT: AUTOMATIC Here at Falco, we’re fortunate to handle a wide array of vintage watches on a daily basis. But every so often, something comes through the door that truly makes us stop and just go, wow . Longines was founded in 1832 in Saint-Imier, Switzerland, and is one of the oldest watch brands still in continuous operation. During the early to mid-twentieth century, Longines was one of the leading manufacturers of precision timepieces, particularly renowned for its chronographs. These watches were also among the very first to be catalogued, studied, and collected when vintage watch collecting began to emerge as a hobby, helped in no small part by Longines’ remarkably detailed archive of serial numbers and production records spanning well over a century. Longines introduced the Conquest line in 1954 as its flagship collection—and, incidentally, it was the first watch line to have its name officially protected by the Federal Intellectual Property Office in Bern. The original ref. 9001 showcased the brand’s latest innovations at the time: an in-house automatic movement and a water-resistant case. It also featured a stunning champlevé enamel medallion inlaid into the caseback, an element that would become the signature of the Conquest line. In the 1960s, Longines introduced several variations of the Conquest Deluxe, crafted in precious metals and aimed at clients who wanted to make a statement. The present example is a rare variation in 18K rose gold, dating to 1961. It’s hard to believe the watch has just celebrated its 64th birthday: the case has only been lightly polished in the past and retains most of its original chamfers. The star of the show, however, is the rose gold ""pie-pan"" dial, featuring applied baton hour markers, an applied three-dimensional chapter ring with beautifully polished facets, and a date window at 12 o’clock with a matching rose gold date wheel. What sets this example even further apart is that it was commissioned for and delivered to Sheikh Abdullah Al-Sabah, the Emir of Kuwait at the time. The Longines signature and logo, which would normally sit at 12 o’clock, have been relocated to the 6 o’clock position, while an applied signature of Sheikh Abdullah Al-Sabah occupies the 12 o’clock position. According to the Longines archives, the watch was delivered to Behbehani, ",Falco Watches,2026-07-02,False
DOXA SUB 300T 'SYNCHRON',Doxa,3750,https://falco-watches.com/products/doxa-sub-300t-synchron,https://cdn.shopify.com/s/files/1/0904/9201/0882/files/DOXASUB300T.jpg?v=1782813725,"THE ESSENTIALS MAKE: DOXA MODEL: 300T YEAR: c1970 BOX/PAPERS: NO/NO CASE DIAMETER: 42.5MM CASE MATERIAL: STAINLESS STEEL BRACELET MATERIAL: STAINLESS STEEL MOVEMENT: AUTOMATIC Originally founded in 1889 by Georges Ducommun in Le Locle, Doxa began as a traditional Swiss watchmaker. However, it was in the mid-twentieth century that the brand truly made its mark in the world of dive watches. Among dive watch enthusiasts, Doxa is widely recognised as a true innovator in purpose-built underwater tools. The tonneau-shaped SUB 300 and SUB 300T not only featured bold, forward-thinking designs but also introduced technical innovations such as the helium escape valve and the unidirectional bezel, features later adopted by industry giants such as Rolex and Omega. Like many other brands, Doxa was hit hard by the Quartz Crisis. The SUB 300T, introduced in 1968, was discontinued just a few years later in the mid-1970s, leaving relatively few original examples in circulation today. Thankfully, the brand has enjoyed a revival in recent years, with a series of well-received reissues that have reignited interest in these historically significant watches. The present example features the most recognisable iteration of the original SUB 300T, with its bright orange dial: a colour chosen following extensive underwater visibility testing. The case proudly carries the character it has earned over the years, while the tritium dial remains spotless. We have paired the watch with a period lobster-style bracelet, although it looks equally at home on a beads-of-rice bracelet or a NATO. The movement has been freshly serviced and is running at +4 s/d, with 290° amplitude and a 0.3 ms beat error. The watch has also passed a 5-bar pressure test. There are few vintage dive watches that combine historical importance, technical innovation, rarity, and outright awesomeness quite like the SUB 300T. Such a formidable watch.",Falco Watches,2026-06-30,False
LAURENT FERRIER SPORTS AUTO BLUE LCF040 COMPLETE SET,Laurent Ferrier,45450,https://falco-watches.com/products/laurent-ferrier-sports-auto-blue-lcf040-complete-set,https://cdn.shopify.com/s/files/1/0904/9201/0882/files/LAURENTFERRIERSPORTSAUTOBLUELCF040COMPLETESET.jpg?v=1782754049,"THE ESSENTIALS MAKE: LAURENT FERRIER MODEL: LCF040 YEAR: 2023 BOX/PAPERS: YES/YES CASE DIAMETER: 41.5MM CASE MATERIAL: TITANIUM BRACELET MATERIAL: TITANIUM MOVEMENT: AUTOMATIC Despite being (primarily) a vintage watch seller, and having a small wrist that makes most modern sports watches look ridiculous, I must admit I've absolutely fallen in love with the Laurent Ferrier Sport Auto. I have vivid memories of Laurent Ferrier introducing the model back in 2022, shortly after my brief encounter with him at Antoine de Macedo in Paris. At the time, I knew Laurent Ferrier as the master watchmaker who had spent nearly 40 years at Patek Philippe before founding his eponymous brand, focusing on beautifully made, exquisitely finished dress watches. The story behind the Sport Auto, however, goes beyond his tenure at Patek and extends to his other identity: that of a racing driver. In June 1979, Laurent Ferrier and François Servanin (who would later become the co-founder and chairman of Laurent Ferrier) finished third overall at the 24 Hours of Le Mans, behind another familiar name—Paul Newman. That achievement became the inspiration behind the Sport Auto: Laurent Ferrier's first integrated-bracelet sports watch, crafted entirely from Grade 5 titanium and powered by the LF270.01, only the second automatic calibre ever produced by the manufacture. The 41.5 mm case wears surprisingly well, even on my 16.5 cm wrist, thanks to its relatively short lug-to-lug distance and arguably the most comfortable bracelet I've ever worn. The star of the show, however, is the opaline dial, which displays mesmerising shades of blue depending on the light. The hands and indices are filled with Super-LumiNova, while the sapphire caseback reveals the calibre LF270.01, whose finishing requires 139 separate manual operations. If you're thinking this is another homage to the Patek Philippe Nautilus—you're not entirely wrong. Laurent Ferrier himself worked on the original Nautilus alongside Gérald Genta, translating Genta's two-dimensional sketches into a manufacturable case. It was also a Nautilus that Laurent Ferrier gifted François Servanin, planting the seed that would eventually grow into their own brand some thirty years later. This example has survived in amazing condition, with no visible marks on the case. It comes complete with its original boxes and paperwork. If you're here, you already know what you're looking at. Simply amazing.",Falco Watches,2026-06-30,False
PATEK PHILIPPE ANNUAL CALENDAR 5350R 'ADVANCED RESEARCH',Patek Philippe,54995,https://falco-watches.com/products/patek-philippe-annual-calendar-advanced-research-1-300-18k-rose-gold,https://cdn.shopify.com/s/files/1/0904/9201/0882/files/PATEKPHILIPPEANNUALCALENDAR5350-001_ADVANCEDRESEARCH.jpg?v=1782813962,"THE ESSENTIALS MAKE: PATEK PHILIPPE MODEL: 5350R-001 YEAR: 2007 BOX/PAPERS: YES/YES CASE DIAMETER: 39MM CASE MATERIAL: 18K ROSE GOLD BRACELET MATERIAL: LEATHER MOVEMENT: AUTOMATIC In 2005, Patek Philippe launched the “Advanced Research” programme, with a simple concept in mind: “To show the world all the watchmaking knowledge and mastery of Patek Philippe,” as eloquently described by the late Thierry Stern. In a world where genuine technical progress in mechanical watchmaking had become increasingly rare, the programme aimed to develop innovations that truly added value to the quality, precision, and reliability of mechanical watches. The beginning of the Advanced Research programme is inextricably linked to Silinvar: a patented material based on monocrystalline silicon, developed through a consortium between Patek Philippe, Rolex, the Swatch Group, and the Swiss Centre for Electronics and Microtechnology (CSEM). The result was a material that is significantly lighter than steel, stable across a wide temperature range, non-magnetic, and requires no lubrication. Silinvar first made its way into the debut Advanced Research Patek, the ref. 5250 Annual Calendar, in 2005. A year later, the present ref. 5350R was introduced as a limited edition of just 300 pieces. The ref. 5350R featured the Spiromax balance spring, manufactured from Silinvar, whose intrinsic elasticity remains remarkably consistent across a much wider temperature range than traditional alloys. Equally ingenious was the patented ""Patek Philippe terminal curve"": a thicker section towards the outer end of the hairspring that compensates for the imbalance created as the spring expands and contracts around its centre of gravity. Fast forward twenty years, and Spiromax has arguably become the most important innovation to emerge from the Advanced Research programme, finding its way into the vast majority of modern Patek Philippe movements. It all began with this watch: the 5350R. The blueprint came from its cousin, the ref. 5146, introduced a year or two earlier. It features a 39 mm 18K rose gold case measuring just 11 mm thick. Inside beats the automatic calibre 324 S IRM QA LU, beautifully displayed through the sapphire caseback. A magnified section of the crystal allows the owner to admire the Spiromax hairspring in operation. The silver-grey dial is finished with applied gold hour markers, distinctive Explorer-style 3, 6, and 9 numerals, subdials displaying the day, month, and moon phase, and a da",Falco Watches,2026-06-30,False
CZAPEK ANTARCTIQUE 'RATTRAPANTE' SKELETON ONE OF 77,Czapek,34995,https://falco-watches.com/products/czapek-antarctique-rattrapante,https://cdn.shopify.com/s/files/1/0904/9201/0882/files/CZAPEKANTARCTIQUERATTRAPANTESKELETON.jpg?v=1782813697,"THE ESSENTIALS MAKE: CZAPEK MODEL: RATTRAPANTE YEAR: 2022 BOX/PAPERS: YES/YES CASE DIAMETER: 42.5 MM CASE MATERIAL: STAINLESS STEEL BRACELET MATERIAL: STAINLESS STEEL MOVEMENT: AUTOMATIC The year was 2020. We had just entered the first Covid lockdown here in the UK, the world stopped, and we were all trying to figure out if this would pass in a few weeks or if we were actually approaching doomsday. An unexpected side-effect for watch enthusiasts, however, is that all of a sudden we had even more time to browse / shop for watches. Along with the crypto-craze, we witnessed a rush in the watch market that we'd almost never seen before. Amongst the watches that caught fire, integrated bracelet steel sports watches (IBSSW for ease…) undoubtedly took the crown: the prices of Patek Philippe Nautilus, Audemars Piguet Royal Oak, and Vacheron Constantin Overseas were going up by the second. However, the coolest IBSSW from the year is arguably from a brand that had not existed for over 100 years and only just revived a few years prior: Czapek & Cie. The history of Czapek dates back to the 1830s, involving a Czech-born Polish master watchmaker, François Czapek, and a fellow Pole, Antoine Norbert de Patek, who later went his own way and founded a brand you might have heard of. However, sadly, Czapek's history abruptly stopped just 30-40 years later, until 2011/12, when Harry Guhl purchased the name and revived the brand through crowdfunding. Its first offerings revolved around dress watches with impressive power reserves. So it came as quite the surprise when the brand released the Antarctique Terre Adélie in 2020, a limited production IBSSW featuring an in-house micro-rotor movement calibre SXH5 and gorgeously decorated lamé dials. Shortly after, the Antarctique Passage de Drake collection was introduced, this time featuring a unique three-dimensional trapezoid motif dial. Czapek did not stop there: following their entry to the official Only Watch auction in 2021, the brand released the Antarctique Rattrapante, a skeletonised monopusher split-seconds chronograph IBSSW. It features a 42.5mm case with sapphire crystal front and back, proudly showing off the calibre SXH6 movement, developed in collaboration with Chronode and featuring the patented satellite minute train, split-seconds clamp, and a recycled rose gold rotor signed Czapek & Cie. The watch has real presence on the wrist, and we'd recommend a wrist size of 16.5–17cm or above if you'd like to wear this. But if",Falco Watches,2026-06-30,False
CZAPEK ANTARCTIQUE PASSAGE DE DRAKE 'ROARING FORTIES' ONE OF 40,Czapek,15495,https://falco-watches.com/products/czapek-antarctique-passage-de-drake-roaring-forties-1-40,https://cdn.shopify.com/s/files/1/0904/9201/0882/files/CZAPEKANTARCTIQUEPASSAGEDEDRAKE_ROARINGFORTIES_1_40.jpg?v=1782813670,"THE ESSENTIALS MAKE: CZAPEK MODEL: ROARING FORTIES YEAR: 2021 BOX/PAPERS: YES/YES CASE DIAMETER: 40.5 MM CASE MATERIAL: STAINLESS STEEL BRACELET MATERIAL: STAINLESS STEEL MOVEMENT: AUTOMATIC The year was 2020. We had just entered the first Covid lockdown here in the UK, the world stopped, and we were all trying to figure out if this would pass in a few weeks or if we were actually approaching doomsday. An unexpected side-effect for watch enthusiasts, however, is that all of a sudden we had even more time to browse / shop for watches. Along with the crypto-craze, we witnessed a rush in the watch market that we'd almost never seen before. Amongst the watches that caught fire, integrated bracelet steel sports watches (IBSSW for ease…) undoubtedly took the crown: the prices of Patek Philippe Nautilus, Audemars Piguet Royal Oak, and Vacheron Constantin Overseas were going up by the second. However, the coolest IBSSW from the year is arguably from a brand that had not existed for over 100 years and only just revived a few years prior: Czapek & Cie. The history of Czapek dates back to the 1830s, involving a Czech-born Polish master watchmaker, François Czapek, and a fellow Pole, Antoine Norbert de Patek, who later went his own way and founded a brand you might have heard of. However, sadly, Czapek's history abruptly stopped just 30-40 years later, until 2011/12, when Harry Guhl purchased the name and revived the brand through crowdfunding. Its first offerings revolved around dress watches with impressive power reserves. So it came as quite the surprise when the brand released the Antarctique Terre Adélie in 2020, a limited production IBSSW featuring an in-house micro-rotor movement calibre SXH5 and gorgeously decorated lamé dials. Shortly after, the Antarctique Passage de Drake collection was introduced: this time featuring unique trapezoid motif ""stairways to heaven"" dials which took so long for the brand to perfect that, although it was originally the first iteration design, Czapek had to use the ready-to-go lamé dials for the debut. This example, named ""roaring forties"", was a part of a limited edition of 40 pieces featuring a mesmerising grey dial, housed within the signature 40.5mm integrated bracelet case with the original double ""trompe l'oeil"" curve. The three-dimensional dial plays with light beautifully and is gorgeous in person. The watch is amazingly comfortable on the wrist, and the dial provides all the distraction one needs between zoom calls. This",Falco Watches,2026-06-30,False
CZAPEK ANTARCTIQUE PASSAGE DE DRAKE 'GLACIER BLUE',Czapek,15495,https://falco-watches.com/products/czapek-antarctique-passage-de-drake-glacier-blue,https://cdn.shopify.com/s/files/1/0904/9201/0882/files/CZAPEKANTARCTIQUEPASSAGEDEDRAKE_GLACIERBLUE.jpg?v=1782813634,"THE ESSENTIALS MAKE: CZAPEK MODEL: GLACIER BLUE YEAR: 2022 BOX/PAPERS: YES/YES CASE DIAMETER: 40.5 MM CASE MATERIAL: STAINLESS STEEL BRACELET MATERIAL: STAINLESS STEEL MOVEMENT: AUTOMATIC The year was 2020. We had just entered the first Covid lockdown here in the UK, the world stopped, and we were all trying to figure out if this would pass in a few weeks or if we were actually approaching doomsday. An unexpected side-effect for watch enthusiasts, however, is that all of a sudden we had even more time to browse / shop for watches. Along with the crypto-craze, we witnessed a rush in the watch market that we'd almost never seen before. Amongst the watches that caught fire, integrated bracelet steel sports watches (IBSSW for ease…) undoubtedly took the crown: the prices of Patek Philippe Nautilus, Audemars Piguet Royal Oak, and Vacheron Constantin Overseas were going up by the second. However, the coolest IBSSW from the year is arguably from a brand that had not existed for over 100 years and only just revived a few years prior: Czapek & Cie. The history of Czapek dates back to the 1830s, involving a Czech-born Polish master watchmaker, François Czapek, and a fellow Pole, Antoine Norbert de Patek, who later went his own way and founded a brand you might have heard of. However, sadly, Czapek's history abruptly stopped just 30-40 years later, until 2011/12, when Harry Guhl purchased the name and revived the brand through crowdfunding. Its first offerings revolved around dress watches with impressive power reserves. So it came as quite the surprise when the brand released the Antarctique Terre Adélie in 2020, a limited production IBSSW featuring an in-house micro-rotor movement calibre SXH5 and gorgeously decorated lamé dials. Shortly after, the Antarctique Passage de Drake collection was introduced: this time featuring unique trapezoid motif dials which took so long for the brand to perfect that, although it was originally the first iteration design, Czapek had to use the ready-to-go lamé dials for the debut. This example features the (arguably most popular) Glacier Blue dial, housed within a 40.5mm integrated bracelet case with the original double ""trompe l'oeil"" curve. The three-dimensional dial plays with light beautifully and is gorgeous in person. The watch is amazingly comfortable on the wrist, and the dial provides all the distraction one needs between zoom calls. This example came from 2022, and comes complete with all of its original boxes and paperwor",Falco Watches,2026-06-30,False
ROLEX SUBMARINER DATE 168000 'STARDUST' TRIPLE ZERO,Rolex,8750,https://falco-watches.com/products/rolex-submariner-date-168000,https://cdn.shopify.com/s/files/1/0904/9201/0882/files/ROLEXSUBMARINERDATE168000_STARDUST.jpg?v=1782745726,"THE ESSENTIALS MAKE: ROLEX MODEL: 168000 YEAR: 1987 BOX/PAPERS: NO/NO CASE DIAMETER: 40MM CASE MATERIAL: STAINLESS STEEL BRACELET MATERIAL: STAINLESS STEEL MOVEMENT: AUTOMATIC The Rolex Submariner 168000 is somewhat of an enigma: it’s a watch that most enthusiasts only stumble upon after years of collecting. The reference was quietly released in 1987 and was, when new, visually identical to the ref. 16800, which remained in production at the time. The only distinguishing feature was that the 168000 was made from 904L steel, offering greater corrosion resistance than its predecessor. After only nine months of production, Rolex introduced yet another new reference, the 16610, featuring an upgraded movement. The 168000 was then quietly retired. Rolex would not use another six-digit reference for more than a decade, making this the first ""six-digit Rolex"" by over twelve years. The transitional Rolex models of the mid-1980s are some of our favourites. During this period, the brand reworked much of its line-up and experimented with new dial manufacturing techniques and materials. Some of these were technically ""imperfect"", yet resulted in wonderfully unique and beautiful characteristics, such as the ""cream dial"" 16550, the ""tropical"" 16760, and this, the ""stardust"" 168000. Over the past four decades, the top lacquer on the dial has aged to create a mesmerising star-like pattern. The tritium lume on the markers and hands has aged to a gentle creamy hue. The case has been lightly polished in the past and retains thick lugs and strong crown guards. The original full-link 93150 bracelet has just been re-pinned by Michael Young and is now in as-new condition. The clasp is a Rolex service replacement from 1999. The movement has recently been serviced and is running superbly at +2 s/day, with 288° amplitude and a 0.1 ms beat error. With vintage and neo-vintage Rolex, the beauty is all in the details—and this is certainly one of the coolest pieces to come through the doors of Falco in recent months.",Falco Watches,2026-06-29,False
HEUER CARRERA 2447SN,Heuer,20495,https://falco-watches.com/products/heuer-carrera-2447sn-1,https://cdn.shopify.com/s/files/1/0904/9201/0882/files/HEUERCARRERA2447SN.jpg?v=1782745099,"THE ESSENTIALS MAKE: HEUER MODEL: 2447SN YEAR: 1969 BOX/PAPERS: YES /NO CASE DIAMETER: 36MM CASE MATERIAL: STAINLESS STEEL BRACELET MATERIAL: LEATHER MOVEMENT: MANUAL WIND As far as sports chronographs go, few would argue that the Heuer Carrera sits alongside the Rolex Daytona and Omega Speedmaster as one of the most iconic. Born in 1963, the original Carrera reference 2447 featured a 36 mm case and a three-subdial layout powered by the Valjoux 72 movement: elements it shared with the Daytona, which debuted the same year. More than six decades later, the 2447 has become one of the most collectible vintage Heuers. This comes as no surprise: the dial design is simple, sleek, and perfectly symmetrical. In fact, the 2447 has always been a strong contender for the most visually pleasing chronograph ever made. Despite its relatively short production run, many dial variations were fitted to the 2447. The present example, ref. 2447SN, features one of the rarest and most desirable versions: the ""panda"" dial, with a silver-white dial and black subdials. Often regarded as the holy grail of Carrera 2447s, there is something about the contrasting colours and perfectly symmetrical ""noir""(N) subdials on the ""standard""(S, which is silver/white in Heuer terms) dial that feels effortlessly balanced and visually captivating. The watch has survived in outstanding condition. The case has only been very lightly polished in the past, and the iconic angled lugs remain wonderfully sharp. All of the dial printing remains crisp and retains its original colours. The original tritium lume on both the dial and hands is intact and has aged to a rich creamy hue. Inside, the Valjoux 72 movement has been freshly serviced and is running at +3 s/d, with 281° amplitude and a 0.1 ms beat error. Fewer than 40 examples of the 2447sn have been documented to date. One of the true grails in all of vintage watches.",Falco Watches,2026-06-29,False
ROLEX EXPLORER II 1655 'STEVE MCQUEEN' MK4 FULL SET,Rolex,20995,https://falco-watches.com/products/rolex-explorer-ii-1655-steve-mcqueen-mk4,https://cdn.shopify.com/s/files/1/0904/9201/0882/files/ROLEXEXPLORERII1655_STEVEMCQUEEN_MK4.jpg?v=1773943677,"THE ESSENTIALS MAKE: ROLEX MODEL: 1655 YEAR: 1978 BOX/PAPERS: YES/YES CASE DIAMETER: 39mm CASE MATERIAL: STAINLESS STEEL BRACELET MATERIAL: STAINLESS STEEL MOVEMENT: AUTOMATIC The Explorer 1655 was designed with a very specific audience in mind: cave explorers who, when working underground for extended periods in darkness, could easily lose their sense of time, particularly whether it was day or night. The introduction of a fixed 24-hour bezel and a large luminous 24-hour hand addressed this niche need. Combined with a rugged case, it became the perfect companion for adventurous pursuits. However, much like the Paul Newman Daytonas with exotic dials, the 1655 wasn’t particularly popular at the time among retail customers. Most watches then were elegant and simple, whereas this model was often described as “cluttered” and “illegible” by both collectors and writers. Fifty years later, the story has changed completely, and the 1655 has become one of the most sought-after vintage Rolex models. Curiously, the watch carries the nickname “Steve McQueen” because he was depicted wearing the 1655 in various advertisements, although he never actually wore one; he was more often seen with a 5512 Submariner. Fast-forward to today, and the model has gained significant traction among Rolex collectors and vintage enthusiasts. The 1655 is becoming increasingly difficult to source, both for the reasons above and because many were used as intended. Finding complete and original examples in great condition is no easy task. This particular piece dates to 1978 and features a Mk4 dial and Mk3 bezel, perfectly aligned with its serial. The original 78360/580 Oyster bracelet, stamped VC for 1978, is one link short. The case has been polished, but the lugs remain nice and full. The tritium markers and hands have aged to a lovely medium cream tone. The watch comes complete with its inner and outer boxes, wallet, booklet, translation papers, and punched guarantee. The movement came to us in great health and is running at +4 s/day, with an amplitude of 285° and a beat error of 0.3 ms.",Falco Watches,2026-06-22,False
TUDOR OYSTER PRINCE DATE DAY 7017 'GREY DIAL',Tudor,3250,https://falco-watches.com/products/tudor-oyster-prince-date-day-7017-grey-dial,https://cdn.shopify.com/s/files/1/0904/9201/0882/files/TUDOROYSTERPRINCEDATEDAY7017_GREYDIAL.png?v=1782040806,"THE ESSENTIALS MAKE: TUDOR MODEL: 7017/0 YEAR: 1969 BOX/PAPERS: NO/NO CASE DIAMETER: 37MM CASE MATERIAL: STAINLESS STEEL BRACELET MATERIAL: LEATHER MOVEMENT: AUTOMATIC In 1969, around a decade after the launch of Rolex’s flagship Day-Date, Tudor released a more accessible alternative for those not looking to spend the equivalent of a small mortgage on a watch. The reference 7017 was introduced with a sizeable 37.5 mm case, offered with four dial colours. However, the larger size proved less popular at the time, and by the late 1970s the model was downsized to just under 36 mm. The ref. 7017/0 here comes from the very first year of Tudor Date-Day production, featuring a screw-down caseback, metallic grey dial, and the self-winding A.S. calibre 1895 movement with Tudor-signed rotor. The watch remains in amazing condition today: the case has only been very lightly polished in the past, while the dial is spotless, with all tritium lume plots intact and aged to a gorgeous creamy hue. We have freshly serviced the movement and fitted a NOS crystal. It is currently running at +2 s/day, with 290° amplitude and a beat error of 0.2 ms. It’s no secret that we are Tudor fans here at Falco. It is, in fact, much rarer to see a 7017/0 in the wild than a Rolex Day-Date from the same period. Another lovely Tudor from the late 1960s that still represents incredible value.",Falco Watches,2026-06-21,False
ZODIAC MONOPUSHER CHRONOGRAPH SECTOR DIAL 'FAB SUISSE',Zodiac,3850,https://falco-watches.com/products/zodiac-monopusher-chronograph-sector-dial,https://cdn.shopify.com/s/files/1/0904/9201/0882/files/ZODIACMONOPUSHERCHRONOGRAPH_SECTORDIAL_ee9774a0-6f5b-447e-823a-5c9bc401e431.jpg?v=1780601454,"THE ESSENTIALS MAKE: ZODIAC MODEL: MONOPUSHER YEAR: c1940 BOX/PAPERS: NO/NO CASE DIAMETER: 35.5 mm CASE MATERIAL: STAINLESS STEEL BRACELET MATERIAL: LEATHER MOVEMENT: MANUAL WIND Founded in 1882 in Le Locle, Switzerland, by Ariste Calame under his eponymous brand, the name “Zodiac” was registered in 1908 and remains in use over a century later. Admittedly, Zodiac is not one of the most talked-about brands today, even among serious watch enthusiasts on forums and collector groups. Nevertheless, the company left behind an incredibly diverse catalogue of watches, most notably the Sea Wolf, widely regarded as one of the very first commercially available diving watches, alongside the Blancpain Fifty Fathoms and Rolex Submariner. The present example comes from the heyday of chronographs during the 1930s and 1940s, when they were increasingly used for professional and military applications. The design is unmistakably representative of the era, sharing many traits with contemporary models from manufacturers such as Rolex, Omega, Tissot, and Vetta. The 35.5 mm case was considered large for its time and wears beautifully on the wrist. Powering the watch is a Valjoux 22 monopusher movement. The star of the show, however, is the gorgeous sector dial, featuring a minute counter at 3 o’clock, running seconds at 9, a central chronograph seconds hand, and concentric telemeter, minute/seconds, hour, and tachymeter scales. These surround the Zodiac signature and the “Fab. Suisse” designation, indicating that the watch was originally imported and sold in France. The watch has survived in incredible condition nearly a century later. The sector dial is largely free from blemishes, while the fixed-lug case remains wonderfully sharp. We have freshly serviced the movement, which is running beautifully at +4 s/d, with 265° amplitude and a 0.4 ms beat error. Our friends at The Strap Tailor have custom-made these straps specifically for us. Technicalities aside, this is one of the prettiest chronographs we’ve handled this year, ready for its next journey.",Falco Watches,2026-06-21,False
OMEGA SPEEDMASTER 'ED WHITE' CAL.321,Omega,13750,https://falco-watches.com/products/omega-speedmaster-ed-white-321,https://cdn.shopify.com/s/files/1/0904/9201/0882/files/03_03_26_HERO_ONLY2.jpg?v=1772553869,"THE ESSENTIALS MAKE: OMEGA MODEL: 311.30.40.30.01.001 YEAR: 2025 BOX/PAPERS: YES/YES CONDITION: UNWORN CASE DIAMETER: 39.7MM CASE MATERIAL: STAINLESS STEEL BRACELET MATERIAL: STAINLESS STEEL MOVEMENT: MANUAL WIND The Omega Speedmaster “Ed White” ref. 311.30.40.30.01.001 is easily our favourite model from the brand in recent years. Omega surprised us by introducing a near one-to-one reissue of the famous Ed White from the 1960s (which we, of course, have one in stock). The straight-lug 39.7 mm case, the two-line dial (missing the “Professional” text), and the flat-link bracelet would make any Speedy enthusiast blush. The recreated Calibre 321 movement can be seen through the open caseback. This example dates to 2025 and is completely unworn. It comes with its original boxes, paperwork, booklets, and receipt, and remains under Omega warranty until 2030.",Falco Watches,2026-06-19,False
F.P.JOURNE OCTA LUNE L 38MM 18K PINK GOLD,F.P.Journe,265000,https://falco-watches.com/products/f-p-journe-octa-lune-38mm-rose-gold-salmon-dial,https://cdn.shopify.com/s/files/1/0904/9201/0882/files/F.P.JOURNEOCTALUNABACK9.jpg?v=1780862664,"THE ESSENTIALS MAKE: F.P.JOURNE MODEL: OCTA LUNE YEAR: 2007 BOX/PAPERS: YES/YES CASE DIAMETER: 38MM CASE MATERIAL: 18K PINK GOLD MOVEMENT: AUTOMATIC ""Invenit et Fecit"" - there are few phrases in the watch world today that raise the heart rate of an enthusiast quite like the words François-Paul Journe first signed on his watches in 1999. Some 30 years later, whilst the vast majority of conversations surrounding Journe revolve around the “market” or auction performance, one simply cannot (and should not) overlook that FPJ was a rare case of someone with immense talent taking a risk and truly “inventing and making” products that went against convention in one of the oldest industries in the world. Fast forward to today, and F.P.Journe is undoubtedly among the most in-demand brands in the world. It is near impossible for a new client to purchase any of the brand’s latest offerings (all few hundred of them each year), and virtually everything bearing the FPJ name, from watches to decorative wall clocks and souvenirs nowadays..., commands a significant premium on the secondary market. At the same time, there are few watchmakers whose early and later productions show such a clear distinction in both construction and collectibility.",Falco Watches,2026-06-14,False
LEMANIA CHRONOGRAPH 818 'ROYAL NAVY ISSUED' 1975,Lemania,7495,https://falco-watches.com/products/lemania-chronograph-818-royal-navy-fleet-air-arm-1,https://cdn.shopify.com/s/files/1/0904/9201/0882/files/LEMANIACHRONOGRAPH818_ROYALNAVYFLEETAIRARM_1258bfd4-c176-44b9-8aee-c9f15eeb96c8.jpg?v=1780732670,"THE ESSENTIALS MAKE: LEMANIA MODEL: 818 YEAR: 1975 BOX/PAPERS: NO /NO CASE DIAMETER: 40MM CASE MATERIAL: STAINLESS STEEL BRACELET MATERIAL: NATO MOVEMENT: MANUAL WIND From the mid-1940s to approximately 1970, Lemania was the exclusive supplier of mechanical chronographs to the British military. Under the specifications set by the Ministry of Defence, they were all monopusher chronographs, whereby the start, stop, and reset functions were controlled by a single button at the 2 o’clock position, helping to prevent the chronograph from being accidentally activated. In 1969, the MoD published a new specification, DEF-STAN 66-4, which was amended the following year to allow the manufacture of two-button chronographs. From that point onwards, four manufacturers dominated military chronograph supply with watches powered by the Valjoux 7733 movement: Hamilton, CWC, Newmark, and Precista. However, few people realise that Lemania produced one final small batch of chronographs in 1975 and 1976, totalling only 500 units. These were powered by the Lemania 1872 movement, which was also used in other military-issued chronographs, including those supplied to the South African Air Force, as well as civilian chronographs such as later Speedmasters. These watches very rarely come up for sale and remain among the most collectible British military watches. The present example comes from the 1975 batch and has remained in honest condition over the years. There are minor marks throughout the 40 mm fixed-bar case, as you would expect from an issued watch. The dial is lovely: all of the tritium lume plots are present and have aged to a gorgeous creamy hue. There is some minor bubbling to the dial, similar to what you might find on a Tudor Submariner from the same era. The movement has been freshly serviced and is running well at +5 s/d, with 250° amplitude and a 0.1 ms beat error. We paired it with these period brass military natos: if you know you know.",Falco Watches,2026-06-10,False
OMEGA SEAMASTER AUTOMATIC 35MM,Omega,1295,https://falco-watches.com/products/omega-seamaster-automatic-35mm-1,https://cdn.shopify.com/s/files/1/0904/9201/0882/files/OMEGASEAMASTERAUTOMATIC35MM.jpg?v=1771676032,"THE ESSENTIALS MAKE: OMEGA MODEL: 168.0061 YEAR: 1973 BOX/PAPERS: NO/NO CASE DIAMETER: 35.5MM CASE MATERIAL: STAINLESS STEEL BRACELET MATERIAL: LEATHER MOVEMENT: AUTOMATIC The 168.0061 may look a little inconspicuous, but it’s something of an unsung hero. Produced for the Japanese market only, this Seamaster offers serious bang for your buck. Firstly, the model came in two variants—this being the chronometer-rated version, fitted with the massively updated calibre 1011, Omega’s go-to chronometer movement in the 1970s. Secondly, there’s the case shape and size. If you’re even remotely into vintage Omega, you’ll notice a clear resemblance to the CK2976, the first dress “Jumbo” Seamaster in 38 mm. All dials on this model share the same configuration: a silver sunburst finish with non-lume markers featuring onyx inlays, matched by similarly styled hands. This piece has survived in great condition. The dial shows some light speckling visible in the photos but difficult to see with the naked eye, along with minor degradation on the rehaut between 10 and 12 o’clock. The movement came to us in great health and is running at +4 s/day, with an amplitude of 275° and a beat error of 0.2 ms.",Falco Watches,2026-06-10,False
TUDOR PRINCE OYSTERDATE 9071/8 '18K YELLOW GOLD',Tudor,4450,https://falco-watches.com/products/tudor-prince-oyster-date-9071-8-18k-yellow-gold,https://cdn.shopify.com/s/files/1/0904/9201/0882/files/TUDORPRINCEOYSTERDATE90718_18KYELLOWGOLD_12.jpg?v=1779978659,"THE ESSENTIALS MAKE: TUDOR MODEL: 9071/8 YEAR: 1977 BOX/PAPERS: NO/NO CASE DIAMETER: 34MM CASE MATERIAL: 18K YELLOW GOLD BRACELET MATERIAL: LEATHER MOVEMENT: AUTOMATIC Among the many reasons we love vintage watches here at Falco is that we are constantly learning; even after many years of obsession, we are still discovering watches we've never handled before. Since Tudor's revival in recent years, led by the Black Bay line, the brand has introduced a fantastic catalogue of watches, including many crafted in precious metals like their big brother, Rolex. However, going back a few decades, the vast majority of watches made by Tudor were solid, purpose-built tool watches in stainless steel, designed to be more accessible than their Rolex counterparts. It is therefore amazing to handle the present example, a Tudor Prince Oysterdate ref. 9071/8: a 34 mm dress watch crafted entirely in 18k yellow gold. The 9071 draws comparisons to the Rolex Oyster Perpetual Date line, and just like the Rolexes, most 9071s were made in stainless steel, and occasionally in steel and gold (two-tone). Only in very rare instances do you find a 9071/8, which undoubtedly sold to someone who knew exactly what they liked, as the original price of this watch was many times higher than most stainless steel Rolex models of the period. Whatever the reason for its existence, we're grateful for it. The watch has survived in amazing condition after nearly 50 years. The case appears untouched, with minimal marks, and the original champagne dial is perfect, with the tritium lume aging to a gorgeous creamy hue. The movement came to us in perfect health, running at 0 s/d, with 250° amplitude and a 0.2 ms beat error. With its flat caseback, the 9071/8 wears like a hybrid between a sports watch and a dress watch. Incredibly cool.",Falco Watches,2026-06-05,False
ROLEX SUBMARINER 5513 'SPIDER DIAL',Rolex,8995,https://falco-watches.com/products/rolex-submariner-5513-spider-dial,https://cdn.shopify.com/s/files/1/0904/9201/0882/files/ROLEXSUBMARINER5513_SPIDERDIAL.jpg?v=1780601246,"THE ESSENTIALS MAKE: ROLEX MODEL: 5513 YEAR: 1984 BOX/PAPERS: NO/NO CASE DIAMETER: 40MM CASE MATERIAL: STAINLESS STEEL BRACELET MATERIAL: STAINLESS STEEL MOVEMENT: AUTOMATIC The 5513 reference of the Submariner is arguably the most iconic of them all. It also offers the greatest variety within the model across its 25-year production run. Introduced in 1963 with pointed crown guard cases and charming gilt dials and hands, the reference evolved through to 1988/89, when it featured glossy dials with white gold-surrounded tritium markers. Gilt-dial 5513s were produced for only a few short years before matte dials were introduced around 1967. In the early 1970s, Rolex made another notable change, switching the primary depth measurement from metres to feet. This adjustment was likely driven by Rolex’s growing market share in the United States, where imperial measurements are standard. In the 1980s, Rolex entered a new era with the introduction of new movements, sapphire crystals, and updated case designs, led by “transitional” models such as the GMT-Master II 16760, the Sea-Dweller 16660, and the Explorer II 16550. However, the Submariner line quietly waited a few more years before the ref. 14060 replaced the 5513. The present example dates to 1984 and features a beautiful ""spider dial"" with white gold surrounds. Some of the early gloss dials had unusually thick lacquer; after years of UV exposure, the lacquer fractures on the surface, producing this spiderweb effect. The case is likely unpolished and shows only minor marks, as you would expect after more than four decades of life. The lume on the markers and hands has aged to an even, creamy hue. The correct early “flat four” bezel insert is still present. The original full-link 93150 bracelet with I-stamped clasp (1984) shows very mild stretch and will accommodate a 20 cm wrist. The movement has just been serviced and is running at +1 s/d, with 310° amplitude and a 0.1 ms beat error. The watch also passed a 5-bar pressure test. For many, these gloss-dial 5513s mark the end of the true “vintage Rolex” era. They are beautiful on the wrist and still underappreciated.",Falco Watches,2026-06-05,False
BREITLING CHRONOMAT 769 ‘FIRST EXECUTION’,Breitling,4995,https://falco-watches.com/products/breitling-chronomat-769-first-execution,https://cdn.shopify.com/s/files/1/0904/9201/0882/files/BREITLINGCHRONOMAT769_FIRSTEXECUTION_1afd0047-624e-41dd-afbe-af2b9889386c.jpg?v=1779529284,"THE ESSENTIALS MAKE: BREITLING MODEL: 769 YEAR: 1942 BOX/PAPERS: NO /NO CASE DIAMETER: 36MM CASE MATERIAL: NICKEL PLATED BRASS BRACELET MATERIAL: STAINLESS STEEL MOVEMENT: MANUAL WIND Smart watches are commonplace these days. They tell you how healthy you are, when to brush your teeth, or what time Home and Away is on. But in the 1940s, this was the first smart watch. The Chronomat (a portmanteau of Chronograph and Mathematics ) was introduced in 1942 and was the first watch to feature a slide rule built into a wristwatch. Willy Breitling was so proud of his company’s invention that early 769 dials, like this one, bear the patent number 217012. The watch was designed for scientists, mathematicians, and engineers to help make calculations on the fly. Whether it be exchange rates, average speeds, multiplication, or division, the Chronomat could do it all. The example here is from the first year of production and is also the first iteration of the 769. The earliest examples do not have the red arrow between 5 and 6, and the Breitling signature is absent from the movement bridge—a feature that appeared around 1945/46. The dial and slide-rule bezel have remained untouched and have mellowed beautifully over time. The early non-luminous blued hands and red-painted chronograph hand remain, as do the correct subdial hands. The case is nickel-plated brass and is also untouched. You can see some of the base metal showing through, mainly around high-wear areas such as the edges of the lugs. The watchmaker did an incredible job servicing this. At eighty-four years old, it is still running at +14 s/d, with 300° amplitude and a 0.4 ms beat error. The watch is paired with a straight-end beads-of-rice-style steel bracelet, which will accommodate a 19 cm wrist. A serious slice of horological history for less than £5k!!",Falco Watches,2026-06-05,False
ROLEX EXPLORER 5504 'FULL SET',Rolex,23995,https://falco-watches.com/products/rolex-explorer-5504-collector-set,https://cdn.shopify.com/s/files/1/0904/9201/0882/files/ROLEXEXPLORER5504_COLLECTORSET.jpg?v=1780601214,"THE ESSENTIALS MAKE: ROLEX MODEL: 5504 YEAR: 1957 BOX/PAPERS: YES/YES CASE DIAMETER: 36MM CASE MATERIAL: STAINLESS STEEL BRACELET MATERIAL: STAINLESS STEEL MOVEMENT: AUTOMATIC At Falco, we have the privilege of handling a diverse array of vintage Rolexes, among which this Explorer 5504 still truly stands out as a ""wow"" watch. The ref. 5504 debuted circa 1957 and had a production run of only one to two years, predominantly found with serials ranging from 221,000 into the late 300,000s. During its brief tenure, it was produced concurrently with the 6610, sharing the same case size but with a slightly slimmer mid-case and lower-profile caseback. The 5504, uniquely, features the name Explorer in silver, along with the signature Super Precision on the dial, rather than Officially Certified Chronometer . This reflects the fact that the 5504 was made as a more accessible alternative to the 6610, lacking chronometer certification. Consequently, a significant number of 5504 models were acquired through the NAAFI. This example is outstanding—and by far the best we have had the pleasure of handling. While most 5504 and 6610 models today are found with the later 1016 handset, this particular watch retains its original longer gilt hands and white seconds hand. A Geiger reading exceeding 20 μSv per hour confirms the authenticity of the radium on the dial and hands. The expandable 875088-stamped bracelet, a precursor to the later 6636, is still present and will accommodate a 19.5 cm wrist. The Rolex 5504 is also remarkably complete, accompanied by its original papers, service receipts, booklet, box, swing tag, and valuations spanning several decades—all under single ownership. Its calibre 1530 movement, with original rotor, was serviced last year and is currently running at 0 seconds per day, with 270° amplitude and a beat error of 0.3 ms. This is one of the most well-preserved examples of the 5504 to have surfaced on the market in recent years.",Falco Watches,2026-06-05,False
ROLEX SUBMARINER DATE 1680 MK2,Rolex,10495,https://falco-watches.com/products/rolex-submariner-date-1680-mk2-3,https://cdn.shopify.com/s/files/1/0904/9201/0882/files/ROLEXSUBMARINERDATE1680MK2_4e4ef271-7508-498a-b732-02ba17454cd8.jpg?v=1780601620,"THE ESSENTIALS MAKE: ROLEX MODEL: 1680 YEAR: 1979 BOX/PAPERS: NO /YES(TRANSLATION) CASE DIAMETER: 40 mm CASE MATERIAL: STAINLESS STEEL BRACELET MATERIAL: STAINLESS STEEL MOVEMENT: AUTOMATIC Rolex released the ref. 1680 in 1967 as the original ""Date Sub,"" more than a decade after the Submariner’s inception. It features a distinctly different case design and a unique “Top Hat” crystal with the iconic cyclops magnifier. In the first decade of its life, these watches were affectionately known as “Red Subs” due to the distinctive red lettering on their dials. Over time, the Red Sub has become one of the most sought-after vintage Rolex models—a ""grail"" for many collectors, with a price tag to match. In comparison, the ""White"" 1680s are perhaps some of the most under-appreciated vintage Rolexes. Produced between 1976 and 1979, they feature white text across three dial variants—commonly referred to as the Mk1, Mk2, and Mk3 white dials. The current example from 1979 sports a Mk2 dial in superb condition. The tritium lume on the markers and hands has aged to a rich, creamy hue, and the dial remains free of imperfections. The case has been polished in the past but remains strong—especially the lugs. The original Mk3 insert has faded to a striking blue colour, offering amazing contrast to the dial. The original silver date wheel is still present, and the full-link 93150 bracelet shows minimal stretch, the clasp is a service replacement from 1995. The watch comes with its original wallet with serial sticker and translation papers. The movement runs beautifully at +3 s/d, 295 amplitude, with a 0.4 ms beat error—an honest example of a Rolex icon.",Falco Watches,2026-06-05,False
ROLEX ZENITH DAYTONA 16523 'BLACK DIAL' FULL SET,Rolex,14950,https://falco-watches.com/products/rolex-zenith-daytona-16523-black-dial-full-set,https://cdn.shopify.com/s/files/1/0904/9201/0882/files/ROLEXZENITHDAYTONA16523_BLACKDIAL_FULLSET.jpg?v=1780601345,"THE ESSENTIALS MAKE: ROLEX MODEL: 16523 YEAR: 1997 BOX/PAPERS: YES/YES CASE DIAMETER: 40MM CASE MATERIAL: STAINLESS STEEL/18K YELLOW GOLD BRACELET MATERIAL: STAINLESS STEEL/18K YELLOW GOLD MOVEMENT: A UTOMATIC The Rolex 165xx line, introduced in 1988, marks an important chapter in the brand’s history as the very first automatic Daytona models. Nicknamed the ""Zenith Daytona"", these watches are powered by the Rolex calibre 4030—a heavily modified version of the Zenith El Primero movement—instead of the Valjoux-based hand-wound calibres found in earlier four-digit Daytonas. The 165xx line also introduced a completely redesigned, larger, and more modern case, one that laid the foundation for the Daytona models we see today. Over the past two decades, Zenith Daytonas have become increasingly popular among collectors, and deservedly so. The three subdials are perfectly symmetrical and centred, preserving the iconic look of their four-digit predecessors. As the only Daytona series with a five-digit reference, Zenith Daytonas were produced for a relatively short period between 1988 and 2000 (compared to 1963–1988 for four-digit models, and 2000–present for six-digit models). While stainless steel variants (16520) remain among the most popular Daytona models—especially early examples like the Mk1 and Mk2, which now command over £50k—two-tone versions of the Zenith Daytona are, in our opinion, still grossly underappreciated. The watch we have here dates to 1997 and features a striking black dial with warm champagne subdial rings. This example recently graduated from the Rolex CPO programme and is in excellent condition. The dial is flawless, the original full-link 78393 bracelet (with U-stamped clasp) has no stretch, and the case and bezel show only very minor hairlines. The movement, following its Rolex service, is running beautifully at 0 seconds per day, with 300° amplitude and a beat error of 0.0 ms. The watch comes with its original inner (wooden) box, outer box, wallet, booklets, tags, original guarantee, and Rolex CPO card. It remains under Rolex warranty. These ’90s gold and two-tone Rolexes offer a distinctly warmer tone compared to their modern counterparts—and can still be had for what we think is head-scratchingly good value.",Falco Watches,2026-06-05,False
ROLEX SEA DWELLER 1665 'GREAT WHITE' MK4 FULL SET,Rolex,17750,https://falco-watches.com/products/rolex-sea-dweller-1665-great-white-mk4-collector-set,https://cdn.shopify.com/s/files/1/0904/9201/0882/files/ROLEXSEADWELLER1665_GREATWHITE_MK4COLLECTORSET.jpg?v=1780601748,"THE ESSENTIALS MAKE: ROLEX MODEL: 1665 YEAR: 1981 BOX/PAPERS: YES /YES CASE DIAMETER: 40 mm CASE MATERIAL: STAINLESS STEEL BRACELET MATERIAL: STAINLESS STEEL MOVEMENT: AUTOMATIC The Sea-Dweller is to this day, the only sports Rolex that was born out of necessity. Unlike the Millsub which was effectively an altered 5513, the Sea-Dweller was created because the state-of-the-art dive model Rolex had to offer just wasn't up to the ever-changing sub-sea landscape. In the 60s sub-sea exploration was developing at a rate of knots. Rolex found themselves in a horological race to the bottom, going head to head with Omega. They needed to produce the first ""professional"" dive watch, capable of being used by saturation divers who were often diving beyond 300m. Omega won the battle with the Seamaster 600, or PloProf as it's known, with the help of Comex and their divers. It's fair to say Rolex won the war though. With help from the SEALAB Divers known as Aquanauts in the US Navy, they initially modified a 5513 to include a valve that allowed Helium to escape from the case once decompression occurred. It wasn't entirely successful, so a completely new design with a new case was born. By 1971 Rolex had formed a partnership with Comex after Omega's rocky relationship with the French Diving company ended. Rolex agreed to supply all watches to Comex for free in return for detailed real-world reporting and testing of their products. The 1665 reference was produced from 1967 to 1983 (although they were only sold to civilians from around 1971). Until 1977, they are affectionately named ""Double Red Sea Dwellers"" thanks to the red texts. The present example, dating back to 1981, is the last member of the 1665 family - the MK4 ""Great White"". The watch remains in fantastic condition after 4 decades of life; the case has been polished before but stays full, with strong lugs and crown guards. The dial is perfect - the tritium lume on the markers and hands have aged to an even, creamy hue. The hands are free from oxidation, the original MK3 insert has kept its colours, and the original silver date wheel is still present. The original full-link F stamped bracelet is still present and In great shape. Amazingly, the original outer and inner boxes, tags, anchor, booklets, wallet, calendar, the original guarantee, translation papers, and all of the Rolex service paperworks have all survived the test of time. The movement is running very healthily at +2 s/d, 275 amps, with a 0.2 ms beat er",Falco Watches,2026-06-05,False
TUDOR OYSTERDATE CHRONOGRAPH 79170 'BIG BLOCK',Tudor,5495,https://falco-watches.com/products/tudor-oysterdate-chronograph-79160-big-block-3,https://cdn.shopify.com/s/files/1/0904/9201/0882/files/TUDOROYSTERDATECHRONOGRAPH79160_BIGBLOCK_6b7180c8-03d9-4af9-96b3-6ff6b5d89b16.jpg?v=1780601400,"THE ESSENTIALS MAKE: TUDOR MODEL: 79170 YEAR: 1994 BOX/PAPERS: NO/NO CASE DIAMETER: 40MM CASE MATERIAL: STAINLESS STEEL BRACELET MATERIAL: STAINLESS STEEL MOVEMENT: AUTOMATIC The 79100 series was introduced in 1989 as the successor to the 94000 series. By that time, Tudor had already been producing automatic chronographs for twelve years, and the new line was all about refinement — much like a Porsche 911, with small, thoughtful updates over time to perfect the design. The 79100 models retained the same case, movement, and bracelet as their predecessors. Updates were subtle: the rotor design changed slightly, and the dial saw minor tweaks. Early examples featured trapezoidal hour markers, whereas later ones, like this example, moved to baton markers. Like Rolex did with the four-digit Daytonas, Tudor used one digit in the reference number to indicate the bezel variation within the 79100 line-up: the 79160 features a fixed acrylic tachymeter bezel, the 79170, like the present example, features a rotating bezel, and the 79180 a steel bezel. This example, made at roughly the same time as Tommy, has survived in much better condition. The case has only been lightly polished before and remains extremely strong. The original full-link 78360 bracelet with R-stamped clasp has minimal stretch. The dial is flawless, with all of the lume plots on both the dial and hands intact and aged to a lovely creamy hue. The 12-hour rotating bezel is near perfect too. The movement was freshly serviced by us and is running excellently at +3 s/d, with 300° amplitude and a 0.2 ms beat error. This is a standout example of a handsome neo-vintage Tudor chronograph: an amazing watch.",Falco Watches,2026-06-05,False
OMEGA SEAMASTER 300 165.024 'BLUEBERRY',Omega,9495,https://falco-watches.com/products/omega-seamaster-300-blueberry,https://cdn.shopify.com/s/files/1/0904/9201/0882/files/OmegaBlueberry.png?v=1780650762,"THE ESSENTIALS MAKE: OMEGA MODEL: 165.024 YEAR: 1965 BOX/PAPERS: NO/NO CASE DIAMETER: 41MM CASE MATERIAL: STAINLESS STEEL BRACELET MATERIAL: STAINLESS STEEL MOVEMENT: AUTOMATIC The Omega Seamaster 300 began its life in 1957 with Ref. CK2913, launched alongside the Speedmaster and Railmaster to form the “Master Trilogy.” Although the Seamaster name dates back to the 1940s, the SM300 was the first true diver’s watch Omega produced, with a guaranteed water resistance of 200m (tested to 300m, hence the name). Early SM300s, such as the CK2913 and CK14755, feature a straight-lug case (38–39mm) and thin bezels. In 1963, Omega introduced an entirely redesigned SM300 line, marking the start of the “Lyre Lugs” era. Made between 1963 and 1971, the new SM300 features a larger case accommodating a wider, thicker, and far more legible bezel with distinct clicks during rotation. The dials also gained larger index markers and hands. Ref. ST 165.024 (no date) and ref. ST 166.024 (date) represent what many consider the most successful Seamaster design—state-of-the-art divers in their day and some of the most enjoyable Omegas to collect, thanks to numerous variations produced over a relatively short period. At first glance, the watch we have for sale here is an early and very honest 165.024, with its original gilt-print dial, “Type B” straight hands, original small-logo crystal, and a superbly strong case. However, one immediately notices that the tritium acrylic insert has aged to a rich blue hue instead of the expected black. Once thought to be a manufacturing defect or even counterfeit, Omega collectors eventually reached a consensus that the blue insert is indeed original. All known examples share the same insert type, including the distinctive slanted 3 in “30.” As of 2020/2021, only nine “Blueberry” examples have been documented. You can imagine our excitement when we carefully removed the mud and dirt from this watch after it arrived, having spent decades in a drawer. The dial is spotless, as is the insert. The tritium lume on both has aged to a rich, creamy patina, glowing brightly under UV and fading quickly afterwards. The case is very strong, showing off the its iconic angled lugs, and the 1171/633 bracelet has minimal stretch. The watch has been freshly serviced and is running perfectly at –3 s/d, 295 amps, with a beat error of 0.2 ms. This is one of the rarest Omega SM300s in existence, period—and we are extremely proud to present it.",Falco Watches,2026-06-05,False
ENICAR SHERPA JET GRAPH 300 'MKIV',Enicar,6250,https://falco-watches.com/products/enicar-sherpa-jet-graph-300-mkiv,https://cdn.shopify.com/s/files/1/0904/9201/0882/files/ENICARSHERPAJETGRAPH300_MKIV_b93cc164-94ca-405c-8716-12d33dba9eba.jpg?v=1780600945,"THE ESSENTIALS MAKE: ENICAR MODEL: 072-02-02A YEAR: 1969 BOX/PAPERS: NO /NO CASE DIAMETER: 40MM CASE MATERIAL: STAINLESS STEEL BRACELET MATERIAL: STAINLESS STEEL MOVEMENT: MANUAL WIND The 1960s and ’70s were a golden era for sports chronographs, with numerous iconic models emerging from historic manufacturers such as Rolex, Omega, Breitling, Universal Genève, and Heuer. Under the shadow of these big names, Enicar also produced a series of exceptional sports chronographs in the 1960s, gaining a cult following among collectors. Enicar began as the Manufacture d’Horlogerie Ariste Racine in La Chaux-de-Fonds, Switzerland, in 1913, founded by husband-and-wife duo Ariste Racine and Emma Blatt. A year later, the pair renamed the company ""ENICAR"": Racine spelt in reverse. Over the following decades, Enicar steadily gained popularity thanks to its exceptional price-to-quality ratio. At the 44th Basel Watch Fair in 1960, Enicar released the ‘Sherpa Graph,’ which in hindsight became one of the brand's most successful models, partly due to its association with legendary F1 driver Jim Clark, who famously wore the watch. Between 1960 and 1970, Enicar introduced a series of sports chrono-‘Graphs’: the Sherpa Graph, Aqua Graph, Jet Graph, and Super Graph. The present example is the fourth and final iteration of the Jet Graph. Designed for pilots and frequent travellers, the Jet Graph features a GMT function in addition to its chronograph complication. The watch is powered by the Valjoux 724 movement, a modified version of the famed Valjoux 72 with an added GMT function. This MKIV example was made only for roughly a year in 1969. Enicar did things their own way, the ‘reverse panda’ three-register dial is complemented by playful details, including the vibrant red/orange chronograph hand, the checkered GMT hand, the 24-hour bezel, and the red bezel pointer ring. The dial and hands are in great condition, with all lume intact. The Ervin Piquerez SA (EPSA)-supplied compressor case (similar to the Heuer Autavia) is in equally excellent condition and appears unpolished. We have paired the watch with these period correct Enicar beads of rice bracelet, which is arguably as rare as the watch itself. Fewer than 500 Enicar ‘Graphs’ are believed to have survived, making them among the rarest sports chronographs of the 1960s. This watch has recently been inspected and is running perfectly at -5 s/d, 320 amps, with a 0.4 ms beat error. We are proud to offer this example for sale here at",Falco Watches,2026-06-05,False
CARTIER BALLON BLEU CHRONOGRAPH W6920002 'FULL SET',Cartier,4495,https://falco-watches.com/products/cartier-ballon-bleu-chronograph-w6920002-full-set,https://cdn.shopify.com/s/files/1/0904/9201/0882/files/CARTIERBALLONBLEUCHRONOGRAPHW6920002.jpg?v=1778245740,"THE ESSENTIALS MAKE: CARTIER MODEL: W6920002 YEAR: 2013 BOX/PAPERS: YES /YES CASE DIAMETER: 44MM CASE MATERIAL: STAINLESS STEEL BRACELET MATERIAL: STAINLESS STEEL MOVEMENT: AUTOMATIC Initially released in 2007, the Ballon Bleu line remains in production today. However, the chronograph version, like the example here, was discontinued around five years ago. Powered by the JLC-based cal. MC8101, it features a 44 mm case with a silver guilloché dial and Roman numerals. The steel bracelet will accommodate a wrist up to 18 cm. The watch comes complete with its boxes, booklet, and certificate. Even the original CD is still present. We have just had the watch serviced, and it is running perfectly at -4 s/d, with 265 amplitude and a 0.2 ms beat error.",Falco Watches,2026-06-03,False
BREITLING 7650 CHRONOGRAPH 'YACHTING',Breitling,8750,https://falco-watches.com/products/breitling-co-pilot-yachting-7650,https://cdn.shopify.com/s/files/1/0904/9201/0882/files/BREITLINGCO-PILOTYACHTING7650.jpg?v=1779978784,"THE ESSENTIALS MAKE: BREITLING MODEL: 7650 YEAR: 1969 BOX/PAPERS: NO /NO CASE DIAMETER: 42.7MM CASE MATERIAL: STAINLESS STEEL BRACELET MATERIAL: LEATHER MOVEMENT: MANUAL WIND Here at Falco, the Breitling 765 family from the mid-1950s to the 1970s are some of our favourite vintage chronographs out there, and equally some of the hardest to find. This week, however, three of them went live on Falco's website at the same time, each representing a different era of the 765 lineage. The line-up was born as the ref. 765 AVI in 1953, featuring a 41 mm case and highly legible design. It was the brand’s attempt to secure a contract with the French Air Force, albeit ultimately unsuccessful, in part due to the absence of a flyback function. Fortunately, the model was released to the public, and over the following decade the 765 underwent a series of incremental changes. Early 765 AVIs feature an all-black dial (somewhat similar to early Navitimers), whereas the now-iconic “reverse panda” configuration appeared around 1962. In 1965, Breitling upgraded the line-up again with the 765 ""Co-Pilot"" (CP), featuring a clicking anodised aluminium bezel and a distinctive enlarged 15-minute counter at 3 o’clock. A few years later, the ref. 7650 was introduced, now featuring a larger 42.7 mm case. The present example is a rare ""Yachting"" model, easily identifiable by the yachting countdown subdial at 3 o’clock and the (very colourful) hands and bezel. The watch has survived in honest condition, with some ageing on the dial, especially on the white subdials. All of the tritium lume is intact, and the freshly serviced movement is running beautifully at +2 s/d, with 274 amplitude and a 0.4 ms beat error. Presented alongside its older siblings, these lovely Breitling chronographs are some of the most unique watches that were (fortunately) made before the quartz crisis. Super cool.",Falco Watches,2026-06-02,False
BREITLING 765 AVI CHRONOGRAPH 'RACQUEL WELCH',Breitling,9750,https://falco-watches.com/products/breitling-765-avi-chronograph,https://cdn.shopify.com/s/files/1/0904/9201/0882/files/BREITLING765AVICHRONOGRAPH_RACQUELWELCH_15.jpg?v=1779978146,"THE ESSENTIALS MAKE: BREITLING MODEL: 765 AVI YEAR: 1965 BOX/PAPERS: NO /NO CASE DIAMETER: 41MM CASE MATERIAL: STAINLESS STEEL BRACELET MATERIAL: LEATHER MOVEMENT: MANUAL WIND Here at Falco, the Breitling 765 family from the mid-1950s to the 1970s are some of our favourite vintage chronographs out there, and equally some of the hardest to find. This week, however, three of them went live on Falco's website at the same time, each representing a different era of the 765 lineage. The line-up was born as the ref. 765 AVI in 1953, featuring a 41 mm case and highly legible design. It was the brand’s attempt to secure a contract with the French Air Force, albeit ultimately unsuccessful, in part due to the absence of a flyback function. Fortunately, the model was released to the public, and over the following decade the 765 underwent a series of incremental changes. Early 765 AVIs feature an all-black dial (somewhat similar to early Navitimers), whereas the now-iconic “reverse panda” configuration appeared around 1962. In 1965, Breitling upgraded the line-up again with the 765 CP, featuring a clicking anodised aluminium bezel and a distinctive enlarged 15-minute counter at 3 o’clock. The present example therefore falls within the short window of Breitling 765s with a reverse panda dial and aluminium bezel. The watch was famously worn by Raquel Welch in her 1965 film Fathom . The watch remains in honest condition after six decades of life: the dial shows some ageing, especially on the white subdials; most of the lume remains intact, with minor losses on some markers. The case has only been lightly polished before and remains very strong. Breitling confirmed this was produced in April 1965, so one of the last AVI’s to leave the production line. The movement came to us in great health, running at +3 s/d, with 295 amplitude and a 0.2 ms beat error.",Falco Watches,2026-06-02,False
JAEGER-LECOULTRE REVERSO 270.2.58 18K ROSE GOLD 'GÉOGRAPHIQUE' FULL SET,Jaeger-LeCoultre,25495,https://falco-watches.com/products/jaeger-lecoultre-reverso-geographique-270-258-18k-rose-gold,https://cdn.shopify.com/s/files/1/0904/9201/0882/files/JAEGER-LECOULTREREVERSOGEOGRAPHIQUE270.258_18KROSEGOLD.jpg?v=1779978489,"THE ESSENTIALS MAKE: JAEGER-LECOULTRE MODEL: 270.2.58 YEAR: 1999 BOX/PAPERS: YES/YES CASE DIAMETER: 26x42MM CASE MATERIAL: 18K ROSE GOLD BRACELET MATERIAL: LEATHER MOVEMENT: MANUAL WIND The JLC Reverso is easily one of the most iconic and recognisable watch designs in the history of horology. Born in the 1930s thanks to Jacques-David LeCoultre, the Reverso was initially crafted to endure the impacts of a game of polo, by implementing a case whereby the dial can turn around on itself after a (hugely satisfying) slide, flip, and click action. Nearly a century later, however, there are probably as many JLC owners playing polo as there are Submariner owners diving... In the meantime, the Reverso line has also grown extensively to include numerous variations in size, construction, design, and complications. The present example, ref. 270.2.58, is anything but an average Reverso. Born in the late 1990s thanks to Philippe Vandel, the model was part of a series of six complicated and limited-edition Reversos created to celebrate the 60th anniversary of the iconic design. The other five (quite the mouthful) were the Tourbillon, Minute Repeater, Perpetual Calendar, Chronograph, and Soixantième. Looking back, this was one of the most exciting periods in JLC’s history, with the brand heavily leaning on its unmatched expertise in technical problem-solving and the pure art of movement making. The World Time “Géographique” is nothing short of a show-off. The main dial features a simple galvanised silver background, with central guilloché finishing, blued steel hands, simple Arabic numerals, a sub-seconds register at 6 o’clock, and a day-night indicator at 12. The magic happens when you turn the case around. Firstly, we’d recommend against playing polo in this: instead of the simple stainless steel caseback found on the original Reverso, the reverse side features a black dial with more guilloché finishing, local hours and minutes, a day-night indicator, GMT offset function, and the Géographique selector, which displays three-letter airport codes on either side. Amazingly, all of this fits within an 18k rose gold Grand Taille case measuring just 26 x 42 mm, thanks to JLC’s in-house manual-winding cal. 858 movement. And in case you’re wondering, yes, this movement was used for this model alone, of which only 500 examples were made. I must admit, this was the very first time I’ve handled one of these, and it’s simply a work of art. The watch comes with all of its original box",Falco Watches,2026-06-02,False
PATEK PHILIPPE CALATRAVA 2552 18K YELLOW GOLD 'DISCO VOLANTE',Patek Philippe,21495,https://falco-watches.com/products/patek-philippe-2552-disco-volante,https://cdn.shopify.com/s/files/1/0904/9201/0882/files/PATEKPHILIPPE255218KYELLOWGOLD_DISCOVOLANTE_6eaedb84-0d63-454c-872d-d08874100527.jpg?v=1780003565,"THE ESSENTIALS MAKE: PATEK PHILIPPE MODEL: 2552 YEAR: 1955 BOX/PAPERS: NO/NO CASE DIAMETER: 36MM CASE MATERIAL: 18K YELLOW GOLD BRACELET MATERIAL: LEATHER MOVEMENT: AUTOMATIC In 1931, Rolex patented their “Perpetual Rotor” movement, then a groundbreaking mechanism that allowed a watch to be wound “automatically” and “perpetually” thanks to the use of a centre-mounted, free-spinning oscillating weight. Close to a century later, automatic movements have become the norm across virtually every manufacturer. What few people realise is that, for around two decades after 1931, other manufacturers were forbidden from building a similar mechanism due to patent laws: Patek Philippe included. It wasn’t until 1952 that Patek released their first automatic calibre, the 12-600AT. Patek did not waste the long 20-year wait, as the 12-600AT was packed with (almost over-engineered) technologies and, of course, mesmerisingly beautiful finishing (there are many articles online that go into great depth on this topic). The 12-600AT movement was used in just over a dozen references, and the ref. 2552, such as the present example, is easily one of the most spectacular. Nicknamed the “Disco Volante”, Italian for “flying saucer”, it features a distinctive stepped case architecture and stepped bezel, made by A. Wenger, with casemaker Key No. 1 (spot the hallmark). The 36 mm case was large for its era and wears fantastically on the wrist. The ref. 2552 was produced in various metals, including yellow gold, white gold, and platinum, and with several dial designs, but only approximately 650 examples were made in total. This example has survived in tremendous condition. The stepped case, original Patek Philippe crown, and original caseback have seen minimal polishing, with their hallmarks still easily visible. The 12-600AT movement is running beautifully following an independent service last year, at +5 s/d, with 275° amplitude and a beat error of 0.4 ms. The dial and hands have both survived in great condition too, with (presumably) the original owner’s name engraved on the caseback. It’s hard not to love a vintage Calatrava, especially when they come like this.",Falco Watches,2026-06-02,False
ROLEX COSMOGRAPH DAYTONA 6262 ‘BLACK DIAL’ FULL SET,Rolex,76995,https://falco-watches.com/products/rolex-cosmograph-daytona-6262-blue-full-set,https://cdn.shopify.com/s/files/1/0904/9201/0882/files/ROLEXCOSMOGRAPHDAYTONA6262_BLACKDIAL_FULLSET10.jpg?v=1778245876,"THE ESSENTIALS MAKE: ROLEX MODEL: 6262 YEAR: 1970 BOX/PAPERS: YES/YES CASE DIAMETER: 37MM CASE MATERIAL: STAINLESS STEEL BRACELET MATERIAL: STAINLESS STEEL MOVEMENT: MANUAL WIND The Rolex ref. 6239 was introduced in 1963 as the first Cosmograph Daytona, starting the lineage of what is today the most popular model in the Rolex lineup (and perhaps for the foreseeable future). It features a 37 mm case, Valjoux 72 movement, pump pushers, and a three-register dial in various executions. Over the following few years, Rolex experimented heavily with the lineup, testing several upgrades, most notably the screw-down pushers first featured on the 6240, and subsequently on the 6263/65 (arguably the most notable four-digit Daytonas). The matte black “reverse panda” dial example we have here-oh wait, this is not a 6239…. Whilst looking extremely similar to one from across the room, the watch here features a grey-blue “Daytona” signature above the 6 o’clock subdial, a steel 50–200 bezel, and a Valjoux 727 movement beating inside. In 1969, Rolex quietly released the ref. 6262, the first Daytona to feature the updated movement with 21,600 a/hour. The reference was only made for a year, and is most famous for its various Paul Newman executions, which fetch eye-watering numbers these days. The example here is perfect: the case is superbly strong, and the dial has no imperfections. All of the tritium plots are in place and have aged to a beautiful creamy hue. The original 7835/271 bracelet has minimal stretch, with the original ’70-stamped clasp. To complete the package, the watch comes as a full set, with its original box, passport, booklet, original guarantee papers dated April 1972 in Luzern, Switzerland, and its original receipt for 716 CHF (you might want to forget this part). The second (and only other) owner purchased this a few years ago and kept it in the safe since then. The movement came to us in great health, running at 0 s/d, 272 amplitude, with a 0.3 ms beat error. A perfect vintage Daytona that you simply can’t fault.",Falco Watches,2026-05-29,False
ROLEX SUBMARINER 5513 'FEET FIRST',Rolex,10750,https://falco-watches.com/products/rolex-submariner-5513-feet-first,https://cdn.shopify.com/s/files/1/0904/9201/0882/files/ROLEXSUBMARINER5513_FEETFIRST.jpg?v=1779978325,"THE ESSENTIALS MAKE: ROLEX MODEL: 5513 YEAR: 1971 BOX/PAPERS: NO /NO CASE DIAMETER: 40mm CASE MATERIAL: STAINLESS STEEL BRACELET MATERIAL: STAINLESS STEEL MOVEMENT: AUTOMATIC The 5513 Submariner is perhaps the most legendary of the Submariner line, celebrated for its rich history and myriad variations throughout its 25-year production run. Introduced in 1963 with pointed crown guards and stunning gilt dials and hands, the reference evolved through to 1988/89, when it featured glossy dials with white gold-surrounded tritium markers. In the early 1970s, Rolex made a notable change to the dial, shifting the primary depth rating from metres to feet, as seen on this example. This adjustment reflected the brand’s growing presence in the U.S., where imperial measurements were the norm. Rolex went on to produce many variations of the “feet-first” dial—ranging from “Serif” and “Non-Serif” to “Pre-Comex”, and eventually the “Maxi” dials (Mk1 through Mk5). The present example, a Non-Serif dial variation, takes its name from the absence of serifs on the corners of the 3, 6, and 9 o’clock markers. The watch has been exceptionally well preserved: the tritium markers and hands remain spotless, having aged to a pleasing creamy patina. The case is strong, with full and even lugs and crown guards. Its correct Mk3 insert has developed an attractive “light ghost” fade. The watch is fitted with a 93150/580 bracelet with clasp code LT7 (2009), likely replaced during a service. The bracelet is one link short and will accommodate wrists up to 19 cm. The movement arrived in excellent health, running at +1 second per day, with 290 amplitude and a 0.0 ms beat error. This is a superb example of an early “feet-first” 5513—an iconic Submariner, ready for its next home.",Falco Watches,2026-05-28,False
ROLEX GMT-MASTER 1675 MK0.5 FUCHSIA,Rolex,18495,https://falco-watches.com/products/rolex-gmt-master-1675-long-e-fuchsia-2,https://cdn.shopify.com/s/files/1/0904/9201/0882/files/ROLEXGMTMASTER1675_LONGE_FUCHSIA.jpg?v=1779978418,"THE ESSENTIALS MAKE: ROLEX MODEL: 1675 YEAR: 1967 BOX/PAPERS: NO/NO CASE DIAMETER: 40mm CASE MATERIAL: STAINLESS STEEL BRACELET MATERIAL: STAINLESS STEEL MOVEMENT: AUTOMATIC In vintage Rolex collecting, the GMT-Master 1675 is arguably one of the most interesting references. Rolex introduced the GMT-Master line in 1954 with the reference 6542—initially created for airline pilots who often needed to track more than one time zone at a time. The 6542 features a 38mm case and a ""Pepsi"" bakelite bezel—a downright gorgeous watch, though not the most practical due to the lack of crown guards and the fragility of the bezel insert. A few years later, in 1959, the reference 1675 was born and remained in production until 1980. Over its 20+ years of production, Rolex introduced numerous changes to the 1675—from the movement and case to the dials (transitioning from gilt to matte) and even the bezel design. These updates give 1675s from different eras distinct characters. The present example is arguably one of the most desirable 1675 variants: the ""Fuchsia."" It features an early thin case and a Mk 0.5 ""Long E"" zinc sulfide dial with a small GMT hand (a mouthful, we know…). The ""Long E"" refers to the elongated middle bar in the letter E —perhaps the most recognisable detail among the matte dials. It's named Mk 0.5 because it combines flat hands and the small GMT hand found in earlier gilt models. The star of the show, however, is the striking Fuchsia insert—so named for its dark pink tone (as opposed to the usual red). This anomaly appears only in a very narrow serial range, often overlapping with early Long E dials. The watch remains in fantastic condition. The case has seen a polishing wheel before but is still impressively strong, especially the crown guards, they still have their square shape. The dial has no marks, the zinc sulfide lume that has some degradation in places but remains intact. The bracelet is a 78360 service replacement from the late 70's and has minor sag. The movement, recently serviced, is running perfectly at -1 s/d, 275 amplitude, with a beat error of 0.1 ms. A Fuchsia 1675 has long been a grail for many watch nerds. Unfortunately, many on the market are incorrect or feature ""faded Pepsi"" inserts rather than true Fuchsias. This is one of the best examples we've seen—and truly a standout in any collection.",Falco Watches,2026-05-28,False
ROLEX DATEJUST 36 16238 18K YELLOW GOLD 'FERRITE DIAL',Rolex,19995,https://falco-watches.com/products/rolex-datejust-36-16238-18k-yellow-gold-ferrite-dial,https://cdn.shopify.com/s/files/1/0904/9201/0882/files/ROLEXDATEJUST361623818KYELLOWGOLD_FERRITEDIAL_1_2a1e4529-ee91-483f-a7a7-88452fca9414.png?v=1779534955,"THE ESSENTIALS MAKE: ROLEX MODEL: 16238 YEAR: 1989 BOX/PAPERS: NO/YES CASE DIAMETER: 36MM CASE MATERIAL: 18K YELLOW GOLD BRACELET MATERIAL: LEATHER MOVEMENT: AUTOMATIC In the early days of vintage Rolex collecting, almost all of the attention was focused exclusively on Bubblebacks. Starting in the 1990s and 2000s, however, vintage sports models, led by Daytonas and followed by the likes of Submariners and GMT-Masters, slowly took over the baton as the most collectible and studied references. It was only in more recent years that Rolex’s dressier offerings, particularly Datejusts and Day-Dates in precious metals with special dials, started gaining traction within the collector community. These watches were made in much smaller numbers than stainless steel sports models, and often carrying original price tags five to ten times higher. The Datejust 16238 here dates to 1989 and features a wonderful Ferrite dial. Ferrite is mostly known for its use in industrial settings due to its electrical resistivity and magnetic permeability. Ferrite compounds are, in fact, intrinsically very low cost, being made mostly from iron oxide. However, Rolex somehow managed to engineer it into a dial that was fitted primarily to five-digit Day-Dates and, much more rarely, Datejusts (like this one). The dial has a very unique aesthetic: its texture and colour play beautifully with light, showing a distinctive blue-greyish black appearance with a subtle metallic sheen. This example remains in near-perfect condition: the dial is flawless, and the 18k yellow gold case shows only minor marks, having remained unworn for years until the previous owner acquired it. The caseback sticker is still in place. Originally sold in 1990, the watch was supplied on a leather strap, as indicated by the stamp on the papers, and appears to have barely been worn. The movement came to us in great health, running at +2 s/d, with 305° amplitude and a 0.1 ms beat error, ready for its new journey.",Falco Watches,2026-05-23,False
ROLEX DATEJUST 36 6305-2 'OVETTONE' TROPICAL DIAL,Rolex,12995,https://falco-watches.com/products/rolex-datejust-36-6305-2-ovettone-tropical-dial,https://cdn.shopify.com/s/files/1/0904/9201/0882/files/ROLEXDATEJUST366305-2_OVETTONE_TROPICALDIAL.jpg?v=1778760289,"THE ESSENTIALS MAKE: ROLEX MODEL: 6305-2 YEAR: 1954 BOX/PAPERS: NO/NO CASE DIAMETER: 36mm CASE MATERIAL: STAINLESS STEEL BRACELET MATERIAL: STAINLESS STEEL MOVEMENT: AUTOMATIC The Ref. 6305 was the model that started the Datejust’s success, with more sales than any other line in Rolex’s history. Initially launched in 1945, the Datejust was a dressy watch that only came in solid gold or two-tone construction—not quite the daily wearer we see today—and sold in small numbers, partly due to its high cost. Rolex decided they needed to branch out and make the Datejust more attainable. Enter the 6305: a 36 mm stainless steel watch with a rounded caseback (which Italian collectors named Ovettone , meaning “big egg”), a Cyclops lens to increase legibility, radium-filled spearhead markers, and an engine-turned bezel. The present example came from the very early years of stainless steel Datejusts. The star of the show is the dial, which was originally pearl white but has tropicalised heavily into a gorgeous warm beige hue, complemented by the red “Datejust” signature and roulette date wheel. The alpha hands still retain their original radium lume plots, as do the dial markers. The bracelet is a slightly later US Jubilee stamped 1/74 with “50” end links. The caseback features 1950s Rolex logo engraving and dates II 54. The movement has been serviced within the last year and is running exceptionally well at +2 s/d, 250 amplitude, with a beat error of 0.2 ms. This is easily the ultimate stainless steel Datejust, with an incredibly rare configuration and a beautiful touch of warm colour thanks to the magic of time.",Falco Watches,2026-05-14,False
ROLEX SUBMARINER 5513 'METERS FIRST',Rolex,10650,https://falco-watches.com/products/rolex-submariner-5513-meters-first-2,https://cdn.shopify.com/s/files/1/0904/9201/0882/files/ROLEXSUBMARINER5513_METERSFIRST_0061a771-745c-4ca0-a5e9-bb6ff7b8539a.jpg?v=1778760388,"THE ESSENTIALS MAKE: ROLEX MODEL: 5513 YEAR: 1968 BOX/PAPERS: NO /NO CASE DIAMETER: 40mm CASE MATERIAL: STAINLESS STEEL BRACELET MATERIAL: STAINLESS STEEL MOVEMENT: AUTOMATIC For us at Falco, one of the most rewarding aspects of vintage watch collecting is studying the small details that can truly make or break a watch. This week, we welcomed several vintage Submariners into our fleet, including this ref. 5513 dating to 1968, featuring a “meters first” dial. For 5513s in particular, it’s fascinating to see how watches made within just a couple of years of one another can develop entirely different characters, depending on how much wear, sunlight, or water exposure they’ve experienced. The last few meters first 5513s we had in recent weeks all lived relatively sedate lives, with dark tritium plots and black inserts that retained most of their original colour. This example, however, has lived a great life in the sun. The dial is flawless, with the tritium plots aged to a very light creamy hue, matched by the heavily faded “ghost” insert. The 2 o’clock marker has some lume loss. The case has been polished, but not for a long time. It remains honest, with especially good lugs showing plenty of sleeve wear. The later 93150/580 bracelet has minimal stretch, with a VC clasp (1978). The movement arrived in excellent health and is running at +1 s/day, with an amplitude of 275° and a beat error of 0.1 ms. A meters first 5513 bearing an uncanny resemblance to this was one of the first vintage watches I (Tommy) ever owned. This is so beautiful on the wrist and will undoubtedly make the next owner very happy.",Falco Watches,2026-05-14,False
ROLEX DAY-DATE 6611 18K ROSE GOLD 'RED DEPTH' OVETTONE,Rolex,22995,https://falco-watches.com/products/rolex-day-date-6611-18k-yellow-gold-red-depth,https://cdn.shopify.com/s/files/1/0904/9201/0882/files/ROLEXDAY-DATE661118KYELLOWGOLD_REDDEPTH.jpg?v=1778760309,"THE ESSENTIALS MAKE: ROLEX MODEL: 6611 YEAR: 1956 BOX/PAPERS: NO/NO CASE DIAMETER: 36MM CASE MATERIAL: 18K ROSE GOLD BRACELET MATERIAL: 18K ROSE GOLD MOVEMENT: AUTOMATIC There are nice vintage Day-Dates, and then there’s this. Although ref. 1803s were the first long-run execution of the Day-Date line-up, and perhaps the earliest reference most watch enthusiasts are aware of, Day-Dates were released some 4–5 years earlier in the form of refs. 6511 and 6510. In the same year, 1956, Rolex released the second-generation Day-Date, the ref. 6611 as we see here, featuring the updated cal. 1055 movement and giving rise to its “Superlative Chronometer Officially Certified” (SCOC) signature. While neither the day nor date function is independently adjustable, the design of these early references set the foundation for the Day-Date line that has remained largely unchanged to the present day. In vintage Rolex collecting, originality, rarity, and condition are paramount: this watch has all three. Putting it on the wrist, you would never believe that this watch turns exactly 70 years old this year. The case has only been lightly polished before and remains incredibly strong: look at those lugs. Impressively, the original full-link 18k gold Jubilee bracelet has practically no stretch, which Day-Date enthusiasts know is very important. The star of the show, however, is the champagne dial, featuring dauphine hands and coffin markers, an Italian day wheel, and radium lume on the markers and hands that has aged to a beautiful pumpkin hue. What sets this example even further apart is the depth rating printed in red at the 6 o’clock position: very few examples like this have ever surfaced on the market. The movement came to us in excellent health, running at +2 s/day, with an amplitude of 288° and a 0.2 ms beat error. Vintage Day-Dates remain some of the most overlooked watches on the market. In 1956, this watch would have cost around 40% of the average house price in the UK, and more than the entire stainless steel catalogue combined. As a result, far fewer of these survived the test of time. Nevertheless, a ""red-depth"" submariner from the same era would cost 3-5 times more than this today. This is one of our favourite watches in recent weeks—absolutely beautiful.",Falco Watches,2026-05-14,False
ROLEX 1019 MILGAUSS 'BLACK DIAL' FULL SET,Rolex,28495,https://falco-watches.com/products/rolex-1019-milgauss-black-dial-full-set,https://cdn.shopify.com/s/files/1/0904/9201/0882/files/ROLEX1019MILGAUSS_BLACKDIAL_FULLSET.jpg?v=1778245797,"THE ESSENTIALS MAKE: ROLEX MODEL: 1019 YEAR: 1968 BOX/PAPERS: YES/YES CASE DIAMETER: 38MM CASE MATERIAL: STAINLESS STEEL BRACELET MATERIAL: STAINLESS STEEL MOVEMENT: AUTOMATIC In the world of vintage Rolex collecting, the Milgauss 1019 is perhaps one of the most elusive references. These watches rarely appear on social media, there are few dedicated collector guides for the model, and a quick search on your favourite watch platform often leaves enthusiasts disappointed—there are barely any available for sale. However, for the select few who are in the know, it remains one of the coolest Rolexes ever made. The 1019 is a true tool watch, born out of necessity to serve engineers and scientists alike. The Milgauss solved a critical issue: resistance to magnetism. They proved so useful that the clever chaps at CERN famously adopted them. Much like other collectible vintage Rolex models, however, the 1019 received little attention throughout its staggering 28-year production run (almost exactly alongside the 1016, believe it or not). These watches often sat in shop windows for years before finally being sold, frequently at a heavy discount. Why that was the case, we may never know: because these watches aren’t just functional; they are undeniably beautiful. 1019s are already hard to find, and examples with black dials are as rare as hens’ teeth. This 1967 example was originally sold at Chin Kong Watch & Pen Store in Singapore (a shop that used to exist on North Bridge Road, not far from where I (Tommy) lived), after spending four years in a shop window. Fifty-five years later, the watch has been kept in fantastic condition. The case has been polished before but remains superbly strong: there has been minimal wear following a Rolex service in 2018. The tritium dial and flat hands are Rolex service replacements, likely from the mid-to-late 1970s. The dial remains in amazing condition; the enamel-filled markers and beautifully aged tritium lume pop against the matte black background. The movement arrived in excellent health, running at +2 s/day, with an amplitude of 285° and a beat error of 0.1 ms. The watch comes complete with its original box, both tags (including serial), Rolex service papers, and its original guarantee. A fantastic-looking vintage Rolex that rarely comes up for sale.",Falco Watches,2026-05-09,False
ROLEX AIR KING 14000M 'SILVER DIAL' FULL SET,Rolex,3995,https://falco-watches.com/products/rolex-air-king-14000m,https://cdn.shopify.com/s/files/1/0904/9201/0882/files/ROLEXAIRKING14000M_FULLSET.jpg?v=1778245850,"THE ESSENTIALS MAKE: ROLEX MODEL: 14000M YEAR: 2001 BOX/PAPERS: YES/YES CASE DIAMETER: 34MM CASE MATERIAL: STAINLESS STEEL BRACELET MATERIAL: STAINLESS STEEL MOVEMENT: AUTOMATIC The Air-King was, for many years, Rolex’s entry-level, time-only watch, originally created in honour of RAF pilots after World War II. The Rolex Air-King was part of an obscure group of “Air” watches made by the brand throughout the 1940s, including the Air-Lion, Air-Tiger, and Air-Giant. Outlasting its peers, the reference 5500 Air-King was eventually introduced in 1957, serving as one of the core pieces of Rolex’s simple (yet robust) time-only collection. Based on its popularity, Rolex later added the Air-King-Date in 1958 (as the reference 5700), equipping it with Rolex’s calibre 1535 and a date function. Although never the poster child, the Air-King quietly remained in the Rolex line-up through to the present day, evolving through many forms, including this lovely 34 mm time-only ref. 14000M with a silver dial. Powered by the calibre 3130, this 2001 example features a 34 mm case, smooth bezel, and Oyster bracelet, paired with a lovely silver dial. The watch has been polished before but remains strong, and the Super-LumiNova dial is perfect. The movement came to us in perfect health, running at +1 s/d, with 301 amplitude and a 0.1 ms beat error. The watch comes complete with its original boxes, booklet, wallet, translation papers, and original guarantee. A beautiful summer watch that looks good on anyone’s wrist.",Falco Watches,2026-05-09,False
LONGINES 7983-1 '18K ROSE GOLD',Longines,2495,https://falco-watches.com/products/longines-calatrava-18k-rose-gold,https://cdn.shopify.com/s/files/1/0904/9201/0882/files/FIRST_BATCH_HERO54.jpg?v=1765140603,"THE ESSENTIALS MAKE: LONGINES MODEL: 7983-1 YEAR: 1966 BOX/PAPERS: NO/NO CASE DIAMETER: 34mm CASE MATERIAL: 18K ROSE GOLD BRACELET MATERIAL: LEATHER MOVEMENT: MANUAL WIND With the price of new gold watches often exceeding most people’s mortgages, it’s no wonder vintage gold pieces are now getting the attention they deserve. For decades, buying a gold watch, for yourself or others, was a mark of success. Whether it be a relationship or business milestone, celebrating an individual’s long-term service, or, in the case of Gordon Gekko, just to look good, gold watches were symbolic. This Longines may look restrained by modern standards, but there is beauty in its simplicity. Slim, legible, and perfectly proportioned (in Stef’s opinion)—and for less than the cost of a coffee and croissant in London these days! The watch is in superb condition. Usually, these silver brushed dials are in terrible shape; apart from a mark at 4 and 7, the dial is perfect. The case shows a life of little wear and minimal polishing. The cal. 370 has been serviced in the last month and is running at -5 s/d, 275 amplitude, with a beat error of 0.5 ms.",Falco Watches,2026-05-01,False
CWC SBS DIVER 'CIVILIAN',CWC,1995,https://falco-watches.com/products/cwc-sbs-diver-civilian,https://cdn.shopify.com/s/files/1/0904/9201/0882/files/CWCSBSDIVER_CIVILIAN.jpg?v=1775049787,"THE ESSENTIALS MAKE: CWC MODEL: SBS DIVER YEAR: c1990s BOX/PAPERS: NO/NO CASE DIAMETER: 41 mm CASE MATERIAL: STAINLESS STEEL BRACELET MATERIAL: TEXTILE NATO MOVEMENT: QUARTZ For those who aren’t au fait with the brand, CWC (Cabot Watch Company) was founded by Ray Mellor in 1972 with the sole intention of supplying watches to the British military and government organisations. From 1980 to the early 2000s, CWC produced the Navy Diver, which in fact replaced the Rolex Milsub. By the early 2000s, the SBS Diver became the standard-issue dive watch, replacing the RN Diver. This example is from the late 1990s and was leftover stock that was later sold to the civilian market. It shows very mild wear on the case, with a few minor marks. The PVD finish remains intact throughout. The watch was serviced while in the possession of the previous owner. We have also had it pressure tested to 5 bar, which it passed.",Falco Watches,2026-04-28,False
PIAGET POLO 18K YELLOW GOLD 7131 C701,Piaget,15750,https://falco-watches.com/products/piaget-polo-18k-yellow-gold-7131-c701,https://cdn.shopify.com/s/files/1/0904/9201/0882/files/PIAGETPOLO18KYELLOWGOLD7131C701.png?v=1777068089,"THE ESSENTIALS MAKE: PIAGET MODEL: 7131 C701 YEAR: 1980 BOX/PAPERS: NO/YES(SERVICE) CASE DIAMETER: 25MM CASE MATERIAL: 18K YELLOW GOLD BRACELET MATERIAL: 18K YELLOW GOLD MOVEMENT: AUTOMATIC Founded in 1874 by Georges-Édouard Piaget in the village of La Côte-aux-Fées, Switzerland, Piaget began as a small workshop dedicated to crafting high-precision movements. By the mid-20th century, under the leadership of the founder’s descendants, the brand began producing watches under its own name, evolving from a movement supplier into a fully fledged luxury manufacture. Piaget quickly became synonymous with ultra-thin watchmaking. The Calibre 9P (1957) and 12P (1960) were, at the time, the thinnest mechanical and automatic movements in the world. The brand also supplied movements and technical expertise to some of Switzerland’s most prestigious houses—1970s Cartier watches, for instance, often featured Piaget-based calibres. Like many others, Piaget suffered during the Quartz Crisis and shifted its focus in the late 1970s and early 1980s toward high-end quartz watches. During the time when quartz movements were introduced to models like the Rolex Day-Date, Patek Phillipe Nautilus, and Audemars Piguet Royal Oak, Piaget took an even bolder approach. In 1979, the Polo was introduced: an all-gold watch powered by an ultra-thin quartz movement, available as ref. 7661 C701 (round) and 7131 C701 (square). The Polo was also the first Piaget to carry its own model name, a departure from the brand’s long-held philosophy that “Piaget” itself was the product. It was also, at the time, the most expensive time-only watch on the market (more than double the price of a Day-Date). Perhaps as a result, only a few thousand Polos were produced in the decade following its debut, and many were sadly melted down for their gold during periods when they fell out of favour with collectors. Which makes it all the more special when an early example such as this ref. 7131 C701 appears. The watch has an unapologetically bold personality. In square form, the Polo is the ultimate expression of the integrated-bracelet sports watch. The case—if one can even distinguish it—is seamlessly absorbed into the 18k gold bracelet, powered by the ultra-thin Calibre 7P. The bracelet itself is a work of art. This example has been exceptionally well preserved, with no stretch and an extra link beyond full length. In recent years, Piaget Polos have finally begun to receive the recognition they deserve, aided in p",Falco Watches,2026-04-24,False
ROLEX SEA-DWELLER 1665 MK2 'RAIL DIAL' FULL SET,Rolex,17495,https://falco-watches.com/products/rolex-sea-dweller-1665-mk2-rail-dial-full-set,https://cdn.shopify.com/s/files/1/0904/9201/0882/files/ROLEXSEA-DWELLER1665MK2_RAILDIAL.jpg?v=1768731739,"THE ESSENTIALS MAKE: ROLEX MODEL: 1665 YEAR: 1978 BOX/PAPERS: YES /YES CASE DIAMETER: 40 mm CASE MATERIAL: STAINLESS STEEL BRACELET MATERIAL: STAINL ESS STEEL MOVEMENT: AUTOMATIC The Sea-Dweller remains, to this day, the only sports Rolex born purely out of necessity. Unlike the Milsub, which was essentially a modified 5513, the Sea-Dweller was created because the state-of-the-art dive watch Rolex offered at the time simply wasn’t up to the demands of the rapidly evolving subsea landscape. Reference 1665 was produced from 1967 to 1983, though it was only sold to civilians from around 1971 onwards. Until 1977, these watches were affectionately known as “Double Red Sea-Dwellers” thanks to the two lines of red text on the dial. From 1977 to 1983, five further dial variations appeared (Mk0–Mk4), with the Sea-Dweller name and depth rating now printed in white, earning the nickname “Great White.” The Mk2, more commonly known as the Rail Dial, was produced by Stern—the same company responsible for the COMEX dial, sharing the same SCOC text configuration. Produced only between 1977 and 1979, these have become increasingly uncommon, particularly in period-correct condition and accompanied by their original paperwork. This example is in fantastic shape, with a case that has seen minimal polishing, a blemish-free dial, and a lovely Mk5 insert that has faded to a desirable petrol blue. The hands show some minor marks to the chrome, though these are invisible to the naked eye. The original F-stamped (1981) bracelet, matching the year of sale, is still present and, despite being one link short, will comfortably accommodate a 19.5 cm wrist. The watch is accompanied by its inner and outer boxes, both booklets, tags, calendar, wallet, and translation papers. It was originally sold through one of the oldest Bucherer boutiques still in operation, in Lucerne, Switzerland—appropriately not far from where it was made. The watch arrived to us in excellent mechanical health and is currently running at +4 s/day, with an amplitude of 270° and a beat error of 0.1 ms.",Falco Watches,2026-04-21,False
VACHERON CONSTANTIN 7391 'CLOUS DE PARIS',Vacheron Constantin,5995,https://falco-watches.com/products/vacheron-constantin-7391,https://cdn.shopify.com/s/files/1/0904/9201/0882/files/VACHERONCONSTANTINHISTORIQUE_CLOUSDEPARISDIAL.jpg?v=1776427003,"THE ESSENTIALS MAKE: VACHERON CONSTANTIN MODEL: 7391 YEAR: 1972 BOX/PAPERS: NO/YES (ARCHIVE) CASE DIAMETER: 32MM CASE MATERIAL: 18K YELLOW GOLD BRACELET MATERIAL: LEATHER MOVEMENT: AUTOMATIC Often overlooked in the shadow of Patek Philippe and Audemars Piguet’s formidable marketing machines, Vacheron Constantin has long been the quiet sibling of the “Holy Trinity”—and certainly the lesser known. Yet it remains the oldest watchmaker in continuous operation, founded in 1755, and it’s easy to see why the brand’s reputation endures. A self-described blend of tradition and innovation, Vacheron Constantin has produced many notable modern references, supported by a rich catalogue of patents and horological achievements. Most recently, they broke their own record for the most complicated watch ever made—the Berkley Grand Complication, boasting 63 complications (up from the previous 57). But as with all things, sometimes less is more. While Vacheron excels in technical mastery, it is equally adept at executing refined simplicity. The reference 7391 offered here features a 32 mm 18k yellow gold case measuring less than 6 mm in thickness, yet still housing an automatic movement—the Caliber 1120 (developed by Jaeger-LeCoultre and used across all three members of the Holy Trinity). Vacheron produced a series of elegant dress watches around this movement, showcasing a variety of case shapes, dial designs, and bracelet configurations. This particular example is among the most sophisticated and beautiful we’ve encountered. It features a full Clous de Paris guilloché finish across both the case and the solid 18k yellow gold dial. The surface interacts beautifully with light, while subtle oxidation around the edges adds a layer of character we love to see. The case remains crisp and well preserved. The movement is running beautifully at +2 seconds per day, with 262 amplitude and a 0.1 ms beat error. It is accompanied by an Extract from the Archives confirming its production in 1972, as well as its solid 18k gold buckle and brown exotic leather strap. For dressier occasions—or as a refined departure from the mainstream—you’ll be hard-pressed to find a more elegant companion.",Falco Watches,2026-04-18,False
JAEGER-LECOULTRE DEEP SEA 'SHARK' CHRONOGRAPH E2643 VALJOUX 72,Jaeger-LeCoultre,9995,https://falco-watches.com/products/lecoultre-shark-chronograph-e2643-valjoux-72,https://cdn.shopify.com/s/files/1/0904/9201/0882/files/LECOULTRE_SHARK_CHRONOGRAPHE2643VALJOUX72.jpg?v=1776427173,"THE ESSENTIALS MAKE: JAEGER-LECOULTRE MODEL: E2643 YEAR: c1968 BOX/PAPERS: NO/NO CASE DIAMETER: 40.5MM CASE MATERIAL: STAINLESS STEEL BRACELET MATERIAL: LEATHER MOVEMENT: MANUAL WIND If you were to describe the following to a vintage chronograph enthusiast: 1960s, reverse panda dial, Valjoux 72 movement, the first watches that come to mind would likely be the Rolex Daytona 6239, Heuer Carrera 2447, or the Universal Genève “Evil Nina.” Add in a 40.5 mm case and a rotating bezel, and the answer would seem obvious: a Heuer Autavia 2446. Well, in this case, you’d be wrong. Part of the reason for my (Tommy’s) love of chronographs from the golden age of the 1960s and ’70s is the sheer number of fantastic models from different Swiss brands that share similar traits. The Jaeger-LeCoultre reference E2643 is one such example: echoing the design language of the Autavia, yet remaining unmistakably unique and far less well known. Introduced in Europe under the name “Vogue” and signed Jaeger-LeCoultre, and in the United States as the “Shark” (signed LeCoultre, as seen on this example), the E2643 is the kind of watch that makes you wonder why modern JLC doesn’t revisit designs like this. The reverse panda dial features a classic Valjoux 72 layout, with chronograph minute counter, hour counter, and running seconds at 3, 6, and 9 o’clock respectively, along with a tachymeter scale on the rehaut. The dial on this example is particularly clean, with all tritium lume plots intact and aged to a beautiful creamy hue. The 40.5 mm case—large for its time—remains exceptionally full and sharp, as does the bi-directional rotating minute bezel. The movement arrived in excellent health, running at +3 seconds per day with 281 amplitude and a 0.2 ms beat error. Here at Falco, we’ve always had a soft spot for Jaeger-LeCoultre, and we’re proud to be offering several in the coming weeks: starting with this beauty.",Falco Watches,2026-04-18,False
ROLEX OYSTER PERPETUAL 18K YELLOW GOLD 6502 'SANDWICH DIAL',Rolex,7250,https://falco-watches.com/products/rolex-oyster-perpetual-18k-yellow-gold-6502-sandwich,https://cdn.shopify.com/s/files/1/0904/9201/0882/files/ROLEXOYSTERPERPETUAL18KYELLOWGOLD6502_SANDWICHDIAL.jpg?v=1776426968,"THE ESSENTIALS MAKE: ROLEX MODEL: 6502 YEAR: 1958 BOX/PAPERS: NO/NO CASE DIAMETER: 34mm CASE MATERIAL: 18K YELLOW GOLD BRACELET MATERIAL: LEATHER MOVEMENT: AUTOMATIC Part of the allure of vintage Rolex collecting is that, regardless of your taste, there’s almost always something that will draw you in. In the early days of the vintage Rolex community, bubblebacks were everything. Fast forward to the last 20–30 years, and the sports watch range took over—Submariner, GMT, Daytona, Explorer—becoming the backbone of the market alongside their modern counterparts. In recent years, however, there has finally been more attention given to the dressier precious metal pieces. The reference 6502 here is niche. It’s neither a Day-Date nor a Datejust, but comes from the Oyster Perpetual range. There’s nothing “average” about this seemingly humble 34 mm watch, however. In fact, this is easily the hardest Rolex for me (Tommy) to let go of in recent weeks. Dating back to 1958, the watch features an 18k yellow gold case and a unique “two-piece” sandwich dial. The central portion features an applied Rolex crown, applied hour markers, and the Rolex Oyster Perpetual signature at 12 o’clock, along with the “Officially Certified Chronometer” text at 6 o’clock. The minute track and lume plots, however, sit on an outer ring surrounding the central dial. The unique construction gives the watch incredible depth despite being time-only. The case is in great condition, as is the dial, which has aged to a lovely off-white patina. All of the lume plots are intact—they glow brightly under UV before quickly fading. The original Brevet crown and butterfly rotor are both present. Based on our research, fewer than five examples of this watch have surfaced publicly. This exact example was sold at auction around a decade ago, and later by Amsterdam Vintage Watches a few years on. When it found its way to us via a gentleman whose job we are all quietly jealous of, the boys here at Falco quickly fell in love. The movement runs beautifully at +3 s/day, with an amplitude of 268° and a beat error of 0.3 ms. The original 18k yellow gold buckle is still in place. Simply amazing.",Falco Watches,2026-04-17,False
OMEGA RANCHERO CK2996 'RAF',Omega,5750,https://falco-watches.com/products/omega-ranchero-2996,https://cdn.shopify.com/s/files/1/0904/9201/0882/files/OMEGARANCHERO2996RAF_97c2b386-37da-4801-baa3-bc7720ed3e09.jpg?v=1775747512,"THE ESSENTIALS MAKE: OMEGA MODEL: CK2996 YEAR: 1958 BOX/PAPERS: YES/NO CASE DIAMETER: 36MM CASE MATERIAL: STAINLESS STEEL BRACELET MATERIAL: STAINLESS STEEL MOVEMENT: MANUAL WIND The year 1957 is arguably the most significant in Omega’s history. It was the year the brand released its famed “Master Trilogy”: the Seamaster CK2913, Railmaster CK2914, and Speedmaster CK2915. However, few know that there was actually a quiet fourth musketeer—the Ranchero CK2990. Unlike the Trilogy, which continues to anchor Omega’s flagship lineup today, the Ranchero was short-lived, with production limited to just 1958 and 1959. The present example carries the reference CK2996, a variation that was fitted with either Ranchero or Seamaster dials. Unlike the CK2990, which features a small seconds sub-dial, the CK2996 Ranchero is distinguished by its central seconds hand. It's difficult to understand why the Ranchero wasn’t more popular in its time. The 36mm case shares the classic round profile of its Seamaster and Railmaster siblings, and the dial is a masterclass in balance and simplicity, featuring Arabic numerals at 3, 9, and 12. This dial, in particular, is absolutely stunning—the radium lume on both the markers and hands has aged to a warm pumpkin-cream hue. The case is also in fantastic condition, showing only minimal signs of polishing, and the later Gay Frères-made Omega beads-of-rice bracelet exhibits nearly no sag. What makes this watch even more special is its provenance: it was purchased buy Frederick Brown whilst serving in the RAF, with his name and service number engraved on the caseback. The movement has been freshly checked and is running beautifully at 0 s/d, with 255 amplitude and a beat error of 0.9 ms—not bad at all for a watch approaching 70 years old. An outstanding example of a rare and historically overlooked Omega reference.",Falco Watches,2026-04-11,False
OMEGA PLANET OCEAN 600M 215.30.44.21.01.001 2025,Omega,4495,https://falco-watches.com/products/omega-seamaster-planet-ocean-2,https://cdn.shopify.com/s/files/1/0904/9201/0882/files/OMEGAPLANETOCEAN600M.jpg?v=1775747488,"THE ESSENTIALS MAKE: OMEGA MODEL: 215.30.44.21.01.001 YEAR: 2025 BOX/PAPERS: YES/YES CASE DIAMETER: 43.5MM CASE MATERIAL: STAINLESS STEEL BRACELET MATERIAL: STAINLESS STEEL MOVEMENT: AUTOMATIC The Omega Seamaster 300 began its life in 1957 with reference CK2913, launched alongside the Speedmaster and Railmaster to form the famed “Master Trilogy.” While the Seamaster lineage dates back to the 1940s, the Seamaster 300 was Omega’s first true diver’s watch, featuring a guaranteed water resistance of 200 metres (tested to 300 metres—hence the name). Nearly half a century later, in 2005, Omega introduced the Planet Ocean line, alongside the Seamaster 300, which has remained in the catalogue ever since. The Planet Ocean was designed to be a more “hardcore” diver, offering 600 metres of water resistance—which, as we know, is absolutely essential for our intense desk-diving activities. This example comes from the third generation of the Planet Ocean lineup and is one of the last produced by Omega, sold only a few months ago in 2025. As you would expect, the watch is in perfect condition and comes complete with all of its original boxes, booklets, tags, and guarantee cards. It is still under Omega warranty.",Falco Watches,2026-04-10,False
ROLEX SUBMARINER DATE 16610 'TRITIUM DIAL',Rolex,6995,https://falco-watches.com/products/rolex-submariner-date-16610-tritium-dial-2,https://cdn.shopify.com/s/files/1/0904/9201/0882/files/ROLEXSUBMARINERDATE16610_TRITIUMDIAL_d2a4d639-a763-4735-bf8d-3b3626ef37ef.jpg?v=1775805207,"THE ESSENTIALS MAKE: ROLEX MODEL: 16610 YEAR: 1997 BOX/PAPERS: YES/NO CASE DIAMETER: 40 mm CASE MATERIAL: STAINLESS STEEL BRACELET MATERIAL: STAINLESS STEEL MOVEMENT: AUTOMATIC The reference 16610 occupies an interesting space in the Rolex Submariner lineage. On one hand, it is probably the most recognisable member of the Submariner family (until the recent modern Rolex boom). Produced for over two decades, from 1987/88 to 2010, coinciding with some of the most exciting years of economic growth, the 16610 arguably marked the transition of the Submariner from a practical tool watch to a status symbol. During this time, the model saw numerous dial and case variations—tritium, Luminova, Super-LumiNova dials; drilled lug cases; no-hole cases—the list goes on. However, fast-forward to today, the 16610 has fallen into somewhat of an obscurity, perhaps a victim of the sheer volume available on the market, and the fact that most examples look very similar despite the incremental changes. The example we have here, however, is nothing short of outstanding. Dating to 1997, the tritium lume on the markers and hands has aged to a rich, creamy hue, something relative rare for 16610s. The case has been lightly polished before but remains full. The original full-link “Z”-coded clasp (1997) shows minimal stretch. There are minor scratches on the bezel. The movement came to us in perfect health, running at +4 s/day, with an amplitude of 280° and a beat error of 0.3 ms. It comes with its original boxes, wallet, translation papers, and anchor. The creamy colours make such a difference on these 16610s: a beautiful example of a neo-vintage icon.",Falco Watches,2026-04-10,False
ROLEX DATEJUST 1601/8 18K YELLOW GOLD 'CHAMPAGNE DIAL',Rolex,13495,https://falco-watches.com/products/rolex-datejust-1601-8,https://cdn.shopify.com/s/files/1/0904/9201/0882/files/ROLEXDATEJUST1601_8.jpg?v=1775747574,"THE ESSENTIALS MAKE: ROLEX MODEL: 1601/8 YEAR: 1967 BOX/PAPERS: NO/NO CASE DIAMETER: 36mm CASE MATERIAL: 18K YELLOW GOLD BRACELET MATERIAL: 18 YELLOW GOLD MOVEMENT: AUTOMATIC The Rolex Datejust, introduced in 1945 as the world’s first automatic wristwatch with a date display, has been a cornerstone of the Rolex lineup for nearly 80 years. Despite its status as one of the brand’s most iconic designs, the Datejust is often overlooked by collectors in favour of more prominent models such as the GMT, Submariner, and Daytona. Many perceive the Datejust as an “entry-level” Rolex—a more accessible option for those dipping their toes into vintage collecting, or the “first watch to ask for” at your local AD to get on the list for that BLRO. However, not all Datejusts were created equal: just look at the present example, reference 1601/8. While most 1601s were produced in stainless steel or steel-and-gold configurations, typically paired with Jubilee bracelets, a select few were crafted entirely in precious metal, such as the 18k yellow gold example we have here. The 1601/8 was also fitted with the President bracelet, more commonly associated with the Day-Date. This watch has survived in remarkable condition after nearly 60 years. The sunburst champagne dial is near perfect, with all tritium lume plots intact and aged to a beautiful creamy hue. The case has been polished before but remains strong. The original President bracelet shows some sag and is one link short, fitting up to a 19 cm wrist. The movement came to us in excellent health, running at +1 s/day, with an amplitude of 290° and a beat error of 0.1 ms. These early four-digit gold Datejusts on bracelet are extremely hard to find, especially in good condition, even more so than their Day-Date counterparts. They wear beautifully on the wrist, and that warm shade of gold is to die for.",Falco Watches,2026-04-10,False
BEUCHAT 1000M 'FRENCH NAVY PROVENANCE',Beuchat,2350,https://falco-watches.com/products/beuchat-1000m-french-navy-provenance,https://cdn.shopify.com/s/files/1/0904/9201/0882/files/BEUCHAT1000M_FRENCHNAVYPROVENANCE.jpg?v=1775049738,"THE ESSENTIALS MAKE: BEUCHAT MODEL: 1.187.1.0.04 YEAR: 1994 BOX/PAPERS: NO/YES CASE DIAMETER: 42MM CASE MATERIAL: STAINLESS STEEL BRACELET MATERIAL: TEXTILE MOVEMENT: AUTOMATIC Here at Falco, we are fortunate to have handled many rare military-issued watches: from Royal Navy-issued Precistas to Aeronautica Militare–issued Zeniths and Marine Nationale–issued Auricostes. What we have here, however, is something even lesser known: a Beuchat Marine Nationale Diver. If your immediate reaction was to Google what on earth Beuchat is, you would likely have been met with catalogues of dive masks and wetsuits, you’re welcome. Indeed, Beuchat is a dive equipment company founded in Marseille in 1934. In the 1990s, however, they were commissioned to produce watches for the French Navy, and the result was this ultimate diving machine. The watch means business, boasting an impressive 1000 m depth rating. The case design is robust and practical, as is the dial, with high-contrast markers, hands, and layout for maximum legibility. Despite its 42 mm case, the lug-to-lug is only 45 mm, making it a joy to wear even on smaller wrists. This example was ordered from the Service d’approvisionnement des ordinaires et des marins at the Cherbourg Naval base in 1994. It comes with its original Velcro strap and is currently fitted on these lovely black textile straps. So cool.",Falco Watches,2026-04-02,False
OMEGA SPEEDMASTER 'FIRST OMEGA IN SPACE' FULL SET,Omega,5995,https://falco-watches.com/products/omega-speedmaster-first-omega-in-space-3,https://cdn.shopify.com/s/files/1/0904/9201/0882/files/OMEGASPEEDMASTERFIRSTOMEGAINSPACE_6f6e7d39-cc72-438d-88c0-c76741c00f75.jpg?v=1775050061,"THE ESSENTIALS MAKE: OMEGA MODEL: 310.30.40.50.06.001 YEAR: 2024 BOX/PAPERS: YES/YES CASE DIAMETER: 39.7MM CASE MATERIAL: STAINLESS STEEL BRACELET MATERIAL: STAINLESS STEEL MOVEMENT: MANUAL WIND The Omega Speedmaster “First Omega in Space” here is by far our favourite modern Omega at Falco. We are, of course, biased… the straight-lug 39.7 mm case, pumpkin markers, alpha hands, and “DON” bezel—these are exactly the features that make our hearts race in a vintage Speedy. This example dates to 2024 and comes complete with all of its original boxes and paperwork. The watch is, of course, still under Omega warranty. The previous owner is easily one of the coolest friends of ours—the full story is available free of charge at the Falco showroom.",Falco Watches,2026-04-01,False
ROLEX SUBMARINER DATE 1680 MK2,Rolex,10350,https://falco-watches.com/products/rolex-submariner-date-1680-mk2-2,https://cdn.shopify.com/s/files/1/0904/9201/0882/files/ROLEXSUBMARINERDATE1680MK2_b1386f59-53a6-4a32-82ac-4411d164f8e7.jpg?v=1775406629,"THE ESSENTIALS MAKE: ROLEX MODEL: 1680 YEAR: 1978 BOX/PAPERS: NO /NO CASE DIAMETER: 40 mm CASE MATERIAL: STAINLESS STEEL BRACELET MATERIAL: STAINLESS STEEL MOVEMENT: AUTOMATIC Rolex released the reference 1680 in 1967 as the original “Date Sub,” more than a decade after the Submariner’s inception. It featured a distinctly different case design and a unique “Top Hat” crystal with the iconic cyclops magnifier. In the first decade of its life, these watches were affectionately known as “Red Subs” due to the distinctive red lettering on their dials. Over time, the Red Sub has become one of the most sought-after vintage Rolex models: a grail for many collectors, with a price tag to match. In comparison, 1680s featuring white dials are perhaps some of the most underappreciated vintage Rolexes. Produced between 1976 and 1979, they feature white text across three dial variants, commonly referred to as the Mk1, Mk2, and Mk3. The present example from 1979 features a Mk2 dial in superb condition. The tritium lume on the markers and hands has aged to a rich, creamy hue, and the dial remains free of imperfections. The case has only been lightly polished in the past and remains superbly strong. The original top hat crystal is included with the watch, though the previous owner fitted a T19 dome crystal, giving it a subtle Sea-Dweller look but without the added thickness. I (Tommy) used to watch Stef get completely confused by the idea of a dome crystal on a 1680. However, the big man has now fallen in love with this watch, a perfect testament to the fact that nothing is certain in vintage watches, and our tastes do evolve. The movement is running beautifully at +2 s/day, with an amplitude of 276° and a beat error of 0.1 ms. An honest example of a Rolex icon.",Falco Watches,2026-03-30,False
IWC PORTOFINO AUTOMATIC CAL.85,IWC,2650,https://falco-watches.com/products/iwc-portugieser-325-third-series-missing-link-copy,https://cdn.shopify.com/s/files/1/0904/9201/0882/files/IWCPORTOFINOAUTOMATICCAL.85.jpg?v=1772792113,"THE ESSENTIALS MAKE: IWC MODEL: PORTOFINO YEAR: 1950 BOX/PAPERS: NO/NO CASE DIAMETER: 35mm CASE MATERIAL: STAINLESS STEEL BRACELET MATERIAL: LEATHER MOVEMENT: AUTOMATIC Here at Falco, a watch will sometimes mysteriously disappear from the showroom after a “coming soon” post, only to reappear on Mr Jake Boreham’s Instagram as he travels the world… Thankfully, in this case, this lovely IWC from 1950 (yes—76 years old) has found its way back to us. In Jake’s words: “What the xxxx has gone wrong in the last 70-odd years?” The sleek 35mm case, cream dial, applied square markers, elegant IWC signature, and those out-of-this-world lugs make this one of the prettiest watches we’ve had in recent weeks—especially at such an attractive price point. The automatic calibre 85 inside is a product of Albert Pellaton’s genius during his time as IWC’s technical director. Many watchmakers would agree that IWC produced some of the most robust movements of the era, and this example is no exception, still running at +4 s/d, 269 amplitude, with a 0.4 ms beat error. As we say here at Falco—if it’s good enough for Jake…",Falco Watches,2026-03-21,False
BREITLING NAVITIMER 806 'TWIN JET' GOLD CAPPED,Breitling,3995,https://falco-watches.com/products/breitling-navitimer-twin-jet-gold-capped,https://cdn.shopify.com/s/files/1/0904/9201/0882/files/BREITLINGNAVITIMER_TWINJET_GOLDCAPPED.jpg?v=1773942925,"THE ESSENTIALS MAKE: BREITLING MODEL: 806 YEAR: 1966 BOX/PAPERS: NO /NO CASE DIAMETER: 41 mm CASE MATERIAL: STAINLESS STEEL BRACELET MATERIAL: STAINLESS STEEL MOVEMENT: MANUAL WIND By now, it’s hardly a secret that we love vintage Navitimers here at Falco. They are among the most unique, beautiful, and historically important watches of the mid-century period, yet remain somewhat overlooked in today’s market compared to other vintage sports chronographs from brands like Heuer, Rolex, and Omega. Originally developed in 1952, the earliest Navitimers were produced exclusively for the Aircraft Owners and Pilots Association (AOPA). These early models were powered by the renowned Valjoux 72 movement and featured an all-black dial with the AOPA logo. Produced for only a year, these so-called “pre-806” models are as rare as hen’s teeth. In 1956, Breitling introduced the reference 806, now powered by the Venus 178 movement: a configuration that would remain in use until the early 1970s. The present example dates to 1966 and features a “reverse panda” dial, milled-edge bezel, and “twin-jet” layout—arguably the most iconic and recognisable iteration of the Navitimer. However, instead of the more commonly seen stainless steel case with a black and white dial, this watch features a rare 18K gold-capped case paired with a black gilt dial, and it's glorious. The case have remained untouched throughout its life, with extensive oxidation to the gold that we love to see. The small-eye “twin-jet” dial complements the gold-capped case beautifully: the gilt printing remains sharp, the tritium lume has aged to a rich creamy hue, and the subdials have developed a deep champagne tone. There are some marks present on the subdials and bezel. The watch has recently been serviced and is running beautifully at +3 s/d, 282 amplitude, with a 0.2 ms beat error. Celebrating its sixtieth birthday this year, this lovely 806 is looking good as ever.",Falco Watches,2026-03-21,False
ROLEX GMT MASTER II 16710 PEPSI 'FULL SET',Rolex,10495,https://falco-watches.com/products/rolex-gmt-master-ii-16710-pepsi-full-set,https://cdn.shopify.com/s/files/1/0904/9201/0882/files/ROLEXGMTMASTERII16710PEPSI_FULLSET.jpg?v=1773943694,"THE ESSENTIALS MAKE: ROLEX MODEL: 16710 YEAR: 2000 BOX/PAPERS: YES/ YES CASE DIAMETER: 40 mm CASE MATERIAL: STAINLESS STEEL BRACELET MATERIAL: STAINLESS STEEL MOVEMENT: AUTOMATIC The GMT-Master II ref. 16710 is one of our favourite 5-digit Rolex models. The 16710 was in production for eighteen years, eventually being phased out in 2007. During that time, several subtle, but important changes were made to the reference. The 16710 directly superseded the 16760 with its slimmer case whilst still retaining the cal. 3185 movement. Early 16710 examples feature tritium dials such as the previous GMT Master models. Between 1997 and 2000, like most Rolexes from the era, 16710 dials transitioned from tritium to Luminova, then to Super Luminova, as indicated by 'SWISS' and 'SWISS MADE' signatures at 6 o'clock. The present watch is a transitional 'SWISS MADE' example whilst retaining the lug hole case which allows for easier strap change. The dial and hands are spotless on this watch. The case has been lightly polished before but remains very strong. The red portion of the Serif Pepsi insert has faded to an attractive light pink colour. It comes complete with its original inner and outer boxes, booklets, wallet, and the original guarantee papers. It runs superbly at -3 s/d, 275 amps with a beat error of 0.2 ms. These pieces are a great entry point into the neo-vintage world. T hey wear so well on the wrist and have all the modern elements you want but with a touch of the old charm.",Falco Watches,2026-03-20,False
ROLEX SUBMARINER DATE 18K YELLOW GOLD 16618 ‘LAPIS LAZULI’,Rolex,119995,https://falco-watches.com/products/rolex-submariner-date-16618-lapis-lazuli-dial,https://cdn.shopify.com/s/files/1/0904/9201/0882/files/ROLEXSUBMARINERDATE16618_LAPISLAZULI.jpg?v=1772792329,"THE ESSENTIALS MAKE: ROLEX MODEL: 16618 YEAR: 1991 BOX/PAPERS: YES/YES CASE DIAMETER: 40 mm CASE MATERIAL: 18K YELLOW GOLD BRACELET MATERIAL: 18K YELLOW GOLD MOVEMENT: AUTOMATIC In 1988, Rolex released the next generation of the Submariner, the reference 16610, which remained largely unchanged for over 20 years. In the same year, they also introduced the full 18k yellow gold variant, the 16618. The watch was as visually striking as it was expensive: nearly six times the price of its steel sibling. As a result, Rolex produced far fewer, with a total of only 20,568 pieces made over the years. What most people don’t know is that, in 1990 and 1991, Rolex made the bold move to produce two stone dials for the Submariner: onyx and lapis. The brand is well known for fitting stone dials to its Day-Date and Datejust lines, and these have become some of the most collectible vintage Rolexes in recent years. The 16618 we have here, however, represents the first and only time Rolex has done this within the Submariner line. Lapis is a fascinating stone. It has been used in jewellery since Mesopotamian times and is notoriously difficult to source and work with. The most prized lapis comes from Afghanistan, and only the finest material is used for watch dials. If you’ve had the chance to read The Dial by Dr Helmut Crott, you’ll appreciate just how challenging these dials are to produce. It was only in 1977 that Stern Frères managed to manufacture them successfully, thanks to a technique known as ultrasonic boring. The dial itself is less half a mm thick—you can imagine how delicate it is. As a result, many cracked during production and had to be discarded. Lapis dials are among the most sought-after due to their natural variation—no two are ever the same. This particular dial is flawless, with no cracks and only minimal amounts of pyrite (gold-coloured) and calcite (white) inclusions. It is easily one of the best lapis dials we have seen on any Rolex. The ocean-blue colour is vivid and truly pops against the gold case. The case and bracelet remain in superb condition, both having seen minimal polishing. The crystal was replaced during a Rolex service in the mid-2000s. The watch comes complete with its inner and outer boxes, booklets, wallet, translation booklet, cloth, gold anchor, and punched papers. It was originally sold at Wempe in Berlin. Examples like this are as rare as hen’s teeth, and the dial on this watch is certainly one of the finest we have seen based on prev",Falco Watches,2026-03-19,False
HEUER MONZA CHRONOGRAPH 150.501 'ECONOMY',Heuer,3995,https://falco-watches.com/products/heuer-monza-chronograph-150-502,https://cdn.shopify.com/s/files/1/0904/9201/0882/files/HEUERMONZACHRONOGRAPH150.501CAL12.jpg?v=1772815445,"THE ESSENTIALS MAKE: HEUER MODEL: 150.501 YEAR: 1981 BOX/PAPERS: NO /NO CASE DIAMETER: 39MM CASE MATERIAL: STAINLESS STEEL / (PVD) BRACELET MATERIAL: LEATHER MOVEMENT: AUTOMATIC In vintage watch collecting, Heuer chronographs were among the earliest watches to truly spark collectors’ interest, led by pioneers such as Jeff Stein of On the Dash . It’s no surprise—throughout the 1960s and 1970s, Heuer was arguably the leading manufacturer of utilitarian sports chronographs, leaving behind an extraordinary catalogue of icons such as the Carrera, Camaro, Monaco, and Monza, all of which remain highly collectible today. The Monza was introduced in 1976, designed by Jack Heuer to celebrate Niki Lauda’s first Formula 1 World Championship with Ferrari in 1975. It is instantly recognisable thanks to its PVD-coated, cushion-shaped case and striking red dial accents. Monzas were powered by either the Calibre 12 or Calibre 15 movements: Cal. 15 versions display an asymmetrical layout, while Cal. 12 examples feature two symmetrical registers—just like the watch seen here. Nearly 50 years later, the Monza remains one of our favourite Heuers from the era. This example is in fantastic condition: the tritium lume plots are all intact and have aged to a rich, creamy hue, providing wonderful contrast against the black dial and vivid red accents. The dial is the rarer ""economy"" version, where ""Monza"" is missing. The movement came to us serviced, and is running beautifully at +1 s/day, with an amplitude of 285° and a beat error of 0.2 ms. Vintage Heuers like this are undeniably cool and continue to represent outstanding value in the world of collectible chronographs.",Falco Watches,2026-03-08,False
FRANCK MULLER 7000CC B BI-RETRO CHRONOGRAPHE,Frank Muller,4495,https://falco-watches.com/products/franck-muller-7000-cc-b-bi-retro-chronograph,https://cdn.shopify.com/s/files/1/0904/9201/0882/files/FRANCKMULLER7000CCBBI-RETROCHRONOGRAPH.jpg?v=1772792033,"THE ESSENTIALS MAKE: FRANCK MULLER MODEL: 7000CC B YEAR: c2000 BOX/PAPERS: NO /NO CASE DIAMETER: 41 mm CASE MATERIAL: STAINLESS STEEL BRACELET MATERIAL: LEATHER MOVEMENT: AUTOMATIC If you were into watches in the 1990s to early 2000s, you’d know that Franck Muller was one of the “hottest” brands on the market. They were particularly popular in Asia, often seen as a status symbol thanks to the brand’s signature tonneau case and bold dial designs. Unfortunately, the brand experienced a significant drop in popularity over the following two decades, perhaps due to the large variety of models introduced and heavy discounting both in-store and, in particular, on the secondary market. However, for us watch nerds, Franck Muller remains one of the most formidable and respectable brands—especially in its early years following its founding in 1991. Founded by Franck Muller and Vartan Sirmakes, the brand quickly gained a reputation for serious watchmaking. Muller himself was widely regarded as one of the finest watchmakers of his generation, having spent years restoring and studying some of the most complicated watches ever made. In the early days, the brand focused heavily on high complications, producing perpetual calendars, tourbillons, and minute repeaters. Although Franck Muller is now best known for its tonneau-shaped Cintrée Curvex watches, the brand initially entered the market with more traditional complication pieces. These watches were produced in extremely small numbers and remain among the most collectible examples from early independent watchmaking. The present example dates back to the early 2000s and is a perfect illustration of what Franck Muller is all about. Housed in a 41 mm coin-edge case, it features a bi-retrograde display in place of traditional subdials. The dial is bold yet beautifully executed—something Franck Muller embraced at a time when most other brands were still very much following the slow-and-steady design philosophy. The original straps are included, though we have fitted the watch with these lovely curved-lug straps from our friends at The Strap Tailor. The movement is running perfectly at +2 s/day, with an amplitude of 290° and a beat error of 0.1 ms. Here at Falco, we pride ourselves on bringing underappreciated vintage gems to the world—and this is easily one of our favourites.",Falco Watches,2026-03-06,False
ROLEX SUBMARINER 6536-1 'PRE-BOND',Rolex,19995,https://falco-watches.com/products/rolex-submariner-6536-1-tritium-dial,https://cdn.shopify.com/s/files/1/0904/9201/0882/files/ROLEXSUBMARINER6536-1_TRITIUMDIAL.jpg?v=1771676210,"THE ESSENTIALS MAKE: ROLEX MODEL: 6536-1 YEAR: 1955 BOX/PAPERS: NO/NO CASE DIAMETER: 37 mm CASE MATERIAL: STAINLESS STEEL BRACELET MATERIAL: STAINLESS STEEL MOVEMENT: AUTOMATIC The 6536-1 is a fascinating reference, packing a remarkable number of changes into a four-year production period — which is precisely why it remains one of the most collectible Submariners. Technically, the 6536 began life in 1954 as the transitional reference 6536/8, essentially a hybrid of the 6538 Big Crown and the 6536. The double reference shared the same dial layout as the first iteration of the 6536-1, known in collecting circles as the Red Depth . Based on the serial number 112xxx, this watch would almost certainly have left the factory with a Red Depth dial. However, as is common with radium-era watches, many dials were replaced by the manufacturer during service. The present service dial dates to the 1970s, as do the hands. Both feature what we refer to as “dead tritium” — tritium with little UV reactivity, typical of 1970s and early 1980s matte dials. The Mk3 insert is also consistent with a 1970s service replacement. The Brevet crown has survived, as has the unmarked Swiss-made solid rivet bracelet with 58 end links. After a recent service the movement is running at a tremendous -1 s/d, 275 amps with a best error of 0.2ms. This represents a highly accessible way to acquire a very attractive vintage small-crown Submariner — without the eye-watering cost associated with fully original examples.",Falco Watches,2026-02-22,False
ROLEX EXPLORER II 16570 'BLACK TRITIUM DIAL',Rolex,5850,https://falco-watches.com/products/rolex-explorer-ii-16570-black-tritium-dial-3,https://cdn.shopify.com/s/files/1/0904/9201/0882/files/ROLEXEXPLORERII16570_BLACKTRITIUMDIAL_8d02e969-6ff4-47d6-8104-02fab67eece6.jpg?v=1771674996,"THE ESSENTIALS MAKE: ROLEX MODEL: 16570 YEAR: 1995 BOX/PAPERS: NO/NO CASE DIAMETER: 40MM CASE MATERIAL: STAINLESS STEEL BRACELET MATERIAL: STAINLESS STEEL MOVEMENT: AUTOMATIC For many years, the Rolex Explorer II was an underappreciated gem in the world of vintage Rolex collecting. That has changed in recent times, with early references such as the 1655 “Steve McQueen” and the 16550 now commanding serious attention from collectors along with ever-increasing price tags. The reference 16550 was produced for just four years before being succeeded by the 16570 in 1989. The 16570 then enjoyed a substantial 22-year production run before being replaced by its larger 42 mm successor. Over this long lifespan, Rolex introduced numerous subtle changes across the dial, case, and bracelet. The watch offered here is a lovely black tritium dial variant dating back to 1995. The tritium lume on the markers have aged to a deep, creamy hue, whilst the hands are slightly lighter, a common trait for this reference. The case is very strong, having likely been polished no more than once or twice in its lifetime. The bracelet, case, and bezel show only light, honest wear. The bracelet would fit a 19cm wrist. The movement has been freshly serviced, running at +2 seconds per day with 282 amplitude and a 0.2 ms beat error. That shade of warmth on the lume makes all the difference on black-dial Explorers. An exceptionally beautiful watch on the wrist.",Falco Watches,2026-02-21,False
IWC PILOT 'DOPPELCHRONOGRAPH' SPITFIRE,IWC,4850,https://falco-watches.com/products/iwc-pilot-doppelchronograph-iw371338-full-set,https://cdn.shopify.com/s/files/1/0904/9201/0882/files/IWCPILOT_DOPPELCHRONOGRAPH_RATTRAPANTEIW3713FULLSET.jpg?v=1771674919,"THE ESSENTIALS MAKE: IWC MODEL: IW371338 YEAR: 2005 BOX/PAPERS: YES/YES CASE DIAMETER: 42MM CASE MATERIAL: STAINLESS STEEL BRACELET MATERIAL: STAINLESS STEEL MOVEMENT: AUTOMATIC It is no secret that we love IWCs here at Falco. While modern IWCs have taken an intriguing direction with their (mostly) oversized designs and luxury positioning, one doesn’t need to look too far back in the catalogue to find real gems that combine simplicity, robustness, quality, and class. Among our favourites are the pilot’s watches from the 1990s to early 2000s, such as the IW3706 Fliegerchronograph (which we love to bits). At first glance, the watch presented here looks just like a 3706 — a simple black dial with printed numerals, day and date windows at 3 o’clock, and a straightforward case with a predominantly brushed satin finish and thin polished bevels. However, a closer look at the slightly larger case and the additional pusher at 10 o’clock quickly reveals the difference — this is in fact IWC’s take on a split-seconds chronograph (Rattrapante). Originally launched as the ref. IW3711 in 1992, the “Doppelchronograph” uses a Valjoux 7750-based movement modified by the famed Richard Habring. The 2 o’clock pusher activates the two overlapping chronograph seconds hands; pressing the 10 o’clock pusher then stops one hand to record an intermediate time while the other continues running. Produced from 1996 for roughly a decade, the IW3713 became a favourite among enthusiasts. Beautiful yet unpretentious, it represented exactly what many IWC buyers were looking for at the time — something distinct from the mainstream luxury Swiss offerings. The watch was offered in several metals and dial variations over the years. The present example is one of the final 3713s produced by IWC and features the rare “Spitfire” dial. It remains in fantastic condition, showing only faint surface marks to the case and a flawless dial. The original IWC bracelet fits up to a 19.5 cm wrist. The watch comes as a complete set, with all boxes, documents, and the original guarantee. The movement arrived in perfect health and is running at +3 s/day, with an amplitude of 292° and a beat error of 0.1 ms. In our opinion, this is one of the last great watches from IWC’s golden era.",Falco Watches,2026-02-21,False
HEUER CAMARO DATO 7843 'CHARCOAL DIAL',Heuer,4250,https://falco-watches.com/products/heuer-camaro-dato-7843-charcoal-dial,https://cdn.shopify.com/s/files/1/0904/9201/0882/files/HEUERCAMARO.jpg?v=1768063509,"THE ESSENTIALS MAKE: HEUER MODEL: 7843 YEAR: c1968 BOX/PAPERS: NO /NO CASE DIAMETER: 37 mm CASE MATERIAL: STAINLESS STEEL BRACELET MATERIAL: LEATHER MOVEMENT: MANUAL WIND The 1960s and ’70s were a golden era for sports chronographs, with numerous iconic models emerging from historic manufacturers such as Rolex, Omega, Breitling, and Universal Genève. However, few would argue against Heuer being the king of utilitarian, sports-focused chronographs during this period. In particular, Heuer released an array of racing chronographs—the Autavia, Carrera, Camaro, Monaco, and Monza—that remain iconic to this day. The Camaro was introduced in 1968, in keeping with Heuer’s racing theme, and was named after the Chevrolet Camaro to appeal to the American market. It features a 37 mm cushion-shaped case, with dial designs showing clear resemblance to Carreras from the same period. The ref. 7843 “Dato” was released in 1970 and features a date window at 6 o’clock, powered by the Valjoux 7732 movement. The model remained in production for only two years before being replaced by the ref. 73443. As a result, production numbers are extremely limited, estimated at just over 1,000 examples. The charcoal-dial 7843N we have here was a true “barn find.” It came to us with a crystal so heavily scratched that the dial was barely visible, and the watch had clearly not been worn for years. A few months, a full overhaul, and a new crystal later, we had in our hands one of the most beautiful Heuers we’ve ever had. The dial is flawless, as are the white-filled markers and black-filled hands. All of the tritium lume is intact and has aged to a rich, creamy colour. The case is particularly strong, retaining its factory bevels and finishing. The freshly serviced movement is running beautifully at +3 seconds per day, with an amplitude of 278 and a beat error of 0.3 ms. A seriously cool vintage Heuer, ready for its next journey.",Falco Watches,2026-02-19,False
SEIKO DIVER 6105-8000 'SLIM WILLARD',Seiko,1995,https://falco-watches.com/products/seiko-automatic-diver-6105-8000-slim-willard,https://cdn.shopify.com/s/files/1/0904/9201/0882/files/SEIKOAUTOMATICDIVER6105-8000_SLIMWILLARD_1_7dcee0f3-97bb-4b1d-9444-5b4192315826.jpg?v=1770652942,"THE ESSENTIALS MAKE: SEIKO MODEL: 6105-8000 YEAR: 1969 BOX/PAPERS: NO/NO CASE DIAMETER: 41mm CASE MATERIAL: STAINLESS STEEL BRACELET MATERIAL: RUBBER MOVEMENT: AUTOMATIC For many watch enthusiasts, the collecting journey begins with a Seiko—they never forget the first time they strapped on an SKX007. But Seiko divers are far from simple “beginner watches.” Throughout the 1960s and ’70s, the brand produced some of the most robust, innovative, and wearable tool watches of the era. The Seiko 6105-8000 debuted around 1968 as the successor to the 62MAS, Seiko’s first professional dive watch. Its slimmer cushion case later earned it the nickname “Slim Willard,” in reference to the third-generation 6105-8110/9, which was made famous by Martin Sheen in Apocalypse Now and subsequently nicknamed the “Captain Willard” after the character he portrayed. The later 8110/9 (with “0” denoting the Japanese market and “9” the U.S. market) features an asymmetrical case and integrated crown guards—design elements that feel strikingly modern even today. The Slim Willard presented here retains a symmetrical case profile and wears beautifully on the wrist. This example has remained in remarkable condition over the past 50-plus years. The original lume is still present, and the chrome bezel inlay shows some oxidation, exactly as you would expect. The case remains unpolished, displaying honest wear throughout. We’ve paired the watch with a classic Uncle Seiko rubber strap. The movement has just received a full service and is running at 0 s/day, with an amplitude of 245° and a beat error of 0.2 ms.",Falco Watches,2026-02-11,False
ROLEX SUBMARINER 6536-1 'GOLD DEPTH',Rolex,28995,https://falco-watches.com/products/rolex-submariner-6536-1-gold-depth-1,https://cdn.shopify.com/s/files/1/0904/9201/0882/files/HERO_ONLY7_301f82dc-e30e-49bc-b785-24e1760925db.jpg?v=1771586576,"THE ESSENTIALS MAKE: ROLEX MODEL: 6536-1 YEAR: 1956 BOX/PAPERS: NO/NO CASE DIAMETER: 37 mm CASE MATERIAL: STAINLESS STEEL BRACELET MATERIAL: STAINLESS STEEL MOVEMENT: AUTOMATIC The 6536-1 is a fascinating reference—one that packs an extraordinary number of changes into a four-year production period, which is why it remains one of the most collectible Submariners today. Technically, the 6536 began life in 1954 as the transitional reference 6536/8, essentially a hybrid of the 6538 Big Crown and the 6536. Around eight variants of this transitional model are known, with the present example belonging to the second iteration, often referred to as the “Gold Depth.” This watch retains its original dial, which still shows a strong Geiger reading. The lacquer has gassed out, as expected, but the gilt text remains in very good condition. The original gilt hands with radium lume show some oxidation—completely appropriate for a watch of this age. The hooked-5 insert dates from the late ’60s; aside from the bracelet, it is the only non-original component on the watch. The bracelet itself is a 7206 fixed-rivet with 75 end links and a clasp stamped 1/65. The case is in superb condition—polished in the past, but still extremely full. The movement has just been serviced and is running at approximately +9 seconds per day with 225 amplitude. These small- and big-crown references are becoming extremely difficult to find today, with totally original examples now achieving six-figure prices. This is a beautiful and honest example of one of Rolex’s most compelling early Submariners.",Falco Watches,2026-02-11,False
BREITLING NAVITIMER 806 AOPA MK 2.2,Breitling,9750,https://falco-watches.com/products/breitling-navitimer-aopa,https://cdn.shopify.com/s/files/1/0904/9201/0882/files/BREITLINGNAVITIMER806AOPAMK2.21.jpg?v=1770653188,"THE ESSENTIALS MAKE: BREITLING MODEL: 806 YEAR: 1958 BOX/PAPERS: NO /NO CASE DIAMETER: 40 mm CASE MATERIAL: STAINLESS STEEL BRACELET MATERIAL: LEATHER MOVEMENT: MANUAL WIND Among vintage chronograph enthusiasts, few would argue that it was not Heuer, Rolex, or Omega—but Breitling —that had the greatest impact on shaping the world of sports chronographs as we know it today. The brand’s most famous model is, of course, the Navitimer, originally developed in 1952 and still Breitling’s flagship today. The earliest Navitimers were produced exclusively for the Aircraft Owners and Pilots Association (AOPA). Powered by the renowned Valjoux 72 movement, they featured an all-black dial signed with the AOPA logo. Produced for just one year, these so-called “pre-806” models are as rare as hen’s teeth and highly prized among collectors. In 1956, Breitling introduced reference 806, now powered by the Venus 178 movement—a configuration that would remain in use until the early 1970s. While many people associate the 806 with the familiar “reverse panda” dial and white subdials, the earliest examples featured all-black dials. These are by far the most collectible among Breitling enthusiasts. The present watch is a very early (and rare) variation of the 806, featuring a Mk 2.2 dial. While many early Navitimers suffer from water ingress or movement issues, this near 70-year-old example has been preserved in astonishing condition. It is completely correct throughout, from the beaded bezel with its full 92 beads (yes, we counted), to the all-black dial with Breitling and Genève signatures, the stylised “B,” and the radium-lumed syringe hands and chronograph seconds hand. It is genuinely amazing on the wrist. This configuration—specifically the sibling without the “Genève” signature—was the reference point for Breitling’s 2019 “1959 Re-Edition.” The movement has received a full overhaul and is running at –1 s/day, with an amplitude of 310° and a beat error of 0.4 ms. An original instruction manual accompanies the watch—perfect if you decide to use the circular slide rule to calculate fuel consumption on the M25.",Falco Watches,2026-02-10,False
OMEGA FLIGHTMASTER 145.026 'DOT DIAL',Omega,4250,https://falco-watches.com/products/omega-flightmaster-145-026,https://cdn.shopify.com/s/files/1/0904/9201/0882/files/HERO_ONLY1.jpg?v=1765972230,"THE ESSENTIALS MAKE: OMEGA MODEL: 145.026 YEAR: 1970 BOX/PAPERS: NO/NO CASE DIAMETER: 43MM CASE MATERIAL: STAINLESS STEEL BRACELET MATERIAL: STAINLESS STEEL MOVEMENT: MANUAL WIND Launched at the tail end of the 1960s, the Flightmaster was conceived as a full-blown instrument for professional pilots. At a time when commercial aviation was booming and long-haul flights were redefining global travel, Omega answered the call with a purpose-built tool designed for life at 35,000 feet. Housed in a hefty 43 mm stainless-steel case, the Flightmaster’s distinctive tonneau shape prioritised function over form, with a design focused on protecting the movement from shock and magnetism. Inside beats the Omega calibre 911, a manual-wind chronograph movement with a 12-hour totaliser and running seconds at 9 o’clock. Unlike the earlier calibre 910, the 911 replaced the date window with a constant seconds subdial—better suited to cockpit timing, where every second counts. What truly set the Flightmaster apart was its multi-time-zone functionality. The bold blue hand, operated by the crown at 10 o’clock, tracks a second time zone, ideal for pilots crossing continents. The Flightmaster’s colourful array of pushers and crowns wasn’t just for show either; each was function-coded, with colour-matched gaskets and anodised caps for intuitive operation under pressure. This example has survived in excellent condition. The dial and hands are unmarked, and the tritium lume on the markers has aged to a warm, creamy patina. The case remains unpolished, and the original 1162/172 bracelet is full-linked and will fit up to a 20 cm wrist. A fantastic—and wonderfully vibrant—alternative to the Speedmaster.",Falco Watches,2026-02-10,False
ROLEX EXPLORER II 16550 'CREAM CHICCHI DI MAIS',Rolex,11995,https://falco-watches.com/products/rolex-explorer-ii-16550-cream-chicchi-di-mais-1,https://cdn.shopify.com/s/files/1/0904/9201/0882/files/ROLEXEXPLORERII16550_CREAMCHICCHIDIMAIS.jpg?v=1769711108,"THE ESSENTIALS MAKE: ROLEX MODEL: 16550 YEAR: 1987 BOX/PAPERS: NO /NO CASE DIAMETER: 40 mm CASE MATERIAL: STAINLESS STEEL BRACELET MATERIAL: STAINLESS STEEL MOVEMENT: AUTOMATIC As far as “transitional” Rolex references go, the Explorer II 16550 is among the most interesting and desirable. Following the commercial obscurity of the reference 1655 “Steve McQueen” (hard to imagine today), the 16550 was introduced with a new movement featuring a quickset date, hacking seconds, and the novel addition of an independently adjustable GMT hand. Despite its short four-year production run, the 16550 went through several dial variations. Early examples featured white-gold surrounds (WGS) on the hour markers, while later ones switched to black surrounds. By far the most desirable are the so-called “cream dial” versions. Due to a manufacturing imperfection, the dials on certain 16550s aged to a striking creamy tone, most commonly seen on WGS examples. This example dates to the end of 16550 production in 1987 and has been blessed by time with a lovely creamy dial. The tritium lume on the markers has aged to a darker pumpkin tone, while the lume on the hands is a few shades lighter, common of Chicchi Explorers. The watch has been worn and enjoyed over the years: there is some corrosion at the lower-right portion of the dial and wear to the case, particularly on the wider-font bezel unique to the 16550. Nevertheless, it remains beautiful on the wrist and is easily one of the watches that pairs best with Stef’s famous beige jumper. The movement is running beautifully at +2 s/day, with an amplitude of 291° and a beat error of 0.1 ms. The original 78360/501 bracelet with an M-coded (1988) clasp shows minimal stretch. With spotless cream-dial 16550s rapidly climbing in value and becoming one of the most collectible vintage Rolex references, this is a fantastic example to enjoy daily, offering all the charm of a creamy dial without the pressure of perfection.",Falco Watches,2026-01-29,False
AUDEMARS PIGUET DISCO VOLANTE 'CROSSHAIR DIAL',Audemars Piguet,5250,https://falco-watches.com/products/audemars-piguet-disco-volante,https://cdn.shopify.com/s/files/1/0904/9201/0882/files/AUDEMARSPIGUETDISCOVOLANTE.jpg?v=1768731381,"THE ESSENTIALS MAKE: AUDEMARS PIGUET MODEL: 5093 YEAR: c1958 BOX/PAPERS: NO/NO CASE DIAMETER: 32 mm CASE MATERIAL: 18K YELLOW GOLD BRACELET MATERIAL: LEATHER MOVEMENT: MANUAL WIND Whilst the Royal Oak is one of the most iconic watches of all time—and arguably saved Audemars Piguet, shaping the brand into what it is today after Gérald Genta's famous stroke of genius in 1972—the manufacture had, in fact, produced an incredible array of watches in the century leading up to it. Unfortunately, many of these watches and their stories are poorly documented and have been lost to time. This, however, arguably makes vintage AP collecting even more exciting, particularly as many models were produced in extremely limited numbers. In the 1950s, AP worked with independent German designer Gebhard Duve, who created a series of watches including the example seen here, known as the “Discovolante.” Italian for “flying saucer,” the name is fitting given the watch’s unmistakable design, characterised by a broad, stepped bezel. Similar aesthetics can be found in period designs from brands such as Vacheron Constantin, Jaeger-LeCoultre, and Universal Genève. This particular watch dates to the 1950s and features a 32 mm case that is shockingly thin, thanks to the ultra-slim Calibre 2003 movement. Aside from the signature on the dial, it is hard to imagine this watch coming from the same manufacture that would later produce the integrated-bracelet Royal Oak. The crosshair dial remains in lovely condition after seven decades, having developed a gentle creamy patina while retaining crisp, sharp printing throughout. The case is also exceptionally well preserved: the stepped bezel and applied hour markers show sharp definition, and the caseback engravings and hallmarks remain remarkably clear. On the wrist, the watch wears similarly to a Patek Philippe reference 96—small by modern standards, yet supremely elegant. The movement has been recently serviced and is running at a respectable +5 s/day, with an amplitude of 230° and a beat error of 0.5 ms. A beautiful vintage Audemars Piguet that looks equally at home on a man’s or a woman’s wrist. (Thanks to Tony Traina and AP Chronicles for their articles on the AP Discovolante, which greatly helped with the research.)",Falco Watches,2026-01-19,False
ROLEX SUBMARINER DATE 16610LV FLAT FOUR 'ERROR DIAL' NOS,Rolex,27995,https://falco-watches.com/products/rolex-submariner-date-16610lv-kermit-flat-four-error-dial-1,https://cdn.shopify.com/s/files/1/0904/9201/0882/files/HERO11.jpg?v=1766137445,"THE ESSENTIALS MAKE: ROLEX MODEL: 16610LV YEAR: 2003 BOX/PAPERS: YES /YES CASE DIAMETER: 40 mm CASE MATERIAL: STAINLESS STEEL BRACELET MATERIAL: STAINLESS STEEL MOVEMENT: AUTOMATIC In March 2004, a gentleman walked into a Rolex AD in Northampton to purchase a new watch for himself. He received a warm welcome and was invited to try on—and choose from—anything on display or in the catalogue, something we are rather unfamiliar with nowadays. After some time, he selected a Submariner with a rather unique green bezel. The shop assistant explained that this was a brand-new model, released just a few months earlier to celebrate the 50th anniversary of the Submariner. A brief back-and-forth later, the watch was sold for a whopping £2,650 (having spent the last few months on display...). Upon getting home, the gentleman placed the watch in his safe, among his rather impressive collection. What he did not expect was that the next time he would properly look at the watch would be some 13 years later, in 2017. As you can imagine, it looks exactly as it did the day it left the shop. No marks, no wear, and no ageing to the Super-LumiNova markers and hands. However, while handling it (alongside his other watches), he suddenly noticed that something looked a little strange… Before reading further, we encourage you to scroll through Jake’s high-resolution photos to see if you can spot it. Shocked by the discovery, the gentleman returned to the AD where he had purchased the watch over a decade earlier. They, too, could not believe their eyes. The watch was swiftly sent to Rolex UK for authentication. A few weeks later, it returned along with a letter from the store manager. Drumroll—it bears belief that the dial on this watch is slightly misaligned. While the bezel and markers are perfectly aligned, all of the dial text, including the minute track, is tilted clockwise. In the manager’s words: “I can only put the misalignment down to human error or perhaps less rigorous quality control at the time of manufacture than is currently implemented.” Thankfully, the owner declined to have the issue corrected (despite it being offered), and the watch remains unworn. We all know that early Flat Four “Kermits,” especially in untouched condition, have soared in popularity in recent years. However, what we have here is nothing short of a unicorn. By the early 2000s, Rolex was producing hundreds of thousands of watches per year, with strict quality control and a largely streamlined manuf",Falco Watches,2026-01-12,False
CARTIER NEW YORK TANK OBUS,Cartier,25495,https://falco-watches.com/products/cartier-tank-obus-1930,https://cdn.shopify.com/s/files/1/0904/9201/0882/files/09_01_25_HERO_EXPORT21.jpg?v=1768037894,"THE ESSENTIALS MAKE: CARTIER MODEL: TANK OBUS YEAR: c1938-42 BOX/PAPERS: NO /NO CASE DIAMETER: 21X32 mm CASE MATERIAL: 18K YELLOW GOLD BRACELET MATERIAL: LEATHER MOVEMENT: MANUAL WIND In 1904, Louis Cartier designed a watch for his friend, Brazilian aviator Alberto Santos-Dumont, who needed a hands-free way to tell the time while flying. The result, the Cartier Santos, became the first purpose-built men’s wristwatch and was made commercially available a few years later, in 1911. Over 100 years later, in 2025, Cartier ranked as the second-largest watch brand by revenue, sitting just behind Rolex. However, despite its historical importance and current market dominance, Cartier is rarely the first brand mentioned within the “collector community”. While this may seem strange at first glance, a closer look at Cartier’s history quickly explains why. Let’s address the elephant in the room first: most modern Cartier watches are not much to write home about. Ultra-rare limited editions and made-to-order pieces aside, the vast majority of modern Cartier watches use outsourced components and are relatively cheaply produced. One could argue they are closer to “jewellery watches” than true horological objects. This has not affected their popularity, nonetheless, it is Cartier after all. Looking slightly further back, the CPCP (Collection Privée Cartier Paris) stands out as the highlight of the neo-vintage era. These watches were produced very differently from Cartier’s usual output, featuring exceptional movements and craftsmanship and have rightly earned strong collector appreciation. In parallel, however, Cartier also produced large volumes of inexpensive fashion watches, such as the Must de Cartier line from the 1980s through the 2000s, a category we deliberately avoid at Falco. The year 1972 was pivotal for Cartier, marking the beginning of the brand’s consolidation. The Louis Cartier Collection and several other designs introduced during the 1970s laid the foundation for the brand as we know it today. Hodinkee published an excellent article on 1970s Cartier, which we highly recommend. For serious Cartier collectors, however, desirability increases exponentially the further back one traces into the brand’s history. In the early 20th century, Cartier split into three largely autonomous branches in London, Paris, and New York. Over the following six decades, each branch produced watches in extremely limited numbers, design-led, often made to order, and consequently h",Falco Watches,2026-01-11,False
GUILDCREST DELUXE CHRONOGRAPH,Guildcrest,2295,https://falco-watches.com/products/guildcrest-deluxe-chronograph,https://cdn.shopify.com/s/files/1/0904/9201/0882/files/FIRST_BATCH_HERO47_f03c44c9-361d-4e8b-853e-04d45975a905.jpg?v=1765140208,"THE ESSENTIALS MAKE: GUILDCREST MODEL: CHRONO YEAR: c1970 BOX/PAPERS: NO/NO CASE DIAMETER: 38mm CASE MATERIAL: STAINLESS STEEL BRACELET MATERIAL: LEATHER MOVEMENT: MANUAL WIND Guildcrest is one of those US brands that came and went in the 60's and 70's, Guildcrest essentially white labelled various models, this one being a Zodiac chronograph. A few brands did the same during that time period, 60 years on and they all remain more elusive than their base watch counterparts. This example has survived in tremendous condition, the grey painted dial is near perfect. The white subdials have some small black marks thats are near indistinguishable to the naked eye. The Chronograph houses a Valjoiux 7734 which has recently been serviced and is running like a dream. +3 s/d, 250 amps, with a beat error of 0.3",Falco Watches,2026-01-08,False
HEUER AUTAVIA GMT 2446C MK2,Heuer,9995,https://falco-watches.com/products/heuer-autavia-gmt-2446c-1,https://cdn.shopify.com/s/files/1/0904/9201/0882/files/HERO18.jpg?v=1766137909,"THE ESSENTIALS MAKE: HEUER AUTAVIA MODEL: 2446c YEAR: 1970 BOX/PAPERS: NO/NO CASE DIAMETER: 40mm CASE MATERIAL: STAINLESS STEEL BRACELET MATERIAL: CORFAM MOVEMENT: MANUAL WIND Heuer first applied the name Autavia (a portmanteau of Automotive and Aviation ) back in the 1930s, when it was used for dash clocks made for racing cars and aircraft — a clear nod to its intended use in both worlds. This golden era of motorsport and aviation remains the period most closely associated with the Autavia name. The Heuer Autavia GMT combines Heuer’s racing chronograph heritage with a GMT function. The result is the reference 2446C, a watch that offered not only cutting-edge functionality for its time, but arguably one of Heuer’s most beautiful designs. The 2nd-execution 2446C GMT offered here is perhaps the finest we’ve come across: the dial is clean, all tritium lume plots are intact and beautifully aged, and the Pepsi bezel has transformed into a vivid aquamarine blue and pink-red, an absolutely stunning fade. The pushers are the fluted type, which succeeded the earlier rounded style, and the caseback is the compressor-style snap back. The case remains sharp with excellent definition, and the overall presence is superb. The Valjoux 72 movement was recently serviced and is running at a very respectable +4 s/d, 277 amplitude, with a 0.5 ms beat error. For us, the 2446C GMT represents one of Heuer’s finest achievements — rarely seen in the wild, fully deserving of a place in any serious collection, and more than capable of holding its own against far more expensive chronographs.",Falco Watches,2025-12-22,False
HEUER MONACO 73633 'GREY DIAL',Heuer,6295,https://falco-watches.com/products/heuer-monaco-73663,https://cdn.shopify.com/s/files/1/0904/9201/0882/files/HERO9.jpg?v=1766137172,"THE ESSENTIALS MAKE: HEUER MODEL: 73633 YEAR: 1972 BOX/PAPERS: NO/NO CASE DIAMETER: 40MM CASE MATERIAL: STAINLESS STEEL BRACELET MATERIAL: LEATHER MOVEMENT: MANUAL WIND The 1960s and ’70s were a golden era for sports chronographs, with numerous iconic models emerging from historic manufacturers such as Rolex, Omega, Breitling, and Universal Genève. Few, however, would dispute Heuer’s position as the king of utilitarian, sports-focused chronographs during this period. In particular, Heuer released an array of racing chronographs—the Autavia, Carrera, Camaro, Monaco, and Monza—that remain iconic to this day. The Monaco, arguably one of the most recognisable watch designs of all time, was first released in 1969. It was among the very first commercially available automatic chronographs, powered by the Calibre 11. Its daring square silhouette was cemented in horological history when Steve McQueen wore one in the 1971 film Le Mans . The earliest Monacos featured the blue-dial ref. 1133B, followed by the metallic-grey ref. 1133G in 1972. That same year, Heuer introduced the ref. 1533, which housed the Calibre 15 movement. This replaced the 12-hour chronograph register at 9 o’clock with a running seconds subdial, while retaining the bold design language of the 1133. The model we see here, ref. 73633, was also released in 1972 and features a three-subdial layout powered by the manual wind Valjoux 7736 movement. The Monaco has real presence for a vintage watch: at 40 mm wide and 14 mm thick, it remains substantial even by modern standards. This example is in great, honest condition. The grey dial has aged beautifully over the years, developing a subtle blue hue, while some of the tritium lume has darkened. The red accents on the markers and hands have retained their original vibrancy, providing striking contrast against the darker dial. This is no safe queen and proudly displays minor wear throughout the case. The caseback bears an engraving dated 1979. The watch has just been freshly serviced and is running superbly at +2 seconds per day, with 285 amplitude and a 0.3 ms beat error.",Falco Watches,2025-12-21,False
ROLEX SUBMARINER 5513 'MAXI MK I DIAL',Rolex,10495,https://falco-watches.com/products/rolex-submariner-5513-maxi-mk-i-dial,https://cdn.shopify.com/s/files/1/0904/9201/0882/files/HERO_ONLY2.jpg?v=1765972277,"THE ESSENTIALS MAKE: ROLEX MODEL: 5513 YEAR: 1978 BOX/PAPERS: NO/NO CASE DIAMETER: 40 mm CASE MATERIAL: STAINLESS STEEL BRACELET MATERIAL: TEXTILE NATO MOVEMENT: AUTOMATIC The 5513 marque of the Submariner is arguably the most iconic of all. It also produced the greatest variety within the model across its 25-year production run. Introduced in 1963 with pointed crown guard cases and charming gilt dials and hands, the reference evolved through to 1988/89, when it featured glossy dials with white gold–surrounded tritium markers. Gilt-dial 5513s were produced for only a few short years before matte dials were introduced around 1967. In the early 1970s, Rolex made another notable change, switching the primary depth measurement from meters to feet. This adjustment was likely driven by Rolex’s growing market share in the United States, where imperial measurements are standard. The present example dates to 1978 and features a “Maxi I” dial—among the last of the matte-dial 5513s—named for its enlarged lume plots. The dial is excellent, with tritium markers and hands that have aged to an attractive, light creamy patina. The case is unpolished and shows extensive honest “sleeve wear,” where the original brushed finish has softened to an almost shiny appearance. This comes as no surprise: the watch comes from the second owner, who told us the original purchaser—his friend—wore it almost daily for over four decades. The original bezel insert has faded dramatically to a light grey-blue “ghost” tone. The movement was serviced this summer and is running at +1 second per day, with 275 amplitude and a 0.2 ms beat error. If you’re looking for an honest, well-worn 5513, it really doesn’t get much better than this.",Falco Watches,2025-12-19,False
ZENITH SUB SEA PILOT DIVER CHRONOGRAPH,Zenith,6495,https://falco-watches.com/products/zenith-sub-sea-pilot-diver-chronograph,https://cdn.shopify.com/s/files/1/0904/9201/0882/files/HERO_ONLY3.jpg?v=1765972299,"THE ESSENTIALS MAKE: ZENITH MODEL: 01-0190-415 YEAR: 1975 BOX/PAPERS: NO/NO CASE DIAMETER: 44mm CASE MATERIAL: STAINLESS STEEL BRACELET MATERIAL: STAINLESS STEEL MOVEMENT: AUTOMATIC This is a piece that even most vintage watch enthusiasts know little or nothing about. I (Stef) must admit, when I first came across this watch a few years ago, I was immediately intrigued… and slightly embarrassed, as I knew very little about it at the time. This is the iconic Zenith Pilot/Diver, powered by the legendary El Primero 3019 PHC movement. Produced between 1972 and 1975, the Pilot/Diver came in three variations. The rarest version came with a glass caseback - the watch you see here features an hour bezel and small teeth markers. This configuration is known as the ""Aviator bezel,"" while the alternative version marked in minute graduations from 1 to 55 is referred to as the ""Diver bezel."" The Pilot/Diver was Zenith’s answer to the leading chronographs of the era: the Breitling Navitimer, various Heuer Autavias and Carreras, and of course, the Omega Speedmaster. At 44mm wide and 13.9mm thick, it didn’t quite take off as planned. Its bold design was arguably ahead of its time but it fits beautifully within today’s market, especially in terms of size. This particular example has survived in superb condition. The tritium dial has aged beautifully, developing a warm patina. The hands, also tritium, have aged differently as is common with these and retains a greenish hue. The original bezel shows a small surface crack over the 10 marker, but remains fully intact. The GF lobster bracelet, made in the 34th week of 1975, fits up to a 18.5cm wrist. The watch came to us in excellent health and is currently running at +4 s/d, with 290 amplitude and a beat error of 0.4 ms.",Falco Watches,2025-12-19,False
"OMEGA SEAMASTER 60 166.062 ""BIG CROWN""",Omega,2495,https://falco-watches.com/products/omega-seamaster-60-166-062-big-crown,https://cdn.shopify.com/s/files/1/0904/9201/0882/files/HERO_ONLY12.jpg?v=1765972211,"THE ESSENTIALS MAKE: OMEGA MODEL: 166.062 YEAR: 1970 BOX/PAPERS: NO/NO CASE DIAMETER: 37mm CASE MATERIAL: STAINLESS STEEL BRACELET MATERIAL: RUBBER MOVEMENT: AUTOMATIC Following the success of the Seamaster 300, Omega introduced the Seamaster 60 in the late 1960s as a more wearable and affordable alternative. With its slim 37mm case, the SM60 wears beautifully on the wrist, reminiscent of early Rolex Submariners. This particular example features a gorgeous navy dial with a date aperture at 3 o’clock. The model was also produced with black and burgundy dials. Remarkably well-preserved after 55 years, this navy (and blue/white checkered) dial remains nearly flawless, showcasing a beautiful lacquered finish. The tritium plots are all intact, and the original hands contrast nicely against the navy background. The second hand shows some oxidation, while the original acrylic insert has aged gracefully, exhibiting light wear consistent with age. Despite its slim profile, the 166.062 features a large crown similar to that of the ""Big Blue"" and other larger Seamaster models. The case has been polished in the past but remains strong. The watch was recently serviced and is running very well at +2 s/d, with 275 amplitude and a beat error of 0.3 ms. These SM60s from the 1960s and ’70s are a true joy to wear—super slim and effortlessly handsome on the wrist.",Falco Watches,2025-12-18,False
OMEGA SEAMASTER CHRONOGRAPH 176.004 'BIG BLUE',Omega,5750,https://falco-watches.com/products/omega-seamaster-176-4,https://cdn.shopify.com/s/files/1/0904/9201/0882/files/HERO_ONLY17.jpg?v=1765971753,"THE ESSENTIALS MAKE: OMEGA MODEL: 176.004 YEAR: 1972 BOX/PAPERS: NO/NO CASE DIAMETER: 44MM CASE MATERIAL: STAINLESS STEEL BRACELET MATERIAL: STAINLESS STEEL MOVEMENT: AUTOMATIC In the 70s, Omega was in full experimental flow, constantly innovating and imagining crazy but sensational watches, most of which have since fallen into a horological black hole. This piece is a prime example. Known as the Big Blue for obvious reasons, it was the world’s first watch water-resistant beyond 100m that allowed you to use the chronograph underwater. Initially released in 1972, the Big Blue was in production for a slender four years and came in the form you see here, aside from a few different bracelet options and a prototype Speedmaster-marked dial that has been seen fewer than five times. As you can see from the dial, this watch doesn’t just offer a chronograph function, it also has a quick-set date and a 24-hour day/night sub-dial. The left sub-dial is your sweeping seconds, and the black disc with the tritium triangle is the 24-hour display. The large orange hand is the minute counter for the chronograph, and the 6 o’clock sub-dial records the chronograph hours. A real command centre on your wrist. The one aspect of the watch you notice more than anything, however, is how thick the case is. At 16.5mm, it’s a chunky piece. This example remains original. The dial has started going tropical, hopefully the pictures capture how cool it looks. The tritium markers and hands have turned a wonderful cream colour. The acrylic bezel has surface scratches but no cracks. The 1162 bullet bracelet is full length and can accommodate a 19.5cm wrist. The calibre 1040 movement has just been serviced and is running at +4 seconds, 280 amps, with a beat error of 0.3.",Falco Watches,2025-12-18,False
YEMA SOUS MARINE,Yema,2495,https://falco-watches.com/products/yema-sous-marine,https://cdn.shopify.com/s/files/1/0904/9201/0882/files/HERO_ONLY7.jpg?v=1765971943,"THE ESSENTIALS MAKE: YEMA MODEL: SOUS MARINE YEAR: c1970 BOX/PAPERS: NO /NO CASE DIAMETER: 39mm CASE MATERIAL: STAINLESS STEEL BRACELET MATERIAL: LEATHER MOVEMENT: MANUAL WIND The 1960s and ’70s were truly a golden era for sports chronographs, with numerous iconic models emerging from historic manufacturers such as Rolex, Omega, Breitling, Universal Genève, and Heuer. However, in the shadows of these big names, many smaller brands such as Certina, Enicar, Eterna, and Yema also produced exceptional sports chronographs during this time. These watches were built to the same high standards and often featured bolder, more daring designs. In many cases, they’re even rarer today and have gained a cult following among collectors. Yema was a relatively young brand at the time, founded in 1948 by Henry Louis Belmont, a graduate of the Besançon National Watchmaking School. The brand quickly became a pioneer in French watchmaking. Interestingly, the name “Yema” was chosen through a student competition and has no particular meaning, just a clean, modern-sounding name for a new era. Here at Falco, we’re partial to Yema’s daring designs, bold, but absolutely beautiful. We’ve had the Yachtingraf and the Rallygraf in the last couple of months, and the current example, the Sous Marine, is no different. The asymmetrical two-register design is stunning, in particular, the striking “Big Red Eye” minute counter. The dial features a simple black background with a tachymeter scale on the rehaut. This watch is in fantastic condition. The dial is flawless, aside from some minor oxidation on the left subdial, a detail that only adds to its vintage charm. The case is extremely full and well-preserved. The movement was serviced within the last year and runs perfectly at +3 s/d, 260 amplitude, with a 0.4 ms beat error. We’ve paired it with a leather rally strap to complete the look.",Falco Watches,2025-12-18,False
IWC 9CT YELLOW GOLD 'PELLATON' 810A,IWC,1795,https://falco-watches.com/products/iwc-9ct-yellow-gold-810a,https://cdn.shopify.com/s/files/1/0904/9201/0882/files/HERO_ONLY13.jpg?v=1765971927,"THE ESSENTIALS MAKE: IWC MODEL: 810A YEAR: 1968 BOX/PAPERS: NO/NO CASE DIAMETER: 35mm CASE MATERIAL: 9CT YELLOW GOLD BRACELET MATERIAL: LEATHER MOVEMENT: AUTOMATIC In 1944, IWC appointed Albert Pellaton as their new Technical Director. As the war drew to a close, the mindset in watchmaking shifted toward optimism and innovation. Pellaton wasted no time in tackling a major challenge: creating IWC’s first automatic movement. Several years later, the Caliber 85 series was introduced, featuring the now-iconic Pellaton winding system. Unlike traditional gear-driven designs, Pellaton’s mechanism used a cam and pawl system to wind the mainspring in both directions of rotor motion. This innovation not only improved energy transfer but also enhanced long-term durability. To this day, the Pellaton system continues to power many of IWC’s flagship models—now updated with ceramic components to further reduce friction and wear. The watch offered here is reference 810A, produced in both stainless steel and 9 ct yellow gold, as seen with this example. On the wrist, it embodies everything that makes vintage IWC so beloved: the 35 mm case wears elegantly, while the lower gold percentage has allowed the metal to oxidise over the decades into a soft rose-gold hue. The case remains in excellent condition, and the dial has aged to a rich champagne tone, accented by applied gold markers and the IWC logo. The movement is a testament to the brilliance of the Pellaton system—it remains in superb health, running at 0 seconds per day with 320 amplitude and a 0.5 ms beat error. Vintage IWCs continue to be some of the most overlooked watches in the market, and this example is certain to put a smile on your face.",Falco Watches,2025-12-17,False
OMEGA SEAMASTER 14701SC 18K ROSE GOLD,Omega,2875,https://falco-watches.com/products/omega-seamaster-14701sc-18k-rose-gold,https://cdn.shopify.com/s/files/1/0904/9201/0882/files/FIRST_BATCH_HERO52.jpg?v=1765140467,"THE ESSENTIALS MAKE: OMEGA MODEL: 14701SC YEAR: 1961 BOX/PAPERS: NO/NO CASE DIAMETER: 34.5mm CASE MATERIAL: 18K ROSE GOLD BRACELET MATERIAL: LEATHER MOVEMENT: AUTOMATIC The early Seamaster dress range is proof that tool watches don’t always have to look rugged. Introduced in the 1950s, it carried all the hallmarks of the early Seamaster line—reliable, water-resistant, and versatile enough for everyday wear—but dressed up in solid gold. At 34.5 mm, the case sits in that sweet mid-century proportion: slim, refined, and perfectly wearable today. The screw-down caseback (a novelty at the time) ensured the watch lived up to the Seamaster’s reputation for durability, while inside ticked Omega’s calibre 501, a robust automatic movement with centre seconds. The “SC” in the reference literally stands for seconde centrale , highlighting that central-seconds feature. The watch is in excellent condition. The case has seen minimal polishing, the dial has developed a wonderful and even patina, and the alpha hands still retain their radium plots. The movement was serviced recently and is running at a commendable –2 s/d, 285 amps, with a beat error of 0.4. As solid 18k gold watches go, these are near unbeatable for value.",Falco Watches,2025-12-09,False
PRECISTA ROYAL NAVY DIVER 1989,Precista,2350,https://falco-watches.com/products/precista-royal-navy-diver-1989,https://cdn.shopify.com/s/files/1/0904/9201/0882/files/FIRST_BATCH_HERO30.jpg?v=1765139343,"THE ESSENTIALS MAKE: PRECISTA MODEL: 6645-99-757-3314 YEAR: 1989 BOX/PAPERS: NO /NO CASE DIAMETER: 39 mm CASE MATERIAL: STAINLESS STEEL BRACELET MATERIAL: TEXTILE NATO MOVEMENT: QUARTZ When it comes to military watches, most people know the heavy hitters: the SAS-issued 5513/5517 MilSubs, the Panerai Radiomir, the Blancpain Fifty Fathoms, and the IWC Mark series, to name a few. But there are other military-issued timepieces that can easily challenge these titans in both rarity and heritage—many of which remain attainable at relatively reasonable prices. The MOD stopped issuing Rolex Submariners as part of clearance divers’ kits in the late ’70s due to cost. From that point onward, only the SAS retained the luxury of using them into the ’80s. In 1980 and 1981, UK-based company CWC, founded by Ray Mellor, won the contract to supply the Royal Navy with a purpose-built automatic dive watch. Unexpectedly, CWC lost the 1982 contract to a lesser-known company: Precista. A year later, CWC regained the contract, and over the next decade the two brands alternated back and forth. In 1988 and 1989, Precista won the contract again to supply a dive watch to the Royal Navy—primarily divers and search-and-rescue personnel. A small batch was produced for each order, though the exact numbers remain a mystery. This piece has clearly seen wrist time. The case shows honest wear, and at some point someone attempted a battery change without the correct tools, leaving scratches on the caseback. The bezel has faded to a greyish blue after nearly 40 years of service. The dial and hands, however, remain in superb condition with no signs of water damage. We have fitted a new battery, replaced the gaskets, and resealed the watch. It has passed a 5-bar pressure test.",Falco Watches,2025-12-09,False
OMEGA SPEEDMASTER ED WHITE 105.003-65,Omega,10995,https://falco-watches.com/products/omega-speedmaster-ed-white-copy-2,https://cdn.shopify.com/s/files/1/0904/9201/0882/files/HERO_ONLY10_6b0e7c85-9cd9-4478-b553-8212e9c8eff6.jpg?v=1771586664,"THE ESSENTIALS MAKE: OMEGA MODEL: 105.003-65 YEAR: 1967 BOX/PAPERS: NO /NO CASE DIAMETER: 39 mm CASE MATERIAL: STAINLESS STEEL BRACELET MATERIAL: STAINLESS STEEL MOVEMENT: MANUAL WIND The Speedmaster 105.003 is the last of the straight-lug, non-“Professional” Speedmasters. After this model, the 105.012 grew to 42mm, gained twisted lugs, and introduced the “Professional” text on the dial. So, what makes this particular reference special? It was produced from 1963 to 1969—well, all Cal. 321 movements were—and Omega is noted to have used movements made during that period right up until ’69, supposedly to clear out leftover stock. It was also the first watch worn on a spacewalk by any astronaut. On June 3rd, 1965, while floating hundreds of thousands of miles above the Earth, Ed White wore a 105.003 on each wrist: one set to Houston time, the other to mission time aboard Gemini IV. Nearly 60 years later, the Omega Speedmaster remains the only watch approved for EVA (extravehicular activity). How cool is that? The watch houses the famous Cal. 321 movement, which Omega has re-released with a few modern updates in their latest limited-edition pieces. The 321 was the first movement ever used in a Speedmaster and the one that ultimately went to the moon. This ST-65 example is one of the best we’ve seen. The dial and hands are all original, including the DON bezel. It has the rare double-reference 1035/1501/6 bracelet, stamped 4/66, which remains in great shape. The pushers are the correct medium type, and the crown is a new service replacement. The movement has just undergone a full service with a mainspring change and is currently running at 0 s/d, 310 amps, with a beat error of 0.4. In the world of ’60s and ’70s chronographs, and considering the heritage behind these pieces, values have stayed remarkably conservative. It’s great to see honest examples like this still out there.",Falco Watches,2025-12-04,False
ROLEX GMT MASTER 16753 'NIPPLE DIAL',Rolex,8945,https://falco-watches.com/products/rolex-gmt-master-16753-bi-metal-nipple-dial-1,https://cdn.shopify.com/s/files/1/0904/9201/0882/files/FIRST_BATCH_HERO1.jpg?v=1765138517,"THE ESSENTIALS MAKE: ROLEX MODEL: 16753 YEAR: 1982 BOX/PAPERS: NO /NO CASE DIAMETER: 40 mm CASE MATERIAL: STAINLESS STEEL BRACELET MATERIAL: STAINLESS STEEL / 18K YELLOW GOLD MOVEMENT: AUTOMATIC The 16753, affectionately known among collectors as the “Root Beer” due to its distinctive bezel colours, was introduced in the late 1970s as the second generation of the bi-metal GMT-Master, succeeding the 1675/3. This model came in two variations: the traditional Root Beer with a brown dial and bi-colour bezel, and this particular variant featuring a black dial with an all-black bezel. As a transitional model alongside the 16750, the 16753 featured the automatic calibre 3075, offering a quickset date and a higher beat rate—both upgrades from the 1675/3. The watch is also notable for another distinctive feature: the “Nipple Dial,” named for the unique gold hour markers that protrude slightly from the surface. The tritium hands have aged to a subtle off-white, as have the tops of the nipple markers. The open 6 and 9 date wheel has developed a pleasing patina. The case remains unpolished. The G (82)-stamped 78363/480 Oyster bracelet is one link short and exhibits minimal sag. The movement has recently been serviced and is running at +3 seconds per day, with an amplitude of 275 and a beat error of 0.2.",Falco Watches,2025-12-04,False
OMEGA SEAMASTER 300 CK2913-3,Omega,9495,https://falco-watches.com/products/omega-seamaster-300-ck2913-3,https://cdn.shopify.com/s/files/1/0904/9201/0882/files/HERO_ONLY2_fb57f6bf-55e0-4c76-87f5-2744a7ef1201.jpg?v=1771586337,"THE ESSENTIALS MAKE: OMEGA MODEL: 2913-3 YEAR: 1958 BOX/PAPERS: YES/YES(ARCHIVE) CASE DIAMETER: 37MM CASE MATERIAL: STAINLESS STEEL BRACELET MATERIAL: LEATHER MOVEMENT: AUTOMATIC The Omega Seamaster 300 began its life in 1957 with the ref. CK2913, released alongside the Railmaster CK2914 and Speedmaster CK2915 to form the legendary “Master Trilogy.” While the Seamaster name dates back to the 1940s, the SM300 was Omega’s first true dive watch—built for serious underwater use and officially rated to 200 m (though tested to 300 m, hence the name). The CK2913 features a 38 mm straight-lug case, a thin bi-directional Bakelite bezel, and a clean, highly legible black dial. It remained in production for only a slender four years before being replaced by the CK14755. Much like the early no-crown-guard Rolex Submariners, Omega experimented with a wide range of design elements during this short period. The present watch, a CK2913-3, is the first example we’ve had in over a year—and what a watch it is. The original radium dial has beautifully tropicalised, giving it a rich and striking appearance. All radium markers are intact and glow brightly under UV. The “small broad arrow” hour hand and white lollipop seconds hand are both in fantastic condition. While the case has been lightly polished in the past, it remains full and sharp. Most impressively, the original Bakelite bezel insert is completely intact—an extremely rare occurrence on this reference. An Extract from the Archives confirms the watch was delivered to Gibraltar on 26 March 1958. Nearly 70 years later, it still holds all its charm and character. The movement has been freshly checked and is running perfectly at +3 s/d, with 293 amplitude and a beat error of just 0.1 ms. This is essentially Omega’s equivalent of the early Rolex “Big Crown” and “Small Crown” Submariners—but still at a comparatively attainable price point. It is absolutely gorgeous on the wrist. This OG SM300 is ready for its next chapter.",Falco Watches,2025-10-21,False
ETERNA 154FTP 'CHRONO',Certina,2750,https://falco-watches.com/products/eterna-chronograph,https://cdn.shopify.com/s/files/1/0904/9201/0882/files/FIRST_BATCH_HERO58.jpg?v=1765140901,"THE ESSENTIALS MAKE: ETERNA MODEL: 154FTP-3 YEAR: 1969 BOX/PAPERS: NO/NO CASE DIAMETER: 39mm CASE MATERIAL: STAINLESS STEEL BRACELET MATERIAL: STAINLESS STEEL MOVEMENT: MANUAL WIND As you can probably tell from our line-up, we’re big fans of 60s and 70s chronographs and our love doesn’t stop at the Rolexes, Omegas, or Heuers. We’ve made it our mission to bring wonderfully made chronos from other, somewhat forgotten brands like Certina, Glycine, and Yema to the world. Here we have the Eterna 154FTP chronograph. Eterna’s story begins in 1856 under the name Dr. Girard & Schild , founded by Josef Girard and Urs Schild engineers before marketers, building watches from the movement up. The name Eterna wouldn’t appear until 1906, and up until the 1960s, the brand primarily produced small but robust time-only sports and dress watches. What we have here, however, is Eterna’s answer to the 60s sports chronograph renaissance. Although somewhat of an anomaly in Eterna’s history, what a watch this is. The 39mm cushion case houses the legendary Valjoux 72 movement. But unlike the more monotone designs from Heuer or Rolex, Eterna painted a very different picture. The three subdials, while all white, are each uniquely decorated and designed (even the fonts are different), set against a matte grey background that creates a striking ""reverse panda"" look. The dial is largely free from imperfections, and the lume has aged to a rich, dark pumpkin patina. The bezel insert is the star of the show here — the “red wine” colored bezel has beautifully faded to a coppery hue, completing the watch perfectly. The caseback engraving reads 154FTP-3, with the ""3"" correctly denoting the dive bezel (for example, the 154FTP-7 features a tachymeter bezel). The case is in fantastic condition and likely hasn’t been polished more than once or twice. It even comes on the very rare original Eterna bracelet, with no stretch. We had our watchmaker inspect the movement, and it's running fantastically at +3 s/d, 250 amps, with a 0.3 ms beat error. Watches like this really remind us why we love vintage watches here at Falco.",Falco Watches,2025-10-21,False
CHRONOFIXE TYPE 21 CHRONOGRAPH,Chronofixe,3750,https://falco-watches.com/products/chronofixe-chronograph-1,https://cdn.shopify.com/s/files/1/0904/9201/0882/files/FIRST_BATCH_HERO16.jpg?v=1765138961,"THE ESSENTIALS MAKE: CHRONOFIXE MODEL: TYPE 21 YEAR: c1956 BOX/PAPERS: NO /NO CASE DIAMETER: 38 mm CASE MATERIAL: STAINLESS STEEL BRACELET MATERIAL: LEATHER MOVEMENT: MANUAL WIND In the early 1950s, the French Ministry of Defense required a purpose-built pilot’s watch for its Air Force and Naval Aviation, which led to the creation of the Type 20 and Type 21 chronographs. Much like the British Army’s W10, the Type 20 and 21 are military specifications rather than specific models. These watches were produced by several leading French manufacturers of the time, including Dodane, Airain, Auricoste, Vixa, and Mathey-Tissot. The most famous maker is undoubtedly Breguet, whose Type 20 remains a flagship model today—original examples often fetch tens of thousands. The present example is a Type 21 by Chronofixe, a military supplier/retailer whose watches were manufactured by Mathey-Tissot. And we must say, this is one of the most beautiful, balanced, and visually pleasing chronographs we’ve ever handled. The 38 mm case is unpolished, proudly showcasing its original bevels and sharp edges. The full radium dial and syringe hands are pristine, with all lume intact and now exhibiting a rich pumpkin patina. The two-register layout is clean, functional, and superbly legible. To complete the package, the watch retains its very rare “navigation” bezel (visible in the final images). We’ve recently serviced the watch, and it's running perfectly at +4 s/d, 320 amplitude, with a 0.4 ms beat error. Original Type 20s and 21s are incredibly hard to find, and this example is as good as any you’re likely to come across.",Falco Watches,2025-10-21,False
HEUER AUTAVIA GMT 2446C MK4,Heuer,6995,https://falco-watches.com/products/heuer-autavia-gmt-2446c,https://cdn.shopify.com/s/files/1/0904/9201/0882/files/FIRST_BATCH_HERO59.jpg?v=1765139689,"THE ESSENTIALS MAKE: HEUER AUTAVIA MODEL: 2446C YEAR: 1971 BOX/PAPERS: NO/NO CASE DIAMETER: 40mm CASE MATERIAL: STAINLESS STEEL BRACELET MATERIAL: CORFAM MOVEMENT: MANUAL WIND Heuer first applied the name Autavia (a portmanteau of Automotive and Aviation ) back in the 1930s when they produced dash clocks for racing cars and aircraft, signifying its intended use in both automobiles and airplanes. This golden era of motorsport and aviation is still the period most closely associated with the Autavia name. The Heuer Autavia GMT combines Heuer’s mastery of the racing chronograph with a GMT function. The 2446C Mark 4 GMT offered here is in fantastic condition: the dial is clean, all tritium markers are intact and beautifully aged, and the bezel has retained most its original blue and red colours. There are some marks on the white subdials. The MK4 2446 is easily recognisable with its larger subdials, ""SWISS"" only signature, and red chronograph hand, giving it a different aesthetic to the earlier executions. The pushers are the fluted type, which succeeded the earlier rounded style, and the caseback is the compressor-style snap back. The Valjoux 72 not only looks fantastic but performs superbly, keeping time well. For us, the 2446C is one of the brand’s finest—seldom seen in the wild, deserving of a place in any serious watch collection, and more than capable of holding its own against far more expensive pieces.",Falco Watches,2025-10-21,False
ROLEX SEA-DWELLER 1665 'MK1' GREAT WHITE,Rolex,14500,https://falco-watches.com/products/rolex-sea-dweller-1665-mk1-great-white,https://cdn.shopify.com/s/files/1/0904/9201/0882/files/HERO_ONLY9_6666ef85-49c2-4303-81b9-522d55bc53c0.jpg?v=1771586632,"THE ESSENTIALS MAKE: ROLEX MODEL: 1665 YEAR: 1979 BOX/PAPERS: NO /NO CASE DIAMETER: 40 mm CASE MATERIAL: STAINLESS STEEL BRACELET MATERIAL: STAINL ESS STEEL MOVEMENT: AUTOMATIC The Sea-Dweller remains, to this day, the only sports Rolex born purely out of necessity. Unlike the Milsub—which was essentially an altered 5513—the Sea-Dweller was created because the state-of-the-art dive watch Rolex offered simply wasn’t up to the demands of the rapidly evolving subsea landscape. The reference 1665 was produced from 1967 to 1983 (though it was only sold to civilians from around 1971). Until 1977, these watches were affectionately known as “Double Red Sea-Dwellers” thanks to the two lines of red text. From 1977 to 1983, five further dial variations appeared (Mk0–Mk4), with the Sea-Dweller name and depth rating now printed in white—earning the nickname “Great White.” The present example features a Mk1 dial, seen from around the 5.1m to early 6m serial ranges. Although there is overlap with Mk2 and Mk3 examples, Mk1s are, in our experience, significantly rarer. In fact, we’ve encountered fewer Mk1 Great Whites than DRSDs. Having spent its entire life on the Scottish coast, this watch remains in fantastic condition. The case has been polished before, but likely no more than once or twice. The dial is perfect, with the lume on the markers and hands aged to an even, creamy hue. The original silver date wheel is present. The insert has faded beautifully to a grey–lavender tone. The original 93150/580 bracelet with F-coded clasp (1981) retains its full links and shows minimal stretch. The movement has been recently serviced and is running like a dream at 0 s/d, 280 amplitude, with a 0.2 ms beat error. This is easily one of our favourite watches in stock.",Falco Watches,2025-06-08,False
