title,brand,price,url,img,description,source,sold
1970s Cartier Tank Paris Dial Reverso (Ref. 2582),Cartier,34900,https://huntingtoncompany.com/products/1970s-cartier-tank-paris-dial-reverso-ref-2582,https://cdn.shopify.com/s/files/1/0553/8391/6727/files/DSF3272.jpg?v=1770512524,"Worth A Read History and Significance The Tank Reverso is one of the more intriguing and lesser-seen evolutions within Cartier’s Tank lineage. Produced in limited numbers during the 1970s, this reference blends the classic Tank proportions with a reversible case construction, offering both practical protection and a subtle mechanical curiosity. While the Reverso concept is most closely associated with Jaeger-LeCoultre, Cartier’s interpretation stands apart through its unmistakable Paris-era design language and refined execution. This example features a Paris-signed dial, placing it firmly in a period collectors continue to prize for its design purity and smaller production runs. The 24 by 32 mm case wears elegantly, maintaining the Tank’s traditional rectangular balance while offering a slightly more substantial presence than earlier mid-century references. These watches were never mass-market pieces, and surviving examples in honest, well-preserved condition are increasingly difficult to find, particularly when the original deployants are intact. Writer’s Thoughts The proportions are excellent, the dial is crisp and perfectly balanced, and the reversible case adds just enough intrigue without turning the watch into a novelty. On the wrist, it feels thoughtful and intentional, like something chosen carefully rather than impulsively. The fact that it comes with the original deployant clasp only reinforces that sense of completeness. Our Promise Every watch is thoroughly vetted, carefully described with complete transparency, and guaranteed authentic. This watch is offered in honest condition. Specifications Brand: Cartier Model: Tank Reverso (Ref. 2582) Year: 1970s Case Material: Gold case with integrated reversible construction Case Size: 24 x 32 mm Dial: White Paris-signed dial with black Roman numerals Crystal: Mineral crystal Movement: Manual wind Strap/Bracelet: New leather strap Buckle/Clasp: Generic buckle and original Cartier deployant clasp Contents: Watch and original deployant clasp Condition Case: Gold case shows light, honest wear with well-defined lines and appears to retain its original geometry. Crystal: Crystal is clean with no dents or scratches observed. Dial: Paris-signed dial is crisp and well preserved with clean printing and no visible damage other than the 1 o'clock numeral. Hands: Original blued hands are in excellent condition with even coloration. Strap/Bracelet: The new leather strap is unworn. Buckle/Clasp: Original Cartier deployant shows light surface wear consistent with age and functions properly.",Huntington Company,False
2025 Czapek Antarctique Passage de Drake Sahara Night,Czapek,33300,https://huntingtoncompany.com/products/czapek-antarctique-passage-de-drake-sahara-night,https://cdn.shopify.com/s/files/1/0553/8391/6727/files/DSF1350.jpg?v=1766117091,"Worth A Read History & Significance Czapek’s Antarctique line is where the brand leaned fully into the modern, integrated-bracelet sports watch category, but with a very Czapek approach: strong finishing, a dial with real depth, and an in-house micro-rotor calibre that keeps the case slim. The Passage de Drake is the time-only core of that family, and it is the one that best shows off the dial work and the profile of the case. The Sahara Night edition is part of a pair of limited releases inspired by desert landscapes, with this version taking the “night sky” direction in deep blue. It keeps Czapek’s registered “Stairway to Eternity” trapezoidal motif, which gives the dial a three-dimensional stamped texture that shifts in the light. For the first time in this configuration, Czapek adds applied Eastern-Arabic numerals at 12, 3, and 9, and carries that theme onto the date disc at 6. Under the hood is the calibre SXH5, Czapek’s in-house automatic with a platinum micro-rotor. It is designed to be both visually impressive through the display back and practical for daily wear, pairing a 60-hour power reserve with a slim case and a 120-meter water resistance rating. This Sahara Night is limited to 25 pieces. Writer’s Thoughts This is a strong modern alternative if you like the integrated-bracelet category but want something less common than the usual names. The dial texture does most of the talking in person, and the Eastern-Arabic numerals give it a clear identity without feeling like a novelty. In a brand new, complete set configuration, it checks the boxes for both collecting and wearing. Our Promise Every watch we offer is fully vetted, described with complete transparency, and guaranteed authentic. This Czapek is carefully inspected and presented with originality intact, a true representation of our commitment to quality and trust. Specifications Brand: Czapek Model: Antarctique Passage de Drake Sahara Night Year: 2025 Case Material: Stainless steel Case Size: 40.5 mm Dial: Deep blue with “Stairway to Eternity” pattern and Eastern-Arabic numerals Crystal: Sapphire Movement: Automatic micro-rotor Strap: Integrated stainless steel bracelet Buckle/Clasp: Stainless steel clasp Contents: Complete set Condition Case: Brand new stainless steel case with factory brushing and polishing intact. Bezel: Polished bezel in brand-new condition. Crystal: Sapphire crystal is clean and free of marks. Dial: Deep blue textured dial in flawless condition with applied numerals. Hands: Original hands in perfect condition. Strap: Integrated stainless steel bracelet in brand new condition. Buckle/Clasp: Clasp is clean and unused.",Huntington Company,False
1990s Audemars Piguet Royal Oak Mk2 White Dial - Unpolished (Ref. 14790ST),Audemars Piguet,31600,https://huntingtoncompany.com/products/1990s-audemars-piguet-royal-oak-mk2-white-dial-unpolished-ref-14790st,https://cdn.shopify.com/s/files/1/0553/8391/6727/files/DSF7947-2.jpg?v=1780002449,"Worth A Read History and Significance The Royal Oak reference 14790 occupies an important place within the broader Royal Oak lineage. Introduced as the mid-size automatic offering, it carried all of the core Gérald Genta design language of the original 5402 while presenting it in a more restrained and wearable 36mm case. Today, the 14790 has become increasingly appreciated by collectors who want the proportions and character of early Royal Oaks without the larger footprint of modern references. This particular example is a Mark 2 configuration featuring the smaller tapisserie dial layout. Compared to later production dials, the earlier small-pattern tapisserie gives the watch a more refined and tightly detailed appearance. The printed signature, slimmer markers, and overall balance of negative space feel distinctly closer to transitional Royal Oaks of the late 1980s and early 1990s than the more commercialized direction the line would later take. What makes references like this compelling is the honesty of the design. The Royal Oak was never intended to hide wear. The sharp transitions between brushed and polished surfaces, exposed bezel screws, and integrated bracelet were designed to evolve through use. On unpolished examples especially, the geometry remains incredibly important, as the original case architecture and bracelet taper are what give the Royal Oak its unmistakable profile on the wrist. Writer’s Thoughts The 14790 continues to feel like one of the best-balanced Royal Oaks to actually wear regularly. The proportions are excellent, the bracelet sits naturally on the wrist, and the smaller tapisserie dial gives the watch a quieter and more vintage character than later executions. This example especially has the kind of honest wear that works well on a Royal Oak rather than taking away from it. Our Promise Every watch is thoroughly vetted, carefully described with complete transparency, and guaranteed authentic. Each piece is offered in honest condition, ensuring collectors receive a timepiece that reflects both originality and integrity. Specifications Brand: Audemars Piguet Model: Royal Oak Mid-Size (Ref. 14790ST) Year: circa 1990s Case Material: Stainless steel Case Size: 36mm Bezel: Stainless steel Royal Oak bezel Dial: White small tapisserie dial Movement: Automatic Strap/Bracelet: Stainless steel bracelet Buckle/Clasp: Audemars Piguet folding clasp Contents: Watch only Condition Case: Unpolished case showing honest wear throughout with visible surface scratching and strong overall case geometry retained. Bezel edges remain well defined overall. Dial: Clean overall with crisp printing and attractive small tapisserie texture throughout. Hands: Original handset remains in very good overall condition with light wear visible under close inspection. Crystal: Clean overall, with no visible wear. Strap/Bracelet: Bracelet remains in strong overall condition with very little stretch and surface wear consistent with age and use. Buckle/Clasp:",Huntington Company,False
1960s Vacheron Constantin Royal Chronometer 'Batman' (Ref. 6694),Vacheron Constantin,24900,https://huntingtoncompany.com/products/vacheron-constantin-royal-chronometer-batman-ref-6694,https://cdn.shopify.com/s/files/1/0553/8391/6727/files/DSF5904-2.jpg?v=1776798876,"Worth A Read History and Significance The Royal Chronometer line represents an important chapter in Vacheron Constantin’s mid-century output, where the brand focused on producing high-grade automatic movements with chronometer-level performance in refined, wearable cases. Reference 6694 sits within that era, pairing a clean, balanced dial layout with a robust automatic caliber, often based on the respected K1072 architecture used across high-end Swiss watchmaking at the time. What makes this example stand out is the configuration. The applied markers and handset give it the nickname “Batman” among collectors, with the more angular, stylized shapes offering a subtle departure from the more traditional baton or dauphine designs typically seen on these references. It feels slightly more modern without losing the restraint expected from Vacheron Constantin. Even more notable is the presence of the original 18k gold bracelet. These were produced in far smaller numbers than their leather strap counterparts, and surviving examples are increasingly uncommon. When found together with the watch, it significantly changes how the piece wears and how it is understood as a complete object from the period. Writer’s Thoughts On leather, it would read as a classic dress watch. On the original gold bracelet, it becomes something much more substantial, closer to a full design statement from the era. The dial details keep it interesting, especially the marker shapes, but it is really the overall presence on wrist that makes it stand out. Our Promise Every watch is thoroughly vetted, carefully described with complete transparency, and guaranteed authentic. Each piece is offered in honest condition, ensuring collectors receive a timepiece that reflects both originality and integrity. Specifications Brand: Vacheron Constantin Model: Royal Chronometer (Ref. 6694) Year: Circa 1960s Case Material: 18k Yellow Gold Case Size: 35mm Dial: Silver sunburst with applied gold indices and stylized markers Movement: Automatic chronometer-grade movement Strap/Bracelet: Original 18k yellow gold bracelet Buckle/Clasp: Integrated 18k clasp with Vacheron cross motif Contents: Watch only Condition Case: Strong overall with light surface wear consistent with age. Edges remain well defined, and the case looks unpolished. Light hairlines present throughout. Dial: Clean and original with a consistent silver tone. Light spotting visible under certain angles, typical for the period, but overall well preserved with intact printing and applied markers. Hands: Original and matching, showing light wear and aging consistent with the dial. Crystal: Light surface wear visible. Bracelet: Original 18k bracelet showing surface wear and light stretch consistent with age. Structure remains solid with good overall integrity and is still uncut. Clasp engravings remain visible.",Huntington Company,False
1979 Rolex Explorer II MK 4 Pumpkin Lume (Ref. 1655),Rolex,23900,https://huntingtoncompany.com/products/1979-rolex-explorer-ii-mk-4-pumpkin-lume-ref-1655,https://cdn.shopify.com/s/files/1/0553/8391/6727/files/DSF2293.jpg?v=1767995739,"Worth A Read History and Significance The Rolex Explorer II reference 1655 occupies a unique place in Rolex history. Introduced in the early 1970s, it was designed as a practical instrument for spelunkers, cave explorers, and professionals working in environments where distinguishing day from night was essential. Unlike later Explorer II references, the 1655 relies on its fixed 24-hour bezel and oversized orange GMT hand rather than an independently adjustable hour hand, reinforcing its pure tool-watch intent. This example dates to 1979 and features the Mark IV dial, identifiable by its specific text layout and tritium characteristics consistent with late-production 1655s. The matte black dial paired with aged tritium plots and the iconic orange hand gives the watch its unmistakable character. Often nicknamed the “Freccione” or “Steve McQueen,” the 1655 was never actually worn by McQueen, but the association stuck and helped cement the model’s cult status. Unpolished examples with original components are increasingly difficult to find. With its original bracelet dated to 1977 and strong overall integrity, this piece represents the Explorer II in one of its most honest and collectible forms. Writer’s Thoughts The 1655 wears with a presence that feels purpose-built rather than flashy. The unpolished case retains its original geometry, and the patina across the dial and hands gives the watch real depth. It is a watch for collectors who value originality and history over perfection, and one that feels equally at home as a daily wearer or as a cornerstone vintage Rolex. Our Promise Every watch is thoroughly vetted, carefully described with complete transparency, and guaranteed authentic. This watch is offered in honest condition. Specifications Brand: Rolex Model: Explorer II Reference: ref. 1655 Year: 1979 Case Material: Stainless steel Case Size: 40mm Bezel: Fixed stainless steel 24-hour bezel Dial: Black Mark IV dial with tritium luminous markers Crystal: Acrylic Movement: Automatic Rolex caliber 1575 GMT Strap: Stainless steel Oyster bracelet Buckle/Clasp: Rolex folding clasp Contents: Watch only Condition Case: Unpolished stainless steel case shows surface wear consistent with age and use. The case remains well proportioned with strong lugs and original lines. Bezel: Fixed steel bezel shows wear with clearly legible engravings. Crystal: Acrylic crystal shows surface marks consistent with use, with no cracks. Dial: Mark IV black dial shows even aging with well-balanced tritium patina and intact printing. Hands: Original hands present with matching tritium and the correct orange 24-hour hand. Strap: Original Rolex Oyster bracelet dated 1977 shows light stretch consistent with age. Buckle/Clasp: Rolex clasp shows light handling marks and functions properly.",Huntington Company,False
1990s Audemars Piguet Royal Oak Blue Dial (Ref. 56303ST),Audemars Piguet,22900,https://huntingtoncompany.com/products/1990s-audemars-piguet-royal-oak-blue-dial-ref-56303st,https://cdn.shopify.com/s/files/1/0553/8391/6727/files/DSF9468-2_33c0f5e4-b24d-479f-9c56-ed338ddfee8f.jpg?v=1785172712,"Worth A Read History and Significance Very few watches can genuinely claim to have changed the course of modern watchmaking. The Audemars Piguet Royal Oak is one of them. When Gérald Genta introduced the Royal Oak in 1972, the idea of producing a luxury sports watch in stainless steel seemed almost absurd. Yet its octagonal bezel, integrated bracelet, exposed screws, and meticulous hand finishing redefined what collectors expected from a high-end wristwatch. Over fifty years later, nearly every luxury sports watch owes something to that original design. By the 1990s, the Royal Oak had evolved into a complete collection, with midsize references like the 56303ST offering all of the signature design language in a more versatile package. The beautifully proportioned 33mm case retains every element that made the original famous, from the razor-sharp bevels to the petite tapisserie dial that changes character with every shift in light. Collectors often focus on rarity, but condition has become equally important. The Royal Oak's intricate finishing leaves little room for error, and decades of refinishing can permanently soften the crisp transitions between brushed and polished surfaces. Finding an untouched example has become increasingly uncommon, making watches like this especially desirable. Writer’s Thoughts We've handled quite a few vintage Royal Oaks over the years, and this one immediately moved into a category of its own. The bracelet was the first thing we noticed. It remains remarkably stiff, with virtually none of the stretch that often develops after decades of wear. Once we looked closer, the rest of the watch only became more impressive. The case retains incredibly sharp edges, the bevels are thick and well-defined, and every surface still reflects the level of finishing Audemars Piguet is known for. Reference 56303ST has become increasingly difficult to source in this kind of condition. Add in a flawless original dial with no signs of wear, and this is easily the sharpest example of the model we've had the pleasure of offering. It is exactly the sort of Royal Oak that seasoned collectors spend years trying to find. Our Promise Every watch is thoroughly vetted, carefully described with complete transparency, and guaranteed authentic. Each piece is offered in honest condition, ensuring collectors receive a timepiece that reflects both originality and integrity. Specifications Brand: Audemars Piguet Model: Royal Oak Year: Circa 1990s Case Material: Stainless Steel Case Size: 33mm Dial: Black petite tapisserie Movement: Quartz Strap/Bracelet: Integrated stainless steel bracelet Buckle/Clasp: Original Audemars Piguet folding clasp Contents: Watch only Condition Case: Exceptionally sharp, unpolished case retaining outstanding factory geometry with only minimal signs of honest wear. Dial: Original black petite tapisserie dial in perfect condition with no visible signs of wear. Hands: Original hands in excellent condition. Crystal: Clean with onl",Huntington Company,False
Breguet Classique Day-Date Moonphase Yellow Gold (Ref. 3330BA),Breguet,22900,https://huntingtoncompany.com/products/breguet-classique-day-date-moonphase-yellow-gold-ref-3330ba,https://cdn.shopify.com/s/files/1/0553/8391/6727/files/DSF8958_68503823-3614-4427-aac9-8a1cbb639b95.jpg?v=1783442960,"Worth A Read History and Significance Few names carry the weight of Breguet when discussing traditional watchmaking. Abraham-Louis Breguet's influence can still be found throughout modern horology, from the invention of the tourbillon to the signature guilloché dials and blued hands that remain synonymous with the brand today. The Classique collection exists as a direct continuation of that legacy, celebrating the aesthetic language established more than two centuries ago. The reference 3330 is one of the most balanced complicated dress watches Breguet has produced. Its day, date, moonphase, and power reserve displays are arranged with remarkable symmetry, creating a dial that feels refined rather than busy. Combined with traditional engine-turned guilloché and elegant Breguet numerals, every detail serves both beauty and function. In yellow gold, the watch takes on an especially warm character. The contrast between the rich gold case and intricately engraved dial creates exactly the timeless appearance collectors expect from Breguet. It is a reminder that true classical design rarely needs reinvention. Writer’s Thoughts The Breguet Classique Day-Date Moonphase, ref. 3330BA, is everything a traditional dress watch should be. The warm yellow gold case, beautifully executed guilloché dial, and incredibly balanced layout make it one of those watches that never feels dated. It's elegant without being delicate, complicated without becoming overwhelming, and unmistakably Breguet from every angle. Our Promise Every watch is thoroughly vetted, carefully described with complete transparency, and guaranteed authentic. Each piece is offered in honest condition, ensuring collectors receive a timepiece that reflects both originality and integrity. Specifications Brand: Breguet Model: Classique Day-Date Moonphase (Ref. 3330BA) Year: Circa 1990s Case Material: 18k yellow gold Case Size: 36mm Dial: Silver guilloché Movement: Automatic Strap/Bracelet: Original leather strap Buckle/Clasp: Original 18k yellow gold deployant clasp Contents: Watch only Condition Case: The yellow-gold case remains in excellent overall condition, with sharp lugs and light signs of careful wear. Dial: The original guilloché dial remains beautifully preserved, with some signs of wear, crisp guilloche, rich silver coloration, and clean calendar apertures. Very few signs of wear or age are noticeable under close inspection. Hands: The original blued Breguet hands remain in excellent condition with vibrant color and no notable oxidation. Crystal: Clean overall with no noticeable scratches or distractions. Strap/Bracelet: The original leather strap remains in very nice condition with light wear consistent with age. Buckle/Clasp: The original 18k yellow gold Breguet deployant clasp remains in excellent condition with light signs of careful use.",Huntington Company,False
1990s Cartier Tank à Vis CPCP Guilloche Dial (Ref. 2484D),Cartier,18900,https://huntingtoncompany.com/products/1990s-cartier-tank-a-vis-cpcp-guilloche-dial-ref-2484d,https://cdn.shopify.com/s/files/1/0553/8391/6727/files/DSF7543-2.jpg?v=1779405569,"Worth A Read History and Significance The Cartier Collection Privée Cartier Paris, better known as CPCP, represents one of the most important modern eras of Cartier watchmaking. Introduced in the late 1990s, the collection was Cartier’s effort to revisit its most historically significant designs with higher-end mechanical movements, precious metal cases, and a level of finishing that differed substantially from the brand’s standard production offerings of the period. The Tank à Vis is among the more unusual and architectural executions within the CPCP line. Rather than the traditional smooth-sided Tank case, the design incorporates exposed screws at each corner, giving the watch a more industrial and technical appearance while still retaining the elegance that defines Cartier. The juxtaposition works remarkably well in person, especially in yellow gold where the polished bezel contrasts beautifully against the brushed case flanks. This example is particularly attractive due to its overall completeness and preservation. The guilloché dial remains extremely crisp with deep black Roman numerals and blued steel hands, while the original Cartier strap and matching deployant clasp further elevate the watch from a collecting standpoint. The manually wound movement also keeps the case profile exceptionally slim on the wrist, which is exactly how a Tank should wear. Writer’s Thoughts There is something very balanced about the Tank à Vis that makes it stand out even within the broader CPCP lineup. It feels slightly more modern and mechanical than a traditional Tank Louis, but still unmistakably Cartier. The proportions are excellent, the thin profile wears beautifully, and the exposed screws give it just enough edge without losing the refinement people want from a dress watch. Also, something no one talks about: you get the classic eagle beak lugs with the Tank à Vis. Our Promise Every watch is thoroughly vetted, carefully described with complete transparency, and guaranteed authentic. Each piece is offered in honest condition, ensuring collectors receive a timepiece that reflects both originality and integrity. Specifications Brand: Cartier Model: Tank à Vis CPCP (Ref. 2484D) Year: circa 1990s Case Material: 18k yellow gold Case Size: 22mm x 38mm Bezel: Fixed polished 18k yellow gold bezel with exposed screws Dial: Silver guilloché dial with Roman numerals Movement: Manual wind Strap/Bracelet: Original Cartier black strap Buckle/Clasp: Original Cartier 18k yellow gold deployant clasp Contents: Watch only Condition Case: Excellent overall condition with strong brushing and polishing throughout; light surface wear visible under close inspection, consistent with careful use. Dial: Excellent overall condition with crisp guilloché finishing, deep black printed numerals, and clean printing throughout. Hands: Original blued steel hands in excellent condition. Crystal: Clean overall, with no visible wear. Strap/Bracelet: Original Cartier black strap showing light",Huntington Company,False
1990s Patek Philippe Calatrava Pink Gold Cream Dial- Patek Service (Ref. 3923R),Patek Philippe,18900,https://huntingtoncompany.com/products/1990s-patek-philippe-calatrava-pink-gold-cream-dial-patek-service-ref-3923r,https://cdn.shopify.com/s/files/1/0553/8391/6727/files/DSF7629.jpg?v=1779387197,"Worth A Read History and Significance The Patek Philippe 3923 sits within a lineage of Calatravas that prioritize restraint over complication. Introduced during the 1990s, the reference became known for its slim proportions, classical layout, and manually wound movement. At 32mm, it reflects a sizing philosophy that Patek maintained for decades before the modern market shifted toward larger watches. On the wrist, however, the long lugs and thin bezel allow it to wear larger than the dimensions suggest, particularly as a formal watch. What makes this example especially attractive is the dial configuration. Patek Philippe’s cream and ivory-toned dials from this era have a distinct character that is difficult to replicate photographically. Rather than appearing flat white, the surface has a soft milky texture with subtle depth that changes depending on lighting conditions. Combined with the applied rose gold markers and dauphine hands, the watch feels warm and understated without losing sharpness or legibility. Patek has long been regarded as one of the strongest dial manufacturers in watchmaking, and pieces like this explain why collectors continue to gravitate toward these seemingly simple references. The proportions are also exceptionally balanced. The thin rose gold case, stepped bezel, recessed small seconds, and elongated lugs all contribute to a watch that feels purpose-built for dress wear. Nothing feels oversized or exaggerated. This example was recently serviced by Patek Philippe in 2025 and is accompanied by its corresponding service documentation, adding another layer of confidence and collectibility to an already attractive Calatrava reference. Writer’s Thoughts This is one of those watches that becomes more impressive the longer you look at it. The cream dial carries far more depth than a standard silver or white dial, and the rose gold case gives it a softness that works exceptionally well with the dark strap. It feels very traditional in the best way possible. Thin, elegant, and quiet without being boring. The recent Patek service is also a major plus because it allows the next owner to simply wear and enjoy the watch without concern. Our Promise Every watch is thoroughly vetted, carefully described with complete transparency, and guaranteed authentic. Each piece is offered in honest condition, ensuring collectors receive a timepiece that reflects both originality and integrity. Specifications Brand: Patek Philippe Model: Calatrava (Ref. 3923R-011) Year: circa 1990s Case Material: 18k rose gold Case Size: 32mm Dial: Cream ivory dial with applied rose gold markers and recessed small seconds Movement: Manual wind Strap/Bracelet: New brown alligator leather strap Buckle/Clasp: Original 18k Patek Philippe rose gold buckle Contents: 2025 Patek Philippe service papers, Patek Philippe register booklet, service sleeve, and documents shown in photos Condition Case: Excellent overall condition following a recent 2025 Patek Philippe service; re",Huntington Company,False
1990s Patek Philippe Gondolo Tonneau (Ref. 5030J),Patek Philippe,17900,https://huntingtoncompany.com/products/1990s-patek-philippe-gondolo-tonneau-ref-5030j,https://cdn.shopify.com/s/files/1/0553/8391/6727/files/DSF7240-2.jpg?v=1779387709,"Worth A Read History and Significance The Patek Philippe Gondolo line has always represented a different side of the brand compared to its more commonly discussed Calatravas, Nautiluses, and perpetual calendars. While many collectors associate Patek Philippe with round dress watches or sports references, the Gondolo collection focused heavily on shaped cases and early 20th century Art Deco influence. The reference 5030J is a strong example of that philosophy, combining a curved tonneau-style case with stylized Breguet numerals and an understated layout that feels distinctly Patek without relying on complicated design cues. Produced during the 1990s, the 5030J came during an era when Patek Philippe was still producing elegant shaped watches in relatively restrained quantities before larger modern case proportions became standard across the industry. At 34mm, the watch wears larger than the number suggests due to the elongated Gondolo case profile and broad dial opening. The white dial paired with black numerals gives the watch a very balanced appearance, while the stepped case construction and gently curved lugs help it sit comfortably on the wrist. One of the more appealing aspects of this reference is how versatile it feels despite being a formal shaped watch. The design has enough personality to stand apart from a traditional round dress watch while remaining understated and highly wearable. The curved case, slim profile, and warm yellow gold construction give the watch a distinctly 1990s Patek Philippe character that has aged exceptionally well. Writer’s Thoughts There is something very easy about this watch. A lot of shaped dress watches can feel overly delicate or too formal, but the 5030J manages to feel casual at the same time. The proportions are excellent, the case wears beautifully on the wrist, and the original strap and buckle make the watch feel complete in the way vintage and neo-vintage Patek Philippe pieces should. Our Promise Every watch is thoroughly vetted, carefully described with complete transparency, and guaranteed authentic. Each piece is offered in honest condition, ensuring collectors receive a timepiece that reflects both originality and integrity. Specifications Brand: Patek Philippe Model: Gondolo (Ref. 5030J) Year: circa 1990s Case Material: 18k yellow gold Case Size: 34mm Bezel: Smooth yellow gold bezel Dial: White dial with stylized numerals and date aperture at 3 o’clock Movement: Automatic Patek Philippe caliber Strap/Bracelet: Original brown alligator leather strap Buckle/Clasp: Original 18k Patek Philippe yellow gold buckle Contents: Watch only Condition Case: Excellent overall condition with light surface wear throughout, consistent with careful use; retains strong definition across the curved Gondolo case profile and lugs. Dial: Clean and well-preserved with crisp printing and no visible damage or discoloration. Hands: Excellent condition with light surface wear visible under magnification. Crystal: Clean wit",Huntington Company,False
1995 Rolex Daytona Zenith Two Tone White Dial (Ref. 16523),Rolex,17900,https://huntingtoncompany.com/products/1995-rolex-daytona-zenith-two-tone-white-dial-ref-16523,https://cdn.shopify.com/s/files/1/0553/8391/6727/files/DSF5896_a7d8fd29-250b-49f2-8170-d1e35d94f576.jpg?v=1776799950,"Worth A Read History and Significance The reference 16523 marks a pivotal chapter in the Daytona lineage as part of the first automatic generation introduced in 1988. Moving away from the earlier manual wind models, Rolex adopted a heavily modified Zenith El Primero caliber, bringing the Daytona into a new era of usability and reliability while maintaining its identity as a motorsport chronograph. This two-tone configuration, combining stainless steel with yellow gold, reflects the design language of the 1990s where sport and luxury began to merge more openly. The white dial with applied gold markers and matching sub-registers is one of the most recognizable executions from the period. It offers strong legibility while maintaining a balanced, refined look that feels distinctly different from later, more modern Daytona references. The 16523 sits in an interesting position today. It retains the proportions and charm of earlier Daytonas but introduces the practicality of an automatic movement. As a result, it has become a reference that appeals both to collectors who appreciate transitional pieces and to those who want a Daytona that can be worn regularly without compromise. Writer’s Thoughts Wearing a two-tone Zenith Daytona is really special. It is the same as a classic steel example, but it does not feel overly sporty. The white dial keeps it clean, while the gold elements add just enough warmth. It feels like a watch that works just as well with casual clothing as with a more structured setting. Our Promise Every watch is thoroughly vetted, carefully described with complete transparency, and guaranteed authentic. Each piece is offered in honest condition, ensuring collectors receive a timepiece that reflects both originality and integrity. Specifications Brand: Rolex Model: Daytona (Ref. 16523) Year: 1995 Case Material: Stainless steel and yellow gold Case Size: 40mm Bezel: Fixed yellow gold tachymeter bezel Dial: White dial with applied gold indices and gold sub-dials Movement: Automatic Strap/Bracelet: Rolex Oyster two-tone bracelet Buckle/Clasp: Rolex Oyster clasp Contents: Watch only Condition Case: Shows signs of a previous polish with softened edges in areas; overall remains clean with light surface wear consistent with age. Bezel: Light surface wear visible, particularly around the tachymeter scale; no major dents. Dial: In excellent condition with no visible wear; printing remains crisp and clean. Hands: Excellent condition with strong matching tone; no visible degradation. Crystal: Clean with no signs of wear. Bracelet: Minimal stretch for its age; light surface wear present across links. Clasp: Clean with light wear consistent with normal use.",Huntington Company,False
Patek Philippe Calatrava Pink Gold (Ref. 3796R),Patek Philippe,16300,https://huntingtoncompany.com/products/patek-philippe-calatrava-pink-gold-ref-3796r,https://cdn.shopify.com/s/files/1/0553/8391/6727/files/DSF8556-2.jpg?v=1781828450,"Worth A Read History and Significance Few modern references capture the spirit of vintage Patek Philippe dress watches quite like the Calatrava Ref. 3796R. Introduced as the successor to the legendary Ref. 96, the 3796 retained the traditional proportions, manually wound movement, and understated elegance that defined Patek Philippe for much of the twentieth century. While many collectors focus on the more common white or cream dial variants, this brushed silver dial configuration offers a distinctly different personality. The vertically brushed finish creates a subtle texture that changes dramatically depending on lighting conditions. Combined with the rose gold case, the result is a watch that feels both traditional and slightly more contemporary than its counterparts. The 3796 also represents one of the last periods where Patek Philippe consistently produced smaller dress watches intended to disappear beneath a cuff. At 30mm, the dimensions remain faithful to the classic Calatravas that established the brand's reputation. Rather than feeling small, the slim bezel and expansive dial opening allow the watch to wear larger than its measurements suggest. Powered by Patek Philippe's manually wound caliber 215 PS, the reference embodies the philosophy that made the Calatrava collection famous: simplicity executed at the highest possible level. No unnecessary complications, no excess decoration, simply proportion, balance, and refinement. Writer’s Thoughts The Patek Philippe Ref. 3796 is one of the best Calatrava models the brand has ever produced. At first glance, it can seem almost too simple, but that's exactly the point. The brushed silver dial on this example adds just enough texture to keep things interesting, while the rose gold case provides warmth without becoming flashy. The dial does show some speckling, but I think it complements the watch's character rather than detracting from it. For collectors looking for a true Calatrava in the traditional sense, the 3796 remains one of the strongest values in the entire Patek Philippe catalog. Our Promise Every watch is thoroughly vetted, carefully described with complete transparency, and guaranteed authentic. Each piece is offered in honest condition, ensuring collectors receive a timepiece that reflects both originality and integrity. Specifications Brand: Patek Philippe Model: Calatrava (Ref. 3796R) Year: Circa 1990s Case Material: 18k rose gold Case Size: 30mm Dial: Brushed silver dial with small seconds Movement: Manual wind Strap/Bracelet: Leather strap Buckle/Clasp: Original Patek Philippe gold buckle Contents: Watch only Condition Case: Excellent overall condition with strong case proportions and light signs of wear. Dial: Original brushed silver dial showing noticeable speckling throughout. Hands: Original rose gold hands in excellent condition. Crystal: Clean overall with minor wear consistent with age. Strap/Bracelet: New leather strap. Buckle/Clasp: Original Patek Philippe buckle in exc",Huntington Company,False
2026 Bulgari Octo Finissimo 37mm - Box and Papers (Ref. 104089),Bvlgari,15900,https://huntingtoncompany.com/products/2026-bulgari-octo-finissimo-37mm-box-and-papers-ref-104089,https://cdn.shopify.com/s/files/1/0553/8391/6727/files/DSF9547.jpg?v=1785174462,"Worth A Read History and Significance Not every iconic watch has been around for fifty years. The Octo Finissimo reached icon status in little more than a decade because Bulgari approached modern watchmaking from an entirely different perspective. Rather than trying to recreate vintage designs or compete directly with established sports watches, the brand focused on architecture. Every surface, angle, and facet of the Octo case feels more like contemporary Italian design than traditional Swiss watchmaking. That philosophy extends well beyond the exterior. Since its introduction, the Finissimo collection has repeatedly broken world records for ultra-thin mechanical watchmaking, proving that technical innovation and modern aesthetics can exist together. The result is a watch that feels incredibly light on the wrist while maintaining remarkable presence through its geometric design. Reference 104089 perfectly captures everything that has made the collection so successful. At 37mm, it offers proportions that appeal to a wide range of wrists without sacrificing the unmistakable silhouette that has become synonymous with the Octo Finissimo. While trends within the luxury watch market continue to evolve, this is one of the few modern designs that already feels timeless. Writer’s Thoughts The first time you handle an Octo Finissimo, it's almost surprising how thin and light it feels. Yet despite those dimensions, it has incredible wrist presence because of the way Bulgari designed the case. Every edge catches light differently, giving the watch far more visual impact than its size would suggest. This particular reference 104089 is exactly what we'd hope to find. Purchased in April 2026, it remains in near mint condition and is accompanied by a true complete set with everything originally supplied by Bulgari. Whether you're already familiar with the Octo Finissimo or looking to experience one for the first time, this is the kind of example worth waiting for. Our Promise Every watch is thoroughly vetted, carefully described with complete transparency, and guaranteed authentic. Each piece is offered in honest condition, ensuring collectors receive a timepiece that reflects both originality and integrity. Specifications Brand: Bulgari Model: Octo Finissimo Year: 2026 Case Material: Titanium Case Size: 37mm Dial: Grey Movement: Automatic Strap/Bracelet: Integrated titanium bracelet Buckle/Clasp: Original Bulgari folding clasp Contents: Complete set Condition Case: Near mint with only the faintest signs of careful handling. Dial: Original dial in excellent condition. Hands: Original hands in excellent condition. Crystal: Clean and free of notable wear. Strap/Bracelet: Original integrated titanium bracelet in near mint condition. Buckle/Clasp: Original Bulgari folding clasp in near mint condition.",Huntington Company,False
1990s Breguet Classique Moonphase Power Reserve (Ref. 3130),Breguet,15900,https://huntingtoncompany.com/products/1990s-breguet-classique-moonphase-power-reserve-ref-3130,https://cdn.shopify.com/s/files/1/0553/8391/6727/files/DSF7563-2.jpg?v=1779403219,"Worth A Read History and Significance The Breguet Classique line represents one of the purest continuations of traditional Swiss dress watchmaking in the modern era. While many brands reinterpret vintage design codes, Breguet never really abandoned them. The fluted caseband, blued Breguet hands, engine-turned guilloché dial, coin-edge case, and welded-style lugs all trace directly back to Abraham-Louis Breguet’s original designs from the late 18th century. Reference 3130 is a particularly elegant execution of that philosophy. The layout combines a power reserve indicator, pointer date display, and moonphase complication while still remaining remarkably balanced on the dial. The silver guilloché dial catches light differently across each section, giving the watch depth without relying on excessive decoration. The heat-blued hands and moonphase display add just enough color against the monochromatic silver dial and yellow gold case. What also makes this example compelling is the condition and proportions. The case appears unpolished with strong hallmarks and sharp fluting still visible throughout the mid-case. At a time when many complicated dress watches were becoming oversized, the 3130 remained restrained and classically proportioned, wearing thin and elegant on the wrist. It retains its original Breguet deployant clasp and has been paired with a newer leather strap that complements the warmth of the yellow gold case. Writer's Thoughts This is one of those watches that reminds you how different true classical watchmaking feels on the wrist. Everything is subtle until you look closer. The guilloché work, blued hands, coin-edge case, and moonphase all reveal themselves slowly. It feels very much like a collector’s watch rather than a statement piece. Our Promise Every watch is carefully inspected, fully vetted, and described with full transparency. This Rolex is guaranteed authentic and comes backed by our commitment to honesty, quality, and trust. Specifications Brand: Blancpain Model: Villeret Year: circa 1990s Brand: Breguet Model: Classique Moonphase Power Reserve (Ref. 3130) Year: circa 1990s Case Material: 18k yellow gold Case Size: 36mm Dial: Silver guilloché dial with Roman numerals, moonphase, pointer date, and power reserve indicator Movement: Automatic Strap/Bracelet: New leather strap Buckle/Clasp: Original 18k yellow gold Breguet deployant clasp Contents: Watch only Condition Case: Unpolished with strong overall definition; light surface wear and hairlines visible throughout, consistent with age. Dial: Excellent overall condition with clean guilloché finishing and no notable damage visible. Hands: Original blued Breguet hands remain clean and vibrant. Crystal: Clean overall with no visible wear. Strap/Bracelet: New leather strap in unworn condition. Buckle/Clasp: Original Breguet 18k yellow gold deployant clasp remains in excellent overall condition with light handling wear.",Huntington Company,False
A. Lange & Söhne Saxonia White Gold (Ref. 219.026),A. Lange & Sohne,15600,https://huntingtoncompany.com/products/a-lange-sohne-saxonia-white-gold-ref-219-026,https://cdn.shopify.com/s/files/1/0553/8391/6727/files/DSF8965_e87f874c-582c-454b-8888-563cf69a347f.jpg?v=1783443001,"Worth A Read History and Significance The Saxonia has always represented A. Lange & Söhne at its most restrained. While the Datograph and Lange 1 often receive the headlines, the Saxonia demonstrates that true watchmaking doesn't require visual complexity. Every proportion, every polished bevel, and every hand-finished component exists for a reason, resulting in one of the finest modern dress watches ever produced. Turn the watch over and the personality changes completely. Beneath the sapphire caseback sits one of the most beautifully finished manual movements in contemporary watchmaking. German silver bridges, hand-engraved balance cock, polished chatons, blued screws, and exceptional finishing transform the movement into something that deserves as much attention as the dial itself. At 35mm, the Saxonia also reflects Lange's confidence in traditional proportions. Rather than chasing larger case sizes, the watch wears exactly as a refined dress watch should. Elegant, comfortable, and understated, it remains one of the purest expressions of German horology. Writer’s Thoughts The A. Lange & Söhne Saxonia, ref. 219.026, perfectly captures why Lange has become one of the most respected names in modern watchmaking. From the front it's beautifully simple, but turning the watch over completely changes the experience as the movement becomes the centerpiece. It's the kind of watch that rewards quiet appreciation rather than demanding attention, and that's exactly what makes it so special. Our Promise Every watch is thoroughly vetted, carefully described with complete transparency, and guaranteed authentic. Each piece is offered in honest condition, ensuring collectors receive a timepiece that reflects both originality and integrity. Specifications Brand: A. Lange & Söhne Model: Saxonia (Ref. 219.026) Year: Circa 2000s Case Material: White gold Case Size: 35mm Dial: Silver Movement: Manual wind Strap/Bracelet: Original leather strap Buckle/Clasp: Original A. Lange & Söhne white gold buckle Contents: Watch only. Condition Case: The white gold case remains in excellent overall condition with crisp factory lines and only light signs of careful wear. Dial: The original silver dial remains exceptionally clean, with crisp printing and no blemishes aside from some edge wear. Hands: The original hands remain in excellent condition with clean surfaces and sharp finishing. Crystal: The sapphire crystal is clean overall with no scratches or distractions. Strap/Bracelet: The original Lange strap shows light wear consistent with age while remaining in very nice overall condition. Buckle/Clasp: The original white gold Lange buckle remains in excellent condition with light signs of careful use.",Huntington Company,False
1977 Rolex Submariner Maxi MK1 Dial Pre-Comex (Ref. 5513),Rolex,15300,https://huntingtoncompany.com/products/1977-rolex-submariner-maxi-mk1-dial-pre-comex-ref-5513,https://cdn.shopify.com/s/files/1/0553/8391/6727/files/DSF6873-2_25726adc-6a86-44fa-aafa-1a08a0c26b82.jpg?v=1778012859,"Worth A Read History and Significance The reference 5513 is one of the longest-running Submariner references, produced from the early 1960s through the late 1980s. Over that span, it saw a number of subtle dial and configuration changes, many of which have become highly collectible in their own right. Among them, the Maxi dial variants stand out as some of the most visually distinctive. The Mk. I Maxi dial represents the first of these larger lume configurations, characterized by noticeably bigger hour plots compared to earlier matte dials. This change improved legibility but also gave the watch a more balanced, bolder look. Paired with the simplicity of the two-line Submariner text, it creates a dial that feels both functional and well-proportioned. The fat font bezel insert complements the dial well, with its thicker numerals adding another layer of vintage character. Together, these details define the watch in a way that goes beyond the standard 5513, placing it firmly in a category that collectors actively seek out. Writer’s Thoughts The Mk. I Maxi dial is the highlight. The larger lume plots give the watch more presence without changing the overall proportions. It still feels like a classic Submariner, just slightly more expressive. The condition of the dial is what sets this example apart. It is rare to see one this clean, especially on a Maxi dial. The slight wear at the 1 o’clock marker is worth noting, but it does not take away from how strong the dial presents overall. The bezel insert has also started to fade evenly into grey. With the fat font insert and a well-preserved case, this is a very complete and honest example of a reference that continues to define vintage Rolex collecting. Our Promise Every watch is thoroughly vetted, carefully described with complete transparency, and guaranteed to be authentic. This Watch is presented in original condition, representing both timeless style and enduring quality. Specifications Brand: Rolex Model: Submariner (Ref. 5513) Year: 1977 Case Material: Stainless steel Case Size: 40mm Bezel: Fade black bezel with fat font insert Dial: Mk. I Maxi matte black dial with tritium lume Movement: Automatic Strap/Bracelet: Stainless steel Oyster bracelet Buckle/Clasp: Rolex folding clasp Contents: Watch only Condition Case: Strong overall case with defined edges; shows normal wear consistent with age and minimal evidence of previous polishing present. Dial: Mk. I Maxi dial in exceptional original condition; minimal aging with slight wear to the 1 o’clock minute marker. Hands: Matching lume with dial; consistent aging throughout. Crystal: Light wear visible consistent with use. Strap/Bracelet: Bracelet shows some stretch and surface wear consistent with age.",Huntington Company,False
1980s Audemars Piguet Cobra White Gold,Audemars Piguet,14900,https://huntingtoncompany.com/products/1980s-audemars-piguet-cobra-white-gold,https://cdn.shopify.com/s/files/1/0553/8391/6727/files/DSF7975-2_943a8403-368b-434f-be78-5be750672ab1.jpg?v=1780003121,"Worth A Read History and Significance The Audemars Piguet Cobra represents a very different chapter of the brand’s history compared to the Royal Oak models that would later define modern AP. Produced throughout the 1970s and 1980s, the Cobra line reflected the era’s fascination with integrated jewelry-style watchmaking, where bracelet and case design carried equal importance to the dial itself. These were watches designed as complete objects rather than simple round cases attached to straps. This example is executed in 18k white gold with the characteristic multi-link “Cobra” bracelet construction that gives the model its nickname. The bracelet drapes almost like fabric on the wrist, creating a fluid appearance uncommon even among high-end integrated designs from the period. Audemars Piguet, alongside Patek Philippe and Vacheron Constantin, spent much of this era experimenting with ultra-thin dress watches that blurred the line between horology and jewelry, and references like this capture that philosophy particularly well. The deep blue dial paired with diamond hour markers gives the watch a distinctly period-correct appearance without feeling excessive. What keeps these interesting today is their restraint. The case remains thin and understated at 26mm, the dial is clean and minimal, and the bracelet does most of the visual work. In many ways, pieces like this show how seriously Audemars Piguet approached case and bracelet design outside of the Royal Oak line during the 1980s. Writer’s Thoughts There is something very cool about vintage AP pieces like this because they feel completely separate from the modern market’s obsession with oversized sports watches. The bracelet is really the star here. On the wrist, it wears more like a piece of sculptural jewelry than a traditional watch, and the dark blue dial keeps it elegant rather than flashy, even with the diamond markers. Our Promise Every watch is thoroughly vetted, carefully described with complete transparency, and guaranteed authentic. Each piece is offered in honest condition, ensuring collectors receive a timepiece that reflects both originality and integrity. Specifications Brand: Audemars Piguet Model: Cobra Year: circa 1980s Case Material: 18k white gold Case Size: 26mm Bezel: 18k white gold smooth bezel Dial: Blue dial with diamond hour markers Movement: Manual wind Strap/Bracelet: 18k white gold integrated bracelet Buckle/Clasp: Audemars Piguet clasp Contents: Watch only Condition Case: Case remains in very good overall condition with light surface wear and hairlines visible throughout, consistent with age and use. Dial: Deep blue dial remains clean overall with well-preserved printing and diamond markers. Hands: Original handset remains in very good overall condition. Crystal: Clean overall with minor wear visible under close inspection. Strap/Bracelet: Integrated white gold bracelet remains in strong overall condition with light surface wear throughout. Fits around a 7.5-inch wrist",Huntington Company,False
Patek Philippe Cream Dial Clous de Paris Calatrava - Original Box (Ref. 3802),Patek Philippe,14900,https://huntingtoncompany.com/products/patek-philippe-cream-dial-clous-de-paris-calatrava-original-box-ref-3802,https://cdn.shopify.com/s/files/1/0553/8391/6727/files/DSF7204.jpg?v=1779382572,"Worth A Read History and Significance The reference 3802 represents a slightly more expressive side of the Calatrava line while still maintaining the restraint that defines Patek Philippe dress watches. Produced during the 1980s and 1990s, the model is best known for its “Clous de Paris” hobnail bezel, a detail originally popularized by some of the brand’s most celebrated vintage references. Unlike many Calatravas that lean entirely minimalist, the 3802 introduces subtle texture and contrast through the bezel while keeping the dial exceptionally clean. The result is a watch that still feels formal and understated but carries a bit more visual depth on the wrist. This example captures what collectors often look for in these references. The warm cream dial paired with the yellow gold case gives the watch a softer tone than stark silver dial examples, and the blued seconds hand adds just enough color to break up the monochromatic palette without overpowering the design. Writer’s Thoughts Patek Philippe has always done cream dials exceptionally well, and this reference shows exactly why. Depending on lighting, the watch shifts between champagne, ivory, and light cream tones, which gives the watch far more character in person than photos usually capture. The blued seconds hand completely changes the watch. Without it, this would be a very traditional Calatrava. That small detail gives the dial a little bit of life and makes the watch feel far more interesting when worn. Our Promise Every watch is thoroughly vetted, carefully described with complete transparency, and guaranteed authentic. Each piece is offered in honest condition, ensuring collectors receive a timepiece that reflects both originality and integrity. Specifications Brand: Patek Philippe Model: Clous de Paris Calatrava (Ref. 3802) Year: circa 1990s Case Material: 18k yellow gold Case Size: 33mm Bezel: Clous de Paris hobnail yellow gold bezel Dial: Cream dial with applied yellow gold markers and blued seconds hand Movement: Automatic Strap/Bracelet: Leather strap Buckle/Clasp: Patek Philippe buckle Contents: Original Patel pouch Condition Case: Appears unpolished and preserved in phenomenal overall condition with strong hallmarks and crisp bezel definition. Light wear consistent with careful use. Dial: Excellent overall condition with clean cream surface and no aging or damage visible. Hands: Excellent overall condition consistent with age. Crystal: Clean overall with no wear visible. Strap/Bracelet: Leather strap showing normal wear from use.",Huntington Company,False
2006 Rolex GMT-Master II Pepsi - Papers and Unpolished (Ref. 16710),Rolex,14600,https://huntingtoncompany.com/products/2006-rolex-gmt-master-ii-pepsi-papers-and-unpolished-ref-16710,https://cdn.shopify.com/s/files/1/0553/8391/6727/files/DSF9509-4.jpg?v=1785173444,"Worth A Read History and Significance There are very few Rolex references that offer the versatility and collectability of the GMT-Master II 16710. Introduced during the late 1980s and produced until the ceramic generation arrived, it represents the final evolution of the classic aluminum bezel GMT that traces its lineage back to the original Pan Am pilots of the 1950s. Unlike today's ceramic bezel models, the 16710 retained the charm that made vintage Rolex sports watches so beloved. Its slimmer case profile, drilled-free lugs, aluminum bezel insert, and ability to swap between Pepsi, Coke, or all-black inserts gave owners a level of versatility that modern references simply cannot replicate. It is one of those watches that feels equally appropriate on an airplane, in the office, or on the beach. The Pepsi bezel has always been the defining look of the GMT-Master. The vivid contrast between blue and red remains instantly recognizable from across a room and has become one of the most iconic color combinations ever fitted to a wristwatch. As collectors continue to gravitate toward five-digit Rolex sports models, the 16710 has steadily become one of the strongest values in the vintage market. Writer’s Thoughts When evaluating a Rolex GMT-Master II, originality is everything. The bezel insert, dial, hands, and case all contribute to the personality of the watch, and it's becoming increasingly uncommon to find examples that haven't been polished or altered over the years. This 2006 reference 16710 checks all the right boxes. The case remains unpolished with crisp factory proportions, the Pepsi bezel retains vibrant color throughout, and the original dial and hands are exactly what you'd hope to see on a well-preserved example. Having the original papers and Rolex bezel protector only adds to its appeal, while an original Rolex box can easily be added for anyone looking to complete the set. It's an honest GMT-Master II that represents everything collectors appreciate about the final aluminum bezel generation. Our Promise Every watch is thoroughly vetted, carefully described with complete transparency, and guaranteed authentic. Each piece is offered in honest condition, ensuring collectors receive a timepiece that reflects both originality and integrity. Specifications Brand: Rolex Model: GMT-Master II Year: 2006 Case Material: Stainless Steel Case Size: 40mm Dial: Black Movement: Automatic GMT Strap/Bracelet: Original Rolex Oyster bracelet Buckle/Clasp: Original Rolex Oyster clasp Contents: Original papers, Rolex bezel protector Condition Case: Unpolished case retaining crisp factory edges with light signs of honest wear. Dial: Original dial in perfect condition. Hands: Original hands in perfect condition. Crystal: Clean with minimal signs of use. Strap/Bracelet: Original Oyster bracelet showing light signs of careful wear. Buckle/Clasp: Original Rolex Oyster clasp in excellent condition.",Huntington Company,False
Patek Philippe Calatrava Yellow Gold (Ref. 3445G),Patek Philippe,14300,https://huntingtoncompany.com/products/patek-philippe-calatrava-yellow-gold-ref-3445g,https://cdn.shopify.com/s/files/1/0553/8391/6727/files/DSF9529-2.jpg?v=1785174030,"Worth A Read History and Significance Patek Philippe has long been regarded as the benchmark for traditional Swiss watchmaking, and few references illustrate that reputation better than the Calatrava. Introduced in the 1930s, the collection established a philosophy that beauty comes from proportion, restraint, and impeccable execution rather than unnecessary complexity. Nearly a century later, those principles continue to define the brand. The reference 3445 occupies a particularly important place in Patek Philippe's history. Introduced during the early 1960s, it became the manufacture's first self-winding wristwatch to feature a date complication housed in a waterproof screw-back case. While its technical achievements were impressive, its greatest accomplishment was maintaining the understated elegance collectors had come to expect from the Calatrava line. Today, reference 3445 remains one of the most respected vintage automatic Patek Philippe references and continues to be appreciated for both its historical significance and timeless design. Writer’s Thoughts Some watches don't need perfect originality to be special. They simply need to have lived an honest life. This reference 3445 shows exactly that kind of character. The gold case displays normal signs of wear accumulated over decades, while the original dial has developed light age that gives the watch warmth without distracting from its elegance. We often prefer seeing subtle aging on vintage Patek Philippe watches because it reminds us that these pieces were meant to be worn and enjoyed rather than hidden away. The new leather strap gives the watch a fresh appearance and makes it immediately ready to wear, while allowing the attention to remain exactly where it belongs, on the beautifully proportioned Calatrava itself. For anyone looking to add a historically important Patek Philippe to their collection, this is a reference that never goes out of style. Our Promise Every watch is thoroughly vetted, carefully described with complete transparency, and guaranteed authentic. Each piece is offered in honest condition, ensuring collectors receive a timepiece that reflects both originality and integrity. Specifications Brand: Patek Philippe Model: Calatrava Year: Circa 1960s Case Material: 18K Gold Case Size: 35mm Dial: Silver Movement: Automatic Strap/Bracelet: New leather strap Buckle/Clasp: Generic buckle Contents: Watch only Condition Case: The gold case showing normal signs of honest wear throughout. Dial: Original dial displaying light, even aging consistent with its age. Hands: Original hands in excellent condition. Crystal: Clean with light signs of use. Strap/Bracelet: New unworn leather strap. Buckle/Clasp: New generic buckle.",Huntington Company,False
2021 Rolex Datejust Two Tone Motif Dial - Box and Papers (Ref. 126203),Rolex,13900,https://huntingtoncompany.com/products/2021-rolex-datejust-two-tone-motif-dial-box-and-papers-ref-126203,https://cdn.shopify.com/s/files/1/0553/8391/6727/files/DSF4774_a135238a-e029-4c89-baf1-62042c2ee1bf.jpg?v=1773370031,"Worth A Read History and Significance The ref. 126203 represents the modern evolution of the two-tone Datejust, pairing a smooth yellow-gold bezel with an Oystersteel case and an updated movement. While most two tone Datejusts are ordered with a fluted bezel, the smooth bezel configuration is less common and gives the watch a more contemporary feel. The champagne motif dial is also an uncommon variant within the current catalog, adding a distinctive texture that sets it apart from the traditional sunburst champagne tone. This example retains its original factory finish and shows honest wear from use. Writer's Thoughts The smooth bezel and motif dial combination makes this one stand out from typical two-tone Datejust offerings. It wears clean and modern while still keeping the familiar warmth of yellow gold, and the Jubilee bracelet brings the look together nicely. Our Promise Every watch is carefully inspected, fully vetted, and described with full transparency. This Rolex is guaranteed authentic and comes backed by our commitment to honesty, quality, and trust. Specifications Brand: Rolex Model: Datejust 36 ref. 126203 Year: 2021 Case Material: Stainless steel Case Size: 36mm Bezel: Smooth yellow gold Dial: Champagne motif Crystal: Sapphire Movement: Automatic Bracelet : Two-tone Jubilee bracelet Buckle/Clasp: Folding clasp Contents: Box, booklets, and papers Condition Case: Unpolished with normal wear and visible marks from use Bezel: Shows signs of wear with scratches Dial: Excellent with no flaws Crystal: Clean with no notable marks Bracelet: Wear on the bracelet with no stretch Buckle/Clasp: Surface wear present",Huntington Company,False
2008 Rolex Submariner Date Kermit - Engraved Rehaut (Ref. 16610LV),Rolex,13600,https://huntingtoncompany.com/products/2008-rolex-submariner-date-kermit-engraved-rehaut-ref-16610lv,https://cdn.shopify.com/s/files/1/0553/8391/6727/files/DSF9501_d11aa50c-2507-4791-907c-04842f708f16.jpg?v=1785173656,"Worth A Read History and Significance When Rolex introduced the Submariner reference 16610LV in 2003, it wasn't intended to replace the standard black Submariner. Instead, it celebrated the model's fiftieth anniversary, pairing the familiar 40mm case with a vibrant green bezel and the larger Maxi dial for the first time. What initially divided collectors has since become one of the most sought-after modern Rolex references. Over the production run, the 16610LV appeared with numerous dial and bezel variations, creating an entirely new collecting niche within the Rolex community. As interest continues to grow, collectors have become increasingly selective, placing a premium on originality, complete documentation, and examples that remain as they left the factory. Later production watches, such as this 2008 example, feature the engraved rehaut introduced by Rolex during the final years of production. That subtle detail marks the transition into Rolex's modern era while preserving the proportions and charm of the five-digit Submariner that so many enthusiasts continue to prefer over its successors. Writer’s Thoughts The 16610LV has become one of those references that appeals to nearly every Rolex collector. It carries all of the charm of the classic five-digit Submariner while introducing just enough personality through the green bezel and Maxi dial to make it feel distinct. This particular watch is an engraved rehaut example from 2008 and remains an honest, well-preserved piece. It shows the normal signs of careful wear you'd expect from a watch that has been enjoyed rather than hidden away, without attempting to disguise its history through refinishing. We appreciate watches that have been used exactly as Rolex intended, and this Submariner fits that description perfectly. Our Promise Every watch is thoroughly vetted, carefully described with complete transparency, and guaranteed authentic. Each piece is offered in honest condition, ensuring collectors receive a timepiece that reflects both originality and integrity. Specifications Brand: Rolex Model: Submariner Date Year: 2008 Case Material: Stainless Steel Case Size: 40mm Dial: Black Maxi dial Movement: Automatic Strap/Bracelet: Original Rolex Oyster bracelet Buckle/Clasp: Original Rolex Oyster clasp Contents: Watch only Condition Case: Case shows normal signs of honest wear throughout. Dial: Original dial in excellent condition. Hands: Original hands in excellent condition. Crystal: Clean with light signs of use. Strap/Bracelet: Original Oyster bracelet showing normal signs of wear. Buckle/Clasp: Original Rolex Oyster clasp in excellent working condition.",Huntington Company,False
1982 Rolex Sea-Dweller Triple Six (Ref. 16660),Rolex,12900,https://huntingtoncompany.com/products/1982-rolex-sea-dweller-triple-6-ref-16660,https://cdn.shopify.com/s/files/1/0553/8391/6727/files/DSF8593-2.jpg?v=1781550309,"Worth A Read History and Significance Few references represent the evolution of the Sea-Dweller quite like the Rolex 16660. Nicknamed the ""Triple Six"" by collectors, it introduced several major upgrades to the Sea-Dweller platform including sapphire crystal, a higher depth rating, and the transition toward modern Rolex dive-watch construction. Produced throughout the late 1970s and 1980s, the 16660 occupies a unique position between vintage and modern generations. It retains much of the charm of the earlier Double Red Sea-Dwellers while offering substantially improved robustness. Service components are a reality for many professional dive watches. Unlike dress watches that spend decades in drawers, Sea-Dwellers were often purchased as tools. Over the years, Rolex service centers commonly replaced worn bezels, bracelets, and hands to keep these watches functional. This example remains attractive because it still retains an honest vintage appearance despite its service components. The aging dial and lume tell the story of a watch that has seen use while remaining faithful to its intended purpose. Writer’s Thoughts There are two types of vintage Rolex sports watches: those that sat in safes and those that were actually worn. This Rolex Sea-Dweller Ref. 16660 clearly falls closer to the latter category. This dive watch was well-worn and well-loved. With the upgraded bracelet, you can wear this vintage watch while feeling like you are experiencing something more modern. Our Promise Every watch is thoroughly vetted, carefully described with complete transparency, and guaranteed authentic. Each piece is offered in honest condition, ensuring collectors receive a timepiece that reflects both originality and integrity. Specifications Brand: Rolex Model: Sea-Dweller (Ref. 16660) Year: 1982 Case Material: Stainless steel Case Size: 40mm Dial: Black dial Movement: Automatic Strap/Bracelet: Rolex Oyster bracelet Buckle/Clasp: Rolex folding clasp Contents: Watch only Condition Case: Previously polished with light wear visible throughout. Dial: Shows aging, patina, and consistent lume loss typical of age. Hands: Rolex service hands are clean. Crystal: Clean overall. Strap/Bracelet: Rolex service Oyster bracelet in very good condition. Buckle/Clasp: Functions properly with normal signs of wear.",Huntington Company,False
1940s Vacheron Constantin Cornes de Vache Jumbo,Vacheron Constantin,12900,https://huntingtoncompany.com/products/1940s-vacheron-constantin-corne-de-vache-jumbo,https://cdn.shopify.com/s/files/1/0553/8391/6727/files/DSF7485-2.jpg?v=1779405907,"Worth A Read History and Significance Mid-century Vacheron Constantin dress watches remain some of the most understated and elegant watches produced during the post-war era, particularly when found in oversized cases such as this example. At 38mm, this “Jumbo” Cornes de Vache configuration is exceptionally uncommon for the 1940s, especially from one of the traditional Geneva maisons where most dress watches of the period measured closer to 32mm to 35mm. The case design is what immediately separates this watch from more conventional round dress references of the era. The elongated “cow horn” lugs give the watch a far more sculptural appearance and create substantial wrist presence despite the thin case profile. Combined with the larger diameter, the watch wears surprisingly modern while still retaining all of the warmth and proportions expected from a true 1940s Vacheron Constantin. The dial remains original and shows evidence of a past cleaning, something commonly encountered on vintage watches of this era. Fortunately, the overall character remains intact with attractive applied markers, alternating Roman numerals, and a clean sector-style layout that still presents very well. The crown also appears period-correct in style and closely resembles the original configuration historically seen on these references. Writer’s Thoughts Finding oversized 1940s dress watches is difficult enough on its own, but examples from Vacheron Constantin with this kind of lug architecture are on another level entirely. The proportions feel incredibly balanced on the wrist and the watch carries the sort of quiet presence that only early oversized vintage pieces seem to have. It feels elegant without being delicate. Our Promise Every watch is thoroughly vetted, carefully described with complete transparency, and guaranteed authentic. Each piece is offered in honest condition, ensuring collectors receive a timepiece that reflects both originality and integrity. Specifications Brand: Vacheron Constantin Model: Cornes de Vache Jumbo Year: circa 1940s Case Material: Yellow gold Case Size: 38mm Bezel: Fixed yellow gold bezel Dial: Original silver dial with applied markers and Roman numerals Movement: Manual wind Strap/Bracelet: Leather strap Buckle/Clasp: Generic buckle Contents: Watch only Condition Case: Excellent overall condition with strong lug definition and light surface wear consistent with age; case appears previously polished but retains attractive overall proportions. Dial: Original dial showing evidence of past cleaning; retains strong overall presentation with no signs of refinishing. Hands: Gold tone hands in very good overall condition with light age consistent wear. Crystal: Clean overall with light surface wear visible under close inspection. Strap/Bracelet: Leather strap is new.",Huntington Company,False
2023 Rolex Sea-Dweller Deepsea - Box and Papers (Ref. 136660),Rolex,12900,https://huntingtoncompany.com/products/rolex-sea-dweller-deepsea-box-and-papers-ref-136660,https://cdn.shopify.com/s/files/1/0553/8391/6727/files/DSF1441-2.jpg?v=1766116909,"Worth A Read History and Significance The Rolex Deepsea ref. 136660 sits at the top of Rolex’s professional dive watch range. It was developed as part of the Sea-Dweller line and engineered to handle depths far beyond recreational or even most commercial diving needs. With a 44mm case, helium escape valve, and the Ringlock System, the Deepsea is rated to 3,900 meters, making it one of the most technically capable watches Rolex has ever produced. The ref. 136660 represents the modern generation of the Deepsea, featuring a fully matte black dial, large Chromalight hour markers, and the updated bracelet with Glidelock extension for fine sizing. This reference bridges true tool-watch capability with everyday usability, offering extreme engineering in a format that is unmistakably Rolex. Writer's Thoughts This is a watch that wears with real presence. The proportions are substantial, but the bracelet balance and caseback design help it sit more comfortably than the size suggests. For someone who wants a modern Rolex that still feels purpose-built and uncompromising, the Deepsea delivers exactly that. Our Promise Every watch is carefully inspected, fully vetted, and described with full transparency. This Rolex is guaranteed authentic and comes backed by our commitment to honesty, quality, and trust. Specifications Brand: Rolex Model: Deepsea ref. 136660 Year: circa 2023 Case Material: Stainless steel Case Size: 44 mm Bezel: Black Cerachrom ceramic bezel with engraved dive scale Dial: Black Crystal: Sapphire Movement: Automatic Strap: Stainless steel Oyster bracelet Buckle/Clasp: Rolex Oysterlock clasp with Glidelock extension Contents: Box and papers Condition Case: Very good condition with regular signs of wear from use. The case remains full with no structural issues. Bezel: Clean with light surface wear consistent with wear. Insert is crisp and intact. Crystal: Sapphire crystal is clear with no visible chips or cracks. Dial: The Black dial is clean and free of damage. All markers and printing are sharp. Hands: Original Rolex hands in excellent condition with matching lume. Strap: Stainless steel Oyster bracelet shows surface wear throughout consistent with use. Bracelet remains tight. Buckle/Clasp: Original Rolex clasp with visible surface scratches from wear, functioning properly.",Huntington Company,False
1940s Patek Philippe Tegolino - Early Long Signature (Ref. 425),Patek Philippe,11900,https://huntingtoncompany.com/products/1940s-patek-philippe-tegolino-early-long-signature-ref-425,https://cdn.shopify.com/s/files/1/0553/8391/6727/files/DSF9865-4.jpg?v=1759352831,"Worth A Read History & Significance The Ref. 425 “Tegolino” is regarded as one of Patek Philippe’s most iconic rectangular watches. Its Italian nickname translates to “little tile,” referencing its slim, elongated, and architectural form. This case design, crafted by the renowned Genevan case maker Markowski, is celebrated for its sculptural lines and symmetry. The dials of this reference were produced by Stern Frères, and in the finest tradition of early Patek Philippe, feature hand-applied raised enamel signatures. This finishing technique gave the lettering and minute tracks a unique texture, distinguishable even today as a marker of originality. Inside, the manually wound caliber 9-90 provided precise timekeeping in a compact, elegant form, making it one of Patek’s most admired early rectangular calibers. Often given as gifts, many examples of the Ref. 425 were engraved on the caseback with initials or dedications, further cementing their role as timepieces of both horological and personal importance. Writer’s Thoughts The charm of the Tegolino Ref. 425 lies in its details. The subtle curvature of the dial creates a two-tone effect, while the raised enamel signature is a tactile reminder of Stern Frères’ craftsmanship. This example shows honest signs of wear but retains its character and originality, from the sharp hallmarks on the case to the distinctive long signature with its charming hand-applied enamel finish. It is both a design object and a slice of Patek Philippe’s history. Our Promise Every watch is thoroughly vetted, carefully described with complete transparency, and guaranteed authentic. This Patek Philippe Ref. 425 is offered in honest condition, representing one of the most iconic rectangular watches of the mid-20th century. Specifications Brand: Patek Philippe Model: Tegolino Ref. 425 Year: 1940s Case Material: 18k Yellow Gold Case Size: 20 by 42mm Bezel: This case design does not feature a bezel Dial: Slightly curved dial giving a subtle two-tone effect; raised enamel signature and minute track by Stern Frères, showcasing the hand-applied technique of the era Crystal: Acrylic crystal with roof slant effect Movement: Manual wind, caliber 9-90 Strap: New black lizard strap Buckle: Generic gold-tone buckle Contents: Watch only Condition Case: The top of the case shows light polishing, while the case sides retain sharp hallmarks; caseback features a hand-engraving with initials, typical of many Ref. 425s gifted during this period. Crystal: Excellent condition, free of chips or cracks. Dial: Original dial with light wear, primarily around the sub-seconds register; long raised enamel signature intact with correct early details, including the cut “&” and hand-applied imperfections visible only under magnification. Hands: Original yellow gold hands in near-perfect condition with minimal wear. Strap: New black lizard strap in like-new condition. Buckle: Generic gold-tone buckle in like-new condition.",Huntington Company,False
2018 Bvlgari Octo Finissimo Titanium - Box and Papers (Ref. BGO40TXT),Bulgari,10300,https://huntingtoncompany.com/products/2018-bvlgari-octo-finissimo-titanium-box-and-papers-ref-bgo40txt,https://cdn.shopify.com/s/files/1/0553/8391/6727/files/DSF5982_9223a87e-69ba-4a90-8881-740c1ddbc238.jpg?v=1776485593,"Worth A Read History and Significance Bvlgari’s Octo Finissimo line changed how people looked at modern watch design. While many brands stayed within traditional shapes and proportions, Bvlgari pushed forward with something distinctly architectural. The Octo case, with its layered geometry and sharp transitions, feels closer to industrial design than classical watchmaking, yet it remains balanced on the wrist. This reference in titanium highlights what the Finissimo concept is really about. The ultra-thin profile, combined with lightweight material, creates a wearing experience noticeably different from most steel sports watches. It almost disappears on the wrist, but visually it still carries a strong presence due to the case design and integrated bracelet. The movement is just as important here. Bvlgari’s use of a micro-rotor automatic caliber allows the watch to stay extremely thin while still offering the convenience of automatic winding. Through the open caseback, the finishing and layout are clean and modern, aligning with the overall design language rather than trying to mimic traditional decoration. Writer’s Thoughts The weight, or lack of it, is the first thing that stands out. The monochromatic look keeps it restrained even though the case design is complex. It’s also one of the few pieces that can sit between sport and dress without feeling out of place in either setting, thanks to its thinness. Our Promise Every watch is thoroughly vetted, carefully described with complete transparency, and guaranteed authentic. Each piece is offered in honest condition, ensuring collectors receive a timepiece that reflects both originality and integrity. Specifications Brand: Bvlgari Model: Octo Finissimo (Ref. BGO40TXT) Year: 2018 Case Material: Titanium Case Size: 40mm Dial: Grey dial with small seconds Movement: Automatic Bvlgari micro-rotor caliber Strap/Bracelet: Integrated titanium bracelet Buckle/Clasp: Bvlgari folding clasp Contents: Complete set Condition Case: Case shows light wear consistent with use, with sharp edges retained throughout. Dial: Clean with no imperfections. Hands: Hands are clean. Crystal: Clear, with almost no wear. Strap/Bracelet: Bracelet is in excellent condition with no stretch and light wear only.",Huntington Company,False
1989 Rolex Datejust 26 Matte Blue Roman Dial (Ref. 69178),Rolex,10300,https://huntingtoncompany.com/products/1989-rolex-datejust-26-matte-blue-roman-dial-ref-69178,https://cdn.shopify.com/s/files/1/0553/8391/6727/files/DSF3214-2_4f2fb9d1-832d-4511-a98e-68abf5f14f40.jpg?v=1770512736,"Worth A Read History & Significance The Rolex Datejust 69178 represents the classic ladies Datejust in solid yellow gold, paired with the fluted bezel and President bracelet that defined Rolex’s luxury identity in the late 1980s. While the reference itself is well known, dial variations are where true distinction appears, and this example stands apart for that reason alone. Most 69178s are found with champagne, black, or white dials, often with glossy finishes or diamond markers. This watch features an uncommon matte blue Roman numeral dial, a configuration produced in far smaller numbers and rarely seen today. The matte finish gives the dial a flatter, more understated appearance compared to lacquered variants, while the Roman numerals add a distinctly vintage Rolex aesthetic that feels closer to earlier Datejust executions. The contrast between the warm yellow gold case and bracelet and the cooler blue dial gives the watch a balanced, elegant presence that is immediately noticeable on the wrist. This combination makes the watch especially appealing to collectors who value originality and subtle rarity rather than overt flash, even within a solid gold Rolex. Writer’s Thoughts What makes this watch special is how quietly different it is. At first glance it reads as a classic gold Datejust, but once you notice the matte blue Roman dial, everything changes. The color has a soft, almost denim-like tone that works incredibly well with yellow gold, and the Roman numerals give it a strong vintage feel without being loud. I also love that the dial isn’t glossy; it feels simpler and crisper. This is the kind of Datejust that rewards a second look and feels far more personal than the standard configurations you usually see. Our Promise Every watch is thoroughly vetted, carefully described with complete transparency, and guaranteed authentic. This watch is offered in honest condition. Specifications Brand: Rolex Model: Datejust (Ref. 69178) Year: 1989 Case Material: 18k yellow gold Case Size: 26 mm Case: Solid 18k yellow gold case with fluted yellow gold bezel Dial: Matte blue Roman numeral dial Crystal: Sapphire crystal Movement: Rolex automatic movement Strap/Bracelet: 18k yellow gold President bracelet Buckle/Clasp: Rolex hidden clasp Contents: Watch only Condition Case: Solid gold case and fluted bezel show honest wear consistent with age, with defined bezel fluting and no signs of over-polishing. Crystal: Sapphire crystal is clean with no visible chips or cracks. Dial: Original matte blue Roman numeral dial in excellent condition with even color and no visible damage. Hands: Original hands in good condition with matching lume. Strap/Bracelet: The President bracelet shows minimal stretch and surface wear consistent with vintage gold bracelets. Buckle/Clasp: Clasp functions properly with light surface wear.",Huntington Company,False
Audemars Piguet Automatic Steel Integrated Bracelet (Ref. 5274),Audemars Piguet,9900,https://huntingtoncompany.com/products/audemars-piguet-automatic-steel-integrated-bracelet-ref-5274,https://cdn.shopify.com/s/files/1/0553/8391/6727/files/DSF9229-2.jpg?v=1784387735,"Worth A Read History and Significance Long before integrated bracelet sports watches became one of the most desirable categories in collecting, Audemars Piguet was quietly producing elegant dress watches that showcased the same attention to proportion and finishing the brand is known for today. This reference 5274 offers a fascinating alternative to the precious metal examples typically associated with the era. Constructed entirely from stainless steel, the watch immediately separates itself from the majority of vintage integrated bracelet dress watches, which were overwhelmingly produced in yellow gold or white gold. The beautifully woven integrated bracelet flows seamlessly into the slim case, creating an elegant silhouette that feels remarkably modern decades after it was produced. Inside is an ultra thin automatic Audemars Piguet caliber, visible through the uncommon screw down case back. The beautifully finished movement serves as another reminder that Audemars Piguet has long been one of Switzerland's premier movement manufacturers, balancing technical excellence with understated design. For collectors looking beyond the usual integrated bracelet icons, this reference offers something genuinely uncommon while remaining unmistakably Audemars Piguet. Writer’s Thoughts Integrated bracelet watches have become one of the most talked-about segments of the market, but pieces like this remind you that there is still so much left to discover beyond the obvious choices. The reference 5274 feels completely different from its precious metal counterparts. The stainless steel construction gives it a versatility that makes it incredibly easy to wear every day, while the bracelet is one of those details you find yourself admiring over and over again. It is refined, understated, and something you simply do not come across very often. Our Promise Every watch is thoroughly vetted, carefully described with complete transparency, and guaranteed authentic. Each piece is offered in honest condition, ensuring collectors receive a timepiece that reflects both originality and integrity. Specifications Brand: Audemars Piguet Model: Automatic Dress Watch Reference: 5274 Year: Circa 1970s Case Material: Stainless Steel Case Size: 34mm Dial: Silver Movement: Audemars Piguet Automatic Ultra Thin Strap/Bracelet: Original Integrated Stainless Steel Bracelet Buckle/Clasp: Integrated Folding Clasp Contents: Watch only Condition Case: The stainless steel case remains in excellent vintage condition with crisp edges and honest signs of wear. The uncommon screw-down case back remains well preserved. Dial: The original silver dial remains exceptionally clean with an even finish, crisp printing, and beautifully preserved applied markers. Hands: The original hands remain in excellent condition with matching finish and no noticeable imperfections. Crystal: The crystal remains clean with only minor signs of use consistent with careful ownership. Strap/Bracelet: The original integrate",Huntington Company,False
1950s IWC White Gold Diamond Cocktail Watch - Rare,IWC,9900,https://huntingtoncompany.com/products/1950s-iwc-white-gold-diamond-cocktail-watch-rare,https://cdn.shopify.com/s/files/1/0553/8391/6727/files/DSF3181-2.jpg?v=1770512675,"Worth A Read History & Significance During the mid-20th century, International Watch Company produced a small number of fine jewelry watches that sat outside their better-known pilot and tool watch catalog. These cocktail watches were made in precious metals and often paired with elaborate gem-set bracelets, intended for formal evening wear rather than everyday use. Production numbers were low, and many were custom-ordered through jewelers, which makes surviving examples highly individual. This piece is crafted in white gold and features an integrated bracelet fully set with diamonds, including a halo surrounding the dial. The dial itself is restrained and understated, allowing the case and bracelet to carry the visual weight. Unlike many diamond watches of the era that feel decorative first and horological second, this retains the proportions and balance of a proper watch, scaled down intentionally rather than compromised. The result is a piece that reflects both IWC’s technical discipline and the mid-century appetite for refined luxury. Writer’s Thoughts This is one of those watches that stops you once you really look at it. The diamond work is extensive but surprisingly tasteful, and the small silver dial keeps everything grounded. It feels like a true period piece that hasn’t been altered or over-polished, which is rare with watches like this. I love how it balances restraint and excess at the same time. It’s unmistakably special, but still feels honest and original. Our Promise Every watch is thoroughly vetted, carefully described with complete transparency, and guaranteed authentic. This watch is offered in honest condition. Specifications Brand: International Watch Company Model: Cocktail Watch Year: 1950s Case Material: White gold case with diamond-set bezel integrated into the case design Case Size: 18 mm Dial: Silver dial with applied hour markers Crystal: Acrylic Movement: Manual wind IWC movement Strap/Bracelet: Integrated white gold bracelet fully set with diamonds Buckle/Clasp: Integrated concealed clasp Contents: Watch only Condition Case: White gold case and diamond-set bezel are exceptionally well preserved with crisp edges and minimal wear consistent with careful use. Crystal: The unique art deco crystal is in mint condition. Dial: In mint condition, with clean printing and no discoloration or damage. Hands: The original hands are well-preserved and match the dial beautifully. Strap/Bracelet: Integrated diamond bracelet is in excellent condition with tight links and strong presence. Buckle/Clasp: Original clasp functions properly and shows light wear consistent with age.",Huntington Company,False
2016 Rolex Datejust 41 Blue Roman Dial - Box and Papers (Ref. 116334),Rolex,9900,https://huntingtoncompany.com/products/rolex-datejust-41-blue-roman-dial-box-and-papers-ref-116334,https://cdn.shopify.com/s/files/1/0553/8391/6727/files/DSF1387.jpg?v=1766116774,"Worth A Read History and Significance The Datejust 41 represents Rolex’s modern evolution of its most recognizable model, offering larger proportions while preserving the design language that has defined the Datejust since 1945. Introduced in the mid 2010s, the Datejust 41 replaced the short lived Datejust II and refined the case shape with slimmer lugs, improved bracelet taper, and a more balanced profile overall. Reference 116334 pairs a stainless steel Oyster case with an 18k white gold fluted bezel, a combination that has long been considered the quintessential Datejust configuration. The blue Roman numeral dial adds a more expressive character compared to standard stick dials, while still remaining unmistakably Rolex. It is a configuration that bridges classic styling with contemporary sizing. Writer's Thoughts The 41 mm case wears confidently without feeling oversized, and the blue Roman dial gives the watch personality without sacrificing versatility. This is a modern Datejust that still feels rooted in tradition, making it easy to wear daily while offering just enough distinction to stand out. Our Promise Every watch is carefully inspected, fully vetted, and described with full transparency. This Rolex is guaranteed authentic and comes backed by our commitment to honesty, quality, and trust. Specifications Brand: Rolex Model: Datejust ref. 116334 Year: 2016 Case Material: Stainless steel with 18k white gold bezel Case Size: 41 mm Bezel: 18k white gold fluted bezel Dial: Blue sunburst Roman numeral dial Crystal: Sapphire Movement: Automatic Strap: Stainless steel Oyster bracelet Buckle/Clasp: Rolex folding Oysterclasp Contents: Box and papers Condition Case: Stainless steel case shows surface wear from normal use with no structural issues. Bezel: White gold fluted bezel shows light wear consistent with age. Crystal: Sapphire crystal is clean with no chips or cracks. Dial: Blue Roman numeral dial is clean with even color throughout. Hands: Original Rolex hands in excellent condition. Strap: Oyster bracelet shows wear throughout from regular use. Buckle/Clasp: The Rolex clasp functions properly with visible surface wear.",Huntington Company,False
1996 Rolex Explorer II Polar Tritium - Papers (Ref. 16570),Rolex,9300,https://huntingtoncompany.com/products/1996-rolex-explorer-ii-polar-tritium-papers-ref-16570,https://cdn.shopify.com/s/files/1/0553/8391/6727/files/DSF9584.jpg?v=1785187826,"Worth A Read History and Significance Introduced as a purpose-built tool watch for cave explorers, scientists, and adventurers working in environments where distinguishing day from night became difficult, the Explorer II has always favored function over flash. Fixed bezels replaced rotating ones. Large luminous markers prioritized legibility. Even the additional 24-hour hand existed solely to solve a practical problem rather than add visual complexity. The reference 16570 refined that philosophy into what many enthusiasts now consider the definitive Explorer II. Produced for more than two decades, it balanced the rugged charm of earlier references with modern reliability while retaining proportions that many collectors feel Rolex has never improved upon. At 40mm, it wears effortlessly, and the clean white Polar dial creates a personality entirely different from its black counterpart. For tritium enthusiasts, early 1996 examples occupy a particularly desirable place in the production run. They represent the final years before Rolex transitioned away from tritium luminous material, allowing these watches to develop the soft creamy patina collectors actively seek today. Combined with an untouched case and original accessories, they have become increasingly difficult to replace. Writer’s Thoughts We probably inspect more five-digit Rolex sports watches than anything else, and every once in a while one immediately separates itself from the rest. This Explorer II did exactly that. The unpolished case still has the sharp lines that define a truly honest Rolex, while the creamy tritium lume has aged exactly the way we'd hope to see on a mid-1990s watch. The dial remains beautifully preserved without the spotting or damage that can occasionally appear on Polar examples, allowing the warm lume to stand out even more. Reference 16570 is accompanied by its original papers and red tag, making it especially attractive for collectors looking for an untouched example. An original Rolex box can easily be added to complete the package, but the watch itself is already everything we'd want to see from a 1996 Explorer II. It has simply been preserved the right way. Our Promise Every watch is thoroughly vetted, carefully described with complete transparency, and guaranteed authentic. Each piece is offered in honest condition, ensuring collectors receive a timepiece that reflects both originality and integrity. Specifications Brand: Rolex Model: Explorer II Year: 1996 Case Material: Stainless Steel Case Size: 40mm Dial: Polar with tritium lume Movement: Automatic GMT Strap/Bracelet: Original Rolex Oyster bracelet Buckle/Clasp: Original Rolex Oyster clasp Contents: Original papers, red tag Condition Case: Unpolished case retaining crisp factory edges with light honest wear throughout. Dial: Original Polar dial in excellent condition with no visible signs of damage or deterioration. Hands: Original hands with attractive creamy tritium lume matching the dial. Crystal: Cle",Huntington Company,False
Cartier Tank New York Jumbo Blue Dial (Ref. 5512116),Cartier,8900,https://huntingtoncompany.com/products/cartier-tank-new-york-jumbo-blue-dial-ref-5512116,https://cdn.shopify.com/s/files/1/0553/8391/6727/files/DSF8829-2.jpg?v=1783443214,"Worth A Read History and Significance Few names in watchmaking carry the design legacy of Cartier. While many brands built their reputation through mechanical innovation, Cartier revolutionized the idea of what a wristwatch could look like. The Tank remains one of the most recognizable designs ever produced, proving that timeless proportions often outlive changing trends. This particular example is one of the more collectible variations: the New York Jumbo Tank. Produced during the period when Cartier operated separate workshops in Paris, London, and New York, these regional pieces have become highly sought after for their subtle differences and comparatively low production numbers. The standout feature here is undoubtedly the blue lacquer dial. Unlike the traditional white Roman numeral dials associated with the Tank, this vibrant blue dial with gold printing completely transforms the personality of the watch. It feels bold without sacrificing elegance, making it one of the most distinctive Tank configurations ever offered. At 28mm by 38mm, the Jumbo wears substantially larger than a traditional vintage Tank. Combined with its stepped case architecture and deep blue dial, it has a wrist presence that feels remarkably contemporary despite its vintage origins. Writer’s Thoughts Many vintage Tanks blend together after you've seen enough of them. The Cartier Tank New York Jumbo Reference 5512116 doesn't. The blue lacquer dial immediately sets it apart from traditional white Roman-numeral examples, while the larger case gives it a presence that feels remarkably modern. It's a watch that delivers all the elegance expected from Cartier, yet enough individuality to make it memorable long after it's left the wrist. Our Promise Every watch is thoroughly vetted, carefully described with complete transparency, and guaranteed authentic. Each piece is offered in honest condition, ensuring collectors receive a timepiece that reflects both originality and integrity. Specifications Brand: Cartier Model: Tank New York Jumbo (Ref. 5512116) Year: Circa 1970s–1980s Case Material: Gold electroplated Case Size: 28mm x 38mm Dial: Blue lacquer with gold Roman numerals Movement: Manual wind Strap/Bracelet: Leather strap Buckle/Clasp: Generic pin buckle Contents: Watch only Condition Case: Excellent condition with no gold loss and only light signs of normal wear. Dial: Near perfect with no notable cracks, chips, or fading. Hands: Excellent condition. Crystal: Clean overall. Strap/Bracelet: New leather strap. Buckle/Clasp: Generic buckle in excellent condition.",Huntington Company,False
1930s Tiffany and Co. Movado Platinum and Diamond Cocktail Watch,Tiffany and Co.,8900,https://huntingtoncompany.com/products/1930s-tiffany-and-co-movado-platinum-and-diamond-cocktail-watch,https://cdn.shopify.com/s/files/1/0553/8391/6727/files/DSF2185-2.jpg?v=1767974782,"Worth A Read History and Significance This platinum Movado was produced for Tiffany & Co. during the 1930s, a period when Tiffany frequently partnered with elite Swiss makers to produce watches that met its own aesthetic and technical standards. The result is a piece that feels unmistakably Art Deco, defined by its elongated rectangular case, architectural bracelet construction, and refined dial layout. Watches of this era were designed as jewelry as much as timekeepers, and this example captures that balance well, combining fine watchmaking with high jewelry craftsmanship. Co-signed pieces from this period remain especially desirable due to their limited production and strong historical context. Writer’s Thoughts This is a watch that reads more like a piece of wearable architecture than a traditional wristwatch. The proportions are elegant, the bracelet drapes naturally, and the raised enamel dial adds depth that photographs rarely do justice. It feels deliberate and sophisticated, with a presence that comes from design rather than size. Our Promise Every watch is thoroughly vetted, carefully described with complete transparency, and guaranteed authentic. This watch is offered in honest condition. Specifications Brand: Movado for Tiffany & Co. Model: Rectangular bracelet watch Year: circa 1930s Case Material: Platinum Movement: Manual wind Strap: Integrated platinum bracelet Buckle/Clasp: Integrated clasp Contents: Watch only Condition Case: Solid platinum case shows light surface wear consistent with age and careful use. Crystal: Clean, with no visible chips or cracks. Dial: Raised enamel dial is clean with strong contrast, even aging, and well-preserved printing. Hands: In excellent condition, with no corrosion or damage. Strap: Integrated platinum bracelet shows light wear consistent with age and remains structurally sound. Buckle/Clasp: Integrated clasp functions properly with light handling marks visible.",Huntington Company,False
Breitling Montbrillant Limited Edition Venus Chronograph (Ref. 175),Breitling,8600,https://huntingtoncompany.com/products/breitling-montbrillant-limited-edition-venus-chronograph-ref-175,https://cdn.shopify.com/s/files/1/0553/8391/6727/files/DSF5496-2.jpg?v=1744141654,"Worth A Read Léon Breitling, a renowned watchmaker, began working in Saint-Imier in 1884 and later established a new workshop in La Chaux-de-Fonds in 1892. He moved to the city to begin mass production of chronographs due to its new steam-powered factories and plentiful labor. Breitling's new workshop was located on Boulevard du Petit-Château, a popular street for watchmakers. The company, which included Charles Couleru-Meuri, was a respected manufacturer of stopwatches and pocket watches. Breitling and Couleru-Meuri highlighted their new factory in 1894 advertisements, omitting the fact that the large building was shared by multiple companies. The Beautification Society purchased the open land next to the building, which was later transformed into a public park called Bois du Petit-Château. This project rerouted or eliminated many roads, including Boulevard du Petit-Château, transforming the Northwestern side of the city. The Montbrillant Watch Manufactory, a historic location in Hanover, was referred to as the Montbrillant Watch Manufactory by G.-Léon Breitling S.A., giving it a sense of being a destination. The name was de-emphasized in the 1960s and 1970s, but Breitling revived the Montbrillant brand in recent decades after new owner Ernest Schneider took ownership in 1979. Montbrillant has been used as a model name for various Breitling watches over the past four decades, with limited edition Navitimer Montbrillant models featuring the name engraved on the caseback and later models with ""Montbrillant"" on the dial. The Montbrillant complex is mostly hidden from view, but Google Street View photos reveal the historic facade from almost the same angle as the historic images above. Specifications Model: Montbrillant Movement: A vintage manual Venus chronograph that was used for this limited edition chronograph in the 90s. Year: 1990s Contents: Watch Only Case: The size is 36mm, which is phenomenal for a chronograph. The case looks unpolished with normal signs of wear. Dial: A silver brushed dial with a layout similar to Breightling Chronographs from the 40s and 50s. Strap & Buckle: The watch has its original buckle.",Huntington Company,False
2023 TAG Heuer Monaco Night Driver Chronograph - Box and Papers (Ref. CBL2181.FC6515),TAG Heuer,8300,https://huntingtoncompany.com/products/tag-heuer-monaco-night-driver-chronograph-box-and-papers-ref-cbl2181-fc6515,https://cdn.shopify.com/s/files/1/0553/8391/6727/files/DSF1520.jpg?v=1766116557,"Worth A Read History and Significance The TAG Heuer Monaco Night Driver was released in 2010 as a limited-production reinterpretation of the brand’s most recognizable chronograph. While the Monaco’s roots trace back to 1969 and its pioneering square automatic chronograph case, the Night Driver was conceived as a distinctly modern variant, aimed at collectors who wanted something darker, more technical, and less overtly nostalgic. The watch takes its name from the automotive concept of night driving, reflected in its black Titanium DLC case and predominantly dark dial. In contrast to traditional Monaco layouts, the Night Driver features silver sunken chronograph registers, applied markers, and a layered dial construction that emphasizes depth and legibility. Inside is the Calibre 12 automatic chronograph, a movement derived from the ETA 2892 base with a Dubois-Dépraz chronograph module, chosen for its reliability and thin profile. Produced in limited numbers and never part of the core Monaco lineup, the Night Driver occupies an interesting position in TAG Heuer’s modern history. It represents a period where the brand was experimenting with contemporary materials and finishes while still respecting its historical icons. Writer's Thoughts This is a Monaco that feels purposeful rather than nostalgic. The black case and restrained dial give it a more understated presence compared to classic blue or white Monaco references, yet it remains instantly recognizable on the wrist. It wears larger than its dimensions suggest, as all Monacos do, but the darker palette makes it easier to live with day to day. For someone who appreciates the Monaco design but wants something less traditional, this is one of the most compelling executions. Our Promise Every watch is carefully inspected, fully vetted, and described with full transparency. This TAG Heuer is guaranteed authentic and comes backed by our commitment to honesty, quality, and trust. Specifications Brand: TAG Heuer Model: Monaco Night Driver Chronograph ref. CBL2181.FC6515 Year: circa 2010 Case Material: Titanium DLC Case Size: 39 mm Dial: Black with silver chronograph sub-dials Crystal: Sapphire Movement: Automatic chronograph Strap: Perforated leather Buckle/Clasp: Titanium DLC deployant Contents: Box and papers Condition Case: The black case shows no signs of wear and looks almost brand new. Crystal: Sapphire crystal is clean with no visible chips or cracks. Dial: Dial and sub-dials are clean with no visible blemishes. Hands: Original hands with even finish and proper alignment. Strap: Perforated leather strap shows close to zero signs of wear. Buckle/Clasp: Deployant clasp shows almost no signs of wear.",Huntington Company,False
1970s Rolex Datejust Two Tone Rose Gold (Ref. 1601),Rolex,7900,https://huntingtoncompany.com/products/1970s-rolex-datejust-two-tone-rose-gold-ref-1601,https://cdn.shopify.com/s/files/1/0553/8391/6727/files/DSF8316-2.jpg?v=1780720485,"Worth A Read History and Significance The Rolex Datejust is one of the most important wristwatch designs ever produced. Introduced in 1945, it was the first self-winding chronometer wristwatch with an automatically changing date display and quickly became the benchmark for what an everyday luxury watch could be. While countless references have followed, many collectors still gravitate toward the acrylic-crystal examples of the 1960s and 1970s because they retain the proportions and charm that made the model famous. Reference 1601 sits right in the middle of that golden era. The pie-pan dial, fluted bezel, Jubilee bracelet, and slim case profile create the classic Datejust silhouette that has become synonymous with vintage Rolex. During the period, Rolex offered an impressive number of dial and metal combinations, many of which were produced in relatively small quantities compared to standard yellow gold examples. This particular watch stands apart because of its uncommon rose gold and stainless steel construction. While yellow gold two-tone Datejusts are frequently encountered, rose gold examples are considerably harder to find and offer a softer, warmer appearance on the wrist. The combination feels less flashy and more refined, especially when paired with the silver pie-pan dial. Equally impressive is the bracelet. Vintage Jubilee bracelets are notorious for stretch after decades of wear, making tightly preserved examples increasingly difficult to source. This bracelet remains fully linked and remarkably tight for a watch from the early 1970s, something that collectors immediately appreciate when handling the watch in person. Writer’s Thoughts Two-tone Rose gold Datejusts 1601s in gold are so rare, and they completely change the watch's personality. It feels warmer and more understated than yellow gold while still giving you that unmistakable vintage Rolex look. You can also spend ages looking at vintage Datejusts and rarely find a Jubilee from this period that still feels this solid and is completely linked. Our Promise Every watch is thoroughly vetted, carefully described with complete transparency, and guaranteed authentic. Each piece is offered in honest condition, ensuring collectors receive a timepiece that reflects both originality and integrity. Specifications Brand: Rolex Model: Datejust (Ref. 1601) Year: 1970s Case Material: Stainless steel and rose gold Case Size: 36mm Dial: Silver pie-pan dial Movement: Automatic Strap/Bracelet: Rolex Jubilee bracelet Buckle/Clasp: Rolex folding clasp Contents: Watch only Condition Case: Excellent overall condition with light surface wear visible throughout; retains strong vintage proportions. Dial: Clean silver pie-pan dial with attractive vintage character and even aging throughout. Hands: Original rose gold hands in excellent condition. Crystal: Acrylic crystal showing light wear consistent with age. Strap/Bracelet: Exceptionally tight Jubilee bracelet retaining all links with minimal stretch, a ",Huntington Company,False
2000 Jaeger-LeCoultre Master Control Triple Calendar Moonphase (Ref. 176.8.12.S),Jaeger-LeCoultre,7600,https://huntingtoncompany.com/products/2000-jaeger-lecoultre-master-control-triple-calendar-moonphase-ref-176-8-12-s,https://cdn.shopify.com/s/files/1/0553/8391/6727/files/DSF9248_5af99a97-9805-4dc9-b2e8-a767552e4391.jpg?v=1784388024,"Worth A Read History and Significance There is something incredibly satisfying about a watch that manages to do so much without ever feeling complicated. That has always been the appeal of the Jaeger-LeCoultre Master Control collection. Rather than drawing attention with bold colors or oversized proportions, it quietly showcases one of Switzerland's finest movement manufacturers through elegant design and thoughtful engineering. This reference 176.8.12.S perfectly captures that philosophy. Housed in a versatile stainless steel case, the watch features one of the cleanest triple calendar and moonphase layouts ever produced. The day and month apertures sit neatly beneath twelve o'clock, while the pointer date traces the outer edge of the dial before giving way to a beautifully executed moonphase display above six. Every indication feels balanced and intuitive, proving that complicated watches do not have to sacrifice legibility. Powering the watch is one of Jaeger-LeCoultre's beautifully finished automatic calibers, visible through the sapphire display case back. Long considered one of the industry's premier movement manufacturers, Jaeger-LeCoultre has supplied movements to many of the world's most prestigious watchmakers throughout its history. That heritage is immediately evident the moment you turn this watch over. Accompanied by its original Jaeger-LeCoultre strap and matching deployant clasp, this example remains wonderfully honest throughout and represents everything collectors appreciate about the Master Control line. Writer’s Thoughts The Master Control collection has always been one of the best values in high end watchmaking. Jaeger-LeCoultre has an incredible ability to create watches that feel understated while packing in genuinely useful complications and exceptional movement finishing. They never feel flashy, yet they always reward a closer look. Examples like this remind me why I enjoy Jaeger-LeCoultre so much. The proportions are wearable, the dial is incredibly well balanced, and the movement visible through the display back is every bit as enjoyable as the front of the watch. It is classic, timeless, and versatile enough to wear every day while still offering the kind of mechanical sophistication that keeps collectors interested for years. Our Promise Every watch is thoroughly vetted, carefully described with complete transparency, and guaranteed authentic. Each piece is offered in honest condition, ensuring collectors receive a timepiece that reflects both originality and integrity. Specifications Brand: Jaeger-LeCoultre Model: Master Control Triple Calendar Moonphase Reference: 176.8.12.S Year: Circa 2000 Case Material: Stainless Steel Case Size: 39mm Dial: Silver Triple Calendar Moonphase Movement: Jaeger-LeCoultre Automatic Strap/Bracelet: Original Jaeger-LeCoultre Black Strap Buckle/Clasp: Original Jaeger-LeCoultre Stainless Steel Deployant Clasp Contents: Watch only Condition Case: The stainless steel case appears to remain u",Huntington Company,False
1961 Rolex Disco Volante Tropical Taupe Dial (Ref. 9522),Rolex,7600,https://huntingtoncompany.com/products/1961-rolex-disco-volante-tropical-taupe-dial-ref-9522,https://cdn.shopify.com/s/files/1/0553/8391/6727/files/DSF5302-2_be3e7d38-62bc-4251-b724-7e6358e9f015.jpg?v=1774406367,"Worth A Read History and Significance The Rolex reference 9522 is part of a lesser seen group of manually wound dress watches that showcase a more experimental side of the brand’s mid century design language. Often referred to as “Disco Volante,” or flying saucer, the case is defined by its wide, rounded profile and thin midsection, giving it a distinctive silhouette that stands apart from traditional Oyster cases. Produced during a period when Rolex was still exploring a range of dress watch designs, the 9522 reflects a balance between form and function. While it retains the brand’s focus on durability and precision, the emphasis here is clearly on case architecture and dial presence. This example features a grey dial that has aged into a tropical taupe tone, creating a soft, almost brown hue that adds depth without overpowering the simplicity of the layout. Combined with the small seconds register and minimal text, the watch maintains a very clean and refined appearance. Writer’s Thoughts The case is what immediately draws attention. At 36mm with that wide, sloping profile, it wears larger than expected and has a strong presence on the wrist. The tropical dial really completes the watch. It brings warmth to what would otherwise be a very minimal design, and the aging feels natural and even. It is the kind of piece that feels subtle at first but becomes more interesting the longer you look at it. Our Promise Every watch is thoroughly vetted, carefully described with complete transparency, and guaranteed authentic. Each piece is offered in honest condition, ensuring collectors receive a timepiece that reflects both originality and integrity. Specifications Brand: Rolex Model: Disco Volante (Ref. 9522) Year: 1961 Case Material: Yellow gold Case Size: 36mm Dial: Grey dial aged to tropical taupe tone with small seconds Movement: Manual wind Rolex movement Strap/Bracelet: Black leather strap Buckle/Clasp: Generic pin buckle Contents: Watch only Condition Case: Yellow gold case appears unpolished with sharp edges and strong overall definition. Light surface wear consistent with age is present. Dial: Grey dial has aged into a tropical taupe tone with light, even signs of aging throughout. Hands: Hands show light aging consistent with the dial and remain well preserved. Crystal: Acrylic crystal shows light surface wear and scratches. Strap/Bracelet: New leather strap in excellent condition with a generic buckle.",Huntington Company,False
Jaeger-LeCoultre Polaris Date (Ref. Q9068671),Jaeger-LeCoultre,7300,https://huntingtoncompany.com/products/jaeger-lecoultre-polaris-date-ref-q9068671,https://cdn.shopify.com/s/files/1/0553/8391/6727/files/DSF5990-2.jpg?v=1776801279,"Worth A Read History and Significance When Jaeger-LeCoultre reintroduced the Polaris line in 2018, the goal was not to recreate a single vintage reference, but to reinterpret the design language of their late 1960s sport watches in a more wearable, modern format. The Polaris Date sits at the center of that lineup, offering the aesthetic of the original Polaris with a simplified, time-and-date execution. This reference keeps the signature internal rotating bezel, operated via the upper crown, which ties it directly back to the vintage models. The case is contemporary at 42mm but remains restrained thanks to the slim bezel and balanced lug profile. The dial is one of the more considered elements here, constructed in layers with a matte center, grained mid-section, and opaline outer track, giving depth without relying on color or contrast. Inside is the in-house automatic caliber 899, visible through the display caseback and finished in a clean, functional manner. It is a reliable, modern movement designed for everyday use, aligning with the Polaris Date’s role as a versatile sports watch rather than a complication-focused piece. Writer’s Thoughts This is one of the more understated modern sports watches from a serious manufacture. The case proportions feel right, the bracelet integrates well, and the dial has just enough detail to keep it interesting without becoming busy. It wears easily and doesn’t demand attention, which is part of the appeal. It feels like a watch you can keep on for most situations without needing to think about it. Our Promise Every watch is thoroughly vetted, carefully described with complete transparency, and guaranteed authentic. Each piece is offered in honest condition, ensuring collectors receive a timepiece that reflects both originality and integrity. Specifications Brand: Jaeger-LeCoultre Model: Polaris Date (Ref. Q9068671) Year: Circa 2018 Case Material: Stainless steel Case Size: 42mm Bezel: Internal rotating bezel controlled by crown Dial: Black multi-finish dial with applied luminous markers Movement: Jaeger-LeCoultre automatic caliber Strap/Bracelet: Original stainless steel bracelet Buckle/Clasp: Jaeger-LeCoultre signed folding clasp Contents: Watch only Condition Case: Light surface wear throughout, including fine hairlines along the lugs and case sides. Overall, strong case geometry with no major dents or polishing evident. Dial: Clean and well-preserved with no marks or discoloration. Hands: Clean and matching with no wear. Crystal: Light marks visible at certain angles, no cracks or chips observed. Bracelet: Original bracelet with light wear throughout from normal use.",Huntington Company,False
Cartier Obus Paris Dial Blue Enamel - Cartier Service Papers,Cartier,7300,https://huntingtoncompany.com/products/cartier-obus-paris-dial-blue-lacquer,https://cdn.shopify.com/s/files/1/0553/8391/6727/files/DSF4120_a3172550-084e-4206-b9cf-76ebc53e6a0f.jpg?v=1771638030,"History and Significance The Cartier Obus is one of the brand’s more architectural case designs, produced in the late 1970s and 1980s. The name “Obus,” meaning shell in French, refers to the rounded cylindrical lugs that anchor the strap to the case. It is a shape that feels distinct from the more common Tank or Santos lines, yet unmistakably Cartier. This example features a bold blue Roman numeral surround set against a gold-tone square case, with a smaller inner dial signed “Cartier” and “Paris.” The strong contrast between the blue numerals and gold case gives the watch presence despite its compact size. The Paris signature is an important detail and ties the piece to Cartier’s traditional design language. Powered by a quartz movement, the Obus was positioned as an elegant daily wear piece, combining classic Roman numerals with a sculptural case profile. Writer’s Thoughts The Obus wears differently than a Tank. The rounded lugs soften the square case and make it sit comfortably on the wrist. Even in the smaller size, the bold blue numerals give it personality. This is not a loud watch, but it is distinctive. The blue on gold combination stands out, and the Paris dial adds an extra layer of appeal for someone who appreciates traditional Cartier details. On a dark strap, it feels balanced and intentional. Our Promise Every watch is thoroughly vetted, carefully described with complete transparency, and guaranteed authentic. Each piece is offered in honest condition, ensuring collectors receive a timepiece that reflects both originality and integrity. Specifications Brand: Cartier Model: Obus Year: Circa 1980s Case: Gold-tone square case Case Size: Small size with blue Roman numeral surround Dial: Cream center, signed Paris Crystal: Mineral crystal Movement: Quartz Strap/Bracelet: Black Cartier strap Buckle/Clasp: Cartier 18k tang buckle Contents: Box and service papers Condition Case: Case shows visible surface wear and scratching consistent with age. Bezel: Bezel area shows scratching and wear consistent with regular use. Crystal: Crystal shows light surface wear. Dial: Dial remains intact with strong blue numerals and clear Paris signature. Hands: Hands appear correct and intact. Strap/Bracelet: Leather strap shows wear consistent with use. Buckle/Clasp: Buckle shows light surface wear and functions properly.",Huntington Company,False
1996 Rolex Datejust Unpolished Tropical Dial - Caseback Sticker (Ref. 16234),Rolex,6900,https://huntingtoncompany.com/products/1996-rolex-datejust-unpolished-tropical-dial-caseback-sticker-ref-16234,https://cdn.shopify.com/s/files/1/0553/8391/6727/files/DSF8604-2.jpg?v=1781550504,"Worth A Read History and Significance Among the many Datejust references produced throughout the 1990s, the Rolex 16234 remains one of the most versatile. Combining a stainless steel case with an 18k white gold fluted bezel, it delivers much of the visual appeal of precious-metal Rolex watches while maintaining everyday practicality. This particular example distinguishes itself through its dial. Over time, exposure to light, moisture, and environmental conditions can alter dial coloration in subtle ways. The result here is an attractive tropical effect that gives the watch a warmth not found on standard production examples. Equally noteworthy is the condition. Finding an unpolished 16234 is becoming increasingly difficult, especially one retaining its original caseback sticker. Small details like these are often overlooked, but they provide evidence of how carefully a watch has been preserved over the decades. Writer’s Thoughts Condition is everything with a watch like the Rolex Datejust Ref. 16234. There are plenty of 16234s available, but very few like this. The tropical dial and creamy tritium lume completely change the personality of the watch. Add in the unpolished case and original caseback sticker and you have the kind of details that collectors love searching for. Our Promise Every watch is thoroughly vetted, carefully described with complete transparency, and guaranteed authentic. Each piece is offered in honest condition, ensuring collectors receive a timepiece that reflects both originality and integrity. Specifications Brand: Rolex Model: Sea-Dweller (Ref. 16660) Year: 1982 Case Material: Stainless steel Case Size: 40mm Dial: Black dial Movement: Automatic Strap/Bracelet: Rolex Oyster bracelet Buckle/Clasp: Rolex folding clasp Contents: Watch only Condition Case: Previously polished with light wear visible throughout. Dial: Shows aging, patina, and consistent lume loss typical of age. Hands: Rolex service hands are clean. Crystal: Clean overall. Strap/Bracelet: Rolex service Oyster bracelet in very good condition. Buckle/Clasp: Functions properly with normal signs of wear.",Huntington Company,False
2021 Omega Speedmaster Racing Panda Chronograph - Box and Papers (Ref. 329.30.44.51.04.001),Rolex,6900,https://huntingtoncompany.com/products/2021-omega-speedmaster-racing-panda-chronograph-box-and-papers-ref-329-30-44-51-04-001,https://cdn.shopify.com/s/files/1/0553/8391/6727/files/DSF1363.jpg?v=1766116965,"Worth A Read History and Significance The Speedmaster has been central to Omega’s identity since the late 1950s, but the introduction of the in-house Co-Axial chronograph movements marked a major technical shift for the line. The caliber 9900 represented Omega’s first fully integrated, column-wheel chronograph designed from the ground up around the Co-Axial escapement, rather than adapting older Lemania architecture. This reference belongs to the modern Speedmaster Professional family but departs from the traditional Moonwatch format with a larger 44.25 mm case, automatic winding, and a two-register layout. The movement is METAS certified as a Master Chronometer, tested for accuracy, power reserve, and resistance to magnetic fields up to 15,000 gauss. While not a direct Moonwatch descendant, these models represent Omega’s contemporary vision for the Speedmaster as a technically advanced everyday chronograph rather than a purely historical piece. Writer's Thoughts This is a great example of Omega doing modern sports watches correctly. The watch wears substantial but balanced, and the white dial with black sub-registers keeps things legible and restrained. The caliber 9900 is genuinely impressive to view through the caseback and makes this feel like a modern tool rather than a heritage reissue. A strong option for someone who wants a Speedmaster they can wear daily without compromise. Our Promise Every watch is carefully inspected, fully vetted, and described with full transparency. This Omega is guaranteed authentic and comes backed by our commitment to honesty, quality, and trust. Specifications Brand: Omega Model: Speedmaster Co-Axial Chronograph Reference: ref. 329.30.44.51.04.001 Year: 2021 Case Material: Stainless steel Case Size: 44.25 mm Bezel: Black ceramic tachymeter bezel Dial: White Crystal: Sapphire Movement: Automatic chronograph Strap: Stainless steel bracelet Buckle/Clasp: Folding clasp Contents: Box and papers Condition Case: Stainless steel case in excellent condition with light surface wear consistent with careful use. Bezel: Clean ceramic bezel insert with no notable chips or cracks. Crystal: Sapphire crystal is clean with no visible scratches. Light marks on the AR coating. Dial: White dial is crisp with clean printing and evenly colored sub-registers. Hands: Original hands with intact lume and no corrosion. Bracelet: Stainless steel bracelet in strong condition with light wear marks. Buckle/Clasp: Folding clasp functions properly with noticeable wear.",Huntington Company,False
Jaeger-LeCoultre Master Control Memovox (Ref. 174.8.96),Jaeger-LeCoultre,6600,https://huntingtoncompany.com/products/jaeger-lecoultre-master-control-memovox-ref-174-8-96,https://cdn.shopify.com/s/files/1/0553/8391/6727/files/DSF9519-2_0d8b4f96-12bb-4715-a9ab-fdc714d857e5.jpg?v=1785173823,"Worth A Read History and Significance Few manufacturers have contributed more to the technical advancement of Swiss watchmaking than Jaeger-LeCoultre. Often referred to as the ""watchmaker's watchmaker,"" the manufacture has supplied movements to many of the industry's most prestigious names while simultaneously producing some of the most innovative watches under its own signature. Among those innovations, the Memovox remains one of its greatest achievements. Introduced in the early 1950s, the Memovox brought a practical mechanical alarm complication to the wrist at a time when wristwatches were becoming indispensable everyday tools. Rather than simply telling the time, it could audibly remind its wearer of an appointment, departure, or meeting, making it one of the first truly functional complications designed for daily life. The distinctive dual-crown layout and rotating alarm disc quickly became defining characteristics of the collection. Reference 174.8.96 represents the modern interpretation of that historic design. While preserving the unmistakable appearance of the original Memovox, it benefits from contemporary manufacturing and finishing, allowing collectors to enjoy one of Jaeger-LeCoultre's most celebrated complications in a watch that remains perfectly suited for everyday wear. Writer’s Thoughts Complicated dress watches are always appealing, but there's something especially charming about a mechanical alarm. Even decades after smartphones made alarms commonplace, hearing the Memovox come to life through nothing more than springs, gears, and levers never gets old. This example is made even better by retaining its original Jaeger-LeCoultre leather strap and signed buckle, details that are often replaced over time. Reference 174.8.96 remains one of the most enjoyable watches in the brand's catalog because it combines genuine horological significance with a complication you'll actually find yourself using. Whether you're already a Jaeger-LeCoultre enthusiast or looking to experience the Memovox for the first time, this is an outstanding example. Our Promise Every watch is thoroughly vetted, carefully described with complete transparency, and guaranteed authentic. Each piece is offered in honest condition, ensuring collectors receive a timepiece that reflects both originality and integrity. Specifications Brand: Jaeger-LeCoultre Model: Memovox Year: Circa 2000s Case Material: Stainless Steel Case Size: 37mm Dial: Silver Movement: Automatic alarm Strap/Bracelet: Original Jaeger-LeCoultre leather strap Buckle/Clasp: Original Jaeger-LeCoultre signed buckle Contents: Watch only Condition Case: Case shows light signs of careful wear while remaining well preserved. Dial: Original dial in excellent condition. Hands: Original hands in excellent condition. Crystal: Clean with minimal signs of use. Strap/Bracelet: Original Jaeger-LeCoultre leather strap showing light wear consistent with careful use. Buckle/Clasp: Original Jaeger-LeCoultre signed buc",Huntington Company,False
Jaeger-LeCoultre Memovox International Limited Edition (Ref. 174.8.96),Jaeger-LeCoultre,6600,https://huntingtoncompany.com/products/jaeger-lecoultre-memovox-international-ref-174-8-96,https://cdn.shopify.com/s/files/1/0553/8391/6727/files/DSF8385.jpg?v=1780722316,"Worth A Read History and Significance Few complications are as charming as a mechanical alarm. While chronographs and perpetual calendars often dominate conversations among collectors, the alarm watch remains one of the most genuinely useful complications ever developed. Jaeger-LeCoultre has long been associated with the category thanks to the legendary Memovox line, which remains one of the most important alarm-watch families in watchmaking history. The Memovox International takes that heritage and packages it into a surprisingly modern design. Measuring 40mm, the watch offers significantly more wrist presence than most vintage Memovox references while retaining the functionality and charm that made the collection famous. The world-time inspired inner disc adds an additional layer of visual interest and reinforces the travel-oriented theme suggested by the name. Produced as a limited edition, the reference offers collectors something considerably less common than standard production Memovox models. The combination of the alarm complication, limited production, and larger case size makes it one of the more versatile pieces in the broader Jaeger-LeCoultre catalog. Examples in this level of preservation are becoming increasingly difficult to find. The original strap and buckle further enhance its appeal from a collector's standpoint. Writer’s Thoughts There is something inherently fun about a mechanical alarm watch. Unlike many complications that you admire visually, this is one you actually interact with. The 40mm case size makes it easy to wear daily, and the alarm complication never seems to lose its novelty, no matter how long you've owned the watch. Our Promise Every watch is thoroughly vetted, carefully described with complete transparency, and guaranteed authentic. Each piece is offered in honest condition, ensuring collectors receive a timepiece that reflects both originality and integrity. Specifications Brand: Jaeger-LeCoultre Model: Memovox International (Ref. 174.8.96) Year: Circa 2000s Case Material: Stainless steel Case Size: 40mm Dial: Silver dial with alarm and international city display Movement: Automatic Strap/Bracelet: Original leather strap Buckle/Clasp: Original Jaeger-LeCoultre buckle Contents: Watch only Condition Case: Mint condition overall with minimal signs of wear visible throughout. Dial: Excellent condition with crisp printing and no blemishes. Hands: Original hands in excellent condition. Crystal: Clean overall with no imperfections visible. Strap/Bracelet: Original strap in excellent condition. Buckle/Clasp: Original Jaeger-LeCoultre buckle showing minimal wear.",Huntington Company,False
1990s Cartier Santos Carrée Two Tone (Ref. 2961),Cartier,6300,https://huntingtoncompany.com/products/1990s-cartier-santos-carree-two-tone-ref-2961,https://cdn.shopify.com/s/files/1/0553/8391/6727/files/DSF9475_3f3e6b4a-b268-4b45-b508-0a2d062bdcae.jpg?v=1785172941,"Worth A Read History and Significance Few watches carry the historical significance of the Cartier Santos. Originally created in 1904 for Brazilian aviator Alberto Santos-Dumont, it is widely regarded as one of the first purpose-built wristwatches designed specifically for everyday wear. Long before the modern sports watch existed, Cartier had already established a design language that would influence generations of watchmakers. By the late twentieth century, the Santos Carrée had become one of the defining luxury watches of the era. Its exposed screws, integrated bracelet, and instantly recognizable square case offered a distinctly different approach from the round dress watches that dominated the market. The two-tone references, in particular, have become increasingly appreciated as collectors rediscover the bold design language of the 1980s and 1990s. Reference 2961 represents one of the most balanced executions of the Santos Carrée. Measuring 29mm, it wears considerably larger thanks to its square case and integrated bracelet. The brushed steel surfaces are beautifully contrasted by yellow gold accents, while the cream Roman numeral dial remains unmistakably Cartier. It is a watch that feels equally appropriate with a tailored jacket or a simple white t-shirt, proving that timeless design rarely follows trends. Writer’s Thoughts The Santos is one of those watches where condition immediately separates the exceptional examples from the average ones. Sharp chamfers and crisp edges are often the first things lost during repeated polishing, which makes finding an honest example increasingly difficult. This particular Cartier stood out because it still retains the geometry that makes the Santos Carrée so attractive. While we believe the case may have seen an extremely light polish sometime in its life, the thick chamfers remain well defined and the overall case profile is impressively sharp. The original cream dial is equally pleasing, showing none of the cracking, spidering, or aging that collectors often encounter on watches from this period. Reference 2961 has aged remarkably well, and this example is a wonderful reminder of why the Santos continues to be one of Cartier's most enduring designs. Our Promise Every watch is thoroughly vetted, carefully described with complete transparency, and guaranteed authentic. Each piece is offered in honest condition, ensuring collectors receive a timepiece that reflects both originality and integrity. Specifications Brand: Cartier Model: Santos Carrée Year: Circa 1990s Case Material: Stainless Steel and Yellow Gold Case Size: 29mm Dial: Cream Roman numeral dial Movement: Automatic Strap/Bracelet: Original two-tone bracelet Buckle/Clasp: Original Cartier folding clasp Contents: Watch only Condition Case: Very sharp case that may have been lightly polished in the past while retaining thick chamfers and excellent overall definition. Dial: Original cream dial in excellent condition with no cracks, spidering, or ",Huntington Company,False
Vacheron Constantin Coin Edge Bezel - Türler Signed (Ref. 6406),Vacheron Constantin,6300,https://huntingtoncompany.com/products/vacheron-constantin-coin-edge-bezel-turler-signed-ref-6406,https://cdn.shopify.com/s/files/1/0553/8391/6727/files/DSF8789-2.jpg?v=1783443275,"Worth A Read History and Significance Double-signed dials have become one of the most sought-after specialties within vintage collecting. Rather than simply carrying the manufacturer's name, these watches also feature the signature of the prestigious retailer that originally sold the watch. The practice was reserved for only a handful of the world's finest retailers, making surviving examples exceptionally scarce. Türler of Zurich remains one of the most respected names among those retailers. For decades, the family-owned jeweler worked closely with the finest Swiss manufactures, and today double-signed Türler watches rank among the most collectible examples from nearly every major brand. Reference 6406 is itself an uncommon Vacheron Constantin, distinguished by its beautifully coined bezel. Combined with the rare Türler signature, it becomes a watch that collectors may search years to encounter again. The restrained 32.5mm proportions perfectly capture the elegance of mid-century Vacheron Constantin. Sharp lugs, refined finishing, and beautifully faceted hour markers give the watch remarkable presence despite its modest size. Writer’s Thoughts The retail signature almost feels like discovering a hidden chapter of the watch's history. It transforms an already elegant Vacheron Constantin into something far more personal, tying it to one of Switzerland's great retailers. Pieces like this remind you that provenance can be just as exciting as the watch itself. Our Promise Every watch is thoroughly vetted, carefully described with complete transparency, and guaranteed authentic. Each piece is offered in honest condition, ensuring collectors receive a timepiece that reflects both originality and integrity. Specifications Brand: Vacheron Constantin Model: Ref. 6406 Year: Circa 1960s Case Material: Yellow gold Case Size: 32.5mm Dial: Silver double-signed Türler Movement: Manual wind Strap/Bracelet: Leather strap Buckle/Clasp: Generic pin buckle Contents: Watch only Condition Case: Sharp case with crisp lugs that appears to be unpolished. Dial: Honest aging with attractive patina. Hands: Excellent condition. Crystal: Clean overall. Strap/Bracelet: New brown leather strap. Buckle/Clasp: Generic buckle in excellent condition.",Huntington Company,False
Jaeger-LeCoultre Master Control Memovox Reveil (Ref. 141.8.97/1),Jaeger-LeCoultre,6300,https://huntingtoncompany.com/products/jaeger-lecoultre-master-control-memovox-reveil-ref-141-8-97-1,https://cdn.shopify.com/s/files/1/0553/8391/6727/files/DSF8876_cf817e59-90c2-4326-87e1-4abd5cd2d8b2.jpg?v=1783443322,"Worth A Read History and Significance Alarm watches occupy one of the most fascinating corners of mechanical watchmaking. Long before digital reminders existed, manufacturers competed to create wristwatches capable of producing an audible alarm, each developing its own engineering solution. Jaeger-LeCoultre has remained one of the masters of the complication, with the Memovox becoming one of the manufacture's defining creations. The Master Reveil represents a modern evolution of that legacy. While earlier Memovox models relied on rotating discs to indicate the alarm setting, the Reveil introduced an entirely new movement that made interacting with the alarm far more intuitive. Setting the alarm is quicker, more precise, and easier to understand without sacrificing the charm of a fully mechanical complication. Beyond the movement itself, the attention to detail throughout the watch is exceptional. Applied lume plots surround each hour marker, while even the alarm indicator receives luminous treatment—a small detail that demonstrates the thoughtful engineering Jaeger-LeCoultre devoted to every aspect of the watch. At 39mm, the case strikes an ideal balance between modern proportions and classic dress-watch restraint. It remains one of the most wearable complicated watches Jaeger-LeCoultre has produced. Writer’s Thoughts Complicated watches often become intimidating to use, but the Reveil does the opposite. It feels intuitive after only a few minutes, and once you hear that crisp mechanical alarm, it's hard not to appreciate how much personality this watch has. It's one of those pieces that reminds you why mechanical watchmaking is still so enjoyable. Our Promise Every watch is thoroughly vetted, carefully described with complete transparency, and guaranteed authentic. Each piece is offered in honest condition, ensuring collectors receive a timepiece that reflects both originality and integrity. Specifications Brand: Jaeger-LeCoultre Model: Master Control Memovox Reveil (Ref. 141.8.97/1) Year: 1990s Case Material: Stainless steel Case Size: 39mm Dial: Silver Movement: Automatic Strap/Bracelet: Leather strap Buckle/Clasp: Original Jaeger-LeCoultre deployant clasp Contents: Original box and papers Condition Case: Clean case with no notable major signs of wear. Dial: Perfect condition with a clean date aperture. Hands: Excellent condition with blued central seconds hand. Crystal: Clean with no chips, edge damage, or deep scratches. Strap/Bracelet: New leather strap. Buckle/Clasp: Original deployant clasp in excellent condition.",Huntington Company,False
2000 Omega Speedmaster Professional Moon to Mars (3577.50),Omega,6300,https://huntingtoncompany.com/products/2000-omega-speedmaster-professional-moon-to-mars-3577-50,https://cdn.shopify.com/s/files/1/0553/8391/6727/files/DSF2401-2.jpg?v=1768850552,"Worth A Read History and Significance This Speedmaster belongs to one of Omega’s most playful and concept-driven modern Speedmaster releases, the “Moon to Mars” edition. Introduced as a limited production run, the watch reinterprets the classic Speedmaster Professional by replacing the traditional monochrome subdials with vivid planetary imagery representing Earth and Mars. While unmistakably modern in execution, it remains mechanically and dimensionally faithful to the Speedmaster that has defined Omega’s chronograph identity since the 1960s. At its core, this watch is still a Moonwatch. It uses the hand-wound calibre 1861 architecture, a direct descendant of the movement that powered NASA-qualified Speedmasters worn during Apollo missions. The familiar 42mm asymmetrical case, black tachymeter bezel, hesalite crystal, and manually wound chronograph layout are all present, ensuring continuity with the historic Speedmaster Professional lineage. What sets this reference apart is its dial. The Earth and Mars subdials introduce color and texture without compromising legibility or balance. The execution is precise and deliberate rather than novelty driven, and the result is a Speedmaster that remains serious in construction while offering a distinct visual identity. For collectors, this reference represents a modern Omega experiment done correctly, grounded in genuine Speedmaster DNA rather than superficial design changes. Writer’s Thoughts This is one of the few modern Speedmasters that feels both fun and legitimately collectible. It wears exactly like a traditional Moonwatch, but the dial gives it personality without crossing into gimmick territory. For someone who already owns a standard Speedmaster, this is a compelling alternative that still feels correct on the wrist. Our Promise Every watch we offer is carefully inspected and verified for authenticity. We stand behind the integrity of each piece and represent it accurately and transparently. Our goal is to ensure complete confidence when purchasing from Huntington Company. Specifications Brand: Omega Model: Speedmaster Professional Moon to Mars (Ref. 31130423001001) Year: 2000 Case Material: Stainless steel Case Size: 42mm Bezel: Black aluminum tachymeter bezel Dial: Black dial with Earth and Mars subdials Crystal: Hesalite Movement: Omega calibre 1861 hand-wound chronograph Strap/Bracelet: Stainless steel bracelet Buckle/Clasp: Omega folding clasp Contents: Watch only Condition Case: Stainless steel case shows light surface wear consistent with careful use. Brushed surfaces remain even with minor contact marks visible under close inspection, primarily along the case sides and lug edges. No evidence of aggressive refinishing observed. Bezel: Tachymeter bezel is clean with light hairline wear and fully legible printing throughout. Crystal: Hesalite crystal shows faint surface marks consistent with normal wear, with no chips or cracks. Dial: Dial is in perfect condition with no signs of wear. Han",Huntington Company,False
1996 Omega Speedmaster Rare Gilt 863 Movement  - Card and Tag (Ref. 3572.50),Omega,5900,https://huntingtoncompany.com/products/1996-omega-speedmaster-rare-gilt-863-movement-box-and-papers-ref-3572-50,https://cdn.shopify.com/s/files/1/0553/8391/6727/files/DSF5573_9db262c4-07f1-4325-af51-b9da97c07987.jpg?v=1775686076,"Worth A Read History and Significance The Speedmaster Professional is one of the few watches where the story is as important as the watch itself. Introduced in 1957 as a racing chronograph, it became permanently tied to space exploration after being qualified by NASA in the 1960s and worn during the Apollo missions. The design has remained largely unchanged since then, which is part of why the Speedmaster feels so consistent across decades. The reference 3572.50 sits in an interesting transitional period within the Speedmaster lineage. It combines the traditional Hesalite front crystal with a sapphire display caseback, offering the classic look on the wrist with the added ability to see the movement. Early examples like this one are particularly interesting due to the use of the caliber 863 with its warmer, yellow gilt-toned finish. Many later 3572.50s transitioned to the caliber 1863, which carries a more modern rhodium appearance, making these earlier executions a bit more distinctive once you know what to look for. It’s a small nuance, but within Speedmaster collecting, those subtle differences tend to matter more over time. Transitional configurations like this often sit quietly for years before people start to recognize how specific they actually are. Writer’s Thoughts The open caseback and early 863 caliber is really the hook here. You turn it over, and it doesn’t look like most modern Speedmasters. The gilt tone gives it a softer feel, almost like it belongs to an earlier era than it actually does. It’s a small thing, but it changes the whole experience of the watch. Our Promise Every watch is thoroughly vetted, carefully described with complete transparency, and guaranteed authentic. Each piece is offered in honest condition, ensuring collectors receive a timepiece that reflects both originality and integrity. Specifications Brand: Omega Model: Speedmaster Professional (Ref. 3572.50) Year: 1996 Case Material: Stainless steel Case Size: 42mm Dial: Black dial Movement: Manual wind Omega caliber 863 Strap/Bracelet: Stainless steel bracelet Buckle/Clasp: Omega folding clasp Contents: Card and hang tag Condition Case: Case shows light signs of wear with honest surface marks and a strong overall profile. Dial: Clean with no visible imperfections. Hands: Clean, with normal aging. Crystal: Hesalite crystal shows light signs of age-related wear. Strap/Bracelet: Bracelet shows moderate wear with surface marks throughout but remains tight.",Huntington Company,False
2014 Panerai Luminor Submersible Titanium - Box and Papers (Ref. PAM00364),Panerai,5900,https://huntingtoncompany.com/products/panerai-luminor-submersible-titanium-box-and-papers-ref-pam00364,https://cdn.shopify.com/s/files/1/0553/8391/6727/files/DSF1513.jpg?v=1766116359,"Worth A Read History and Significance The PAM00364 sits within Panerai’s Submersible line, a family rooted in the brand’s military dive heritage. This reference uses a titanium case paired with the trademark Luminor crown-locking system, combining tool-watch purpose with Panerai’s unmistakable design language. Rated to 2500 meters, it represents one of the more serious professional dive configurations Panerai has produced, built for function rather than ornament. This reference features a no-nonsense black dial with applied luminous markers, small seconds at 9, and a date at 3. The use of titanium keeps the watch wearable despite its substantial presence, while the matte finishing reinforces its utilitarian character. Writer's Thoughts This is a true tool Panerai. The titanium case wears lighter than expected, and the proportions feel purposeful rather than oversized. It is the kind of watch that makes sense on rubber and looks right doing exactly what it was designed for. Our Promise Every watch is carefully inspected, fully vetted, and described with full transparency. This Panerai is guaranteed authentic and comes backed by our commitment to honesty, quality, and trust. Specifications Brand: Panerai Model: Luminor Submersible Reference: PAM00364 Year: 2014 Case Material: Titanium Case Size: 47mm Bezel: Unidirectional rotating titanium bezel Dial: Black with luminous hour markers and date Crystal: Sapphire Movement: Automatic Strap: Rubber Buckle/Clasp: Tang buckle Contents: Box and papers Condition Case: Titanium case shows visible surface wear consistent with use, including light scratches and handling marks. Case proportions remain strong. Bezel: Titanium unidirectional bezel shows light surface wear with clean engravings and intact edges. Crystal: Sapphire crystal is clean with no visible chips or cracks. Some light marks are noticeable in certain lighting. Dial: Black dial is clean with crisp printing and well-preserved luminous markers. Hands: Original hands with matching lume, showing no corrosion. Strap: Rubber strap shows signs of wear consistent with use. Buckle/Clasp: Tang buckle shows light cosmetic wear and functions properly.",Huntington Company,False
1997 Rolex Datejust Silver Dial (Ref. 16200),Rolex,5600,https://huntingtoncompany.com/products/1997-rolex-datejust-silver-dial-ref-16200,https://cdn.shopify.com/s/files/1/0553/8391/6727/files/DSF8571.jpg?v=1781550241,"Worth A Read History and Significance The Rolex Datejust 16200 sits in a particularly interesting period of Datejust production. Introduced during the late 1980s and produced through much of the 1990s, the reference bridges the gap between vintage and modern Rolex. It retains the slimmer proportions and acrylic-era charm collectors appreciate while benefiting from sapphire crystal durability and the upgraded caliber 3135. Unlike its fluted-bezel siblings, the smooth bezel of the 16200 gives the watch a more understated appearance. The design feels almost utilitarian, allowing the dial and case proportions to take center stage. It is a configuration that has become increasingly appreciated by collectors who prefer subtlety over flash. The silver dial found on this example is among the most versatile offerings Rolex produced. Depending on lighting, it can appear bright silver, warm champagne, or nearly white. Combined with the Oyster bracelet, the watch has a distinctly sportier character than a traditional Jubilee-equipped Datejust. As a one-owner watch, this example carries an added level of appeal. Watches that remain with their original owner for decades often tell a story of long-term enjoyment rather than frequent trading, and that continuity is becoming increasingly difficult to find. Writer’s Thoughts The Rolex Datejust Ref. 16200 has always been one of those references that quietly does everything well. This particular example stands out because it is a one-owner watch, something that immediately adds character beyond the watch itself. The smooth bezel and Oyster bracelet combination is one of the most underrated Datejust configurations ever made. It feels more purposeful and less formal than the typical fluted Datejust, making it incredibly easy to wear every day. Our Promise Every watch is thoroughly vetted, carefully described with complete transparency, and guaranteed authentic. Each piece is offered in honest condition, ensuring collectors receive a timepiece that reflects both originality and integrity. Specifications Brand: Rolex Model: Datejust (Ref. 16200) Year: 1997 Case Material: Stainless steel Case Size: 36mm Dial: Silver dial with applied baton markers Movement: Automatic Strap/Bracelet: Rolex Oyster bracelet Buckle/Clasp: Rolex folding clasp Contents: Watch only Condition Case: Appears well preserved with strong overall proportions and honest signs of wear from use. Dial: Excellent condition with clean printing and attractive silver coloration throughout. Hands: Original matching handset showing light age consistent with the watch. Crystal: Clean overall with no notable distractions. Strap/Bracelet: Oyster bracelet remains in very good condition with normal wear. Buckle/Clasp: Functions correctly with expected signs of use.",Huntington Company,False
2023 Breitling Super AVI B04 Chronograph GMT - Box and Papers (Ref. AB0445),Breitling,5600,https://huntingtoncompany.com/products/breitling-super-avi-b04-chronograph-gmt-box-and-papers-ref-ab0445,https://cdn.shopify.com/s/files/1/0553/8391/6727/files/DSF1527.jpg?v=1766116498,"Worth A Read History and Significance The Super AVI collection draws directly from Breitling’s aviation heritage, specifically the oversized pilot chronographs produced in the 1940s for military and civilian aviation use. These early tool watches were designed for maximum legibility, robust construction, and practical complications suited for long-distance flight. The modern Super AVI reinterprets that lineage with contemporary materials and movements while preserving the purposeful design language. The reference AB0445 is powered by Breitling’s in-house caliber B04, an automatic chronograph movement with an independently adjustable GMT hand. This movement represents a significant technical milestone for Breitling, combining an integrated chronograph architecture with true traveler GMT functionality. The large 46 mm case, oversized crown, and high-contrast dial are all intentional, staying faithful to the oversized cockpit instruments that inspired the original AVI watches. This reference sits at the intersection of heritage styling and modern mechanical capability, making it one of the more serious aviation chronographs in Breitling’s current catalog. Writer's Thoughts Despite the 46 mm case size, the Super AVI wears with purpose rather than excess. The proportions, short lugs, and clear dial layout keep it balanced on the wrist. The GMT function is genuinely useful for travel, and the B04 movement gives the watch real substance beyond its visual presence. This is a watch that feels engineered first and styled second. Our Promise Every watch is carefully inspected, fully vetted, and described with full transparency. This Breitling is guaranteed authentic and comes backed by our commitment to honesty, quality, and trust. Specifications Brand: Breitling Model: Super AVI B04 Chronograph GMT Reference: ref. AB0445 Year: circa 2010s Case Material: Stainless steel Case Size: 46 mm Bezel: Bidirectional rotating bezel Dial: Black chronograph dial with applied Arabic numerals Crystal: Sapphire Movement: Automatic chronograph with GMT function Strap: Leather Buckle/Clasp: Breitling folding clasp Contents: Box and papers Condition Case: Stainless steel case with surface wear consistent with normal use. Overall structure remains strong. Bezel: Light handling wear visible on the bezel surface and markings. Crystal: Sapphire crystal is clean with no chips or cracks observed. Some noticeable scratches on the AR coating. Dial: Dial is clean with crisp printing and evenly aged luminous elements. Hands: Original hands with intact lume and no visible oxidation. Strap: Leather strap shows signs of wear and natural creasing. Buckle/Clasp: Breitling clasp with visible scratches from regular use.",Huntington Company,False
Sarcar Triple Calendar Moonphase Dress Watch,Sarcar,4900,https://huntingtoncompany.com/products/sarcar-triple-calendar-moonphase-dress-watch,https://cdn.shopify.com/s/files/1/0553/8391/6727/files/DSF9535_5428d0da-12f2-40f5-9f1a-5282ea5f3f72.jpg?v=1785174169,"Worth A Read History and Significance Some of the most interesting vintage watches aren't produced by the names everyone immediately recognizes. Throughout the twentieth century, numerous smaller Swiss manufacturers created remarkably complicated timepieces, often supplying watches for larger brands or producing limited quantities under their own name. Sarcar is one of those fascinating manufacturers whose work has quietly become appreciated by collectors willing to look beyond the dial signature. This particular Triple Calendar Moonphase is an excellent example. Rather than relying on an in-house caliber, Sarcar utilized the highly respected Peseux 7001 as its foundation before fitting it with a sophisticated calendar module capable of displaying the day, date, month, and moonphase. The result is an elegant mechanical complication that remains remarkably slim while offering far more information than a traditional three-hand watch. Perhaps most interesting is Sarcar's relationship with other prestigious manufacturers. Watches of this style were also produced for brands including Chronoswiss and Piaget, making examples like this an opportunity to own an uncommon interpretation of a familiar complication. Combined with its Breguet numerals, matching hands, and beautifully balanced rectangular case, it offers tremendous character for collectors looking for something genuinely different. Writer’s Thoughts We always enjoy offering watches that spark conversations, and this is certainly one of them. At just 20 by 38 millimeters, the proportions are refined without feeling delicate, while the calendar display gives the dial an incredible amount of visual depth. Despite the number of indications, everything remains balanced and surprisingly easy to read. The Breguet numerals and hands add another layer of charm that perfectly complements the vintage aesthetic. What ultimately drew us to this Sarcar was its individuality. Most collectors have seen countless perpetual calendars and moonphase watches from the major brands, but very few have encountered one like this. Powered by the dependable Peseux 7001 and presented on a brand new leather strap, it's the sort of watch that rewards collectors who enjoy discovering something outside the ordinary. Our Promise Every watch is thoroughly vetted, carefully described with complete transparency, and guaranteed authentic. Each piece is offered in honest condition, ensuring collectors receive a timepiece that reflects both originality and integrity. Specifications Brand: Sarcar Model: Triple Calendar Moonphase Year: Circa 1990s Case Material: Gold Plated Case Size: 20mm x 38mm Dial: Silver with Breguet numerals Movement: Manual wind Peseux 7001 with calendar module Strap/Bracelet: New leather strap Buckle/Clasp: New generic buckle Contents: Watch only Condition Case: Gold plated case showing light signs of careful wear consistent with age. Dial: Original dial in excellent condition. Hands: Original Breguet hands in ",Huntington Company,False
1997 Rolex Air-King Tropical Dial - Unpolished (Ref. 14000),Rolex,4900,https://huntingtoncompany.com/products/1997-rolex-air-king-tropical-dial-unpolished-ref-14000,https://cdn.shopify.com/s/files/1/0553/8391/6727/files/DSF9493-2.jpg?v=1785173289,"Worth A Read History and Significance The Rolex Air-King has always occupied a unique place within the brand's history. Originally introduced to honor the Royal Air Force pilots who served during World War II, the collection became Rolex's purest expression of an everyday watch. Without a rotating bezel, additional complications, or oversized dimensions, the Air-King focused on what Rolex has always done exceptionally well: producing reliable, beautifully proportioned timepieces that could be worn every single day. Reference 14000 marked an important evolution for the model. Produced throughout the 1990s, it introduced the modern sapphire crystal while retaining the clean aesthetics that had defined the Air-King for decades. At 34mm, it remains true to the classic Rolex proportions that continue to attract collectors seeking understated elegance rather than unnecessary presence. One of the greatest appeals of vintage Rolex is that no two watches age exactly alike. Environmental conditions, storage, and decades of exposure often leave each dial with its own personality. While collectors commonly pursue tropical Submariners and Daytonas, naturally aged Air-King dials have quietly become some of the most charming discoveries within the Rolex catalog. They remain uncommon, largely because most examples retain their original silver finish. Writer’s Thoughts At first glance, the dial appears to be a warm cream color, but a closer inspection tells a much more interesting story. The original silver finish has naturally transformed over time, while small rings of the factory color remain visible around each lume plot. It's the sort of tropical aging that simply cannot be replicated, giving this Rolex an appearance entirely its own. The case is every bit as impressive. Reference 14000 retains crisp factory lines with no evidence of polishing, and it's made even more special by the original green caseback sticker still being present, something rarely seen nearly three decades after production. We love watches that tell an honest story, and this one does exactly that. Our Promise Every watch is thoroughly vetted, carefully described with complete transparency, and guaranteed authentic. Each piece is offered in honest condition, ensuring collectors receive a timepiece that reflects both originality and integrity. Specifications Brand: Rolex Model: Air-King Year: 1997 Case Material: Stainless Steel Case Size: 34mm Dial: Original silver dial naturally tropicalized to a warm cream tone Movement: Automatic Strap/Bracelet: Original Rolex Oyster bracelet Buckle/Clasp: Original Rolex Oyster clasp Contents: Watch only Condition Case: Razor sharp unpolished case with light signs of honest wear. The original green caseback sticker remains intact. Dial: Original dial that has naturally tropicalized from silver to a warm cream color while retaining visible traces of the original finish around the lume plots. Hands: Original hands in excellent condition. Crystal: Clean wi",Huntington Company,False
1963 Rolex Air-King Military Naval History - Box and Papers (Ref. 5504),Rolex,4900,https://huntingtoncompany.com/products/1963-rolex-air-king-naval-history-box-and-papers-ref-5504,https://cdn.shopify.com/s/files/1/0553/8391/6727/files/DSF6814.jpg?v=1777599916,"Worth A Read History and Significance The Air-King sits within Rolex’s long-running lineage of aviation-inspired watches, originally tied to the brand’s association with RAF pilots during World War II. By the early 1960s, references like the 5504 had settled into a clean, restrained format that emphasized legibility and everyday durability over complication. This example carries an added layer of context through its original paperwork. The guarantee shows it was purchased through the U.S.S. Enterprise Ship’s Service in April 1964, placing it directly within a military environment during a significant period in naval history. Pieces with this kind of documented origin are increasingly difficult to find, especially when accompanied by both the original box and accessories. The dial remains true to the understated nature of the Air-King line. A silver surface with applied markers and slim hands keeps the watch highly legible while maintaining a quiet, balanced appearance. The absence of excess text or complication is exactly what defines these early Air-Kings. Writer’s Thoughts What stands out most is the full package. Seeing the box, papers, and hang tag together, especially with the U.S.S. Enterprise connection, gives it a level of context that goes beyond the watch itself. It feels complete in a way most examples no longer are. The sword hands and orignal lume also add to the watches charm. It's a really nice set altogether and you get the military connection without it being a five to ten figure watch. Our Promise Every watch is thoroughly vetted, carefully described with complete transparency, and guaranteed authentic. Each piece is offered in honest condition, ensuring collectors receive a timepiece that reflects both originality and integrity. Specifications Brand: Rolex Model: Air-King (Ref. 5504) Year: 1963 Case Material: Stainless steel Case Size: 34mm Bezel: Smooth stainless steel bezel Dial: Silver dial with applied markers and “Super Precision” text Movement: Automatic Rolex caliber Strap/Bracelet: Leather strap Buckle/Clasp: Stainless steel buckle Contents: Original box, guarantee papers, and Rolex hang tag Condition Case: Shows surface wear, hairlines, and light marks consistent with age while retaining defined edges. Dial: Clean overall with light aging; minor patina visible, particularly around the edge. Hands: Original handset showing light oxidation and aging consistent with the dial. Crystal: Acrylic crystal with visible surface wear and light scratches. Strap/Bracelet: Leather strap is new.",Huntington Company,False
Piaget Protocole Yellow Gold Dress Watch (Ref. 74121),Piaget,4900,https://huntingtoncompany.com/products/piaget-protocole-yellow-gold-dress-watch-ref-74121,https://cdn.shopify.com/s/files/1/0553/8391/6727/files/DSF9238_5577f538-e0e8-441f-841b-ad24459ca336.jpg?v=1784387828,"Worth A Read History and Significance Piaget has always approached watchmaking differently. While many brands focused on technical innovation or robust sports watches, Piaget built its reputation around elegance, ultra thin movements, and some of the finest precious metal dress watches ever produced. Their philosophy was simple. Make the watch disappear on the wrist while allowing exceptional design to take center stage. This reference 74121 is a perfect example of that approach. Housed in a beautifully stepped 18 karat yellow gold case, the watch is immediately striking thanks to its minimalist black dial. The contrast between the deep black surface and the warm gold case creates a sophisticated aesthetic that feels just as modern today as it did decades ago. The watch is accompanied by its original Piaget strap and buckle, making this configuration increasingly difficult to find. Original accessories on vintage Piaget dress watches are often lost over time, making complete examples like this especially desirable for collectors. Elegant proportions, exceptional craftsmanship, and timeless design all come together to create one of the most refined vintage dress watches Piaget ever produced. Writer’s Thoughts The stepped case on this Piaget is what makes the Protocole ref. 74121 iconic. It adds just enough depth and architecture to an otherwise minimalist watch. Combined with the black dial, it creates a look that is incredibly elegant without ever trying too hard. This is exactly the kind of dress watch that becomes a lifelong companion. Our Promise Every watch is thoroughly vetted, carefully described with complete transparency, and guaranteed authentic. Each piece is offered in honest condition, ensuring collectors receive a timepiece that reflects both originality and integrity. Specifications Brand: Piaget Model: Dress Watch Reference: 74121 Year: Circa 1970s Case Material: 18 Karat Yellow Gold Case Size: 25mm Dial: Black Movement: Quartz Strap/Bracelet: Original Piaget Leather Strap Buckle/Clasp: Original Piaget Buckle Contents: Watch only Condition Case: The stepped 18-karat yellow gold case remains in excellent vintage condition, with honest signs of wear that complement the watch's character. The stepped architecture remains crisp and well-defined throughout. Dial: The original black dial is beautifully preserved with clean printing, sharp markers, and no noticeable blemishes or discoloration. Hands: The original hands remain in excellent condition with matching finish and strong contrast against the dial. Crystal: The crystal is clean with only minor signs of wear consistent with age. Strap/Bracelet: The watch retains its original Piaget leather strap, showing honest wear while remaining in excellent overall condition. Buckle/Clasp: The original Piaget buckle remains in excellent condition and completes the watch exactly as it would have originally been delivered.",Huntington Company,False
2002 Ulysse Nardin San Marco GMT Diamond - Box & Papers (Ref. 223-88),Ulysse Nardin,4900,https://huntingtoncompany.com/products/2002-ulysse-nardin-san-marco-gmt-diamond-box-papers-ref-223-88,https://cdn.shopify.com/s/files/1/0553/8391/6727/files/DSF6425.jpg?v=1777326818,"Worth A Read History and Significance The San Marco line represents a period where Ulysse Nardin was leaning into practical complications with a slightly more expressive design language than the traditional Swiss houses. The GMT function here is straightforward and usable, built around the idea of tracking a second time zone without overcomplicating the dial. Reference 223-88 follows that formula but adds a bit more presence through its configuration. The dual time display is handled through the main hands and the “home time” subdial at 9 o’clock, while the oversized date window keeps things easy to read at a glance. It is a layout that prioritizes usability first. What sets this example apart is the factory diamond dial. Instead of feeling overly decorative, the diamonds are applied in a restrained way that still keeps the watch grounded. Combined with the silver dial and polished case, it adds just enough variation to make it stand out from standard San Marco GMTs without losing its purpose-built feel. Writer’s Thoughts The GMT function is done very well, with the two pushers, it lets you adjust the second time very quickly. The diamond dial is actually pretty uncommon for the San Marco. It could have been too much, but it's not. It still reads like a tool-oriented watch, just with a bit more character. On the bracelet, it wears like a proper everyday piece. It is not trying too hard, which is probably why it works. Our Promise Every watch is thoroughly vetted, carefully described with complete transparency, and guaranteed authentic. Each piece is offered in honest condition, ensuring collectors receive a timepiece that reflects both originality and integrity. Specifications Brand: Ulysse Nardin Model: San Marco GMT (Ref. 223-88) Year: 2002 Case Material: Stainless steel Case Size: 40mm Bezel: Smooth stainless steel bezel Dial: Silver dial with factory diamond hour markers Movement: Automatic Ulysse Nardin GMT caliber Strap/Bracelet: Stainless steel bracelet Buckle/Clasp: Ulysse Nardin folding clasp Contents: Complete set with box and papers Condition Case: The case shows light wear and is unpolished. Dial: Factory diamond dial is clean with no issues; markers are intact and well set. Hands: Hands are original and in excellent condition. Crystal: Crystal shows no wear consistent with careful use. Strap/Bracelet: Bracelet is in good condition with light wear and no stretch.",Huntington Company,False
2000s Panerai Luminor Power Reserve - Box and Papers (Ref. PAM00171),Panerai,4900,https://huntingtoncompany.com/products/2000s-panerai-luminor-power-reserve-box-and-papers-ref-pam00124,https://cdn.shopify.com/s/files/1/0553/8391/6727/files/DSF5300.jpg?v=1774405476,"Worth A Read History and Significance The Panerai Luminor Power Reserve PAM00124 builds on the brand’s core design language while adding a layer of functionality that is not always seen in traditional Luminor references. At its foundation, you still have the familiar cushion case, crown guard, and highly legible sandwich dial, all rooted in Panerai’s military history. What makes this particular configuration stand out is the use of mixed materials. The case features a stainless steel bezel and crown guard, paired with a titanium case middle and bracelet. Titanium is far less common in watchmaking, known for its darker tone and weight compared to steel. The bracelet itself continues that contrast, with titanium outer links and stainless steel center links, giving the watch a subtle two-tone appearance that feels industrial rather than decorative. On top of that, the power reserve indicator and small seconds complication add a more technical character to the dial. It moves the watch away from the stripped-back Panerai formula into something more layered, while still retaining the strong identity that defines the Luminor line. Writer’s Thoughts You get that familiar presence, but then the materials hit differently. The darker tone of the titanium against the steel gives it a quieter look, almost understated for something this size. And the bracelet makes it feel like a proper piece of equipment thanks to its unique design. It’s the kind of thing you’d only notice if you were paying attention, which is exactly why it works. Our Promise Every watch is thoroughly vetted, carefully described with complete transparency, and guaranteed authentic. Each piece is offered in honest condition, ensuring collectors receive a timepiece that reflects both originality and integrity. Specifications Brand: Panerai Model: Luminor Power Reserve (Ref. PAM00171) Year: Circa 2000s Case Material: Titanium and stainless steel Case Size: 44mm Dial: Black dial with power reserve indicator and small seconds Movement: Automatic Strap/Bracelet: Titanium bracelet with stainless steel center links Buckle/Clasp: Panerai folding clasp Contents: Box and papers Condition Case: The case shows light surface wear with minor scratches consistent with use. Edges remain well defined. Dial: Clean, with strong contrast and perfect lume. Hands: Hands are clean and match the dial. Crystal: Crystal appears clean with no signs of wear. Strap/Bracelet: Bracelet shows light wear with tight links and good overall integrity.",Huntington Company,False
1984 Rolex Datejust Two Tone (Ref. 16013),Rolex,4600,https://huntingtoncompany.com/products/1984-rolex-datejust-two-tone-ref-16013,https://cdn.shopify.com/s/files/1/0553/8391/6727/files/DSF9541-2.jpg?v=1785174309,"Worth A Read History and Significance There was a period when collectors overlooked two-tone Rolex watches. Stainless steel sports models dominated conversations, while references like the Datejust quietly sat in dealers' cases waiting for someone to appreciate them. That has changed dramatically over the last few years. Collectors have begun looking back at the watches that defined the 1980s, and few represent the decade better than the reference 16013. It combines everything that made the Datejust successful for generations: the instantly recognizable fluted bezel, the practical date complication, and proportions that remain nearly perfect more than forty years later. Unlike modern examples, these watches still feature acrylic crystals and tritium lume, details that give them a warmth impossible to recreate today. One of the greatest strengths of the 16013 is its versatility. It has enough gold to feel special without becoming flashy, while the 36mm case remains one of the most universally wearable sizes Rolex has ever produced. It is equally comfortable under a suit cuff as it is with a polo shirt on a summer afternoon. As collectors continue rediscovering neo-vintage Rolex, honest two-tone Datejusts have become increasingly difficult to find. Sharp cases, attractive tritium, and original components are no longer the norm, making untouched examples like this one far more desirable than they once were. Writer’s Thoughts Before we even looked at the dial, the case immediately stood out. This reference 16013 still has the crisp definition that disappears after repeated polishing, giving the watch the same confident profile it left the factory with decades ago. The tritium lume has also aged beautifully. Rather than remaining stark white, it has developed an attractive creamy tone that gives the dial considerably more character without distracting from its clean appearance. We've paired the watch with a new leather strap to offer a different look from the traditional Jubilee bracelet, and we think it suits the watch exceptionally well. Rolex produced countless Datejusts during this era, but examples that have remained this honest become more difficult to source every year. Our Promise Every watch is thoroughly vetted, carefully described with complete transparency, and guaranteed authentic. Each piece is offered in honest condition, ensuring collectors receive a timepiece that reflects both originality and integrity. Specifications Brand: Rolex Model: Datejust Year: 1984 Case Material: Stainless Steel and 18K Yellow Gold Case Size: 36mm Dial: Champagne with tritium lume Movement: Automatic Strap/Bracelet: New leather strap Buckle/Clasp: Generic buckle Contents: Watch only Condition Case: Unpolished case retaining crisp factory edges with light honest wear throughout. Dial: Original dial in excellent condition with attractive creamy tritium lume. Hands: Original hands with matching tritium lume. Crystal: Acrylic crystal showing light signs of caref",Huntington Company,False
2009 Panerai Luminor Base Sandwich Dial - Box and Papers (Ref. PAM00176),Panerai,4600,https://huntingtoncompany.com/products/2009-panerai-luminor-base-sandwich-dial-box-and-papers-ref-pam00176,https://cdn.shopify.com/s/files/1/0553/8391/6727/files/DSF7468.jpg?v=1779382852,"Worth A Read History and Significance The PAM00176 represents one of the most compelling modern interpretations of Panerai’s historic Luminor design language. Produced in the early 2000s, this reference stands out for its titanium construction, open caseback, and classic two-hand “Base” dial layout. While Panerai is often associated with large, tool-focused watches, the 176 offers a more nuanced take that balances presence with wearability. This reference features a matte black sandwich dial with cut-out numerals and indices that reveal luminous material beneath, a construction method that traces directly back to Panerai’s military roots. The absence of a seconds hand keeps the dial clean and symmetrical, reinforcing the utilitarian aesthetic that collectors associate with the brand’s early designs. What truly sets the PAM00176 apart is the exhibition caseback, a rarity for early Luminor Base models. It allows a clear view of the hand-wound OP caliber, adding mechanical interest without compromising the watch’s historically grounded character. As a complete set example, this piece also reflects an era when Panerai production was more limited and details were closely tied to the brand’s transitional years under Richemont. Writer's Thoughts The PAM00176 is one of those Panerai references that quietly checks all the right boxes. The titanium case keeps the watch light and comfortable despite its size, and the sandwich dial is as legible and timeless as they come. The open caseback adds depth for anyone who appreciates traditional hand-wound movements, while the complete set elevates its collectability. This is an honest, well-balanced Panerai that works just as well for daily wear as it does for a focused collection. Our Promise Every watch is carefully inspected, fully vetted, and described with full transparency. This Panerai is guaranteed authentic and comes backed by our commitment to honesty, quality, and trust. Specifications Brand: Panerai Model: Luminor Submersible Reference: PAM00176 Year: 2009 Case Material: Titanium Case Size: 44mm Dial: Black with luminous hour markers and date Crystal: Sapphire Movement: Manual Strap: Panerai rubber strap Buckle/Clasp: Original Panerai titanium buckle Contents: Original box, booklets, warranty card, and caseback protector Condition Case: Titanium case shows normal surface wear consistent with careful use. Case lines remain strong with no signs of over-polishing. Crystal: Sapphire crystal is clean with no visible chips or cracks. Dial: Black sandwich dial is clean with evenly aged luminous markers. Hands: Original hands are in excellent condition with even lume and no corrosion. Strap: Original strap shows light wear consistent with use. Buckle/Clasp: Original Panerai titanium buckle shows minor handling marks and functions properly.",Huntington Company,False
Chopard Casino Pearl Dial Limited Edition (Ref. 987),Chopard,4500,https://huntingtoncompany.com/products/chopard-casino-pearl-dial-limited-edition-ref-987,https://cdn.shopify.com/s/files/1/0553/8391/6727/files/DSF6191-2.jpg?v=1747269520,"Worth The Read Chopard was founded in 1860 by Louis-Ulysse Chopard in Sonvilier, Switzerland, with a clear focus on precision timekeeping. Early on, the brand built a strong reputation for crafting accurate pocket watches and chronometers, supplying clients like the Swiss Railway Company. For decades, Chopard remained a quiet but respected name in fine watchmaking. That changed in 1963, when Karl Scheufele III—a German goldsmith and watchmaker—acquired the company and ushered it into the world of modern luxury. Under his leadership, Chopard began to merge high jewelry with horology, most famously with the launch of the Happy Diamonds collection in 1976, featuring free-floating diamonds between sapphire crystals. In the 1990s, Chopard made a decisive return to high-end mechanical watchmaking with the creation of its own manufacture in Fleurier, Switzerland. This move led to the development of the L.U.C. line—named after its founder—which features in-house calibers, hand-finishing, and complications rivaling the finest in Swiss horology. Alongside technical achievement, Chopard positioned itself as a lifestyle brand, forming long-term partnerships with the Cannes Film Festival and the Mille Miglia classic car rally. Today, Chopard stands at the intersection of craftsmanship and glamour—blending rich heritage, innovation, and design into some of the most refined timepieces in contemporary watchmaking. Specifications Reference: 987 Model: Casino Movement: Manual Year: 1990s Contents: Watch only Case: The white gold case is unpolished and the bezel has normal signs of wear. Dial: The factory pearl dial is in amazing condition with no cracks. Strap & Buckle: Comes with a Chopard buckle.",Huntington Company,False
Tudor Black Bay Bronze - Box and Papers (Ref. 79012M),Tudor,4300,https://huntingtoncompany.com/products/tudor-black-bay-bronze-box-and-papers-ref-79012m,https://cdn.shopify.com/s/files/1/0553/8391/6727/files/DSF9555.jpg?v=1785179739,"Worth A Read History and Significance For generations, bronze has been used in shipbuilding, diving equipment, and nautical instruments because of its durability and its unique ability to develop character through exposure to the environment. Tudor embraced that history when it introduced the Black Bay Bronze, creating a modern dive watch that evolves alongside its owner. No two examples ever age identically. Saltwater, humidity, sunlight, and everyday wear all influence the patina, making each watch entirely unique after only a few years. The reference 79012M represents one of the most refined iterations of the collection. While it carries all of the vintage-inspired design cues that have made the Black Bay line so successful, it also introduces a more wearable case size and METAS-certified movement, blending Tudor's heritage with modern engineering. It's a watch that feels just as comfortable exploring the outdoors as it does sitting beneath the cuff of a flannel shirt or sport coat. Collectors often speak about originality on vintage watches, but the Black Bay Bronze offers something different. It encourages the watch to change naturally over time. The scratches, oxidation, and rich bronze tones aren't flaws to be removed. They're part of the story, and no factory can recreate the exact appearance that develops through honest use. Writer’s Thoughts This is exactly how we'd want to buy a bronze watch. Rather than appearing brand new, this Black Bay has already begun developing the warm bronze patina that makes the material so appealing. It gives the watch considerably more personality while still remaining in very good overall condition with only minimal wear. Reference 79012M is accompanied by its complete set, making it an excellent opportunity for someone looking for a modern Tudor that's already developed the character many owners spend years waiting for. We love watches that become more personal the longer they're owned, and few modern pieces do that better than this one. Our Promise Every watch is thoroughly vetted, carefully described with complete transparency, and guaranteed authentic. Each piece is offered in honest condition, ensuring collectors receive a timepiece that reflects both originality and integrity. Specifications Brand: Tudor Model: Black Bay Bronze Year: Circa 2020s Case Material: Bronze Case Size: 39mm Dial: Brown Movement: Automatic METAS Certified Strap/Bracelet: Original Tudor bronze bracelet Buckle/Clasp: Original Tudor clasp Contents: Complete set Condition Case: Bronze case in very good condition with minimal wear and an attractive natural patina throughout. Dial: Original dial in excellent condition. Hands: Original hands in excellent condition. Crystal: Clean with only minimal signs of use. Strap/Bracelet: Original bronze bracelet in very good condition with matching natural patina. Buckle/Clasp: Original Tudor clasp in excellent working condition.",Huntington Company,False
1980s Audemars Piguet Classique Ultra-Slim - Rose Gold,Audemars Piguet,4300,https://huntingtoncompany.com/products/1980s-audemars-piguet-classique-ultra-slim-rose-gold,https://cdn.shopify.com/s/files/1/0553/8391/6727/files/DSF8847-2.jpg?v=1783443246,"Worth A Read History and Significance The Classique collection reflects Audemars Piguet at its most restrained. Long before oversized sports watches became synonymous with the brand, AP quietly produced some of the finest ultra-thin dress watches in Switzerland, placing elegance and movement finishing above all else. Ultra-thin watchmaking has always been one of Audemars Piguet's greatest strengths. Building a movement that is exceptionally slim while remaining reliable requires extraordinary precision, and the manufacture became one of the industry's leaders in the category throughout the twentieth century. This rose gold example has a character quite different from modern pink gold alloys. Rather than displaying a vivid copper tone, the alloy has mellowed over time into a warm golden hue with just enough rosy warmth to distinguish itself from yellow gold. It feels understated rather than flashy, perfectly matching the minimalist Roman numeral dial. Finding these watches, complete with their original rose gold buckle, has become increasingly uncommon, making this an especially attractive example for collectors. Writer’s Thoughts The beauty of this watch isn't found in complexity; it's found in restraint. Every line, every proportion, and every detail feels deliberate. The subtle warmth of the vintage rose gold gives it just enough personality without ever demanding attention, which is exactly what a great dress watch should do. Our Promise Every watch is thoroughly vetted, carefully described with complete transparency, and guaranteed authentic. Each piece is offered in honest condition, ensuring collectors receive a timepiece that reflects both originality and integrity. Specifications Brand: Audemars Piguet Model: Classique Ultra-Thin Year: Circa 1980s Case Material: Rose gold Case Size: 31mm Dial: White Roman numeral Movement: Quartz Strap/Bracelet: Suede leather strap Buckle/Clasp: Original Audemars Piguet rose gold pin buckle Contents: Watch only Condition Case: Unpolished with sharp hallmarks. Dial: Very clean with minor edge wear at 12 o'clock. Hands: Black leaf hands in excellent condition. Crystal: Clean overall. Strap/Bracelet: Leather strap in excellent condition. Buckle/Clasp: Original rose gold buckle in excellent condition.",Huntington Company,False
Hermès Ultra Slim Two-Tone Dress Watch,Hermes,4300,https://huntingtoncompany.com/products/hermes-ultra-slim-two-tone-dress-watch,https://cdn.shopify.com/s/files/1/0553/8391/6727/files/DSF8551-2.jpg?v=1783357987,"Worth A Read History and Significance Hermès is rarely the first name collectors mention when discussing ultra-thin dress watches, which is precisely why pieces like this are so interesting. Throughout the 1970s and 1980s, Hermès quietly produced elegant Swiss-made watches that reflected the same understated design philosophy that made the brand famous in leather goods and fashion. Most examples of this reference are encountered in stainless steel, making this two-tone configuration notably less common. The combination of steel and gold gives the watch a warmer appearance while retaining the restrained proportions expected of an ultra-thin dress watch. The finely executed coin-edge bezel adds another layer of detail, creating visual interest without disrupting the simplicity of the overall design. The dial is arguably the highlight. At first glance it appears minimalist, but closer inspection reveals the distinctive Hermès carriage motifs used as markers. It is a subtle detail that immediately separates the watch from traditional Swiss dress watches of the period. Rather than borrowing design cues from larger manufactures, Hermès created something uniquely its own. At 34mm, the case feels perfectly proportioned for the style. Thin, elegant, and surprisingly versatile, it wears much like the classic ultra-slim watches produced by the major Swiss houses during the same era while maintaining a personality entirely its own. Writer’s Thoughts Handling a lot of vintage dress watches, it's rare to come across something that feels genuinely different. This Hermès Ultra Slim manages exactly that. The two-tone case, coin-edge bezel, and carriage markers create a combination that is truly unique to this watch. Most collectors immediately associate Hermès with leather, but watches like this remind you that the brand has quietly produced some incredibly tasteful designs over the years. The fact that this example remains unpolished with a perfect dial only makes it more appealing. Our Promise Every watch is thoroughly vetted, carefully described with complete transparency, and guaranteed authentic. Each piece is offered in honest condition, ensuring collectors receive a timepiece that reflects both originality and integrity. Specifications Brand: Hermès Model: Ultra Slim Year: Circa 1980s Case Material: Stainless steel and gold Case Size: 34mm Dial: Gold dial with Hermès carriage motif markers Movement: Manual wind Strap/Bracelet: Leather strap Buckle/Clasp: Generic buckle Contents: Watch only Condition Case: Unpolished case retaining sharp factory lines and crisp coin-edge bezel definition. Dial: Excellent original condition with no notable blemishes visible. Hands: Original gold-tone hands in excellent condition. Crystal: Clean overall with light wear consistent with age. Strap/Bracelet: New leather strap. Buckle/Clasp: Generic buckle in excellent condition.",Huntington Company,False
1991 Rolex Oyster Perpetual Date Grey Dial - Unpolished (Ref. 15210),Rolex,4200,https://huntingtoncompany.com/products/2000-rolex-oyster-perpetual-date-grey-dial-unpolished-ref-15210,https://cdn.shopify.com/s/files/1/0553/8391/6727/files/DSF6411-2.jpg?v=1777327526,"Worth A Read History and Significance The reference 15210 sits in that last generation of five-digit Rolex models before everything shifted into the modern era. It keeps the proportions and simplicity that made the Oyster Perpetual Date such a staple, but benefits from improved movements and build quality that make it far more usable today. This reference is defined by its engine-turned bezel, which was always a quieter alternative to the fluted option. It adds just enough texture without pulling attention away from the dial. Rolex phased this style out not long after, which makes these later examples a bit more interesting in hindsight. The 34mm case is where this watch really lands. It is not oversized, not trying to be anything it is not. It wears in that classic Rolex way where the proportions just work, especially with the slimmer lugs and tighter overall profile of this era. Writer's Thoughts The 34mm case is compact but not small, and it sits exactly how you would want an everyday Rolex to sit. The grey dial is the part that stands out and not an easy dial to find. It is not flashy, but it shifts nicely in different light and keeps the watch from feeling flat. Combined with the engine-turned bezel, it has just enough going on without trying too hard. Our Promise Every watch is thoroughly vetted, carefully described with complete transparency, and guaranteed authentic. Each piece is offered in honest condition, ensuring collectors receive a timepiece that reflects both originality and integrity. Specifications Brand: Rolex Model: Oyster Perpetual Date (Ref. 15210) Year: 1991 Case Material: Stainless steel Case Size: 34mm Bezel: Stainless steel engine-turned bezel Dial: Grey dial with applied baton hour markers Movement: Automatic Rolex caliber Strap/Bracelet: Rolex Oyster bracelet Buckle/Clasp: Rolex folding clasp Contents: Watch only Condition Case: Case appears unpolished with sharp lugs and light wear consistent with use. Dial: Original dial in excellent condition with no wear. Hands: Original hands in clean condition, matching the dial well. Crystal: Crystal shows no surface wear. Strap/Bracelet: The bracelet is tight with almost no stretch, and light wear is present.",Huntington Company,False
1950s Omega Rose Gold Seamaster King Saud - Khanjar Signed Box (Ref. 2846),Omega,3900,https://huntingtoncompany.com/products/1950s-omega-rose-gold-seamaster-king-saud-khanjar-signed-box-ref-2846,https://cdn.shopify.com/s/files/1/0553/8391/6727/files/DSF9882-3.jpg?v=1759350050,"Worth A Read Timeless & Attainable Welcome to our curated collection of vintage Omega watches—an accessible, trustworthy entry point into the world of vintage horology. Every piece in this category has been carefully selected for its clean, original condition and timeless design, with each one fully inspected, serviced, and backed by our extended 2-year warranty . Whether you're just getting started, shopping for a memorable gift, or looking to add a classic Omega to your collection without breaking the bank, this series represents both value and authenticity. Most models here are priced under $2,500, offering an easy and elegant way to wear a piece of history. Start your vintage journey with confidence. History & Significance King Saud bin Abdul Aziz, son of Abdulaziz ibn Abdul Rahman (the founder of Saudi Arabia), ascended to the throne in 1953. During his reign, it was customary for Middle Eastern royals to present watches as symbols of friendship and appreciation. King Saud had Omega produce dials with his portrait prominently placed above the brand’s signature at 12 o’clock, a reversal of typical logo-and-crest placement. This example belongs to Omega’s Seamaster line, one of the most beloved collections since its introduction in 1948. The Ref. 2846, powered by the reliable automatic caliber 501, reflects Omega’s post-war dedication to combining functionality with elegance. Unique features such as Arabic numeral quarters, arrow markers, and alpha hands add further character, making this watch a highly collectible piece of both horological and cultural significance. Writer’s Thoughts Few watches carry such a direct link between Swiss craftsmanship and Middle Eastern royal heritage. The King Saud dial transforms this Seamaster into something far beyond a wristwatch—it is an artifact of political history, diplomacy, and cultural exchange. The detail of the portrait, combined with the classic Seamaster proportions, makes it a striking and conversation-worthy piece. Our Promise Every watch is thoroughly vetted, carefully described with complete transparency, and guaranteed authentic. This Omega Seamaster Ref. 2846 with King Saud portrait dial is presented in honest condition, representing a rare intersection of Omega history and royal provenance. Specifications Brand: Omega Model: Seamaster Ref. 2846 Year: 1950s Case Material: Stainless steel and rose gold capped Case Size: 34mm, 18mm lug width Bezel: Smooth rose gold-tone bezel Dial: Two-tone brushed sector dial with rare factory King Saud portrait Crystal: Acrylic Movement: Automatic wind, Caliber 501 Strap: New lizard strap Buckle: Generic gold-tone buckle Contents: Khanjar-signed Omega box Condition Case: Gold-capped case is clean with no plating loss. Bezel: Smooth rose gold-tone bezel, sharp with minimal wear. Crystal: Acrylic crystal in excellent condition. Dial: Original silver two-tone dial is well preserved with original lume; King Saud portrait intact. Hands: Original dauphine hands wi",Huntington Company,False
1940s Jaeger-LeCoultre Vintage Dress Watch,Jaeger-LeCoultre,3600,https://huntingtoncompany.com/products/1940s-jaeger-lecoultre-vintage-dress-watch,https://cdn.shopify.com/s/files/1/0553/8391/6727/files/DSF7175-2.jpg?v=1779382408,"Worth A Read History and Significance Vintage Jaeger-LeCoultre dress watches from the 1940s often offer some of the best value and design language in early Swiss watchmaking. During this period, the brand was producing highly refined movements while experimenting with case architecture and dial layouts that still feel elegant decades later. What immediately stands out about this example is the size. At 35mm, the watch wears substantially larger than most dress watches from the era, many of which were produced closer to 30-32mm. Because of that, the watch feels surprisingly modern on the wrist while still carrying all of the warmth and character collectors look for in a true mid-century piece. The dial layout is also particularly strong here. The applied Arabic numerals at 12, 3, 6, and 9 combined with the minimalist outer track create a balance between formal and casual design cues. It feels refined, but not overly delicate or ornate. Writer’s Thoughts A lot of 1940s dress watches are beautiful, but many people find them too small to wear daily. This one avoids that entirely. The 35mm case gives it real presence while still maintaining the thin, elegant profile that makes vintage dress watches so appealing. The soft yellow gold case, aged dial tone, and thin hands all come together in a way that feels distinctly vintage without trying too hard. Our Promise Every watch is thoroughly vetted, carefully described with complete transparency, and guaranteed authentic. Each piece is offered in honest condition, ensuring collectors receive a timepiece that reflects both originality and integrity. Specifications Brand: Jaeger-LeCoultre Model: Vintage Dress Watch Year: circa 1940s Case Material: 18k yellow gold Case Size: 35mm Bezel: Smooth yellow gold bezel Dial: Copper-toned dial with applied markers and Arabic numerals Movement: Manual wind Strap/Bracelet: Leather strap Buckle/Clasp: Generic buckle Contents: Watch only Condition Case: Excellent vintage condition with normal wear consistent with age. Case proportions remain strong overall. Dial: Attractive aging throughout with even patina and light wear visible under close inspection. Hands: Clean overall with light wear consistent with age. Crystal: Clean overall with minor wear visible under magnification. Strap/Bracelet: Leather strap showing normal wear from age and use",Huntington Company,False
1976 Rolex Oyster Perpetual Pumpkin Lume (Ref. 1002),Rolex,3300,https://huntingtoncompany.com/products/1976-rolex-oyster-perpetual-pumpkin-lume-ref-1002,https://cdn.shopify.com/s/files/1/0553/8391/6727/files/DSF9221-2.jpg?v=1784387689,"Worth A Read History and Significance Sometimes the simplest Rolex references are the ones that age the most gracefully. Free from additional complications or rotating bezels, the Oyster Perpetual has long represented the purest expression of Rolex's philosophy. Clean, reliable, and built to be worn every single day. This 1976 reference 1002 is a wonderful example of that timeless formula. The 34mm stainless steel case offers proportions that remain incredibly wearable, while the silver sunburst dial has developed a warm tone over the decades that gives the watch significantly more character than the brighter silver dials often seen on later examples. Complementing the dial are beautifully aged tritium hour markers that have developed a rich pumpkin patina, adding warmth and depth without distracting from the watch's clean design. Paired with its classic Oyster bracelet, this is the kind of Rolex that quietly does everything well. Writer’s Thoughts The Oyster Perpetual is one of the most underrated references Rolex has ever produced. There is something refreshing about a watch that simply tells the time and does it exceptionally well. What immediately catches your attention is the dial. Instead of the classic silver finish you often see, it has turned into a warmer tone that pairs perfectly with the rich pumpkin-colored tritium. It gives the watch an incredible amount of charm while remaining subtle enough to wear with absolutely anything. Our Promise Every watch is thoroughly vetted, carefully described with complete transparency, and guaranteed authentic. Each piece is offered in honest condition, ensuring collectors receive a timepiece that reflects both originality and integrity. Specifications Brand: Rolex Model: Oyster Perpetual Reference: 1002 Year: 1976 Case Material: Stainless Steel Case Size: 34mm Dial: Silver Sunburst Movement: Rolex Automatic Strap/Bracelet: Rolex Oyster Bracelet Buckle/Clasp: Rolex Folding Clasp Contents: Watch only Condition Case: The stainless steel case remains in excellent vintage condition with crisp proportions and honest signs of wear consistent with careful ownership. Dial: The original silver sunburst dial has developed a warm, attractive tone over time while remaining exceptionally clean with crisp printing and beautifully preserved tritium hour plots. Hands: The original hands remain in excellent condition. Crystal: The crystal shows only light signs of wear and presents beautifully. Strap/Bracelet: The original Rolex Oyster bracelet remains in excellent overall condition with light stretch consistent with age. Buckle/Clasp: The original Rolex folding clasp remains in excellent working order with honest signs of use.",Huntington Company,False
IWC GST Steel Chronograph (Ref. IW372703),IWC,3300,https://huntingtoncompany.com/products/iwc-gst-steel-chronograph-ref-iw372703,https://cdn.shopify.com/s/files/1/0553/8391/6727/files/DSF4056_7fbda45f-a5f9-4045-8a3c-1b55fdcb7cb0.jpg?v=1771638285,"Worth A Read History and Significance The GST line marked an important period for IWC in the late 1990s and early 2000s. “GST” stood for Gold, Steel, and Titanium, reflecting the materials used across the collection. These watches leaned into a more industrial, tool-oriented aesthetic while maintaining the restrained design language IWC is known for. The IW372703 is a quartz chronograph housed in a solid stainless steel case with integrated bracelet. The design is purposeful, with broad lugs that flow directly into the bracelet and a tachymeter scale framing the dial. The silver dial features applied markers, three sub-registers, and a date window, creating a layout that is sporty without feeling cluttered. Quartz in this context was not about compromise but precision and practicality. During this era, IWC produced high-quality quartz chronographs aimed at buyers who wanted accuracy, durability, and everyday usability in a well-built case. Writer’s Thoughts The GST Steel wears with real presence. The integrated bracelet and substantial case give it weight and structure on the wrist, while the silver dial keeps it from feeling visually heavy. What stands out most is how balanced the design feels. The applied markers and subtle warmth of the hands add depth without distracting from the chronograph layout. It is the kind of watch that feels equally appropriate in a business setting or on a weekend. The quartz movement makes it easy to live with, which is part of the appeal. Our Promise Every watch is thoroughly vetted, carefully described with complete transparency, and guaranteed authentic. This watch is offered in honest condition. Specifications Brand: IWC Model: GST Steel Quartz (Ref. IW372703) Year: Circa early 2000s Case: Stainless steel Case Size: 40mm Dial: Silver dial with applied markers, chronograph sub-registers, and date display Crystal: Sapphire Movement: Quartz chronograph movement Strap/Bracelet: Stainless steel integrated bracelet Buckle/Clasp: IWC folding clasp Contents: Watch only Condition Case: The case is very clean overall with light surface wear consistent with normal use. Bezel: Bezel shows light surface wear consistent with age and use. Crystal: Crystal appears clean with no visible cracks. Dial: Clean, with intact printing and markers; a small scratch is visible near the 7 o’clock position . Hands: Hands appear correct and clean. Strap/Bracelet: Bracelet shows light surface wear consistent with normal use. Buckle/Clasp: Clasp functions properly with light surface wear.",Huntington Company,False
1958 Tudor Oyster Prince Tuxedo Dial w/ Twisted Lugs (Ref. 7950),Tudor,3300,https://huntingtoncompany.com/products/1958-tudor-tuxedo-dial-w-twisted-lugs-ref-7950,https://cdn.shopify.com/s/files/1/0553/8391/6727/files/DSF9448-2.jpg?v=1756407484,"Worth A Read Tudor Oyster History - Tudor Oyster timepieces, introduced in 1946, were manual-wind watches housed in 34mm steel Oyster cases with a wide range of dial variations and were later introduced in other case sizes. In 1952, the ""Oyster Prince"" was introduced, indicating the presence of an automatic movement, which was Tudor's equivalent to Rolex's ""Perpetual."" These automatic movements were modified by Tudor but based on the Fleurier Calibre 390, making them bulletproof almost. Hans Wilsdorf, the founder of Tudor, aimed to create watches of the same quality and reliability as Rolex. He introduced the Oyster case and auto-wind movement, which he believed would make these watches stand up to his high expectations and promise. The Oyster case is iconic and one of the most beautiful and aesthetically pleasing designs of the 20th century. The Oyster was designed to hermetically seal the movement inside the case using screws and seals. The introduction of the three-piece case made replacing scuffed and cracked crystals easier and is still in use today. The screw-down crown and case back were still key features, but the bezel pressed over the crystal to seal the case. Specifications Model: Prince Oysterdate Movement: Automatic Year: 1958 Contents: Watch Only Case: The size is 34mm with a classic Rolex-signed oyster case and crown. Its a two tone case with a yellow gold bezel and beautiful twisted lugs. Dial: A stunning two-tone crosshair dial in silver and gold. Strap & Buckle: A handmade leather strap.",Huntington Company,False
1970s Baume Et Mercier White Gold Ellipse (Ref. 38297),Baume & Mercier,2900,https://huntingtoncompany.com/products/1970s-baume-et-mercier-white-gold-ellipse-ref-38297,https://cdn.shopify.com/s/files/1/0553/8391/6727/files/DSF7423-2.jpg?v=1779382751,"Worth A Read History and Significance By the late 1970s and 1980s, Baume & Mercier leaned heavily into elegant dress-focused designs, often experimenting with softer case forms and jewelry-inspired proportions. The reference 38297 reflects that direction well, combining a minimalist dial with an elongated oval case and integrated loop-style lugs. The design is intentionally understated. Rather than relying on numerals or complications, the watch focuses entirely on shape, negative space, and proportion. The black dial creates strong contrast against the white gold case, while the sharply faceted hands add just enough visual tension to keep the watch from feeling overly delicate. The oval case also wears differently from its dimensions. While technically compact at 24mm, the elongated silhouette and open lug design give it a larger wrist presence than a traditional round dress watch of similar size. Writer’s Thoughts This feels much more like a design object than a traditional dress watch. The black dial is what makes it really special. Without any markers interrupting the surface, it almost disappears until the light catches the hands. It has a very clean and graphic look in person. The oval shape and loop lugs could have easily become excessive, but everything stays balanced and thin. It is the kind of watch that works best with very simple styling and lets the shape do all the talking. Our Promise Every watch is thoroughly vetted, carefully described with complete transparency, and guaranteed authentic. Each piece is offered in honest condition, ensuring collectors receive a timepiece that reflects both originality and integrity. Specifications Brand: Baume & Mercier Model: Oval (Ref. 38297) Year: circa 1990s Case Material: White gold Case Size: 24mm Bezel: White gold oval bezel Dial: Black minimalist dial Movement: Manual Strap/Bracelet: Generic leather strap Buckle/Clasp: Generic buckle Contents: Watch only Condition Case: Strong overall condition with light wear consistent with careful use. Dial: Clean with no visible imperfections. Hands: Excellent condition with no visible wear. Crystal: Clean with minor signs of wear visible under close inspection. Strap/Bracelet: Strap shows light wear consistent with use.",Huntington Company,False
1970s Baume & Mercier Gold Hexagon Dress Watch (Ref. 37097),Baume & Mercier,2900,https://huntingtoncompany.com/products/1970s-baume-mercier-gold-hexagon-dress-watch-ref-37097,https://cdn.shopify.com/s/files/1/0553/8391/6727/files/DSF7415.jpg?v=1779382800,"Worth A Read History and Significance Throughout the 1970s and 1980s, many Swiss manufacturers began experimenting with geometric case designs that moved away from traditional round dress watches. Baume & Mercier produced a number of elegant shaped references during this period, with the reference 37097 standing out for its clean hexagonal profile and restrained dial execution. The case design is what immediately defines the watch. The hexagonal shape gives it a strong architectural presence, yet the thin bezel and minimalist dial prevent it from feeling overly aggressive or stylized. It captures the design language of the era well, where unconventional forms were paired with extremely clean layouts. Its simplicity is also part of the appeal. With no seconds hand, date window, or unnecessary text, the watch focuses entirely on proportion and shape. The warm yellow gold case paired with the matching dial creates a very cohesive look, especially when contrasted against a darker strap. Writer's Thoughts The hexagonal case gives this watch a lot more personality than the dimensions suggest. Even at 30mm, it has real presence because the case stretches outward visually. Condition matters a lot on a watch like this, and having the original caseback sticker still intact says a lot about how carefully it was worn over the years. It presents almost like a time capsule. Our Promise Every watch is carefully inspected, fully vetted, and described with full transparency. This Panerai is guaranteed authentic and comes backed by our commitment to honesty, quality, and trust. Specifications Brand: Baume & Mercier Model: Hexagon (Ref. 37097) Year: circa 1980s Case Material: Yellow gold Case Size: 30mm Bezel: Yellow gold hexagonal bezel Dial: Champagne dial with baton markers Movement: Manual wind Strap/Bracelet: New leather strap Buckle/Clasp: Generic buckle Contents: Watch only Condition Case: Mint overall condition with strong edges and original caseback sticker still present. Dial: Clean with no visible imperfections or discoloration. Hands: Excellent condition with no visible wear. Crystal: Clean with no signs of wear. Strap/Bracelet: New leather strap fitted with generic buckle.",Huntington Company,False
1956 Omega Seamaster Honey Comb Dial (Ref. 2846 / 2848),Omega,2600,https://huntingtoncompany.com/products/1956-omega-seamaster-honey-comb-dial-ref-2846-2848,https://cdn.shopify.com/s/files/1/0553/8391/6727/files/DSF8615-2.jpg?v=1781552249,"Worth A Read History and Significance The early Omega Seamaster references of the 1950s remain among the best values in vintage watch collecting. Produced during Omega's golden era, they combined elegant proportions, reliable automatic movements, and beautifully executed dials. This example features one of the most desirable dial configurations found within the family: a two-tone honeycomb dial. The textured center creates depth and visual interest while remaining understated. Combined with the oversized ""chubby"" case, the watch possesses a distinctly mid-century character. The original Omega mesh bracelet further enhances the package. Many examples have lost their original bracelets over the decades, making surviving complete watches increasingly uncommon. Writer’s Thoughts The case is a classic on this Omega Seamaster Ref. 2846/2848. The thick lugs and rounded profile give it a presence that feels surprisingly modern despite being nearly seventy years old. Add the honeycomb dial and original Omega mesh bracelet, and you end up with one of the most attractive vintage Seamasters I've handled recently. This is exactly the sort of watch that reminds people why collectors love 1950s Omega. Our Promise Every watch is thoroughly vetted, carefully described with complete transparency, and guaranteed authentic. Each piece is offered in honest condition, ensuring collectors receive a timepiece that reflects both originality and integrity. Specifications Brand: Omega Model: Seamaster (Ref. 2846 / 2848) Year: 1956 Case Material: Stainless steel Case Size: 34mm Dial: Two-tone honeycomb textured dial Movement: Automatic Strap/Bracelet: Original Omega mesh bracelet Buckle/Clasp: Omega clasp Contents: Watch only Condition Case: Appears unpolished with original chamfers visible. Dial: Excellent original honeycomb dial showing attractive condition throughout. Hands: Original matching hands. Crystal: Light wear consistent with age. Strap/Bracelet: Original Omega mesh bracelet in very good condition. Buckle/Clasp: Original Omega clasp functioning properly.",Huntington Company,False
1972 Omega Ultra Slim Dress Watch - Solid Gold (Ref. D6672),Omega,2300,https://huntingtoncompany.com/products/1972-omega-ultra-slim-dress-watch-solid-gold-reference-d6672,https://cdn.shopify.com/s/files/1/0553/8391/6727/files/DSF6821-2.jpg?v=1777601529,"Worth A Read Timeless & Attainable Welcome to our curated collection of vintage Omega watches, an accessible, trustworthy entry point into the world of vintage horology. Every piece in this category has been carefully selected for its clean, original condition and timeless design, with each one fully inspected, serviced, and backed by our extended 2-year warranty . Whether you're just getting started, shopping for a memorable gift, or looking to add a classic Omega to your collection without breaking the bank, this series represents both value and authenticity. Most models here are priced under $2,500, offering an easy and elegant way to wear a piece of history. Start your vintage journey with confidence. History & Significance Founded in 1848, Omega has long been at the forefront of watchmaking innovation. From the creation of the first in-house Omega Calibre in 1894 to its role as Official Olympic Timekeeper since 1932, Omega consistently set standards in accuracy and reliability. The Speedmaster’s role in NASA’s space program, most famously the Apollo 11 moon landing, cemented its reputation as one of the most important watchmakers of the 20th century. By the early 1970s, Omega’s catalog spanned from sports chronographs to elegant dress watches like this D6672. Gold dress watches of this era reflected a shift toward slim, refined timepieces with clean dials and versatile proportions. Pieces like this represent Omega’s ability to deliver timeless sophistication at an attainable level, making them enduring favorites for both new and seasoned collectors. Writer's Thoughts What stands out most about this Omega Ref. D6672 is its balance of refinement and simplicity. The champagne dial, featuring Roman numerals, feels classic, while the slim 6.5mm case makes it extremely wearable. It’s the kind of watch that can be worn daily or saved for special occasions, offering a quiet elegance that has aged beautifully over the last 50 years. Our Promise Every watch is fully vetted, carefully described with complete transparency, and guaranteed authentic. This Omega Ref. D6672 is presented in original condition, offering a trustworthy example of Swiss vintage watchmaking. Specifications Brand: Omega Model: Ref. D6672 Year: 1972 Case Material: 14k Yellow Gold Case Size: 33mm, 17mm lug width, 6.5mm thick Bezel: Smooth yellow gold bezel Dial: Champagne brushed dial with Roman numerals and black leaf hands Crystal: Acrylic Movement: Manual wind Strap: New brown calfskin strap Buckle: Generic gold-tone buckle Contents: Watch only Condition Case: Unpolished with sharp lugs; surfaces remain crisp and even with natural patina on the yellow gold. Bezel: Smooth bezel, sharp and unpolished. Crystal: Acrylic crystal in excellent shape with light micro-scratches. Dial: Original champagne brushed dial, clean with well-preserved painted Roman numerals. Hands: Original black-painted leaf hands in near-perfect condition. Strap: New brown calfskin strap in like-new condition. B",Huntington Company,False
Oris ProPilot X Calibre 400 - Box and Booklet (Ref. 01 400 7778 7158-07 7 20 01TLC),Oris,2300,https://huntingtoncompany.com/products/oris-propilot-x-calibre-400-ref-01-400-7778-7158-07-7-20-01tlc,https://cdn.shopify.com/s/files/1/0553/8391/6727/files/DSF2355.jpg?v=1768848685,"Worth A Read History and Significance The ProPilot X Calibre 400 represents a major turning point for Oris as a modern independent manufacture. Introduced as part of Oris’ push into fully in-house movements, the Calibre 400 series marked the brand’s commitment to long power reserves, extended service intervals, and real-world durability rather than marketing-driven complications. This ProPilot X takes that philosophy and applies it to a contemporary, lightweight titanium platform. The watch draws inspiration from Oris’ aviation heritage but strips the design down to its essentials. The angular case architecture, turbine-style bezel, and integrated bracelet feel purposeful and modern while remaining restrained. The salmon dial adds an unexpected warmth and personality, setting this reference apart from more conservative pilot watches. The Calibre 400 inside is the real story. With a five-day power reserve, twin barrels, enhanced anti-magnetic properties, and a 10-year warranty from Oris, it is designed to be worn daily with minimal concern. This is not a fragile high-horology movement, but a robust, well-finished engine built for long-term ownership. As Oris continues to refine and expand its in-house offerings, early ProPilot X Calibre 400 models like this are likely to be viewed as foundational pieces in the brand’s modern era. Writer’s Thoughts The size and proportions are excellent, wearing comfortably thanks to the titanium case and bracelet. The salmon dial gives the watch character without feeling loud, and the bracelet integrates seamlessly with the case. This is a modern daily watch done thoughtfully, with substance behind the design. Our Promise Every watch we offer is carefully inspected and verified for authenticity. We stand behind the integrity of each piece and represent it accurately and transparently. Our goal is to ensure complete confidence when purchasing from Huntington Company. Specifications Brand: Oris Model: ProPilot X Calibre 400 (Ref. 01 400 7778 7158-07 7 20 01TLC) Year: Circa 2020s Case Material: Titanium Case Size: 39mm Bezel: Fixed titanium turbine-style bezel Dial: Salmon dial with applied hour markers Crystal: Sapphire crystal Movement: Manual winding Oris Calibre 400 with five-day power reserve Strap/Bracelet: Titanium integrated bracelet Buckle/Clasp: Titanium folding clasp Contents: Box, booklet, extra links, and hangtag Condition Case: Titanium case shows light surface wear consistent with careful use. Bezel: Titanium bezel shows minor hairlines visible under close inspection. Crystal: Sapphire crystal is clean with no visible chips or cracks. Dial: Salmon dial is clean with even color and well-preserved printing. Hands: Original hands are in excellent condition with no corrosion or damage. Strap/Bracelet: Original titanium bracelet shows light handling marks and remains tight. Buckle/Clasp: Original Oris clasp functions properly and shows light wear consistent with use.",Huntington Company,False
1970s Omega Constellation Linen Dial - Brick Bracelet (Ref. 168.027),Omega,2300,https://huntingtoncompany.com/products/1970s-omega-constellation-linen-dial-brick-bracelet-ref-168-027,https://cdn.shopify.com/s/files/1/0553/8391/6727/files/DSF1081-2.jpg?v=1765089348,"Worth A Read Timeless and Attainable Welcome to our curated collection of vintage Omega watches—an accessible, trustworthy entry point into the world of vintage horology. Every piece in this category has been carefully selected for its clean, original condition and timeless design, with each one fully inspected, serviced, and backed by our extended 2-year warranty . Whether you're just getting started, shopping for a memorable gift, or looking to add a classic Omega to your collection without breaking the bank, this series represents both value and authenticity. Most models here are priced under $2,500, offering an easy and elegant way to wear a piece of history. Start your vintage journey with confidence. History & Significance The Constellation line has been Omega’s flagship chronometer series since the 1950s, known for its precision ratings and distinctive star at six o’clock. By the late 1960s Omega introduced the “C-case” Constellation, a modernized design with an integrated profile, sharper geometry, and hidden lugs. These models have become an important chapter in the evolution of the Constellation as Omega shifted toward more architectural styling. Reference 168.027 is part of that early C-case generation and houses Omega’s chronometer-rated caliber 564, one of the brand’s most respected automatic movements from the era. This example features a clean silver dial with applied indexes and its original fluted bezel, paired with an Omega beads-of-rice bracelet for a cohesive period-correct look. Writer’s Thoughts A great everyday Omega for someone who wants a chronometer-rated vintage piece with personality but without the bulk of later sports watches. The C-case wears flat and balanced on the wrist, and the original bracelet adds a lot of charm. Our Promise Every watch is thoroughly vetted, carefully described with complete transparency, and guaranteed authentic. This Omega is offered in original condition, representing an uncommon and stylish take on one of Omega’s most iconic model families. Specifications Brand: Omega Model: Constellation ref. 168.027 Year: circa 1970s Case Material: Stainless steel Case Size: 35mm Bezel: Fluted bezel Dial: Silver Linen Crystal: Acrylic Movement: Automatic Strap: Original Omega bracelet Buckle/Clasp: Omega-signed clasp Contents: Watch only Condition Case: Strong case with light wear and consistent brushing throughout. Bezel: Crisp fluted bezel with light age toning. Crystal: Light surface marks are present but do not affect overall visibility. Dial: Linen dial is perfect with cream tritium lume. Hands: Original hands with black paint. Strap: Omega stainless steel bracelet with minimal stretch. Buckle/Clasp: Omega-signed clasp functioning properly with expected surface wear.",Huntington Company,False
1947 Omega Pre-Seamaster Sword Hands (Ref. 2513-2),Omega,1900,https://huntingtoncompany.com/products/1947-omega-cream-dial-and-sword-hands-ref-2513-2,https://cdn.shopify.com/s/files/1/0553/8391/6727/files/DSF6827-2.jpg?v=1777605533,"Worth A Read History and Significance The reference 2513 sits within a strong era for Omega, when the brand was producing a wide range of manually wound dress watches with subtle variations in dial design and handset execution. While many examples follow a similar formula, small details like hand shape, numeral configuration, and dial tone are what separate the more compelling pieces from the standard. This example stands out for its sword hands, which are less commonly seen on references of this type. They add a bit more presence to an otherwise restrained design and shift the watch slightly away from purely formal territory. The applied Arabic numerals at the cardinal positions give it balance, while the remaining indices keep the dial open and easy to read. The dial itself has aged into a warm cream tone, showing even patina throughout. It complements the gold case well and reinforces the mid-century character of the watch. At 33mm, it sits right in line with the period, though the thin bezel and longer lugs allow it to wear closer to a modern 34mm on wrist. Writer’s Thoughts The proportions are right, the dial has just enough variation, and the hands give it character without overdoing it. The patina is doing a lot of the work here. It adds a lot of charm to the watch and makes it feel lived in without looking tired. It’s simple, but not boring, which is refreshing. Our Promise Every watch is thoroughly vetted, carefully described with complete transparency, and guaranteed to be authentic. This Omega Seamaster is presented in original condition, representing both timeless style and enduring quality. Specifications Brand: Omega Model: Dress Watch (Ref. 2513-2) Year: 1947 Case Material: Gold plated Case Size: 33mm Bezel: Smooth gold-plated bezel Dial: Cream dial with applied Arabic numerals and indices, aged patina Movement: Manual wind Omega caliber Strap/Bracelet: Brown leather strap Buckle/Clasp: Generic pin buckle Contents: Watch only Condition Case: Shows minimal wear, and all the gold plating is still intact. Dial: Evenly aged with warm patina throughout; minor spotting and light surface marks consistent with age. Hands: In good condition with light wear; retain strong shape and tone. Crystal: Light surface wear present. Strap/Bracelet: Strap is new.",Huntington Company,False
1970s Omega Seamaster Tonneau - Beads Of Rice (Ref. 166.0167),Omega,1900,https://huntingtoncompany.com/products/1970s-omega-seamaster-tonneau-beads-of-rice-ref-166-0167,https://cdn.shopify.com/s/files/1/0553/8391/6727/files/DSF9867-4.jpg?v=1759350916,"Worth A Read Timeless & Attainable Welcome to our curated collection of vintage Omega watches—an accessible, trustworthy entry point into the world of vintage horology. Every piece in this category has been carefully selected for its clean, original condition and timeless design, with each one fully inspected, serviced, and backed by our extended 2-year warranty . Whether you're just getting started, shopping for a memorable gift, or looking to add a classic Omega to your collection without breaking the bank, this series represents both value and authenticity. Most models here are priced under $2,500, offering an easy and elegant way to wear a piece of history. Start your vintage journey with confidence. History & Significance Introduced in 1948 to commemorate Omega’s 100th anniversary, the Seamaster line quickly established itself as the brand’s best-selling model family. Built on lessons from waterproof military watches of World War II, the early Seamasters used O-ring gaskets for improved water resistance. In 1957, Omega expanded the line with the Seamaster 300, a professional diver’s watch famously worn by Jacques Cousteau’s team during the Conshelf II experiments. By the 1990s, the Seamaster had evolved into a cultural icon, chosen as the official James Bond watch beginning with GoldenEye (1995). Today, it remains one of Omega’s most versatile and recognized collections. The Ref. 166.0167 reflects Omega’s 1970s approach to the Seamaster—streamlined, versatile, and paired with the beloved beads-of-rice bracelet, a design that adds both comfort and period-correct character. Writer’s Thoughts This Seamaster is an understated classic. The no-lume dial variant feels especially clean, giving the watch a minimalist elegance that pairs beautifully with the sharp contrast of black inlay markers and pencil hands. Add the original beads-of-rice bracelet, and you have a quintessential 1970s Omega that works as both a vintage daily wearer and a fun watch to swap to a leather strap with. Our Promise Every watch is thoroughly vetted, carefully described with complete transparency, and guaranteed authentic. This Omega Seamaster Ref. 166.0167 is offered in original condition, representing a refined and versatile take on one of Omega’s most enduring collections. Specifications Brand: Omega Model: Seamaster Ref. 166.0167 Year: 1970s Case Material: Stainless steel Case Size: 35mm, 18mm lug width Bezel: This case design does not feature a bezel Dial: Silver sunburst no-lume dial with black inlay hour markers and pencil hands Crystal: Omega-signed acrylic Movement: Automatic wind Bracelet: Factory beads-of-rice bracelet with seven center links Clasp: Steel Omega-signed clasp Contents: Watch only Condition Case: Very clean with rounded lugs; brushed finish on the lugs with polished surfaces around the dial. Crystal: Original Omega acrylic crystal in excellent condition. Dial: Original silver sunburst dial, uncommon no-lume variant with black inlay hour markers. Ha",Huntington Company,False
1974 Omega Gold Seamaster Date - Unsigned Dial (Ref. 166.0202),Omega,1900,https://huntingtoncompany.com/products/1974-omega-gold-seamaster-date-unsigned-dial-ref-166-0202,https://cdn.shopify.com/s/files/1/0553/8391/6727/files/DSF9870-4.jpg?v=1759339658,"Worth A Read Timeless & Attainable Welcome to our curated collection of vintage Omega watches—an accessible, trustworthy entry point into the world of vintage horology. Every piece in this category has been carefully selected for its clean, original condition and timeless design, with each one fully inspected, serviced, and backed by our extended 2-year warranty . Whether you're just getting started, shopping for a memorable gift, or looking to add a classic Omega to your collection without breaking the bank, this series represents both value and authenticity. Most models here are priced under $2,500, offering an easy and elegant way to wear a piece of history. Start your vintage journey with confidence. History & Significance The Seamaster began life as Omega’s 100th-anniversary tribute in 1948, inspired by waterproof military watches from World War II. Known for its O-ring gasket and improved water resistance, it quickly became Omega’s best seller. In 1957, Omega introduced the Seamaster 300, designed for diving and professional use, worn by Jacques Cousteau’s team during the Conshelf II experiments. By the 1990s, the Seamaster’s popularity was revitalized when it was chosen as the official James Bond watch, beginning with Pierce Brosnan’s GoldenEye (1995). Today, the Seamaster remains one of Omega’s most recognized collections, bridging heritage and modern pop culture. The Ref. 166.0202 captures a transitional period in the Seamaster line. With its champagne dial, slimmer profile, and rare unsigned execution, it shows how Omega balanced experimentation with classic design. Writer’s Thoughts The charm of this Seamaster lies in its subtleties. The champagne dial with its vertical brushing feels both vintage and refined, while the warm pumpkin patina on the tritium lume adds character only decades can create. The fact that this example is part of a rarer group of unsigned Seamaster models makes it even more appealing to collectors who enjoy spotting the unusual within a classic family line. Additionally, the gold dial catches light in a particularly striking way. Our Promise Every watch is thoroughly vetted, carefully described with complete transparency, and guaranteed authentic. This Omega Seamaster Ref. 166.0202 is offered in original condition, representing an uncommon and stylish take on one of Omega’s most iconic model families. Specifications Brand: Omega Model: Seamaster Ref. 166.0202 Year: 1974 Case Material: Stainless steel and gold-plated Case Size: 35mm, 10mm thick, 18mm lug width Bezel: Smooth gold-tone bezel Dial: Champagne vertical brushed dial; uncommon variant produced without Seamaster signature on dial or caseback Crystal: Omega-signed acrylic Movement: Automatic wind Strap: New brown calfskin strap Buckle: Generic gold-tone buckle Contents: Watch only Condition Case: Unpolished with sharp lugs and light signs of wear; beautiful patina visible with chamfers still present on the lugs. Bezel: Smooth gold-tone bezel, sharp and unp",Huntington Company,False
1966 Omega Geneve Grey Linen Dial (Ref. 132.019),Omega,1900,https://huntingtoncompany.com/products/1966-omega-geneve-grey-linen-dial-ref-132-019,https://cdn.shopify.com/s/files/1/0553/8391/6727/files/DSF9402-2.jpg?v=1756406571,"Timeless & Attainable Welcome to our curated collection of vintage Omega watches—an accessible, trustworthy entry point into the world of vintage horology. Every piece in this category has been carefully selected for its clean, original condition and timeless design, with each one fully inspected, serviced, and backed by our extended 2-year warranty . Whether you're just getting started, shopping for a memorable gift, or looking to add a classic Omega to your collection without breaking the bank, this series represents both value and authenticity. Most models here are priced under $2,500, offering an easy and elegant way to wear a piece of history. Start your vintage journey with confidence. Worth The Read These vintage Genevés are classic. The model range always features simple designs, making it the perfect Rolex Datejust alternative. Pair it with a Beads of Rice bracelet or the rarer tank track bracelet, and you have a super sporty daily watch. The Brand - Omega, a Swiss watchmaker founded in 1848, has a rich history of innovation and precision. The company's vision was carried on by its sons Louis-Paul and César, who pioneered full watch production under the brand's roof. In 1894, the company unveiled the world's first mass-produced, interchangeable watch movement, the Omega Calibre, which streamlined production and propelled the brand to international fame. As the 20th century began, Omega watches became at the forefront of timekeeping technology and revolutionized sports watches with their precision. The Olympic Games provided an ideal stage for Omega to demonstrate its exceptional timekeeping abilities. In 1932, Omega began its role as Official Olympic Timekeeper, starting an enduring partnership spanning over 80 years. With each Games, Omega introduced groundbreaking timekeeping innovations, such as the first photo finish camera at the 1948 London Olympics. Omega's contributions to spaceflight began in 1962 when the Omega Speedmaster became the first watch worn in space on Mercury-Atlas 6. Its defining moment came in 1969 with the Apollo 11 moon landing, where Buzz Aldrin stepped onto the moon wearing his trusty Omega Speedmaster Moonwatch. The company played an indispensable role in NASA's pioneering '60s space missions, including the Apollo 13 mission, where the Speedmaster timed the engine burn, ensuring the crew's safe descent to Earth. Omega's cultural impact extends into pop culture through a long-running cinematic partnership with James Bond Movies. Since 1995's GoldenEye, James Bond has sported Omega watches on the silver screen, wearing the Seamaster Diver 300M and the rugged Omega Seamaster Planet Ocean. Omega remains dedicated to exploring new technological frontiers today, with innovations like the battery-free Pictograms model, wearable tech collaborations, and energy-harnessing movements driving progress and cementing its place in history. Specifications Reference: 132.019 Movement: Manual movement that has been serviced wit",Huntington Company,False
1972 Omega Constellation Automatic Chronometer (Ref. 157.0001),Omega,1600,https://huntingtoncompany.com/products/1972-omega-constellation-automatic-chronometer-ref-157-0001,https://cdn.shopify.com/s/files/1/0553/8391/6727/files/DSF0275-2.jpg?v=1762814835,"Worth A Read Timeless and Attainable Welcome to our curated collection of vintage Omega watches—an accessible, trustworthy entry point into the world of vintage horology. Every piece in this category has been carefully selected for its clean, original condition and timeless design, with each one fully inspected, serviced, and backed by our extended 2-year warranty . Whether you're just getting started, shopping for a memorable gift, or looking to add a classic Omega to your collection without breaking the bank, this series represents both value and authenticity. Most models here are priced under $2,500, offering an easy and elegant way to wear a piece of history. Start your vintage journey with confidence. History and Significance The De Ville line began in the early 1960s as part of Omega’s effort to separate its refined dress watches from the sportier Seamaster range. By the late 1970s, models like the reference 162.0063 reflected Omega’s modern design direction with slimmer automatic movements housed in minimal gold-accented cases that focused on precision and wearability. This reference features a gold-plated steel case, stepped bezel, and a clean champagne dial that typifies the brand’s late 1970s aesthetic. It runs on Omega’s automatic caliber family from the same era, known for durability and consistent timekeeping. This piece represents the bridge between Omega’s mid-century heritage and the transitional period that led toward quartz technology while retaining the mechanical craftsmanship collectors value today. Writer’s Thoughts The proportions are ideal, and the stepped bezel adds presence without losing the simplicity that defines a good De Ville. It is a straightforward, well-built automatic Omega that wears well and delivers real value for what it is, a reliable vintage daily wearer. Our Promise Every watch is thoroughly vetted, carefully described with complete transparency, and guaranteed authentic. This Omega is offered in original condition, representing an uncommon and stylish take on one of Omega’s most iconic model families. Specifications Brand: Omega Model: De Ville Ref. 162.0063 Year: 1977 Case Material: Stainless steel with gold plating Case Size: 32mm diameter, 39.5mm lug-to-lug, 18mm lug width, 9mm thick Bezel: Stepped bezel Dial: Champagne dial with applied indices and hands Crystal: Sapphire crystal Movement: Automatic Strap: New leather strap Buckle/Clasp: Generic buckle Contents: Watch only Condition Case: Unpolished with sharp lugs; minimal surface wear. Bezel: Stepped and unpolished with light marks. Crystal: Sapphire crystal in excellent condition. Dial: Original brushed dial in excellent shape with no imperfections. Hands: Original black stick hands in near-perfect condition. Strap: New strap in like-new condition. Buckle: Generic steel buckle in like-new condition.",Huntington Company,False
1970s Omega Geneve Automatic Day Date (Ref. 166.0117),Omega,1600,https://huntingtoncompany.com/products/1970s-omega-geneve-automatic-day-date-ref-166-0117,https://cdn.shopify.com/s/files/1/0553/8391/6727/files/DSF0075-2.jpg?v=1760644087,"Worth A Read Timeless & Attainable Welcome to our curated collection of vintage Omega watches—an accessible, trustworthy entry point into the world of vintage horology. Every piece in this category has been carefully selected for its clean, original condition and timeless design, with each one fully inspected, serviced, and backed by our extended 2-year warranty . Whether you're just getting started, shopping for a memorable gift, or looking to add a classic Omega to your collection without breaking the bank, this series represents both value and authenticity. Most models here are priced under $2,500, offering an easy and elegant way to wear a piece of history. Start your vintage journey with confidence. History & Significance The 1970s marked a period of both innovation and refinement for Omega. As the brand transitioned from the space-age designs of the 1960s into the clean minimalism of the following decade, models like the Ref. 166.0117 captured the essence of functional elegance. Equipped with the Caliber 1022, one of Omega’s most reliable automatic movements of the era, this watch offered chronometer-level precision, quick-set day and date functionality, and a smooth 28,800 vph beat rate. The silver sunburst dial and tritium lume details reflected Omega’s attention to both form and function, while the 34mm case remained versatile enough for daily wear. Today, watches like this stand as perfect examples of the brand’s commitment to design integrity and mechanical excellence during a transformative time in horology. Writer’s Thoughts This is the kind of vintage Omega that never goes out of style. The proportions are balanced, the silver dial catches light beautifully, and the Caliber 1022 movement offers a satisfying smoothness when worn. It’s reliable, versatile, and representative of why Omega’s 1970s lineup continues to attract collectors looking for authenticity and value in equal measure. Our Promise Every watch is thoroughly vetted, carefully described with complete transparency, and guaranteed authentic. This Omega is offered in original condition, representing an uncommon and stylish take on one of Omega’s most iconic model families. Specifications Brand: Omega Model: Ref. 166.0117 Year: 1970s Case Material: Stainless steel Case Size: 34mm diameter, 18mm lug width Dial: Silver sunburst dial with applied indices and tritium lume plots Crystal: Acrylic crystal with Omega logo Movement: Omega Caliber 1022 automatic movement Strap: New Alran leather strap Buckle: Generic steel buckle Contents: Watch only Condition Case: Unpolished with sharp lugs; minimal surface wear consistent with age. Crystal: Acrylic crystal in excellent condition, Omega logo faintly visible at center. Dial: Original silver sunburst dial with a subtle warm hue; tritium lume aged evenly to a creamy tone. Hands: Original stick hands with matching patinated tritium lume. Strap: New Alran leather strap in like-new condition. Buckle: Generic steel buckle in like-new condi",Huntington Company,False
1960s Omega De Ville Automatic Ultra-Slim (Ref. 165.008),Omega,1600,https://huntingtoncompany.com/products/1960s-omega-de-ville-automatic-ultra-slim-ref-165-008,https://cdn.shopify.com/s/files/1/0553/8391/6727/files/DSF0069-2.jpg?v=1760636732,"Worth A Read Timeless & Attainable Welcome to our curated collection of vintage Omega watches—an accessible, trustworthy entry point into the world of vintage horology. Every piece in this category has been carefully selected for its clean, original condition and timeless design, with each one fully inspected, serviced, and backed by our extended 2-year warranty . Whether you're just getting started, shopping for a memorable gift, or looking to add a classic Omega to your collection without breaking the bank, this series represents both value and authenticity. Most models here are priced under $2,500, offering an easy and elegant way to wear a piece of history. Start your vintage journey with confidence. History & Significance The De Ville collection began as a subline of the Seamaster in the early 1960s before becoming its own distinct series. It was conceived as Omega’s more refined offering, tailored for a dressier look rather than the sports-oriented focus of its Seamaster and Speedmaster siblings. By the mid-1960s, Omega transitioned to sleeker, more contemporary case shapes and thinner automatic movements like the Caliber 711, allowing for a slimmer profile without sacrificing precision. These watches embodied the aesthetic of the time: clean dials, narrow bezels, and restrained use of lume, reflecting the sophistication of mid-century Swiss design. This reference 165.008 stands out for its combination of subtlety and craftsmanship. The sunburst silver dial with creamy tritium plots and its unpolished case preserve the character collectors seek in honest vintage examples. It’s a testament to Omega’s mastery of understated design and technical refinement. Writer’s Thoughts This is the kind of vintage Omega that quietly impresses. The proportions are perfect, the finishing elegant, and the patina authentic. The warm tritium lume and the silver sunburst texture give the watch a charm that’s distinctly 1960s. It’s timeless, wearable, and versatile, exactly what makes the De Ville line such an enduring favorite among collectors. Our Promise Every watch is thoroughly vetted, carefully described with complete transparency, and guaranteed authentic. This Omega is offered in original condition, representing an uncommon and stylish take on one of Omega’s most iconic model families. Specifications Brand: Omega Model: De Ville Ref. 165.008 Year: 1960s Case Material: Stainless steel Case Size: 34mm diameter, 41mm lug-to-lug, 18mm lug width, 11mm thick Bezel: Smooth steel bezel Dial: Silver sunburst dial with applied indices and tritium lume plots Crystal: Acrylic crystal Movement: Omega Caliber 711 automatic movement Strap: New suede strap Buckle: Generic steel buckle Contents: Watch only Condition Case: Unpolished with sharp lugs and visible chamfers; minimal surface wear. Bezel: Smooth and unpolished with only faint handling marks. Crystal: Acrylic crystal in excellent condition. Dial: Original silver sunburst dial with light natural aging that is alm",Huntington Company,False
1970s Omega De Ville Blue Dial Ultra Slim (Ref. 105.0001),Omega,1600,https://huntingtoncompany.com/products/1970s-omega-de-ville-blue-dial-ultra-slim-ref-105-0001,https://cdn.shopify.com/s/files/1/0553/8391/6727/files/DSF9879-4.jpg?v=1759335966,"Worth A Read Timeless & Attainable Welcome to our curated collection of vintage Omega watches—an accessible, trustworthy entry point into the world of vintage horology. Every piece in this category has been carefully selected for its clean, original condition and timeless design, with each one fully inspected, serviced, and backed by our extended 2-year warranty . Whether you're just getting started, shopping for a memorable gift, or looking to add a classic Omega to your collection without breaking the bank, this series represents both value and authenticity. Most models here are priced under $2,500, offering an easy and elegant way to wear a piece of history. Start your vintage journey with confidence. History & Significance The Omega De Ville line emerged in the 1960s as an offshoot of the Seamaster family, eventually standing on its own as a more refined, dress-oriented collection. The model quickly gained popularity thanks to its understated elegance and slim, wearable cases. Omega itself has a long and storied history, founded in 1848 and pioneering milestones that shaped the watch world: First mass-produced interchangeable watch movement (1894). Official Olympic Timekeeper since 1932, innovating with technologies like the first photo-finish camera in 1948. Spaceflight legacy with the Speedmaster—worn during the 1969 Apollo 11 moon landing and famously instrumental during Apollo 13. A cultural icon, Omega has been James Bond’s watch of choice since GoldenEye in 1995. Against this backdrop of innovation and pop culture relevance, models like the De Ville provided a more attainable, stylish entry point into Omega ownership. Writer's Thoughts Affordable vintage Omega watches like this De Ville Ref. 105.0001 offer an elegant way to begin—or expand—a collection. With its royal blue dial, original buckle, and classic steel case, this watch delivers the reliability and heritage of Omega at a price point under $2,500. A versatile, historically significant timepiece, ready to be worn and enjoyed for years to come. Our Promise Every watch we list is carefully inspected, fully vetted, and described with complete transparency. This Omega De Ville is guaranteed authentic, serviced, and comes with our extended 2-year warranty as part of our Timeless & Attainable Collection . Specifications Brand: Omega Model: De Ville Ref. 105.0001 Year: 1970s Case Material: Stainless steel Case Size: 33mm, 17mm lug width Bezel: Smooth steel bezel Dial: Royal blue brushed dial with applied white hour markers and matching white hands Crystal: Acrylic, Omega-signed Movement: Manual wind Strap: Generic black leather strap Buckle: Original steel Omega-signed buckle Contents: Watch only Condition Case: Unpolished with sharp brushed lugs; surfaces remain crisp and even. Bezel: Smooth steel bezel, sharp and unpolished. Crystal: Acrylic Omega-signed crystal in excellent shape with light micro-scratches. Dial: Original brushed royal blue dial is clean, with a small mark at 12 o’c",Huntington Company,False
1969 Omega Geneve Tonneau Turler Retail Signed (Ref. 165.041),Omega,1600,https://huntingtoncompany.com/products/omega-geneve-tonneau-turler-retail-signed-ref-165-041,https://cdn.shopify.com/s/files/1/0553/8391/6727/files/DSF9451-3.jpg?v=1756406476,"Timeless & Attainable Welcome to our curated collection of vintage Omega watches—an accessible, trustworthy entry point into the world of vintage horology. Every piece in this category has been carefully selected for its clean, original condition and timeless design, with each one fully inspected, serviced, and backed by our extended 2-year warranty . Whether you're just getting started, shopping for a memorable gift, or looking to add a classic Omega to your collection without breaking the bank, this series represents both value and authenticity. Most models here are priced under $2,500, offering an easy and elegant way to wear a piece of history. Start your vintage journey with confidence. Worth The Read These vintage Genevés are classic. The model range always features simple designs, making it the perfect Rolex Datejust alternative. Pair it with a Beads of Rice bracelet or the rarer tank track bracelet, and you have a super sporty daily watch. The Brand - Omega, a Swiss watchmaker founded in 1848, has a rich history of innovation and precision. The company's vision was carried on by its sons Louis-Paul and César, who pioneered full watch production under the brand's roof. In 1894, the company unveiled the world's first mass-produced, interchangeable watch movement, the Omega Calibre, which streamlined production and propelled the brand to international fame. As the 20th century began, Omega watches became at the forefront of timekeeping technology and revolutionized sports watches with their precision. The Olympic Games provided an ideal stage for Omega to demonstrate its exceptional timekeeping abilities. In 1932, Omega began its role as Official Olympic Timekeeper, starting an enduring partnership spanning over 80 years. With each Games, Omega introduced groundbreaking timekeeping innovations, such as the first photo finish camera at the 1948 London Olympics. Omega's contributions to spaceflight began in 1962 when the Omega Speedmaster became the first watch worn in space on Mercury-Atlas 6. Its defining moment came in 1969 with the Apollo 11 moon landing, where Buzz Aldrin stepped onto the moon wearing his trusty Omega Speedmaster Moonwatch. The company played an indispensable role in NASA's pioneering '60s space missions, including the Apollo 13 mission, where the Speedmaster timed the engine burn, ensuring the crew's safe descent to Earth. Omega's cultural impact extends into pop culture through a long-running cinematic partnership with James Bond Movies. Since 1995's GoldenEye, James Bond has sported Omega watches on the silver screen, wearing the Seamaster Diver 300M and the rugged Omega Seamaster Planet Ocean. Omega remains dedicated to exploring new technological frontiers today, with innovations like the battery-free Pictograms model, wearable tech collaborations, and energy-harnessing movements driving progress and cementing its place in history. Specifications Reference: 165.041 Movement: Automatic movement that has been serviced ",Huntington Company,False
Omega De Ville Silver Dial Ultra Slim,Omega,1300,https://huntingtoncompany.com/products/omega-de-ville-silver-dial-ultra-slim-1,https://cdn.shopify.com/s/files/1/0553/8391/6727/files/DSF4096-2.jpg?v=1771638080,"History and Significance The Omega De Ville line emerged in the 1960s as a more refined, dress-oriented alternative to the sportier Seamaster models. By the early 1970s, De Ville had become its own standalone collection, focused on clean dials, slim cases, and understated proportions. This 33mm example captures that approach well. The dial is simple and balanced, with applied baton markers and slender hands over a light silver surface. There is no date window or excess text to interrupt the layout, just the Omega signature and De Ville designation. The result is a watch built around proportion and restraint rather than complication. With its thin case profile and manually wound or automatic dress movement typical of the era, the De Ville was designed to slip easily under a cuff and serve as a daily companion rather than a statement piece. Writer’s Thoughts A 33mm dress watch like this reminds you how good smaller watches can feel on the wrist. The case is slim, the lugs are narrow, and the dial has real breathing room. It does not try to do too much, and that is the point. On wrist, it feels elegant without being fragile. The size works especially well if you appreciate vintage proportions or prefer something that does not dominate your wrist. Paired with a textured leather strap, it becomes an easy watch to wear to work, dinner, or anything in between. Our Promise Every watch is thoroughly vetted, carefully described with complete transparency, and guaranteed authentic. Each piece is offered in honest condition, ensuring collectors receive a timepiece that reflects both originality and integrity. Specifications Brand: Omega Model: De Ville Year: Circa 1970s Case: Stainless steel Case Size: 33mm Dial: Silver with applied baton markers Crystal: Acrylic Movement: Swiss mechanical movement Strap/Bracelet: Brown leather strap Buckle/Clasp: Stainless steel tang buckle Contents: Watch only Condition Case: Case shows light surface wear consistent with age and retains a slim, defined profile. Bezel: Smooth bezel with minor hairlines. Crystal: Acrylic crystal shows light wear consistent with use. Dial: Clean, with even tone and intact applied markers. Hands: Correct for the model and period. Strap/Bracelet: The leather strap is new. Buckle/Clasp: Buckle is new.",Huntington Company,False
1968 Omega Geneve Tonneau Shape (Ref. 135.041),Omega,1300,https://huntingtoncompany.com/products/omega-geneve-tonneau-shape,https://cdn.shopify.com/s/files/1/0553/8391/6727/files/DSF0273-2_21664767-0fb2-4f3b-b739-9d8e2feae38f.jpg?v=1762979907,"Worth A Read Timeless and Attainable Welcome to our curated collection of vintage Omega watches—an accessible, trustworthy entry point into the world of vintage horology. Every piece in this category has been carefully selected for its clean, original condition and timeless design, with each one fully inspected, serviced, and backed by our extended 2-year warranty . Whether you're just getting started, shopping for a memorable gift, or looking to add a classic Omega to your collection without breaking the bank, this series represents both value and authenticity. Most models here are priced under $2,500, offering an easy and elegant way to wear a piece of history. Start your vintage journey with confidence. History and Significance Introduced in the 1950s and continuing through the 1970s, the Omega Genève line was created to offer refined, reliable timepieces at an approachable price point. While positioned below the Seamaster and Constellation families, the Genève models shared the same mechanical excellence and understated design language that defined Omega’s mid-century production. This 1970s stainless-steel example captures the minimalist aesthetic of its era, featuring a clean silver sunburst dial, slender applied indices, and a practical automatic movement. The design reflects Omega’s commitment to precision and elegance during a period when the brand balanced classic watchmaking with the growing influence of modern industrial design. Writer’s Thoughts The charm of the Omega Genève lies in its restraint. It is elegant without pretense, perfectly sized for daily wear, and represents a genuine slice of Omega’s mechanical heritage at an attainable level. For many collectors, it remains the ideal introduction to vintage Omega ownership, authentic, versatile, and quietly sophisticated. Our Promise Every watch is thoroughly vetted, carefully described with complete transparency, and guaranteed authentic. This Omega is offered in original condition, representing an uncommon and stylish take on one of Omega’s most iconic model families. Specifications Brand: Omega Model: Genève Year: 1970s Case Material: Stainless steel Case Size: 34mm diameter, 19mm lug width Dial: Silver sunburst dial with applied indices and tritium lume plots Crystal: Acrylic crystal with Omega logo Movement: Automatic movement Strap: New leather strap Buckle: Generic steel buckle Condition Case: Unpolished with sharp lugs, minimal surface wear consistent with age Crystal: Acrylic crystal in excellent condition, Omega logo faintly visible at center Dial: Original silver sunburst dial, tritium lume aged evenly to a creamy tone Hands: Original stick hands with tritium lume Strap: New leather strap in like-new condition Buckle: Generic steel buckle in like-new condition",Huntington Company,False
