title,brand,price,url,img,description,source,date,sold
Alpina 'Hooded' Lug Rectangular Dress Watch - Gloss Black Dial LNOS W/ Tag,Other,2850,https://oliverandclarke.com/products/alpina-hooded-lug-rectangular-dress-watch-gloss-black-dial-lnos-w-tag,https://cdn.shopify.com/s/files/1/0765/6138/3741/files/ALPINA_TANK_BLK_STRAP_WEB_1_R.jpg?v=1782754061,"Alpina is perhaps best known today for rugged sports watches like the Alpiner collection, but the brand's story reaches much further back than its modern adventure-focused identity. Founded in 1883 by Gottlieb Hauser, Alpina began life not as a watch manufacturer, but as a cooperative of Swiss watchmakers dedicated to producing reliable, high-quality timepieces. By the early twentieth century, the company had established itself as a leader in precision tool watches, supplying everything from elegant dress watches to robust military and pilot's watches. Throughout the decades that followed, Alpina earned a reputation for practical innovation and early experimentation with anti-magnetism, water resistance, shock protection. Many of these characteristics would eventually become the blueprint for the 'sports' watch as we known them today. While the company weathered the upheavals of the Quartz Crisis and changed hands several times, its commitment to durable, purpose-built watches has remained at the heart of the brand ever since. The piece that we have here is is a rectangular dress watch dating to circa the late 1930s - early 1940s and simply put is offered in virtually new-old-stock condition. The case measures in at a sizable 22mm x 29mm, with fantastic 'hooded' lugs, and a flat crown. Inside, the dial is a rare black 'gilt' unit, with fantastic 'Arabic' indices, a subsidiary seconds register on the bottom half, and one of the most beautiful script logos ever to grace a dial. It even comes with a hangtag! As it pertains to vintage collecting, this checks a heck of a lot of boxes; A niche brand with historically important innovations, fantastic sizing, and virtually flawless condition. What more can you ask for?",Oliver & Clarke,2026-06-29,False
Rolex Two-Tone Rectangular Dress Watch Ref. 1378 - Sunburst Silver Dial,Rolex,4850,https://oliverandclarke.com/products/rolex-two-tone-rectangular-dress-watch-ref-1378-sunburst-silver-dial,https://cdn.shopify.com/s/files/1/0765/6138/3741/files/ROLEX_TANK_STRAP_WEB_1_R.jpg?v=1782754023,"Prior to becoming perhaps the most powerful, well-known watch brand on the planet, Rolex was just like any other small manufacturer in the first half of the twentieth century. Before major model families came into their own, such as the Datejust, Day-Date, and the entirety of the Professional range, they were constantly experimenting trying new things to see what stuck. The Prince family of watches, while niche, are known to collectors and enthusiasts and offer a rich variety of metals, dials, and design from the early twentieth century. The piece that we have here, a two-tone rectangular dress watch, is another rectangular model that has somehow alluded collector circles, and what a beauty it is. It features a 21mm x 35mm 9k yellow gold outer case with fixed 'wire' lugs, and a stainless steel inner case that houses the movement and dial. The 9k winding crown is recessed and very likely original to the watch. The silver dial inside is very nicely preserved, with a nice vibrant sunburst surface with very simple printed indices and a blued-steel handset. Dating to circa the early 1950s, this represents the very end of the Art-Deco era for Rolex and seems to be completely overlooked, or flat-out forgotten. The upside is that they present fantastic value relative to the usual suspects from the brand, and you're very, very unlikely to see another in the wild.",Oliver & Clarke,2026-06-29,False
Rolex Datejust Ref. 1601 - Sunburst Grey White 'Vanishing' Text Unpolished W/ Service Papers,Rolex,8750,https://oliverandclarke.com/products/rolex-datejust-ref-1601-sunburst-grey-white-vanishing-text-unpolished-w-service-papers,https://cdn.shopify.com/s/files/1/0765/6138/3741/files/ROLEX_DATEJUST_GREY_WEB_1_80f1f812-5761-4245-aa39-daea80942402.jpg?v=1782324962,"Hard to believe - but the Datejust has been around since 1945. It is far older than its bigger and attention-hogging Submariner brethren. The Datejust was Rolex’s idea of the perfect everyday watch. The robustness of the Oyster case, combined with the elegance of an Oyster Perpetual. The ‘4 digit’ series of Datejust are particularly attractive for their pie-pan dials which offer a layer of three-dimensionality to the dials that went away with the advent of quickset date and 5-digit Datejusts. These early Datejusts were available as the 1601, with a fluted white gold bezel, or the 1603, with an engine-turned steel bezel. The 4-Digit Datejusts were also the first series to become available with a myriad of dial colors and case and bracelet materials. This particular piece is a Reference 1601 from circa 1971 and it comes to us in exceptional overall condition. The case remains unpolished, with strong factory finishing and proportions present throughout. The matching Jubilee bracelet with blade clasp also remains unpolished and shows matching wear. The characteristic white gold 'fluted' bezel has developed a unique oxidation, usually found when a watch has sat for years. Inside, the grey dial with rare white text is known to collectors as a 'ghost dial' for its tendency for the white printing to seemingly vanish in certain lighting. It too remains in simply outstanding, seemingly flawless condition, with a vibrant surface, fully-intact Tritium plots, and a matching handset. All in all, this is a watch with a few touches of if you know, you know. Pretty neat!",Oliver & Clarke,2026-06-25,False
Gallet MultiChron Chronograph - 'Brushed' Silver Non-Luminous Dial,Other,5450,https://oliverandclarke.com/products/gallet-multichron-chronograph-brushed-silver-non-luminous-dial,https://cdn.shopify.com/s/files/1/0765/6138/3741/files/GALLET_CHRONO_STRAP_WEB_1.jpg?v=1782324997,"Few names in watchmaking can claim roots as deep as Gallet. The family's watchmaking history is often traced to 1466, when Humbertus Gallet was recorded in Geneva, though the company as we know it today was formally established in 1826 by Julien Gallet in La Chaux-de-Fonds, Switzerland. Long before it became associated with pilots and racers, Gallet built its reputation through precision timekeeping, pocket watches, and specialized instruments intended for professional use. As the twentieth century unfolded, Gallet increasingly focused on chronographs, producing robust timing instruments for aviation, motorsport, exploration, and military applications. This is without a doubt what the brand was best known for then and is best known for, with the MultiChron and Flying Officer ranges in particular dominating conversations about the brand today. The MultiChron family established Gallet as one of the great names in professional chronographs, with models like the MultiChron Regulator, MultiChron 12, and MultiChron 45 becoming favorites among pilots, engineers, and serious sportsmen alike. Not dissimilar to other premiere chronograph manufactures in this era, they also produced 'elevated' pieces in precious metals like the MultiChron that we have here. Dating to circa the 1940s, this piece features a 35mm case crafted out of 14k yellow gold with 'square' pushers, a matching crown, and a snapback caseback. In very strong condition overall, the case shows signs light previous polishing while respecting the factory proportions, and normal signs of wear otherwise. Inside, the silver dial is beautifully-preserved, with a largely clean 'brushed' surface devoid of any major wear or damage — no doubt due to its lack of lume to degrade over its eighty-years of life. The printed scales and text are clear as ever, along with some of the best font to ever grace a dial. Just look at that seven! You don't just land on Gallet. This, along with brands like Movado, Universal Genève, etc. are found years into collection and exploration of this hobby. And while these are not incredibly elusive, strong examples are, as collectors tend to hang onto good ones. This is a good one.",Oliver & Clarke,2026-06-25,False
Breitling Chronorgaph 'Mid Size' - Gloss Black 'Multi-Scale' Dial Unpolished,Breitling,6850,https://oliverandclarke.com/products/breitling-chronorgaph-mid-size-gloss-black-multi-scale-dial-unpolished,https://cdn.shopify.com/s/files/1/0765/6138/3741/files/BREITLING_CHRONO_BLK_STRAP_WEB_1.jpg?v=1782325021,"Breitling has a long and rich history in chronographs — with an emphasis on aviation chronographs. And like so many other brands who have a watch model, or family that has become synonymous with the brand name itself, the Navitimer is just that for Breitling. As a result, the Navitimer casts a substantial shadow over all of its siblings.... even over firmly planted models like the SuperOcean, Top Time, and lesser-known pieces that pre-date model ranges all together. The example that we have here is one of the latter: A chronograph dating to circa the 1940s. Offered in phenomenal overall condition, this piece possesses many of the hallmark design characteristics found in many vintage Breitling chronographs. The case measures in at 32mm in diameter and features fantastic and attractive lugs, 'square' pushers, a snapback caseback, and a high-polished 'stepped' bezel. It shows light signs of wear with nice, defined finishing present throughout. The crown shows some 'brassing' from use and operates the Venus calibre within. The dial is wonderfully preserved, with a rich glossy black surface, clear scales and printing, and a 'stacked' register layout. The luminous indices exhibit a light and largely uniform patina and are complimented by a correct 'kite' handset. Vintage chronographs in condition like this, from any brand, are surprisingly elusive. Collectors tend to hold onto fantastic examples like this one, and with its slightly smaller size, this one presents fantastic value relative to larger contemporaries in comparable condition. *This piece comes from the personal collection of our founder*",Oliver & Clarke,2026-06-25,False
Universal Genève Space-Compax Ref. 885104/01 - 'Mk1' Reverse-Panda Dial,Other,16450,https://oliverandclarke.com/products/universal-geneve-space-compax-ref-885104-01-mk1-reverse-panda-dial,https://cdn.shopify.com/s/files/1/0765/6138/3741/files/UG_SPACE_COMPAX_BLK_WEB_1.jpg?v=1782325074,"Universal Genève was one of the many great brands that succumbed to the quartz crisis of the 1970s. While they disappeared, it was not for their lack of impressive watches. To underscore that fact, keep in mind that Henri Stern Watch Agency in their nearly 80-year history has only ever sold two brands: Patek Philippe, and Universal Genève. Building upon the brand’s long-established Compax lineage, the Space-Compax was i ntroduced during the 1960s at the height of the Space Age and represented Universal Genève’s answer to the growing demand for technically sophisticated, modern chronographs. And the Space-Compax sure delivered, combining a highly legible three-register chronograph layout with a distinctive design language with a technically forward-thinking form. The asymmetrical case measures in at 40mm in diameter and utilized a screw-down caseback, screw-down crown, and even a water-resistant pusher design. Rather than simple 'pump' pushers, the mechanisms are capped with rubber and secured by a screw-down 'collar,' effectively providing a sealed pusher. The bezel is a single piece rather than an assembly with an insert, and doubles-down on the timing functionality with 60-minute marks and a colored market at the 12 o'clock position. Inside, the dial is characterized by bold indices, contrasting 'concentric' subsidiary registers, and colorful accents with a both colorful and bold handset tying it all together. These pieces were all powered by UG's Cal. 85 manual-winding movement. The example that we have here, a Ref. 885104/02, dates to circa 1967 and is offered in fantastic overall condition. The case shows signs of very light previous polished, perhaps on the case profiles only, with normal signs of wear and no damage or excess wear of note. The pushers, crown, and bezel all show light wear and present beautifully. The dial within, likely due to its resistance to the elements, is also wonderfully preserved, with a nice clean surface, crisp subsidiary registers, and fully-intact luminous elements. Additionally, it comes fitted to its correct and exceedingly rare, 'double-grain beads-of-rice' Gay Frères bracelet with the correct endlinks and signed fliplock clasp. Design details like the dynamic and modern sizing of the case, the calibre within, and the thoughtful, bold dial layout, amount to a piece that clearly shows why Universal Genève was ultimately considered to be one of the finest manufactures in the era. In any condition, Space-Compaxes simply do not surface on the open market all that often — let alone in this condition and with its correct bracelet.... and with the recent re-launch of the brand, collectors seem to be holding on to pieces like this, making for a great opportunity to grab this one.",Oliver & Clarke,2026-06-25,False
Rolex Day-Date Ref. 1803 - Sunburst Champagne 'Wide Boy-Sigma' Dial Unpolished W/ Box & Papers,Rolex,20850,https://oliverandclarke.com/products/rolex-day-date-ref-1803-sunburst-champagne-wide-boy-sigma-dial-unpolished-w-box-papers,https://cdn.shopify.com/s/files/1/0765/6138/3741/files/ROLEX_DAYDATE_GLD_WEB_1_1b944f42-bd44-4231-a929-bfc94dfbec54.jpg?v=1782325173,"When the Day-Date was released in 1956, Rolex had made numerous attempts to capture the market with more complicated timepieces such as the Ref. 6036, the Ref. 8171, and the Ref. 6062, but it seemed like buyers were not particularly fond of complicated Rolexes. All of that changed when President Lyndon B. Johnson was spotted wearing one Rolex in particular: a Day-Date. The model has since become known worldwide as ‘The President’ and as a symbol of success and prestige. Simply put, this one stuck. The Day-Date was available for many years on a leather strap with a matching gold buckle, but also on a solid gold bracelet (called a 'President' bracelet), like the example that we have here. The piece that we have here, a Reference 1803, dates to circa 1971, is a strong example finished in solid yellow gold with a classic champagne dial. The Oyster case remains thick and symmetrical, having received a light polishing at a previous time and shows normal signs of wear throughout with clear hallmarks on the lug undersides. The characteristic 'fluted' yellow gold bezel also retains nice definition with matching wear. The sunburst champagne dial within is exceptional. As vibrant as ever, it features excellent, evenly patinated Tritium plots, applied 'wide boy' indices, and a matching handset. Especially when fitted to a leather strap, this 'elevated' piece remains very much under-the-radar and is suitable for virtually any occasion, on virtually any wrist.",Oliver & Clarke,2026-06-25,False
Rolex Oyster Perpetual Date Ref. 1501 - Black 'Gilt' Dial,Rolex,6450,https://oliverandclarke.com/products/rolex-oyster-perpetual-date-ref-1501-black-gilt-dial,https://cdn.shopify.com/s/files/1/0765/6138/3741/files/ROLEX_OYSTER_DATE_BLK_WEB_1.jpg?v=1782325215,"If you boil Rolex down to its purest form, what do you get? The Rolex Oyster Perpetual. This is truly the genesis for the entire Rolex brand. The very first Rolex models were called ‘Oysters’ which was owed to their innovative three part case that all screwed into each-other. That is where the fluted bezel actually derives from, being screwed down into the top of the case to secure the crystal with a gasket - as well as the grooves on the oyster case back. All makes sense now - right? The piece that we have here, simply known as an Oyster Perpetual Date , is a descendant of those early watches, utilizing a water-resistant Oyster case, an automatic-winding movement, and a date complication. A functional, sturdy, and dependable timekeeping device. Dating to circa 1965, this Reference 1501 features a 35mm Oyster case with a period-correct 'rivet' Oyster bracelet with blade clasp, and a unique to this reference, 'engine-turned' steel bezel. The case, bezel and bracelet have all seemingly been spared of any previous polishing and show normal wear from age and use. Inside, dial is nicely preserved and retains its rich glossy black surface with that gorgeous gilt text, applied indices, and a matching handset. The Oyster Perpetual line presents great value next to its slightly larger Datejust siblings, while simultaneously representing the essence of Rolex. This example, with its rich, versatile dial, is not just a great entry point to a vintage Rolex, but could easily be your one vintage watch.",Oliver & Clarke,2026-06-25,False
Rolex Day-Date Ref. 1803 - Sunburst Silver Dial,Rolex,9850,https://oliverandclarke.com/products/rolex-day-date-ref-1803-sunburst-silver-dial-1,https://cdn.shopify.com/s/files/1/0765/6138/3741/files/ROLEX_DAYDATE_GLD_STRAP_WEB_1_0f6b518f-ff24-407f-8fd2-b07ad83bd658.jpg?v=1782325257,"When the Day-Date was released in 1956, Rolex had made numerous attempts to capture the market with more complicated timepieces such as the Ref. 6036, the Ref. 8171, and the Ref. 6062, but it seemed like buyers were not particularly fond of complicated Rolexes. All of that changed when President Lyndon B. Johnson was spotted wearing one Rolex in particular: a Day-Date. The model has since become known worldwide as ‘The President’ and as a symbol of success and prestige. Simply put, this one stuck. The Day-Date was available for many years on a matching solid gold bracelet (called a 'President' bracelet), but also on a leather strap like the example that we have here. The piece that we have here, a Reference 1803, dates to circa 1964, is a strong example finished in solid yellow gold with a lovely silver dial. The Oyster case remains thick and symmetrical, perhaps spared of previous polishing, and shows normal signs of wear throughout with clear hallmarks on the lug undersides. The characteristic 'fluted' yellow gold bezel also retains nice finishing with matching wear. The sunburst silver dial within remains crisp and vibrant with patinated Tritium plots and a matching handset. Especially when fitted to a leather strap, this 'elevated' piece remains very much under-the-radar and is suitable for virtually any occasion, on virtually any wrist.",Oliver & Clarke,2026-06-25,False
Rolex Oysterdate Ref. 6694 - Gloss Black Dial Unpolished,Rolex,4500,https://oliverandclarke.com/products/rolex-oysterdate-ref-6694-gloss-black-dial-unpolished,https://cdn.shopify.com/s/files/1/0765/6138/3741/files/ROLEX_OYSTER_DATE_BLK_STRAP_WEB_1.jpg?v=1782152863,"If you boil Rolex down to its purest form, what do you get? The Rolex Oyster Perpetual. This is truly the genesis for the entire Rolex brand. The very first Rolex models were called ‘Oysters’ which was owed to their innovative three part case that all screwed into each-other. That is where the fluted bezel actually derives from, being screwed down into the top of the case to secure the crystal with a gasket - as well as the grooves on the oyster case back. All makes sense now - right? The piece that we have here, simply known as an Oysterdate Precision , is a descendant of those early watches, utilizing a water-resistant Oyster case, a manual-winding movement, and a date complication. A functional, sturdy, and dependable timekeeping device. The Reference 6694 that we have here dates to circa 1982 and features a 34mm Oyster case with its correct smooth steel bezel and a lovely glossy black dial within. It comes to us with a strong, seemingly unpolished case that shows normal wear with matching wear on the bezel. The Tritium plots on the dial remain fully-intact and exhibit a nice uniform patina throughout, with a perfectly matching handset. Despite being ‘entry-level’ these offer a ton of character and remain an overlooked part of the important history of Rolex on their journey to the powerhouse brand that they are today. This is nothing short of a delightful vintage piece that can be worn every single day, on any occasion, and on virtually any wrist. And don't let the case size fool you, these 35mm Rolex models are chronically slept on and present great value next to its more well-known siblings, while truly embodying the essence of Rolex.",Oliver & Clarke,2026-06-22,False
Rolex Oyster Perpetual Date Ref. 1500 - Sunburst Silver 'Sigma' Dial,Rolex,4750,https://oliverandclarke.com/products/rolex-oyster-perpetual-date-ref-1500-sunburst-silver-sigma-dial,https://cdn.shopify.com/s/files/1/0765/6138/3741/files/ROLEX_DATEJUST_STL_WEB_1.jpg?v=1782152902,"If you boil Rolex down to its purest form, what do you get? The Rolex Oyster Perpetual. This is truly the genesis for the entire Rolex brand. The very first Rolex models were called ‘Oysters’ which was owed to their innovative three part case that all screwed into each-other. That is where the fluted bezel actually derives from, being screwed down into the top of the case to secure the crystal with a gasket - as well as the grooves on the oyster case back. All makes sense now - right? The piece that we have here, simply known as an Oyster Perpetual Date , is a descendant of those early watches, utilizing a water-resistant Oyster case, an automatic-winding movement, and a date complication. A functional, sturdy, and dependable timekeeping device. The piece that we have here is a Reference 1500 dating to circa 1976. The 35mm Oyster case and a correct smooth steel bezel remain in strong overall condition and show matching normal wear throughout. Inside, the silver dial retains a vibrant sunburst finishing on the surface, complete with era-appropriate 'Sigmas' on the bottom edge and applied indices. The Tritium plots remain fully-intact with a nice even patina and the handset matches perfectly. It comes fitted to a correct Oyster bracelet with a signed blade clasp. The Oyster Perpetual line presents great value next to its slightly larger Datejust siblings, while simultaneously representing the essence of Rolex. This example, with its crisp, versatile dial, is not just a great entry point to a vintage Rolex, but could easily be your one vintage watch.",Oliver & Clarke,2026-06-22,False
Rolex Oyster Precision Ref. 6512 'Veriflat' - Sunburst Silver 'Asprey' Dial,Rolex,16450,https://oliverandclarke.com/products/rolex-oyster-precision-ref-6512-veriflat-sunburst-silver-asprey-dial,https://cdn.shopify.com/s/files/1/0765/6138/3741/files/ROLEX_OYSTER_VERIFLAT_STRAP_WEB_1.jpg?v=1781638669,"If you boil Rolex down to its purest form, what do you get? The Rolex Oyster Perpetual. This is truly the genesis for the entire Rolex brand. The very first Rolex models were called ‘Oysters’ which was owed to their innovative three part case that all screwed into each-other. This watch represents an evolution of that, when these were still semi-bubble back watches. The piece that we have here, an Oyster Precision , is a descendant of those early watches, utilizing a water-resistant Oyster case, a manually-wound movement, and nothing else. Except, this piece happens to be the thinnest Oyster-case Rolex ever produced, even until today. Known as an Oyster Precision Veriflat, the 34mm Oyster case comes in at just 6mm thin (excluding the crystal) all while retaining the screw-down caseback and screw-down crown. Dating to circa 1964, this example is offered in strong overall condition, with a nice symmetrical case with clear hallmarks, crisp lugs undersides, and visible factory finishing. The silver dial within shows some patina from age and presents nicely, with clear sunburst finishing, applied indices, and very a very unusual for Rolex, 'concentric' subsidiary seconds register on the bottom half. The handset is of the very elegant 'dauphine' style and compliment the overall layout perfectly. Flip this piece over and there is an always alluring caseback engraving. But It doesn't stop there... look a little closer and you'll find an additional retailer stamp on the lower half of the dial from London's Asprey. There is no doubt whatsoever that the Oyster Precision range remains an overlooked and interesting part of Rolex's history, with the Veriflat in particular, a significant model thatis unknown to even seasoned collectors. If a Rolex were to be a Calatrava, this is it.",Oliver & Clarke,2026-06-18,False
Rolex Turn-O-Graph Ref. 6309 'Thunderbird' - Black 'Gilt' Dial w/ 'Roulette' Date,Rolex,18250,https://oliverandclarke.com/products/rolex-turn-o-graph-ref-6309-thunderbird-black-gilt-dial-w-roulette-date,https://cdn.shopify.com/s/files/1/0765/6138/3741/files/ROLEX_DATEJUST_BLK_ROULETTE_STRAP_WEB_1.jpg?v=1781638601,"The Rolex Turn-O-Graph is easily one of, if not the most underrated model in the brands history. To say that it is historically important would be a understatement of biblical proportions.... Predating the — yes, we're going to say it — iconic Submariner by mere months, the Turn-O-Graph Ref. 6202 was in fact the first piece to utilize an externally affixed rotating timing bezel. Early advertisements refer to it as the ""simplest 'stop-watch' ever yet waterproof and self-winding!"" and depict it being used as a timer for cooking, auto racing, sailing, and even to time phone calls. Ironically, this is no doubt what most people use their Submariners for these days, rather than diving. Ironic, considering the Turn-O-Graph was largely phased out as an independent model, and merged with the Datejust line of watches where it adopted the 'Thunderbird' nomenclature. The example that we have here dates to circa 1953 and is offered in strong overall condition. The case comes in at a familiar 36mm in diameter and offers a surprisingly svelte feel on the wrist. It has been gently polished in the past, likely decades ago and retains strong, correct proportions with clear hallmarks and an excellent solid yellow gold timing bezel. Inside, the glossy black 'gilt' dial presents nicely, with light patina on the surface, applied 'dart' indices and a frame around the 'roulette' date aperture, and an 'alpha' handset to round it out. Flip it over, and the caseback features an always alluring engraving. The Turn-O-Graph is and always has been an underrated model next to it's far more popular siblings within the Rolex lineup... But the Submariner undeniably owes it's looks and basic idea behind its creation to the first Ref. 6202. When you consider their extreme rarity, beautiful looks, and fantastic construction that you would expect from and Rolex, Turn-O-graphs presents almost unbelievable value... and thats before looking at the price of the earliest Submariner references... This well-rounded example is fit for any wrist, any occasion, and any collection. A truly special piece.",Oliver & Clarke,2026-06-18,False
Breguet Classique Moonphase Ref. 3300BA - Silver 'Guilloché' Dial Unpolished,Breguet,11450,https://oliverandclarke.com/products/breguet-classique-moonphase-ref-3300ba-silver-guilloche-dial-unpolished,https://cdn.shopify.com/s/files/1/0765/6138/3741/files/BREGUET_CALATRAVA_MOONPHASE_STRAP_WEB_1.jpg?v=1781638568,"Parisian manufacturer Breguet, named after its founder, Abraham-Louis Breguet, was founded in 1775 and is one of the most stored and historically significant manufacturers in the world of horology. With a number of firsts, including *ahem* what many consider to be the first known wristwatch, Breguet is primarily known today for its stunning silver 'guilloche' dials, innovations in complications, and outstanding build quality. The piece that we have here belongs to the 'Classique' family and dates to circa the late 1980s. It features a very Breguet coin-edge case design crafted out of yellow gold coming in at 31mm in diameter. The case is fitted with a sapphire crystal, a sapphire cabochon winding crown, and a snapback case. As with virtually all Breguet dress watches, the dial within is generally the highlight, and this piece is no exception. Silver in color, it features a slew of different styles of guilloché finishing, with black printed 'Roman' indices, a running seconds register, and a moonphase aperture. It is powered by a manual-winding movement and comes fitted with its original, very svelte black leather strap with its sighed yellow gold buckle. So here is a piece that delivers on condition, timelessness, and pedigree. How can you go wrong?",Oliver & Clarke,2026-06-18,False
Heuer Carrera Ref. 3647T - Sunburst Silver 'Red Tachy' Dial Unpolished w/ Box & Papers,Heuer,14350,https://oliverandclarke.com/products/heuer-carrera-ref-3647t-sunburst-silver-red-tachy-dial-unpolished-w-box-papers,https://cdn.shopify.com/s/files/1/0765/6138/3741/files/HEUER_CARRERA_WHT_WEB_1.jpg?v=1781638531,"The Heuer Carrera has been called a perfect chronograph by many collectors and enthusiasts. Much like the Autavia that predates it, the Carrera had been intended to be a watch for auto racing — functional, legible, and reliable. Building on what are known as 'Pre-Carreras,' the first iteration to bear the 'Carrera' name on the dial, the Reference 2447N, would spawn a long line of watches that have been in almost continuous production right up until today. The Carrera, like many successful model lines, would later see numerous other executions in the form of different movements, dials, etc., but these pieces with the now classic 36mm case remain the most coveted by collectors. The Carrera that we have here, a Ref. 3647T, was introduced in the very first year that the Carrera debuted: 1963. As an alternative to the original, this 'T' variant utilizes a two-register layout with a red tachymeter scale in place of the minute track, with that duty pushed outward onto the matching silver rehaut. It utilizes a manual-winding Cal. 92 from Valjoux and that same, classic 35mm case design. This particular example is outstanding overall condition. The case with the characteristic 'faceted' lugs remains unpolished with strong factory finishing throughout. Inside, the dial is equally outstanding, with a crispy silver surface and fully-intact Tritium plots with a matching handset. Additionally, it comes fitted to its correct and exceedingly rare, 'double-grain beads-of-rice' Gay Frères bracelet with the correct endlinks and signed fliplock clasp. But it doesn't stop there... this piece is also accompanied by its box and dated booklet rounding out this fantastic package. Since its conception in the early 1960s, the Carrera has become one of the most desirable chronographs ever produced, and its not difficult to see why: Excellent, robust and proven movements. Simple, legible dial layouts. And of course, that striking, unmistakable case with virtually perfect proportions, for nearly any wrist. And then, there is the fact that Jack Heuer himself had his hand in its design, which was for a purpose. A true instrument. It just turns out that form followed function, and this beautiful design would go on to leave it mark on the world of horology.",Oliver & Clarke,2026-06-18,False
Rolex Day-Date Ref. 1803 - Sunburst Champagne 'Wide Boy-Sigma' Dial,Rolex,10850,https://oliverandclarke.com/products/rolex-day-date-ref-1803-sunburst-champagne-wide-boy-sigma-dial,https://cdn.shopify.com/s/files/1/0765/6138/3741/files/ROLEX_DAYDATE_GLD_STRAP_WEB_1_d6be3bd9-6e2e-4b85-b295-c0eacaf0b497.jpg?v=1781638710,"When the Day-Date was released in 1956, Rolex had made numerous attempts to capture the market with more complicated timepieces such as the Ref. 6036, the Ref. 8171, and the Ref. 6062, but it seemed like buyers were not particularly fond of complicated Rolexes. All of that changed when President Lyndon B. Johnson was spotted wearing one Rolex in particular: a Day-Date. The model has since become known worldwide as ‘The President’ and as a symbol of success and prestige. Simply put, this one stuck. The Day-Date was available for many years on a matching solid gold bracelet (called a 'President' bracelet), but also on a leather strap like the example that we have here. The piece that we have here, a Reference 1803, dates to circa 1972, is a strong example finished in solid yellow gold with a classic champagne dial. The Oyster case remains thick and symmetrical, having received a light polishing at a previous time and shows normal signs of wear throughout with clear hallmarks on the lug undersides. The characteristic 'fluted' yellow gold bezel also retains nice definition with matching wear. The sunburst champagne dial within is exceptional. As vibrant as ever, it features excellent, evenly patinated Tritium plots, applied 'wide boy' indices, and a matching handset. Especially when fitted to a leather strap, this 'elevated' piece remains very much under-the-radar and is suitable for virtually any occasion, on virtually any wrist.",Oliver & Clarke,2026-06-18,False
Rolex Daytona Ref. 16528 'Zenith' - Black 'Inverted 6' Dial,Rolex,39750,https://oliverandclarke.com/products/rolex-daytona-ref-16528-zenith-black-inverted-6-dial,https://cdn.shopify.com/s/files/1/0765/6138/3741/files/ROLEX_DAYTONA_GLD_BLK_RED_WEB_1.jpg?v=1781637094,"The Rolex Daytona model, since its initial release, has been at the forefront of the market as the most desirable chronograph in production. Prior to the introduction of the automatic-winding Daytonas in 1988, all previous Rolex chronographs had been manually-wound. Rolex decided to outsource their movement for the Ref. 16xxx series of watches, looking for the best movement available. and settled on the best that was available at the time: the famous They used this movement as the basis and then fortified it, performing approximately 200 modifications to the base movement to meet the expectations prestigious of the Wilsdorf group. This created the workhorse Rolex 4030 movement that was put in production for an era of 12 years. In this Reference, Rolex also incorporated the more resilient sapphire crystals, a contributing factor to the increased depth rating guaranteed at 100m or 330ft. The example that we have here, a Ref. 16528, is an early example dating to circa 1991. It comes to us with an strong case, matching yellow gold bezel, screw-down pushers, a screw-down crown, and its correct solid yellow gold Oyster bracelet with a blade-style clasp. These bracelets were ultimately replaced with an updated fliplock clasp, a design which continues to this day. Inside, the black 'Inverted 6' dial is seemingly-flawless, with a nice consistent surface, evenly colored applied Tritium-filled indices, a matching handset, and that modified El Primero automatic-winding movement. These neo-vintage pieces still present exceptional value in todays market and are becoming a modern classic in a big way. And early examples, with both 'Inverted 6' Tritium dials and earlier still 'Floating Cosmograph' dials truly do not surface as often as you may think.",Oliver & Clarke,2026-06-18,False
Patek Philippe Perpetual Ref. 3940P - '3rd Series' w/ Extract,Patek Philippe,149500,https://oliverandclarke.com/products/patek-philippe-perpetual-ref-3940p-3rd-series-w-extract,https://cdn.shopify.com/s/files/1/0765/6138/3741/files/PATEK_CALATRAVA_MOONPHASE_STRAP_WEB_1.jpg?v=1781638501,"As far as brand identity goes, Patek Philippe, unlike many brands, is seemingly free of being associated with any one model in particular, and instead enjoys a reputation for quality, craftsmanship, and a long-standing pedigree as a top Swiss manufacturer. Of course, there are models and model families that are nothing short of horological icons (e.g., Nautilus, Calatrava, Aquanaut, etc.), but for some, the absolute epitome of the brand is manifested in the complicated chronographs. Like so many brands, even Patek's flagship complicated chronographs relied on externally sourced Swiss calibers until relatively recently — most notably from Lemania, and Valjoux even earlier. The non-chronograph variant of the perpetual calendar that we have here however, a Reference 3940, was completely designed and manufactured by Patek Philippe from the ground up. Additionally, it was released at a time when Switzerland was very much still coping with the unspeakable affects of the Quartz Crisis from the previous 10-15 years. This piece is considered a part of Patek Philippe's way of countering the quartz movement: by doubling down on craftsmanship, mechanical complexity, and pedigree. The Ref. 3940 debuted in 1985 and enjoyed a lengthy 22-year production run with a number of dial offerings as well as four metals to choose from. The example that we haver here is a Platinum example dating to the second to last year of production: 2006. It is offered in excellent overall condition, with a nice symmetrical case, clear hallmarks throughout, and normal sign of wear from use throughout. The correct solid caseback, signed crown, and platinum deployant clasp are also present. The dial within is in seemingly flawless condition, with no apparent wear or damage and a nice clean surface. The applied white gold indices are complimented by a matching white gold 'dauphine' handset. One of the best attributes about any 3940 is the thickness — or rather, thinness . Measuring in at a hair over 8mm thick, including the gently 'domed' sapphire crystal, this piece is simply brilliant on the wrist. This is largely thanks to the masterwork of a movement inside, utilizing an efficient micro-rotor automatic-winding mechanism, rather than a traditional centrally mounted rotor. This is all in addition to the perpetual calendar complexity. Imagine if a Polerouter also had a perpetual calendar... Here you go. It is no secret that these pieces have really come into their own in just the last few years, and its not difficult to see why. These are virtually perfect timepieces that can be worn by nearly anyone, and just happen to be from one of the top manufactures in history. There are watches, and then there are watches! This is one of the latter.",Oliver & Clarke,2026-06-18,False
Blancpain Fifty-Fathoms 'Mid size' - Gloss Black Dial Unpolished W/ Documentation,Other,12850,https://oliverandclarke.com/products/blancpain-fifty-fathoms-mid-size-gloss-black-dial-unpolished-w-documentation,https://cdn.shopify.com/s/files/1/0765/6138/3741/files/BLANCPAIN_50FATHOMS_STRAP_WEB_1.jpg?v=1781035660,"The Blancpain Fifty Fathoms is widely credited as being one of the first three truly purpose-build dive watches that came out in 1953. During the first ten years or so of production, many different variants have surfaced, with slightly different dials, bezels, casebacks, and even movements. Unlike the Zodiac Seawolf and Rolex Submariner from the same era, the Fifty Fathoms range feature a much larger 41mm case size. Considered massive in the 1950s, it is a great size by the standards of today, due largely in part to the way the lugs turn down and taper inward. It is a beautiful design. The cases were also bead-blasted to reduce glare and increase scratch resistance. The result is a very tool-like appearance, yet still elegant with its glossy dial and beautiful script text. The resulting look, much like the other two aforementioned divers, is a wonderfully balance design. The example that we have here dates to circa the 1960s and is a rare 'mid size' variant. The 34mm case with a 'squared' inner-lug design very characteristic of 'skin divers' from this era, this piece would have originally been sold as a lighter, more recreational alternative to the more expensive and larger Fifty-Fathoms. Of course, being Blancpain, they did not skimp out on anything. Inside, the very same automatic-winding movement as its larger sibling can be found behind the screw-down caseback, a glossy black luminous dial and handset, and a bi-directional rotating timing bezel on the outside. The condition is simply fantastic. The case shows light wear throughout with its correct factory high-polish finishing present and clear. The black dial within retains its deep glossy black surface, with applied, patinated indices and a matching handset. The bezel assembly is correct and possesses its elegant 'coin-edge' finishing and houses a black acrylic insert. It is seemingly devoid of any major fractures and shows only light wear. As is the case with other divers from the 1950s-1970s, good honest examples like this do not surface (no pun intended) on the open market as often as you might think — as collectors tend to hold onto examples like this... ... And these 'mid size' variants in particular rarely surface on the open market, making this a very, very rare opportunity to snag one.",Oliver & Clarke,2026-06-11,False
Rolex Day-Date Ref. 1803 - Sunburst Silver Dial,Rolex,17650,https://oliverandclarke.com/products/rolex-day-date-ref-1803-sunburst-silver-dial,https://cdn.shopify.com/s/files/1/0765/6138/3741/files/ROLEX_DAYDATE_GLD_CHAMPGNE_WEB_1.jpg?v=1781035765,"When the Day-Date was released in 1956, Rolex had made numerous attempts to capture the market with more complicated timepieces such as the Ref. 6036, the Ref. 8171, and the Ref. 6062, but it seemed like buyers were not particularly fond of complicated Rolexes. All of that changed when President Lyndon B. Johnson was spotted wearing one Rolex in particular: a Day-Date. The model has since become known worldwide as ‘The President’ and as a symbol of success and prestige. Simply put, this one stuck. The Day-Date was available for many years on a leather strap with a matching gold buckle, but also on a solid gold bracelet (called a 'President' bracelet), like the example that we have here. The Reference 1803 that we have here dates to circa 1965 and comes to us in strong condition. The case, characteristic 'fluted' yellow gold bezel, and 'President' bracelet all all shows signs of light previous polishing and matching normal wear throughout. The silver dial within features a sunburst finishing is beautifully preserved, with fully-intact and evenly patinated Tritium plots and a perfectly matching handset. The 'President' bracelet is fitted with an adjustable blade-style clasp. This is a fantastic, well-rounded example of an icon.",Oliver & Clarke,2026-06-11,False
Rolex GMT-Master Ref. 1675 'PCG' - Gilt 'Chapter Ring' Dial W/ Box & Papers,Rolex,33500,https://oliverandclarke.com/products/rolex-gmt-master-ref-1675-pcg-gilt-chapter-ring-dial-w-box-papers,https://cdn.shopify.com/s/files/1/0765/6138/3741/files/ROLEX_GMT_PEPSI_FADED_WEB_1_13588229-4717-40f9-ba12-0d74f6355076.jpg?v=1781035802,"The Rolex GMT-Master is one of the most historic and iconic watches the brand ever produced. Its origin dates back to a commission request by Pan American World Airways in the early 50’s for their fleet of pilots who needed access to different time zones. These pieces would feature a similar design to another watch that Rolex was developing around that time, the Submariner, but would include a fourth hand running on 24-hr time, and a bi-colored bezel insert to represent AM/PM times. Those colors, naturally, would be the PanAm colors: Red and Blue. Thus, in 1953, the Ref. 6542 GMT-Master was born. These early pieces were ultimately, fragile arguably flawed in some ways, and were therefor succeeded by the updated Reference 1675 in 1959. These pieces introduced a larger case size with crown-guards and a bi-colored blue + red bezel insert made of aluminum. The Ref. 1675 underwent many small changes over its 21-year production run, with a slew of dial, bezel, bracelet, and hand variations. You know, Rolex stuff. The example that we have here is a very uncommon variant from within the 1675 range, featuring not only a 'gilt' dial, but also a case with 'pointed' crown guards. For a very short time, the 1675 case features more pronounced and stylized crown guards along with the gorgeous wide lug chamfers that we all know and love. It dates to circa 1961 and features a fantastic, professionally-refurbished case, with correct, defined finishing throughout and fitted to a period-correct 'rivet' Oyster bracelet. Inside, the dial is a correct 'Type 3' unit with a nicely-preserved glossy black surface and evenly patinated luminous plots. The handset matches the dial beautifully and has the correct 'small' 24-hr GMT hand. And then, of course, there is that gorgeous 'Pepsi' bezel insert. It shows only normal wear from age and has developed an attractive fade on both the blue and red halves. Last but not least, this piece is accompanied by its box, chronometer papers, and guarantee papers dated 9/24/1962. All of these small details amount to a piece that not only has a wearing experience different than any modern GMT-Master, but even later variants of the very same Reference. Its fair to say that watches from this era, in this overall condition do not surface all that often...",Oliver & Clarke,2026-06-11,False
Audemars Piguet White Gold Dress Watch - White Gold 'Woven' Dial w/ 'Sodalite' Indices,Audemars Piguet,18750,https://oliverandclarke.com/products/audemars-piguet-white-gold-dress-watch-white-gold-woven-dial-w-sodalite-indices,https://cdn.shopify.com/s/files/1/0765/6138/3741/files/AP_DRESS_SLVR_BLUE_MESH_WEB_1_93b5b508-e754-4429-ab0f-ee5c1d6938eb.jpg?v=1780594811,"The year 1972 was the advent of what is undeniably Audemars Piguet's most famous, significant, and yes, iconic line of watches, the Royal Oak. It was also the year that the 'high-end dress watch' would forever change. Prior to 1972, ultra-thin and design-focused precious metal watches represented the pinnacle of the genre, not what appears to be an industrial-styled stainless steel sports watch with a bracelet. While the brand never stopped producing traditional dress watches, per-se, production of their new golden goose would dominate the rest of the lineup. And this is after considering that prior to the Royal Oak, AP made far fewer watches to start with... The piece that we have here hails from circa the 1980s, an era when brands like Patek Philippe, Audemars Piguet, Piaget, and even Rolex were experimenting with design-forward timepieces focused on finishing and opulence. The 26mm case and matching integrated-style bracelet are constructed out of solid white gold, with a stunning hand-finished texture throughout. The dial inside is not flat, but rather a 3-dimensional 'woven' white gold base with applied 'Soladite' stone indices, and thats it. A clean design that speaks by way of its execution rather than text. The blue stone indices are complimented by a blue-painted 'pencil' handset. It is powered by AP's Cal. 2003 manual-winding movement. Stunning, rare, and objectively impressive. This then, is a representation of a bygone era not just for Audemars Piguet, but for what a high-end dress watch used to be. Only in the last few years have collectors and enthusiasts alike started to pay a bit more attention to pieces like these and, we think, its long overdue.",Oliver & Clarke,2026-06-04,False
Audemars Piguet Royal Oak Ref. 5402ST - 'Jumbo' Grey Patina Dial,Audemars Piguet,58500,https://oliverandclarke.com/products/audemars-piguet-royal-oak-ref-5402st-jumbo-grey-patina-dial,https://cdn.shopify.com/s/files/1/0765/6138/3741/files/AP_ROYAL_OAK_GREY_LRG_WEB_1_353cb33c-d629-4ede-b968-1f9c0db929b6.jpg?v=1780595060,"It’s not unfair to say that Audemars Piguet Royal Oak is one of the most iconic watches ever made. Designed in 1972 by Gerald Genta, the first Royal Oak completely changed the way that we look at a steel sports watch. For the first time, stainless steel was treated as a precious metal, receiving complex finishing techniques of brushing, polishing, and beveling, all by hand. The idea that its eight hexagonal bezel screws would be finely finished and left exposed for the wearer to see was a revolutionary thought. It’s no reason that the model became the calling card for the family owned Audemars Piguet — not to mention one of the most sought after watches in the world. This is of course, the Reference 5402. These were available in stainless steel, two-tone steel & yellow gold, and solid yellow gold and all examples measure 39mm in diameter. While that may not seem ‘Jumbo’ by the standards of today, that was considerably larger than most watches in the 1970s — especially when you factor in the integrated bracelet which contributes to an even larger feel when on the wrist. The piece that we have here is perhaps the most sought-after configuration within the 5402 range: a full stainless steel piece. Dating to circa 1982, this piece comes to us in strong overall condition. The case and matching integrated bracelet retain correct, visible factory finishing and show normal signs of wear throughout. Inside, the grey 'micro-tappisserie' textured dial has developed patina from age around the center post, with a nice grey-blue color extending out to the dial edges. The applied Tritium-filled indices exhibit an attractive and uniform patina, and the correct handset matches perfectly. This is a well-rounded, honest example of a watch that undeniably changed the game.",Oliver & Clarke,2026-06-04,False
LIP 'Brevets Blancpain' - Gloss Black Tritium Dial Unpolished,Other,8950,https://oliverandclarke.com/products/lip-brevets-blancpain-gloss-black-tritium-dial-unpolished-1,https://cdn.shopify.com/s/files/1/0765/6138/3741/files/BLANCPAIN_LIP_BLK_DIVER_STRAP_WEB_1.jpg?v=1773794829,"The Blancpain Fifty Fathoms is widely credited as being one of the first three truly purpose-build dive watches that came out in 1953. During the first ten years or so of production, many different variants have surfaced, with slightly different dials, bezels, casebacks, and even movements. In the French market, Blancpain had an almost nonexistent presence, but were looking to change that. So, in the 1950s, they tapped the well-known French manufacturer LIP for distribution. Today, LIP-signed examples of early Fifty-Fathoms remain highly desirable and collectible... The piece that we have here, however, is something very unusual and rarer still. By the end of the Blancpain and LIP partnership in the late 1950s - early 1960s, dive watches had been booming, with hundreds of brands small and large producing their own divers of all shapes and sizes. LIP, wanting to get their slice, borrowed a patent from their friends at Blancpain and produced the diver that we have here. The 34mm steel case features lovely chamfers on the lugs and borrows its bezel design and caseback system from Blancpain. The dial within is glossy black in color and proudly displays the Blancpain connection on the lower half. Additionally, it has applied 'dart' indices with quadrant 'Arabic' indices, Tritium-filled blocks as well as plots, and a matching Tritium 'alpha' handset. It is powered by one of LIP's manual-winding movements and comes fitted to a period black 'Tropic' rubber strap with a steel buckle. Only a handful of these pieces have ever surfaced on the open market, making this a very, very rare opportunity to snag one.",Oliver & Clarke,2026-06-04,False
Eberhard and Co. Contograf Ref. 131501 - Sunburst Silver Non-Luminous Dial Unpolished,Other,13850,https://oliverandclarke.com/products/eberhard-and-co-contograf-ref-131501-sunburst-silver-non-luminous-dial-unpolished,https://cdn.shopify.com/s/files/1/0765/6138/3741/files/EBERHARD_CONTOGRAF_STRAP_WEB_1_b39c0613-2b83-4f65-be08-57020122f297.jpg?v=1780595162,"The Eberhard Contograf is one of the best looking and most interesting chronographs of the 20th century and when Eberhard introduced the Contograf in the 1960s, it was like nothing else on the market. Eberhard always tried to think outside the box and be innovative, hence the unusual date placement at six o’clock (still uncommon even today) and date corrector at nine o’clock. The Contograf is largely black with a few red details in the alternating red numbers on the ‘roulette’ date wheel, the red triangle at the 12 o’clock on the bezel, and the 50 at the two o’clock position on the dial. That red “50” in the tachymeter scale marks 50 km/hr, which at the time was the standard speed limit in most European countries. These details cater to the overall sportiness of the Contograf, and when combined with always attractive features like a twin-register reverse-panda dial, virtually perfect case proportions, and a manual-winding calibre, amount to a watch with loads of character in a subtle fashion. The example that we have here comes from the latter half of the Contograf's run and, while all Contografs are rare, this variant is rarer still. Dating to the late 1960s, it features an outstanding unpolished case with prominent chamfers, a correct signed crown, 'pump' pushers, and a screw-down caseback. It shows normal wear throughout with no damage or wear of note. The bezel insert also remains in strong overall condition, showing normal wear with a clear red accent in the triangle. The real highlight here, is the silver dial within. Produced in even fewer numbers than the usual black-dial piece, this silver dial features a crisp and vibrant sunburst finishing throughout and happens to be in exceptionally well-preserved condition. Like its black-dial contemporaries, it has applied indices, a framed date aperture at the 6 o'clock position, those amazing red accents, and one of the coolest script logos ever to grace a watch dial. And best of all, it is a Contograf. A watch that we like to think as something of a Submariner-Speedmaster hybrid. Seldom seen to begin with, we feel that this is one of the coolest vintage watches of all time, full stop. This example takes what is already a masterwork in design to another level with it's fantastic overall condition and elegant silver dial.",Oliver & Clarke,2026-06-04,False
Omega 'Calatrava' Cal. 26.5.T3 - Gloss Black 'Gilt' Dial,Omega,3850,https://oliverandclarke.com/products/omega-calatrava-ref-2383-6-gloss-black-gilt-dial,https://cdn.shopify.com/s/files/1/0765/6138/3741/files/OMEGA_NONMAGNET_BLK_STRAP_WEB_1_4ae4f96c-afb6-4cdc-b089-8ac678b8fe05.jpg?v=1780595216,"Omega is undeniably one of the most historically important timepiece manufactures of all time. In fact, the Speedmaster is probably the most important wrist watch of all time. As a result, the Speedmaster casts a massive shadow over all of its siblings.... even over firmly planted models like the Seamaster and Constellation ranges. The resulting effect is double sided: many vintage Omegas, we feel are incredibly undervalued in the market as it exists today, with the other side of that being that hidden gems are shocking attainable. Take the piece that we haver here, a stainless steel Calatrava-style time-only watch dating to circa 1943. This Ref. 2383-6 has a ton going for it. The 30mm case is wonderfully preserved and in excellent condition, with crisp lug holes and symmetrical proportions. It also features a steel crown at 3 o'clock, a screw-down caseback, and Omega's own Cal. 26.5.T3 manual-winding movement inside. The dial however, is the highlight of this particular example. Like the case, it is wonderfully preserved, with a rich glossy black surface that shows only faint signs of aging with stunning patinated Radium 'Roman' indices. It is complimented by a 'sword' handset that matches nicely. This piece, with its sizing, condition, and completely unique dial really embodies everything that makes vintage great. What more can you ask for?",Oliver & Clarke,2026-06-04,False
Tudor Submariner Date Ref. 79090 - Blue Dial Unpolished,Tudor,10500,https://oliverandclarke.com/products/tudor-submariner-date-ref-79090-blue-dial-unpolished,https://cdn.shopify.com/s/files/1/0765/6138/3741/files/TUDOR_SUB_BLUE_WEB_1_e3f2225c-0e02-4e10-95b4-48cc38cbd45a.jpg?v=1779927353,"The Submariner, namely those produced by Rolex, has long been considered the cream of the crop when it comes to watch collecting as a whole. Possibly the most iconic watch ever produced, the Submariner has long standing utilitarian roots that span decades, and everyone who’s anyone has been spotted wearing one. However, if you look deeper into the Submariner line, you may find a less known but just as incredible model manufactured by Tudor. These pieces are not only more unique and rare than the traditional Submariner, but offer much greater value. Designed as a replacement for the quintessential Tudor ‘Snowflake’ Submariners, the References 76100 and 79090 is in many collectors eyes, the last great vintage Tudor Submariner. These pieces all had matte dials with Tritium plots and matching Tritium-filled handsets, cases with lug-holes, acrylic crystals, and folded-link Oyster bracelets. In many ways, This is all stuff that we see in Rolex and Tudor models as early as the 1960s, but were produced well-into the 1990s! The example that we have here dates to circa 1988 and remains in outstanding overall condition. The case remains unpolished, with clear factory finishing visible throughout and shows normal wear from age. The bezel also remains unpolished, with excellent definition and houses a gorgeous blue insert with a patinated pip. Inside, it features a desirable blue dial, which retains a rich, deep blue color and attractive patinated Tritium indices and a matching handset. It comes fitted to its correct steel Oyster bracelet with a Tudor-signed fliplock clasp. These Tudor Subs of the mid 1980s into the mid 1990s not only present great value next to their Rolex cousins, but are very interesting in that they offer nearly all the feel of a Rolex Submariner Date dating back to the 1960s — with the charm of an acrylic crystal, a matte dial, and even a folded-link bracelet — for only a fraction of the entry cost. And Rolex sure never made a steel Submariner with a blue dial!",Oliver & Clarke,2026-05-28,False
Tudor Black Bay Fifty-Eight Ref. 79030N - 'Rowing Blazers' Box & Booklets,Tudor,9450,https://oliverandclarke.com/products/tudor-black-bay-fifty-eight-ref-79030n-rowing-blazers-box-booklets,https://cdn.shopify.com/s/files/1/0765/6138/3741/files/TUDOR_SUB_BLACKBAY_ROWING_NEO_WEB_1.jpg?v=1779927393,"Our roots and indeed our passion for watches are firmly planted in the world of vintage — of course. And while there are modern collections that capture that vintage soul and aesthetic, there are few as well executed as Tudor's Black Bay family. Introduced in 2012 along with the Pelagos line, the Black Bay aimed to tribute divers from both Tudor and Rolex from the late 1950s-1960s, and to say that it was an immediate success would be a drastic understatement. What began as a simple black-dial, stainless steel model has since evolved into a more adventurous lineup, now offered in a wide variety of sizes, dial colors, and even materials like bronze, solid gold, and sterling silver. It has no doubt become Tudors most known family of watches, particularly the 39mm 'Fifty-Eight.' Released a few years after the original 'Heritage' Black Bay, the 'BB58' drew nearly everything from the original Black Bays 41mm size, are repackaged it in a more sleek, remarkably wearable size and with an updated movement. The example that we have here, a Ref. 79030N, is probably exactly what comes to mind when you hear ""Black Bay."" However, look a little closer and you'll note the additional white text on the dial that reads: ""Rowing Blazers."" In 2023, Rowing Blazers offered less than 100 of very special Black Bay Fifty-Eights exclusively to 'Friends & Family' of the brand. This is one of those watches. Like any other steel BB58, it features a 39mm case with beautiful lug chamfers, a Tudor 'rose' signed screw-down crown with no crown guards in sight, a METAS-certified automatic-winding movement, a beautiful satin black 'gilt'-like dial with applied luminous plots and a 'Snowflake' handset, and a 'rivet'-style Oyster bracelet with a fliplock clasp. Offered in gently worn condition with many of its factory stickers in place, it comes accompanied by its inner and outer boxes and booklets.",Oliver & Clarke,2026-05-28,False
Rolex Datejust Ref. 1603 - Black 'Confetti' Dial W/ Box & Papers,Rolex,8250,https://oliverandclarke.com/products/rolex-datejust-ref-1603-black-confetti-dial-w-box-papers,https://cdn.shopify.com/s/files/1/0765/6138/3741/files/ROLEX_DATEJUST_BLK_CONFETTI_WEB_1_038f0f81-e079-443a-a077-d2f7be25dc26.jpg?v=1779911172,"Hard to believe - but the Datejust has been around since 1945. It is far older than its bigger and attention-hogging Submariner brethren. The Datejust was Rolex’s idea of the perfect everyday watch. The robustness of the Oyster case, combined with the elegance of an Oyster Perpetual. The ‘4 digit’ series of Datejust are particularly attractive for their pie-pan dials which offer a layer of three-dimensionality to the dials that went away with the advent of quickset date and 5-digit Datejusts. These early Datejusts were available as the 1601, with a fluted white gold bezel, or the 1603, with an engine-turned steel bezel. The 4-Digit Datejusts were also the first series to become available with a myriad of dial colors and case and bracelet materials. This particular piece is a Reference 1603 from circa 1973 and it comes to us in fantastic overall condition. The case remains in strong overall condition, with nice symmetrical lugs at all four corners and shows normal wear. The 'engine-turned' stainless steel bezel has seemingly been spared of previous polishing and retains strong definition and shows matching normal wear. The dial housed within the case of this piece, however, is not what it seems. What appears to be simply a matte black unit — uncommon to begin within the 4-digit Datejust range, we might add — is actually what is known as a 'Confetti' dial. For a short time, some dials offered by Rolex and Tudor in this era exhibited additional colors under close inspection — in this case, 'flakes' of blue, red, green, and even hints of gold! It remains in fantastic overall condition, with fully-intact and evenly patinated Tritium plots. The handset also matches the dial beautifully. This piece comes fitted to a period-correct 'oval'-link Jubilee bracelet with a signed blade clasp. Furthermore, accompanying this piece is its box and punched papers. Black-dialed Datejusts are less common than you may think... And there is almost some Explorer-like sportiness about them, while of course, still being a Datejust. This one, with some additional spice is a complete sleeper and will be a tough example to beat.",Oliver & Clarke,2026-05-28,False
Rolex Oyster Perpetual Ref. 6548 'Midsize' - Sunburst Silver 'Linz' Dial,Rolex,5850,https://oliverandclarke.com/products/rolex-oyster-perpetual-ref-6548-midsize-sunburst-silver-linz-dial,https://cdn.shopify.com/s/files/1/0765/6138/3741/files/ROLEX_OYSTER_LINZ_GLD_STRAP_WEB_1_4acf8cd2-f887-4476-a4b4-99436b381514.jpg?v=1779996775,"If you boil Rolex down to its purest form, what do you get? The Rolex Oyster Perpetual. This is truly the genesis for the entire Rolex brand. The very first Rolex models were called ‘Oysters’ which was owed to their innovative three part case that all screwed into each-other. That is where the fluted bezel actually derives from, being screwed down into the top of the case to secure the crystal with a gasket - as well as the grooves on the oyster case back. All makes sense now - right? The piece that we have here is a descendant of those early watches, though probably not what you first think of when you hear Oyster Perpetual ... This is a 'midsize' Oyster Perpetual Ref. 6548 dating to circa 1962. It comes in at 30mm in diameter and is constructed out of 14k yellow gold and it remains in strong overall condition. The case and matching 'smooth' yellow gold bezel have been gently previously polished many years ago and shows light signs of wear throughout with an attractive 'rosy' oxidation developing in some areas. Inside, the silver dial features a crisp sunburst finishing on the surface, with applied stylized-indices, patinated Tritium pots, and a matching 'dauphine' handset. Look a little closer and you'll find an additional retailer stamp on the lower half of the dial from Dallas' Linz. Despite being ‘entry-level,' many vintage models from the Oyster family offer a ton of character and remain an overlooked part of the important history of Rolex on their journey to the powerhouse brand that they are today. And don't let the case size fool you, 30mm can accommodate a wider range of wrists than most think. This one, with is 14k construction, special dial, and overall condition stands out from not just its OP siblings, but punches way above its class.",Oliver & Clarke,2026-05-28,False
Rolex Datejust Ref. 1601 Two-Tone Rose Gold  - Sunburst Silver Dial,Rolex,5950,https://oliverandclarke.com/products/rolex-datejust-ref-1601-two-tone-rose-gold-sunburst-silver-dial,https://cdn.shopify.com/s/files/1/0765/6138/3741/files/ROLEX_DATEJUST_2TONE_WEB_1_9717ae28-c38a-46f7-a1d8-5732e0818259.jpg?v=1779996735,"Hard to believe - but the Datejust has been around since 1945. It is far older than its bigger and attention-hogging Submariner brethren. The Datejust was Rolex’s idea of the perfect everyday watch. The robustness of the Oyster case, combined with the elegance of an Oyster Perpetual. The ‘4 digit’ series of Datejust are particularly attractive for their pie-pan dials which offer a layer of three-dimensionality to the dials that went away with the advent of quickset date and 5-digit Datejusts. These early Datejusts were available as the 1601, with a fluted white gold bezel, or the 1603, with an engine-turned steel bezel. The 4-Digit Datejusts were also the first series to become available with a myriad of dial colors and case and bracelet materials. This particular piece is a Reference 1601 from circa 1968 and from 5-feet away, appears to be just a two-tone Datejust. In fact, this is something far more special. While indeed a two-tone Datejust, this example is constructed out of stainless steel and rose gold. The 'fluted' bezel, signed crown, the dial furniture, and the handset are all rose gold. It comes to us in fantastic overall condition, with a professionally-refurbished case and strong definitional on the 'fluted' bezel. Inside, the silver dial retains its 'sunburst' finishing with evenly patinated Tritium plots and applied 'wide boy' indices with a matching handset. Like any Datejust this could easily be your one watch... And this one, with its sneaky rare configuration, offers a little bit of that if you know, you know.",Oliver & Clarke,2026-05-28,False
Movado M95 Chronograph Ref. 19038 - 'Sub Sea' Satin Silver Dial,Movado,7350,https://oliverandclarke.com/products/movado-m95-chronograph-ref-19038-sub-sea-satin-silver-dial,https://cdn.shopify.com/s/files/1/0765/6138/3741/files/MOVADO_CHRONO_GREY_STRAP_WEB_1.jpg?v=1779911296,"While it may be hard to imagine based upon their product line today, Movado Laboratories (yes, that was the full name) once made watches that were beautifully designed, well made, and respected — up there with some other great manufacturers. The piece that we have here, an M95 Chronograph, is simply named after the Movado Manufacture M95 movement powering it. Over the years, these were produced with a variety of dial and case configurations, with this example having been produced on the later end dating to circa the early 1960s. The 35mm 'waterproof' case shares a similar design and in fact, the same case-maker as properly heavy hitting references from this era. That is, of course, François Borgel. It features gorgeous 'stepped' finishing on the top case, with dynamic, faceted lugs, a screw-down caseback, 'pump' pushers, and a 'domed' crown. The condition of this example is excellent, with strong factory finishing present throughout and the correct crown and pushers. Inside, the dial is one of the more 'sporty' variants, with a satin silver color throughout, applied Tritium-filled 'dart' indices, and a matching handset with red chronograph hands. Additionally, a very thoughtful and almost funny detail often found on Movado chronographs is how Movado chose to actually apply 'cropped' numerals around subsidiary registers where appropriate, in this case, at the 3, 6, & 9 o'clock positions. This detail is a great example of Movado exercising their prowess in design and manufacturing during this time and is an incredibly thoughtful detail that they easily could have skipped and nobody would have thought twice about it. Of course, this piece is powered by Movado's fantastic in-house Calibre M95 manually-wound movement. Both M95s and M90s have become extremely coveted by collectors and don't come to market as often as you may think... This piece, in its well-rounded and honest overall condition, is yet another example of the amazing value that Movado from this era offers. In our opinion, and we know there are a handful of other dealers and enthusiasts out there that share this viewpoint, there are not many brands that get design this right. Simple as that.",Oliver & Clarke,2026-05-28,False
Audemars Piguet White Gold 'Ellipse' Dress Watch - Grey Dial w/ 'Lapis Lazuli' Indices,Audemars Piguet,26850,https://oliverandclarke.com/products/audemars-piguet-white-gold-ellipse-dress-watch-grey-dial-w-lapis-lazuli-indices,https://cdn.shopify.com/s/files/1/0765/6138/3741/files/AP_DRESS_SLVR_MESH_BLUE_WEB_1.jpg?v=1779130452,"The year 1972 was the advent of what is undeniably Audemars Piguet's most famous, significant, and yes, iconic line of watches, the Royal Oak. It was also the year that the 'high-end dress watch' would forever change. Prior to 1972, ultra-thin and design-focused precious metal watches represented the pinnacle of the genre, not what appears to be an industrial-styled stainless steel sports watch with a bracelet. While the brand never stopped producing traditional dress watches, per-se, production of their new golden goose would dominate the rest of the lineup. And this is after considering that prior to the Royal Oak, AP made far fewer watches to start with... The piece that we have here hails from circa the 1980s, an era when brands like Patek Philippe, Audemars Piguet, Piaget, and even Rolex were experimenting with design-forward timepieces focused on finishing and opulence. The 26mm case and matching integrated-style bracelet are constructed out of solid white gold and are finished with a stunning 'woven' texture throughout. Inside, the dial features a light grey 'brushed' surface and factory applied lapis lazuli indices with a 'pencil' handset to compliment them. Stunning, rare, and objectively impressive. This then, is a representation of a bygone era not just for Audemars Piguet, but for what a high-end dress watch used to be. Only in the last few years have collectors and enthusiasts alike started to pay a bit more attention to pieces like these and, we think, its long overdue.",Oliver & Clarke,2026-05-21,False
Rolex Day-Date Ref. 1803 - Sunburst Grey Dial w/ Box & Papers,Rolex,25350,https://oliverandclarke.com/products/rolex-day-date-ref-1803-sunburst-grey-dial-w-box-papers,https://cdn.shopify.com/s/files/1/0765/6138/3741/files/ROLEX_DAYDATE_GLD_2TONE_WEB_1.jpg?v=1779130586,"When the Day-Date was released in 1956, Rolex had made numerous attempts to capture the market with more complicated timepieces such as the Ref. 6036, the Ref. 8171, and the Ref. 6062, but it seemed like buyers were not particularly fond of complicated Rolexes. All of that changed when President Lyndon B. Johnson was spotted wearing one Rolex in particular: a Day-Date. The model has since become known worldwide as ‘The President’ and as a symbol of success and prestige. Simply put, this one stuck. The Day-Date was available for many years on a leather strap with a matching gold buckle, but also on a solid gold bracelet like the example that we have here. This piece, a Reference 1803 from circa 1965, is an excellent example finished in solid yellow gold. The case remains nice and thick, with symmetrical lugs and shows normal wear over a light previous polishing. The rare, 'rivet' Oyster bracelet also is nicely preserved and shows matching wear with no notable 'stretch' and remains long. The characteristic 'fluted' bezel is seemingly unpolished and retains excellent definition and shows matching wear. Inside, the dial is a surprisingly uncommon sunburst grey unit, which is wonderfully preserved and features gorgeous patinated Tritium plots and a matching handset. Additionally, this piece is accompanied by its box and papers dating to 1966. With it's relatively uncommon dial color and overall condition, this 1803 is a stunner!",Oliver & Clarke,2026-05-21,False
Jaeger-LeCoultre Shark/Vogue Ref. E.2643 - Matte Black 'Reverse-Panda' Dial,Jaeger-LeCoultre,9650,https://oliverandclarke.com/products/jaeger-lecoultre-shark-vogue-ref-e-2643-matte-black-reverse-panda-dial,https://cdn.shopify.com/s/files/1/0765/6138/3741/files/JAEGER_LECOULTRE_CHRONO_STRAP_WEB_1.jpg?v=1779130337,"Jaeger-LeCoultre is one of the most well-rounded and storied brands in the history of watchmaking. They are not only known for models, but also, at least in the world vintage watches, equally known for their movements — a surprisingly unique accolade that is perhaps unmatched by any other brand. Be there no doubt, the most popular and well-known model from the brand is the properly iconic Reverso, but the brand offers so much more with model families like the Memovox, the Deep-Sea, and a wide range of complicated calendar watches. The collector community certainly knows it, but what is lesser-known are models like the fantastic chronograph that we have here. Known internally as the Reference E.2643, this three-register chronograph was sold as the Vogue in Europe and as the Shark for the rest of the world and was produced in the late 1960s to compete in the growing sport chronograph market. However, despite carrying a respected name, the Shark/Vogue struggled to gain traction commercially, and after just a few short years its production was phased out as Heuer, Omega, and Rolex came to dominate the space. The 'Autavia'-style case comes in at 40mm in diameter and features a screw-down caseback, 'pump' pushers, a 'hashed' crown, and a bi-directional rotating timing bezel with a luminous pip. The bezel on this example has gently aged to a deep slate blue and shows normal wear. The case itself retains its characteristic thick lugs shows uniform normal wear and retains the correct 'pump' pushers and 'hashed' crown. Inside, the dial features a desirable 'reverse-panda' layout, with its black base and contrasting white subsidiary registers with 'concentric' finishing within. It remains in outstanding overall condition, showing only light wear under magnification, with evenly colored Tritium indices and matching 'cigarette'-style handset. Last but not least, like its competition from Heuer and Rolex, powering this piece is the esteemed Valjoux 72 manual-winding chronograph movement. And considering JLC is very much know for its in-house movements, this piece is somewhat ironic which, we think, make it all that more interesting. With design elements reminiscent of both Heuer and Rolex, the Shark/Vogue is a truly scarce piece today. Seemingly lost to time and overshadowed by its contemporaries form other brands, this piece is an absolute gem that rarely surfaces on the open market.",Oliver & Clarke,2026-05-21,False
Patek Philippe Calatrava 'Disco Volante' Ref. 2594/5 - Champagne Patina Dial,Patek Philippe,9850,https://oliverandclarke.com/products/patek-philippe-calatrava-disco-volante-ref-2594-5-champagne-patina-dial,https://cdn.shopify.com/s/files/1/0765/6138/3741/files/PATEK_GLD_DISCO_WEB_1.jpg?v=1779130299,"The Patek Philippe Calatrava. Arguably the brands most iconic model line, and purest expression of the brand. Their raison d'etre if you will. The line has been a hit since its debut in 1932. So much so, that the name ""Calatrava"" itself has become something of a byword within the watch industry for traditionally styled, no-frills dress watches that simply tell the time. Over the course of its nearly 100-years of production, there have been seemingly countless iterations within the line, with variations in the metal they are made in, with their size, dial configurations, and eventually, complications. The Calatrava that we have here, a Reference 2594, dates to circa 1962 and is also known as a UFO or Disco Volante for its 'flying saucer'-like case design. It comes in at 32mm in diameter and features a beautiful 'engine-turned' finishing on the top case, with a signed, recessed crown, and simple downward sloping lugs. It shows normal wear throughout with nice hallmarks and a light 'rosy' patina developing. Inside, the simply time-only champagne dial exhibits patina across the surface with an interesting lack of patina around the 'flinqué' engraved 'foil' indices. It is powered by Patek's long-running and proven Cal. 23-300 manual-winding movement. The word icon gets thrown around a lot in the world of watches and horology... this one is absolutely worthy of it. There are watches, and then there are watches! This is one of the latter.",Oliver & Clarke,2026-05-21,False
Rolex Lady Datejust Ref. 6917 - Satin Champagne Diamond Dial,Rolex,9500,https://oliverandclarke.com/products/rolex-lady-datejust-ref-6917-satin-champagne-diamond-dial,https://cdn.shopify.com/s/files/1/0765/6138/3741/files/ROLEX_DATEJUST_GLD_LADIES_DIA_WEB_1.jpg?v=1779130261,"Hard to believe - but the Datejust has been around since 1945. It is far older than its bigger and attention-hogging Submariner brethren. The Datejust was Rolex’s idea of the perfect everyday watch. The robustness of the Oyster case, combined with the elegance of an Oyster Perpetual. The ‘4 digit’ series of Datejust are particularly attractive for their pie-pan dials which offer a layer of three-dimensionality to the dials that went away with the advent of quickset date and 5-digit Datejusts. These early Datejusts were available as the 1601, with a fluted white gold bezel, or the 1603, with an engine-turned steel bezel. The 4-Digit Datejusts wear also the first series to become available with a myriad of dial colors and case and bracelet materials. This particular piece, a 'Lady Datejust' Ref. 6917 from circa 1984, is crafted out of solid yellow gold and remains in excellent overall condition. The case, characteristic 'fluted' bezel, and matching 'President' bracelet remain show normal, uniform wear throughout with no notable damage or flaws. The champagne dial within features a champagne surface with excellent text and factory applied diamond indices. For the ladies out there, or for those with smaller wrists, this classic is going to be tough to beat for a daily wearer or simply a one watch to do it all.",Oliver & Clarke,2026-05-21,False
Rolex Submariner Ref. 114060 - 'No Date' Unpolished Full Set,Rolex,12750,https://oliverandclarke.com/products/rolex-submariner-ref-114060-no-date-unpolished-full-set,https://cdn.shopify.com/s/files/1/0765/6138/3741/files/ROLEX_SUB_BLK_NEO_WEB_1.jpg?v=1779142005,"The Rolex Submariner is a true icon — and the word ""icon"" does get thrown around an awful lot. If you were to ask ten people at random to draw you their idea of a watch looks like, chances are they would draw or describe something that looks like a Rolex Submariner. It’s the dive watch of reference, and good/bad/indifferent there is no escaping it. Throughout its 70-year production, there have been countless small changes made to the model, with the piece we have here representing a major shift in the history of the model. The introduction of the 6-digit pieces was almost certainly the most thorough update to any previous Submariner. These would carry over the movement from the last of the 5-digit references and introduced: an updated gloss black dial with enlarged 'Maxi' indices, a larger 40mm 'Maxi' or 'Super' case with widened lugs and a more square profile, an updated solid steel Oyster bracelet with polished center links and a matching updated clasp with Rolex's outstanding Glidelock extension system, and perhaps most importantly, a black timing bezel insert made of ceramic. All of these changes amounted to a very different watch than what fans were used to and was met with some controversy and negative feedback. Of course, any negativity would have been purely subjective and it didn't take long for for some of the negativity to fade after enthusiasts began getting hands-on time and wearing these for awhile (along with ceramic-bezel GMT-Masters). The long requested bracelet updates, the improved durability, and the thoroughly modern and fresh look was eventually praised by many, which largely continues on to this day. The piece that we have here, a Ref. 114060, was the very first Submariner — not to be confused with the Submariner Date — introduced with the updates mentioned above. This example comes to us spared of any previous polishing and showing signs of a life well lived — as any Submariner should. By design, the black ceramic bezel insert remains in flawless condition, showing no wear or fade. The dial and hands also show no signs of wear or patina, with its white gold indices and handset utilizing Rolex's blue-glowing 'Chromalight' lume within. It comes fitted to its correct updated Oyster bracelet, which we simply cannot stress enough how incredibly handy and functional Rolex's Glidelock system is. This piece is accompanied by a complete set of inner and outer boxes, booklets, green vinyl cardholder, COSC hangtag, serialized hangtag, a signed polishing cloth, bezel guard, a rubber strap from Everest, and warranty card. Built to an incredible standard, fit for any occasion, and loaded with pedigree, modern Submariners are worthy of the iconic nomenclature that they bear and heritage for good reason.",Oliver & Clarke,2026-05-21,False
Breguet Classique Ref. 3360BB - Silver 'Guilloché' Dial Unpolished,Breguet,13500,https://oliverandclarke.com/products/breguet-classique-ref-3360bb-silver-guilloche-dial-unpolished,https://cdn.shopify.com/s/files/1/0765/6138/3741/files/BREGUET_CHRONO_SLVR_STRAP_WEB_1.jpg?v=1778629977,"Parisian manufacturer Breguet, named after its founder, Abraham-Louis Breguet, was founded in 1775 and is one of the most stored and historically significant manufacturers in the world of horology. With a number of firsts, including *ahem* what many consider to be the first known wristwatch, Breguet is primarily known today for its stunning silver 'guilloche' dials, innovations in complications, and outstanding build quality. The piece that we have here belongs to the 'Classique' family and dates to circa the 1990's. It features a very Breguet 33mm coin-edge case design crafted out of white gold. The case is fitted with a sapphire crystal, a 'flat' winding crown, 'officer'-style lugs, and a snapback case. As with virtually all Breguet dress watches, the dial within is generally the highlight, and this piece is no exception. Silver in color, it features a slew of different styles of guilloché finishing, with black printed 'Roman' indices, a power reserve indicator, and a running seconds register. It is powered by a manual-winding movement and comes fitted to one of our navy blue Molequin x Oliver & Clarke leather straps with a signed white gold buckle. So here is a piece that delivers on condition, timelessness, and pedigree. How can you go wrong?",Oliver & Clarke,2026-05-14,False
Audemars Piguet Royal Oak Ref. 4100BA 'Midsize' - Grey 'Tapisserie' Dial Unpolished,Audemars Piguet,41350,https://oliverandclarke.com/products/audemars-piguet-royal-oak-ref-4100ba-midsize-grey-tapisserie-dial-unpolished,https://cdn.shopify.com/s/files/1/0765/6138/3741/files/AP_ROYALOAK_GLD_2TONE_WEB_1.jpg?v=1778630376,"It’s not unfair to say that Audemars Piguet Royal Oak is one of the most iconic watches ever made. Designed in 1972 by Gerald Genta, the Royal Oak completely changed the way that we look at a steel sports watch. For the first time, stainless steel was treated as a precious metal - receiving complex finishing techniques of brushing, polishing, and beveling - all by hand. The idea that its eight hexagonal bezel screws would be finely finished and left exposed for the wearer to see was a revolutionary thought. It’s no surprise that the model became the calling card for the family owned Audemars Piguet - not to mention one of the most sought after watches in the world. While the initial 5402 was time-only, AP quickly began to capitalize on the success of the Royal Oak and begin to integrate other complications and variations into this case. Which leads us to the Royal Oak that we have here, a 'midsize' Reference 4100ST. These pieces embody the ethos of the original Ref. 5402 'Jumbo' models, just in a slightly smaller and equally svelte 35mm case. In fact, at a glance, the only thing that differentiates it from its larger sibling, is the presence of a running central seconds hand. This particular example dates to circa 1979 and comes to us in fantastic overall condition. The case, matching yellow gold integrated bracelet, and characteristic octagonal bezel remain unpolished and show normal signs of wear throughout with strong factory finishing and a rich gold tone from age. The grey micro-tapisserie dial within exhibits minimal wear to the textured surface and presents excellent, with the applied Tritium-filled indices and matching handset evenly patinated as well. The 35mm size lends itself to, we think, a more comfortable wearing experience for more people, in fact, we'd say virtually any wrist, versus the way a full size 39mm Royal Oak which can fit a little odd on some wrists due to how flat it is. These watches strike the perfect balance between the size and value proposition that a Royal Oak can offer. Whats not to like?",Oliver & Clarke,2026-05-14,False
Rolex Day-Date Ref. 1802 - Sunburst Champagne Dial Unpolished,Rolex,21450,https://oliverandclarke.com/products/rolex-day-date-ref-1802-sunburst-champagne-dial-unpolished,https://cdn.shopify.com/s/files/1/0765/6138/3741/files/ROLEX_DAYDATE_GLD_WEB_1_01083cb9-8b80-47a9-99dd-a614f5b484cc.jpg?v=1777935623,"When the Day-Date was released in 1956, Rolex had made numerous attempts to capture the market with more complicated timepieces such as the Ref. 6036, the Ref. 8171, and the Ref. 6062, but it seemed like buyers were not particularly fond of complicated Rolexes. All of that changed when President Lyndon B. Johnson was spotted wearing one Rolex in particular: a Day-Date. The model has since become known worldwide as ‘The President’ and as a symbol of success and prestige. Simply put, this one stuck. The Day-Date was available for many years on a leather strap with a matching gold buckle, but also on a solid gold bracelet like the example that we have here. The example that we have here is a very uncommon Reference 1802 dating to circa 1965. At a glance, you'd be forgiven for mistaking it as a Datejust, or even a yellow gold Oyster Perpetual. Rather than the prototypical 'fluted' gold bezel found on a vast majority of Day-Dates, this piece has a smooth bezel, which in unique to the Ref. 1802. Also relatively unusual is the solid gold Jubilee bracelet that this piece is fitted to, rather than the famous 'President' bracelet. The overall condition of this piece is fantastic. The case appears to be unpolished and shows normal signs of wear with nice, thick and symmetrical proportions. The smooth bezel has a nice crisp edge and shows matching wear. The Jubilee bracelet also shows matching wear and virtually no stretch or damage typically found on Jubilees from this era. Inside, the dial is a classic champagne unit, also offered in exceptional condition with a clean sunburst surface and fully-intact Tritium plots. This is a fantastic example of a slightly left of center Day-Date in fantastic overall condition.",Oliver & Clarke,2026-05-07,False
Rolex Submariner Ref. 5513 - 'Non-Serif' Dial 'Pumpkin',Rolex,17650,https://oliverandclarke.com/products/rolex-submariner-ref-5513-non-serif-dial-pumpkin,https://cdn.shopify.com/s/files/1/0765/6138/3741/files/ROLEX_SUB_BLK_2LINE_WEB_1_1426d086-a32a-4da3-812b-cfe4ad3e6b27.jpg?v=1777935504,"The Rolex Submariner is a true icon — and the word ""icon"" does get thrown around an awful lot. If you were to ask ten people at random to draw you their idea of what a watch looks like, there is a significant chance that they would draw or describe something that looks like a Rolex Submariner. It’s the dive watch of reference, and good/bad/indifferent there is no escaping it. Throughout its 70-year production, there have been countless small changes made to the model, particularly in the first decade or so, with the 5513 representing a true landmark in the history of the model. The Ref. 5513 mirrored the slightly earlier Ref. 5512 in virtually every way, minus the chronometer certified calibre within, and therefore only 2 lines of text on the bottom half of the dial, rather than the 4 that chronometer certified watches bear until this day. The 5513 enjoyed a long twenty-seven-year production run, and like many Rolex models, there was a large number of variations to the dials, bezel inserts, bracelets, etc., which results in a very fun and interesting collecting experience. The 5513 that we have here is known within the collecting community as a 'Non-Serif' 5513. Unlike the 'Serif'-dial variants from the same era named so for their somewhat irregular, well, serifs on the 3, 6, and 9 markers, the 'Non-Serif' simply lacks the serifs. The dial itself remains in excellent overall condition, with a clean matte surface and absolutely stunning, deeply patinated indices with a matching handset. The pip within the 'fat font' bezel also match the dial wonderfully. The case has been very lightly polished in the past and retains symmetrical proportions and shows normal signs of wear. It comes fitted to a correct, slightly later Oyster bracelet with a fliplock clasp to round out the package. For many of us, this is what vintage is all about: subtle details, honest condition that tells a story, and uniqueness in wear/patina. This one embodies all of the above!",Oliver & Clarke,2026-05-07,False
Rolex Datejust Ref. 1600 - Sunburst Silver 'Wide Boy' Dial,Rolex,6450,https://oliverandclarke.com/products/rolex-datejust-ref-1600-sunburst-silver-wide-boy-dial,https://cdn.shopify.com/s/files/1/0765/6138/3741/files/ROLEX_DATEJUST_GREY_WEB_1_9462c955-807b-4540-8880-75708b6865c8.jpg?v=1777408732,"Hard to believe - but the Datejust has been around since 1945. It is far older than its bigger and attention-hogging Submariner brethren. The Datejust was Rolex’s idea of the perfect everyday watch. The robustness of the Oyster case, combined with the elegance of an Oyster Perpetual. The ‘4 digit’ series of Datejust are particularly attractive for their pie-pan dials which offer a layer of three-dimensionality to the dials that went away with the advent of quickset date and 5-digit Datejusts. These early Datejusts were available as the 1601, with a fluted white gold bezel, or the 1603, with an engine-turned steel bezel. The 4-Digit Datejusts were also the first series to become available with a myriad of dial colors and case and bracelet materials. This particular piece, a Reference 1600 from circa 1971, comes to us with a strong case, showing signs of a lightly previous polished and normal signs of wear. The smooth steel bezel shows matching wear and retains a nice crisp edge. Inside, the sunburst silver dial features applied 'wide boy' indices found only around this era, along with gently patinated Tritium plots and a matching 'wide boy' handset. It comes fitted to a later Oyster bracelet with a signed blade clasp. The neat thing about this piece, in our opinion, is its restrained, subtle wearing experience thanks to the smooth polished steel bezel and the Oyster bracelet. While Ref. 1601 and 1603s aren't exactly 'loud,' theres something Explorer I-like about this example while still being, of course, a Datejust. All in all, a well-rounded example of what many could be your one watch!",Oliver & Clarke,2026-04-30,False
Tudor Submariner Ref. 94110 - Blue 'Snowflake' w/ 'Ghost' Bezel,Tudor,11950,https://oliverandclarke.com/products/tudor-submariner-ref-94110-blue-snowflake-w-ghost-bezel-1,https://cdn.shopify.com/s/files/1/0765/6138/3741/files/TUDOR_SUB_BLUE_SNOWFLAKE_WEB_1_59b8e67f-b843-489f-a86a-4088405b0806.jpg?v=1777407256,"The Submariner, namely those produced by Rolex, has long been considered the cream of the crop when it comes to watch collecting as a whole. Possibly the most iconic watch ever produced, the Submariner has long standing utilitarian roots that span decades, and everyone who’s anyone has been spotted wearing one. However, if you look deeper into the Submariner line, you may find a less known but just as incredible model manufactured by Tudor. These pieces are not only more unique and uncommon than the traditional Submariner, but offer a more fun, playful design — particularly with the blue-dialed variants like the example that we have here. This example, a Ref. 94110, dates to circa 1979 and is known as a 'Snowflake' for it's distinctive hands and indices. In recent years, these have developed a cult following with collectors and have become one of the more sought after and collectible vintage Tudor Submariner References. This particular example comes to us in strong overall condition, with a thick Oyster case, possibly very lightly previously polished, with visible factory chamfers and showing honest signs of wear throughout. It comes fitted to a later Oyster bracelet with a Rolex signed fliplock clasp with dive extension. The standout feature with this piece, however, is that blue dial. The matte surface is virtually flawless — seemingly devoid of any wear or damage, and retains it's vibrant blue color throughout. The characteristic square Tritium plots show a light and uniform 'eggshell' patina throughout, with the equally characteristic 'snowflake' handset matching the dial perfectly. Last but not least, the blue bezel insert has developed a heavy fade with a matching aged Tritium pip, both of which suit this piece beautifully. These days, Tudors most popular line, the Black Bay, drawn largely from pieces like the one that we have here, and for good reason. As the expression goes, you can’t know where you’re going until you know where you’re from. This is a compelling example of a vintage diver that has seen steady grown in popularity, with no signs of stopping.... ...And Rolex sure never made a steel Submariner with a blue dial!",Oliver & Clarke,2026-04-30,False
Patek Philippe Calatrava Ref. 3541J - Champagne 'Linen' Dial Unpolished,Patek Philippe,17850,https://oliverandclarke.com/products/patek-philippe-calatrava-ref-3541j-champagne-linen-dial-unpolished,https://cdn.shopify.com/s/files/1/0765/6138/3741/files/PATEK_CALATRAVA_GLD_STRAP_WEB_1_5e89ba4d-7b2a-4a81-8bd2-50ba97a2de10.jpg?v=1777408626,"The Patek Philippe Calatrava. Arguably the brands most iconic model line, and purest expression of the brand. Their raison d'etre if you will. The line has been a hit since its debut in 1932. So much so, that the name ""Calatrava"" itself has become something of a byword within the watch industry for traditionally styled, no-frills dress watches that simply tell the time. Over the course of its nearly 100-years of production, there have been seemingly countless iterations within the line, with variations in the metal they are made in, with their size, dial configurations, and eventually, complications. The Calatrava that we have here, a Reference 3541J, dates to circa 1968, and is executed in solid yellow gold with a stunning dial inside. The case is wonderfully sized at 35mm in diameter and remains in unpolished condition, with strong lugs, deep hallmarks, and recessed crown design. Inside, the champagne dial features a gorgeous 'linen' texture on the surface, as well a subsidiary seconds register at the 6 o'clock position, a framed date aperture at 3 o'clock, applied yellow gold indices, and a matching yellow gold handset. It comes fitted to a svelte, signed black leather strap with a signed yellow gold buckle. Flip it over, and you'll find that the screw-down caseback bears an always alluring engraving. There are watches, and then there are watches! This is one of the latter.",Oliver & Clarke,2026-04-30,False
Cartier Vendome Ref. 78090 - White 'Paris' Dial Unpolished,Cartier,8750,https://oliverandclarke.com/products/cartier-vendome-ref-78090-white-paris-dial-unpolished,https://cdn.shopify.com/s/files/1/0765/6138/3741/files/CARTIER_DRESS_ROMAN_STRAP_WEB_1.jpg?v=1777408658,"Cartier's catalog is full of pieces that don't bear ""Tank"" in front of the model name, and many remain overlooked or flat out unknown to the vast majority of consumers. Introduced in 1973 as a part of the Louis Cartier Collection, the Vendome is a textbook of an example of one such model. These were produced in a handful of variants over the years, in a number of different metals, sizes, and with different movements. The piece that we have here dates to circa the early-mid 1970s and is perhaps the most desirable size Vendome, with a 33mm x 29mm case and a manual-winding movement inside. It comes to us in excellent overall condition, with clear and crisp hallmarks and engravings and shows normal signs of wear throughout. The white enamel 'Paris' dial within is beautifully preserved and presents wonderfully, with crisp black printing and a yellow gold 'sword' handset. This example also comes fitted to a brown leather strap with a period-correct yellow gold deployant clasp and is powered by a manual-winding movement. If nothing from the Tank or Santos family speaks to you, this might just be a perfect alternative, and quite a bit more rare.",Oliver & Clarke,2026-04-30,False
Rolex GMT-Master Ref. 1675 - 'MK5' Dial,Rolex,18750,https://oliverandclarke.com/products/rolex-gmt-master-ref-1675-mk5-dial-2,https://cdn.shopify.com/s/files/1/0765/6138/3741/files/ROLEX_GMT_PEPSI_PUMPKIN_WEB_1_bf40a9b7-3e2f-4e5d-a480-d99e5a6aa764.jpg?v=1777408697,"The Rolex GMT-Master is one of the most historic and iconic watches the brand ever produced. Its origin dates back to a commission request by Pan American World Airways in the early 50s for their fleet of pilots who needed access to different time zones. These pieces would feature a similar design to another watch that Rolex was developing around that time, the Submariner, but would include a fourth hand running on 24-hr time, and a bi-colored bezel insert to represent AM/PM times. Those colors, naturally, would be the PanAm colors: Red & Blue. Thus, in 1953, the Ref. 6542 GMT-Master was born. These early pieces were ultimately, fragile arguably flawed in some ways, and were therefor succeeded by the updated Reference 1675 in 1959. These pieces introduced a larger case size with crown-guards and a bi-colored blue + red bezel insert made of aluminum. The Ref. 1675 underwent many small changes over its 21-year production run, with a slew of dial, bezel, bracelet, and hand variations. You know, Rolex stuff. The example that we have here is a 'MK5' variant from circa 1978 and it comes to us in excellent overall condition. The Oyster case has been gently polished in the past, retaining thick and symmetrical proportions and normal wear. The bezel remains in strong, matching condition with clear finishing and has a fantastic 'Pepsi' insert with vibrant blue half and a gently faded red half. The dial inside is also exceptional. The surface remains clean and the Tritium plots exhibit a rich and uniform patina with a matching handset. It comes fitted to an Oyster bracelet with a signed blade clasp. All things considered, this is a strong and attractive example of an always sought-after Reference.",Oliver & Clarke,2026-04-30,False
Rolex Datejust Ref. 1603 - Matte Black Dial,Rolex,6850,https://oliverandclarke.com/products/rolex-datejust-ref-1603-matte-black-dial-2,https://cdn.shopify.com/s/files/1/0765/6138/3741/files/ROLEX_DATEJUST_BLK_WEB_1_dd63ba7e-ccb8-4af4-acab-439039dffb80.jpg?v=1776968338,"Hard to believe - but the Datejust has been around since 1945. It is far older than its bigger and attention-hogging Submariner brethren. The Datejust was Rolex’s idea of the perfect everyday watch. The robustness of the Oyster case, combined with the elegance of an Oyster Perpetual. The ‘4 digit’ series of Datejust are particularly attractive for their pie-pan dials which offer a layer of three-dimensionality to the dials that went away with the advent of quickset date and 5-digit Datejusts. These early Datejusts were available as the 1601, with a fluted white gold bezel, or the 1603, with an engine-turned steel bezel. The 4-Digit Datejusts were also the first series to become available with a myriad of dial colors and case and bracelet materials. This particular piece is a Reference 1603 from circa 1977 and it comes to us in strong overall condition. The case retains symmetrical proportions at all four concerns and shows normal signs of wear throughout. The 'engined-turned' steel bezel shows matching wear and retains defined finishing. Inside, the black dial is virtually flawless, with a consistent black surface and fully-intact Tritium plots with a matching patina and matching handset. It comes fitted to a period correct 'oval'-link Jubilee bracelet with a signed blade clasp. All things considered, be it for your one vintage watch, or as an additional to a growing collection, this is a great example.",Oliver & Clarke,2026-04-23,False
Audemars Piguet Royal Oak Ref. 15188ST - National Classic Tour First Edition Unpolished,Audemars Piguet,62850,https://oliverandclarke.com/products/audemars-piguet-royal-oak-ref-15188st-national-classic-tour-first-edition-unpolished,https://cdn.shopify.com/s/files/1/0765/6138/3741/files/AP_ROYAL_OAK_LOGO_LRG_WEB_1_d2ab69f4-6f49-4aec-a069-be77e04aa7c2.jpg?v=1776361656,"It’s not unfair to say that Audemars Piguet Royal Oak is one of the most iconic watches ever made. Designed in 1972 by Gerald Genta, the Royal Oak completely changed the way that we look at a steel sports watch. For the first time, stainless steel was treated as a precious metal - receiving complex finishing techniques of brushing, polishing, and beveling - all by hand. The idea that its eight hexagonal bezel screws would be finely finished and left exposed for the wearer to see was a revolutionary thought. It’s no surprise that the model became the calling card for the family owned Audemars Piguet - not to mention one of the most sought after watches in the world. While the initial 5402 was time-only, AP quickly began to capitalize on the success of the Royal Oak and begin to integrate other complications and variations into this case. The Royal Oak that we have here is something very special and exceedingly rare. Dating to circa 2005, this 'mid size' Ref. 15188ST was produced for a vintage car rally with just 20 units in total. Nearly identical in overall construction to its much more well-known sibling, the Ref. 14790, this piece features a 36mm case with a matching integrated bracelet, a signed screw-down crown, and an automatic-winding movement within. The overall condition of this particular example is nothing short of outstanding, with strong and defined finishing present throughout, a 'stiff' bracelet, and showing only light signs of wear from gently use. Inside, it is the dial that visually separates this piece from its siblings. Silver in color, the center section of the dial feature a familiar 'tapisserie' textured surface, with a sunburst ring around the outside which bears the applied luminous indices and date aperture at 3 o'clock. Below the 'Audemars Piguet' script on the top half is a winged steering wheel logo of the race for which the piece was commissioned for, which can also be found when you flip the watch over in additional to 'The National Classic Tour' and 'Limited Edition.' This highly elusive edition of a beloved model is easily one of the rarest Royal Oaks that we have ver offered on the site, and an exemplary example at that.",Oliver & Clarke,2026-04-16,False
Patek Philippe Calatrava Ref. 5022J - White Porcelain 'Breguet' Dial w/ Box & Papers,Patek Philippe,17500,https://oliverandclarke.com/products/patek-philippe-calatrava-ref-5022j-white-porcelain-breguet-dial-w-box-papers-1,https://cdn.shopify.com/s/files/1/0765/6138/3741/files/PATEK_CERAMIC_WHT_STRAP_WEB_1_0cb2060f-aa44-4ad0-9503-7922c0f436af.jpg?v=1776361858,"The Patek Philippe Calatrava. Arguably the brands most iconic model line, and purest expression of the brand. Their raison d'etre if you will. The line has been a hit since its debut in 1932. So much so, that the name ""Calatrava"" itself has become something of a byword within the watch industry for traditionally styled, no-frills dress watches that simply tell the time. Over the course of its nearly 100-years of production, there have been seemingly countless iterations within the line, with variations in the metal they are made in, with their size, dial configurations, and eventually, complications. The Calatrava that we have here is a Reference 5022J from circa 2000. The 33mm case is crafted out of solid yellow gold and in traditional Calatrava fashion, is wonderfully executed simplicity. It is extremely svelte, with gently downward curving lugs, a signed crown at the 3 o'clock position, and a small 'step' from the bezel to the mid-case. It must be said that the dial inside is the real standout feature here. The stark white surface is made from porcelain, rather than a painted surface. The resulting look has more depth and almost a 'wet' appearance. It features high-contrast, black painted 'Breguet' indices as well as a 'railroad' minute track and subsidiary seconds register and is complimented by a matching blued-steel 'Breguet' handset. It is powered by Patek's proven Cal. 215 manual-winding movement and comes fitted to a signed brown alligator strap with its correct signed yellow gold buckle. Furthermore, this piece is accompanied by its inner and outer boxes, a leather folder with booklets, and certificate of origin dated 10/24/2000. This reference, with its if you know, you know dial, traditional proportions and appeal, and its overall condition, remains something of a slept on gem in the vast Calatrava range.",Oliver & Clarke,2026-04-16,False
Omega Speedmaster Ref. 145.022 - Matte Black Tritium Dial,Omega,5750,https://oliverandclarke.com/products/omega-speedmaster-ref-145-022-matte-black-tritium-dial,https://cdn.shopify.com/s/files/1/0765/6138/3741/files/OMEGA_SPEEDMASTER_BLK_WEB_1_34df1c81-5d63-4613-84bc-b82f53b5933c.jpg?v=1776361964,"The Omega Speedmaster is one of the most historically important, if not the most important wrist watch ever produced, full stop. Its story can be summed up with one simple acronym: NASA. Surely, this is not a watch that needs an introduction with our audience.... And as with so many other icons and popular vintage models, the Speedmaster has seen countless iterations and variants over its nearly 70-years of continuous production. This particular example is a neo-vintage Ref. 145.022 dating to circa 1991. The 41mm case with characteristic 'lyre' lugs remains in strong overall condition and presents nicely having been polished at an earlier time. The caseback has seemingly been spared any previous polished and retains strong engravings and much of the black paint within. The crown, pushers, inner dust cover, and correct black 'tachymetre' bezel insert are all correct and present. Inside, the matte black dial is beautifully preserved, with evenly patinated Tritium indices and a matching handset. It is powered by Omega's Cal. .861 manual-winding movement. It comes fitted to a modern steel 'flat-link' bracelet with a blade clasp by J.B. Champion. Vintage Omega, with Speedmasters in particular, are something of a bargain on the market today, relative to their position just five or so years ago... and despite the relative availability of many of these references, we're always happy to have one offered on the site.",Oliver & Clarke,2026-04-16,False
Tudor Submariner Date Ref. 76100 'Lollipop' - Blue Dial Unpolished W/ Box & Papers,Tudor,14350,https://oliverandclarke.com/products/tudor-submariner-date-ref-76100-lollipop-blue-dial-unpolished-w-box-papers-2,https://cdn.shopify.com/s/files/1/0765/6138/3741/files/TUDOR_SUB_BLUE_WEB_1_c3ba0627-f6e2-4049-896c-69ca3b44990d.jpg?v=1775687708,"The Submariner, namely those produced by Rolex, has long been considered the cream of the crop when it comes to watch collecting as a whole. Possibly the most iconic watch ever produced, the Submariner has long standing utilitarian roots that span decades, and everyone who’s anyone has been spotted wearing one. However, if you look deeper into the Submariner line, you may find a less known but just as incredible model manufactured by Tudor. These pieces are not only more unique and rare than the traditional Submariner, but offer much greater value. Designed as a replacement for the quintessential Tudor ‘Snowflake’ Submariners, the References 76100 and 79090 is in many collectors eyes, the last great vintage Tudor Submariner. These pieces all had matte dials with Tritium plots and matching Tritium-filled handsets, cases with lug-holes, acrylic crystals, and folded-link Oyster bracelets. In many ways, This is all stuff that we see in Rolex and Tudor models as early as the 1960s, but were produced well-into the 1990s! The example that we have here dates to circa 1987 and remains in fantastic overall condition. The case remains unpolished, with clear factory finishing visible throughout and shows normal wear from age. The bezel also remains unpolished, with strong knurling and houses a gently faded blue insert within. Inside, it features a desirable blue dial, which retains a rich deep blue color and beautifully patinated Tritium indices. The handset matches beautifully and is of the 'lollipop' variant, rather than the much more common 'Mercedes' style hour hand that was a subsequent replacement. It comes fitted to its correct steel Oyster bracelet with a Tudor-signed fliplock clasp. Additionally, this piece is accompanied by it's inner box, booklet, serialized hangtag, and punched papers dated 4/3/1990. These Tudor Subs of the mid 1980s into the mid 1990s not only present great value next to their Rolex cousins, but are very interesting in that they offer nearly all the feel of a Rolex Submariner Date dating back to the 1960s — with the charm of an acrylic crystal, a matte dial, and even a folded-link bracelet — for only a fraction of the entry cost. And Rolex sure never made a steel Submariner with a blue dial!",Oliver & Clarke,2026-04-09,False
Cartier Incurvée - White Enamel 'Paris' Dial w/ JLC Movement,Cartier,21500,https://oliverandclarke.com/products/cartier-incurvee-white-enamel-paris-dial-w-jlc-movement,https://cdn.shopify.com/s/files/1/0765/6138/3741/files/CARTIER_TANK_RECTANGLE_STRAP_WEB_1.jpg?v=1774391467,"Cartier's catalog is full of pieces that don't bear ""Tank"" in front of the model name, and many remain overlooked or flat out unknown to the vast majority of consumers. Introduced in the late 1960s, the Incurvée is a is a textbook of an example of one such model. Also known as a 'Feberge,' these were produced in a handful of variants over the years, in a number of different metals, sizes, and with different movements. The piece that we have here is a very early example dating to circa the late 1960s. It features a lovely curved case measuring 26mm x 32mm, with 'hooded' or hidden lugs, a sapphire cabochon crown. Inside the white enamel 'Paris' dial within retains its crisp white color, fantastic black printing, and is complimented by a characteristic matching blued-steel 'sword' handset. This piece is powered by a rare manual-winding movement by Jaeger-LeCoultre found only in the earliest examples of the model. If nothing from the Tank or Santos family speaks to you, this might just be a perfect alternative, and quite a bit more rare.",Oliver & Clarke,2026-03-26,False
Heuer Autavia Ref. 11630MH - 'Orange Boy' Unpolished,Heuer,6750,https://oliverandclarke.com/products/heuer-autavia-ref-11630mh-orange-boy-unpolished,https://cdn.shopify.com/s/files/1/0765/6138/3741/files/HEUER_AUTAVIA_BLK_STRAP_WEB_1_0b50e6bd-555d-4668-98c5-bb906846d838.jpg?v=1774391546,"While the Carrera gets all the attention, the Heuer Autavia is actually the ‘OG’ Heuer. A combination of ‘Automotive’ and ‘Aviation’ - the Autavia line originally started as dash mounted rally timers made for motorsport and aviation applications. It was not until the early 1960s that first Autavia wrist chronographs came around. The first generation Autvaia, the Reference 2446, utilized screw-back cases and the venerable Valjoux 72 manual-winding movements, while the second generation case with used a snap-back case or ‘Compressor’ Case - hence the model shift to 2446C. This watch, however, is a third generation ‘cushion case’ Autavia, which was the first to get Heuer’s Cal 11 automatic winding chronograph movement. When you think of an Autavia, theres a good chance that this is what comes to mind. In additional to the case design that has become synonymous with the Autavia name, this example is graced with the nickname 'Orange Boy' for its standout orange accents. Dating to the early 1970s, this example is offered in fantastic overall condition. The case remains unpolished, showing clear and defined factory finishing throughout with just light signs of wear. It retains its correct 'fluted' pushers, signed crown at the 9 o'clock position, as well as the correct bezel assembly with a black aluminum timing insert. Inside, the matte black dial features white printed text throughout with grey subsidiary registers. The register at the 3 o'clock position bears vibrant orange accents, which are complimented by an orange handset. Additionally, the applied Tritium-filled indices and handset exhibit matching patina. Powering this piece is a legendary Calibre 12 automatic-winding chronograph movement with a date at the 6 o'clock position. While not an outright rare Reference, excellent, well rounded examples like the one that we have here don't surface on the market everyday.",Oliver & Clarke,2026-03-26,False
Rolex Datejust Ref. 6075 'Ovettone' - Silver Patina Dial,Rolex,27500,https://oliverandclarke.com/products/rolex-datejust-ref-6075-ovettone-silver-patina-dial,https://cdn.shopify.com/s/files/1/0765/6138/3741/files/ROLEX_DATEJUST_GLD_ROULETTE_WEB_1_7fb5ed8e-7f03-4e12-bc52-e04b05f5a884.jpg?v=1774391617,"Hard to believe - but the Datejust has been around since 1945. It is far older than its bigger and attention-hogging Submariner brethren. The Datejust was Rolex’s idea of the perfect everyday watch. The robustness of the Oyster case, combined with the elegance of an Oyster Perpetual. The ‘4 digit’ series of Datejust are particularly attractive for their pie-pan dials which offer a layer of three-dimensionality to the dials that went away with the advent of quickset date and 5-digit Datejusts. While the 16xx series of Datejusts are plentiful, coming across the earlier references is actually uncommon, as Rolex simply was not making as many watches in the 40s and 50s as they later would. So its a special day when we are able to find not only an early Datejust, but one in the condition like the piece that we have here.... This is a Reference 6075, and despite being from the early 1950s, this piece has many of the characteristic, and yes, iconic, features that the Datejusts of today still have, but with some subtle differences that are unique to Rolexes from this era: The bezel is more finely 'fluted' (known as a 'coin-edge' bezel). The date disk features numerals printed in red, rather than all black. The indices themselves are of the 'dart' style. The hands are of the 'obelisk'-style. And last but not least, the case itself has a few minor differences, namely the caseback carrying over some of the 'bubble-back' shape of even older Rolex models. This particular example dates to circa 1950 and happens to be in fantastic overall condition. The case shows signs of having been very lightly polished at a previous time, retaining thick and symmetrical lugs with clear hallmatks and correct proportions. The correct 'coin-edge' bezel appears to have been spared previous polished and retains excellent defined finishing. This example even retains a period-correct yellow gold 'Super Oyster' crown. The dial inside is beautifully preserved. Spared of any previous refinishing, the satin surface has patinated to a 'cream'-tone and features applied 'dart' indices and a correct 'obelisk' handset to compliment them. Last but not least, this piece comes fitted to a very rare, correct 18k Jubilee bracelet with a blade clasp that remains in exceptional overall condition. We cannot overstate how special and hard to come by these are, and we are honored to be able to offer this piece on the site.",Oliver & Clarke,2026-03-26,False
A. Lange & Söhne Grande Lange 1  Ref. 115.031 - Multi-Tone Grey & Black Dial,A. Lange,32500,https://oliverandclarke.com/products/a-lange-sohne-grande-lange-1-ref-115-031-multi-tone-grey-black-dial,https://cdn.shopify.com/s/files/1/0765/6138/3741/files/A.LANGE_CHRONO_BLK_STRAP_WEB_1.jpg?v=1773794621,"A. Lange & Söhne can trace it's roots back to Glashütte, where it was founded in 1845. Over the course of the manufactures fist 100-year, it was their pocket watches that they made a name for themselves — widely used on the German railroad system. In the wake of the Second World War, just after the brands centennial anniversary, their doors were shut. It was not until 1990 when the great grandson of the founder, Walter Lange, announced that he would resurrect the name with intent to not only restore the brand in name, but move it forward in both technical innovation and unique design language as the 21st century approached. In 1994, the revived brand officially debuted not just one, or two — but four entirely new watches. There was great diversity across the four models — most of which are still in production today — but one model stood out amongst the others: the Lange 1. Over the last 30 years, the Lange 1 has without a doubt become the brands flagship model, and has been produced in a bevy of different sizes, metals, dials variants, and with numerous complications. They all, however, share the same basic formula that allowed the model to stand out back in 1994. Virtually all Lange 1 models feature a segregated dial-layout, where the time, subsidiary seconds, power reserve and date are meticulously positioned in different areas on the dial, resulting in a beautifully balanced and legible layout. It must also be said that the Lange 1 also possesses what is both a technical and visual feature that the brand has become synonymous for: the archetypal 'digital' date window. Like so many successful watch models since the very first (Cartier Santos), the Lange 1 was and still is offered in a wide range of metals, with different movement, different dials, etc. The piece that we have here is a 'Grande Lange 1' — an upsized variant of the standard Lange 1, coming in at 42mm in diameter. Dating to the 2000s, it features a solid rose gold case with those characteristic wide lugs and a 'domed' smooth bezel. There is a pusher at the 10 o'clock position for operation of the quickset 'digital' date, a signed crown at the 3 o'clock position to operate the manual-winding movement, which is prominently on display via the sapphire caseback. While the original Lange 1 from the mid-1990s lacked this feature, the absolutely gorgeous movements with hand-hinished balance cocks have become yet another staple found on nearly all Lange models. Last but not least, the multi-tone grey and black dial is graced with appleid rose gold indices, a rose gold frame around the date window, and a matching rose gold 'lance' handset. It also comes fitted with a Lange-signed black alligator leather strap mated to Lange's fantastic buckle in matching rose gold. There is truly nothing like a Lange. There is a weight and presence that is second to none, all while remaining subtle and tasteful in its appearance and, we think, a huge value play. The Lange 1 changed the game. If you haven't tried one, it might be time.",Oliver & Clarke,2026-03-19,False
Jaeger-LeCoultre Etrier Ref. 1670.42 - Gloss Black Dial 'Hermès' Retailed,Jaeger-LeCoultre,4850,https://oliverandclarke.com/products/jaeger-lecoultre-etrier-ref-1670-42-gloss-black-dial-hermes-retailed,https://cdn.shopify.com/s/files/1/0765/6138/3741/files/JAEGER_HERMES_BLK_STRAP_WEB_1.jpg?v=1773794658,"Jaeger-LeCoultre is one of the most well-rounded and storied brands in the history of watchmaking. They are not only known for models, but also, at least in the world vintage watches, equally known for their movements — a surprisingly unique accolade that is perhaps unmatched by any other brand. Be there no doubt, the most popular and well-known model from the brand is the properly iconic Reverso, but the brand offers so much more with model families like the Memovox, the Deep-Sea, and a wide range of complicated calendar watches. The collector community certainly knows it, but what is lesser-known are models like the stylish piece that we have here. Conceived amidst a long-term relationship between JLC and Hermès which dating back to 1928, the Etrier was designed to reflect Hermès ’ deep-rooted equestrian identity as the brand was gradually beginning to expand offerings beyond saddlery into person accessories. Drawing directly from the form of a horse’s stirrup, the design translated a functional riding element into a sculptural wristwatch case, embodying both utility and elegance. When Jaeger-LeCoultre later brought the concept into production, the model evolved into a refined yet unconventional timepiece that stood apart from more traditional round or rectangular watches of the era. The Etrier that we have here dates to circa the 1960s and is made from stainless steel and features a 20mm x 15mm rectangular case, which is 'suspended' between the pronounced lugs which span 35mm. The result makes for a surprisingly substantial and versatile feel on the wrist. The crown is nicely tucked away at the 6 o'clock position and is signed. Inside, the gloss black dial has applied indices, an applied logo at the 12 o'clock position, and a matching steel 'pencil' handset. Look a bit closer and you'll find that the dial features the Hermès name in addition to Jaeger-LeCoultre's text on the dial — something that not all Etrier models bear. Flip it over, and you'll find the Hermes stock number engraved on the caseback. In many ways, this piece has a ton to offer. Great overall condition, historically interesting, and uniquely styled... ...and for less than a steel Datejust, hard to beat!",Oliver & Clarke,2026-03-19,False
Rolex Lady Datejust Ref. 6917 - 'Burlwood' Dial Unpolished,Rolex,14650,https://oliverandclarke.com/products/rolex-lady-datejust-ref-6917-burlwood-dial-unpolished,https://cdn.shopify.com/s/files/1/0765/6138/3741/files/ROLEX_DATEJUST_GLD_WOOD_LADIES_WEB_1.jpg?v=1773794800,"Hard to believe - but the Datejust has been around since 1945. It is far older than its bigger and attention-hogging Submariner brethren. The Datejust was Rolex’s idea of the perfect everyday watch. The robustness of the Oyster case, combined with the elegance of an Oyster Perpetual. The ‘4 digit’ series of Datejust are particularly attractive for their pie-pan dials which offer a layer of three-dimensionality to the dials that went away with the advent of quickset date and 5-digit Datejusts. These early Datejusts were available as the 1601, with a fluted white gold bezel, or the 1603, with an engine-turned steel bezel. The 4-Digit Datejusts wear also the first series to become available with a myriad of dial colors and case and bracelet materials. This particular piece, a 'Lady Datejust' Ref. 6917 from circa 1979, is crafted out of solid yellow gold with a rare dial within. During the 1970s - 1980s, Rolex offered a few different lacquered wood dial variants available, with the example that we have here being of the walnut variant. It remains in excellent overall condition, with a smooth glossy surface and clear gold printing throughout. It has applied indices, a framed date aperture, an applied logo at the 12 o'clock position, and a matching handset. The case, bracelet and bezel are also in strong condition overall, with a nice warm gold tone throughout and showing normal wear. The combination of the brown wood dial within the yellow gold case is undeniably a very of-it's-time combination... We think it had aged beautifully and collectors seem to agree. As a result, these remain sought after and collectible — and its not everyday that we come across any, let alone a Lady Datejust variant!",Oliver & Clarke,2026-03-19,False
'Chocolate' Brown Molequin x Oliver and Clarke 'Grained' Watch Strap,Other,120,https://oliverandclarke.com/products/chocolate-brown-molequin-x-oliver-and-clarke-grained-watch-strap,https://cdn.shopify.com/s/files/1/0765/6138/3741/files/MOLEQUIN_GRAIN_CHOC_BRWN_1.jpg?v=1773794446,"Our handmade calf skin is produced in France. It’s an exceptional leather that we are able to cut very thin, giving an elegant and refined aesthetic. Despite this, the straps remain resilient and hold their form well over normal usage. The leather deals well with scratches and is also easy to care for and can be cleaned with a simple wipe using a damp cloth. This rich brown tone combined with the 'grained' texture make for an extremely versatile piece to pair with virtually any watch, in any metal.",Oliver & Clarke,2026-03-18,False
'Midnight' Black Molequin x Oliver and Clarke 'Saffiano' Watch Strap,Other,120,https://oliverandclarke.com/products/midnight-black-molequin-x-oliver-and-clarke-saffiano-watch-strap,https://cdn.shopify.com/s/files/1/0765/6138/3741/files/MOLEQUIN_MIDNT_BLK_1_a7849b2d-ea0d-49ca-a79a-5b40f1f71b0b.jpg?v=1773794428,"Our handmade calf skin is produced in France. It’s an exceptional leather that we are able to cut very thin, giving an elegant and refined aesthetic. Despite this, the straps remain resilient and hold their form well over normal usage. The leather deals well with scratches and is also easy to care for and can be cleaned with a simple wipe using a damp cloth. The deep, rich black color combined with the elegant 'saffiano' texture lends itself extremely well to an 'elevated' look for a wide range of timepieces. Black is as versatile as it is necessary for any collector to have available.",Oliver & Clarke,2026-03-18,False
Rolex Oyster Perpetual Date Ref. 1500 - Tropical 'Gilt' Dial,Rolex,8650,https://oliverandclarke.com/products/rolex-oyster-perpetual-date-ref-1500-tropical-gilt-dial-3,https://cdn.shopify.com/s/files/1/0765/6138/3741/files/ROLEX_OYSTER_BLK_WEB_1_27599e43-ccca-4e03-a320-3354013db114.jpg?v=1773272246,"If you boil Rolex down to its purest form, what do you get? The Rolex Oyster Perpetual. This is truly the genesis for the entire Rolex brand. The very first Rolex models were called ‘Oysters’ which was owed to their innovative three part case that all screwed into each-other. That is where the fluted bezel actually derives from, being screwed down into the top of the case to secure the crystal with a gasket - as well as the grooves on the oyster case back. All makes sense now - right? The piece that we have here, simply known as an Oyster Perpetual Date , is a descendant of those early watches, utilizing a water-resistant Oyster case, an automatic-winding movement, and a date complication. A functional, sturdy, and dependable timekeeping device. Dating to circa 1961, this Reference 1500 features a 35mm Oyster case with a smooth steel bezel and a period-correct 'rivet' Oyster bracelet with a blade clasp. The case, bezel and bracelet each show signs of a very light, tasteful previous polishing and normal signs of wear otherwise. The dial within this piece is the real highlight here. The once glossy black dial had changed to an absolutely stunning, rich brown color throughout. The patina looks almost intentional — uniform throughout with beautiful applied indices and a matching 'alpha' handset. The Oyster Perpetual line presents great value next to its slightly larger Datejust siblings, while simultaneously representing the essence of Rolex. You could say that this example, with its's stunning dial and excellent overall condition, is exceptional value relative to its siblings from the Professional or an equivalent Day-Date.",Oliver & Clarke,2026-03-12,False
Rolex Oyster Perpetual Ref. 6599 'Jumbo' - Sunburst Silver Dial w/ Box & Papers,Rolex,9750,https://oliverandclarke.com/products/rolex-oyster-perpetual-ref-6599-jumbo-sunburst-silver-dial-w-box-papers,https://cdn.shopify.com/s/files/1/0765/6138/3741/files/ROLEX_OYSTER_GLD_STRAP_WEB_1_a84e429e-952d-449b-af7a-4702a2cc875f.jpg?v=1772047587,"If you boil Rolex down to its purest form, what do you get? The Rolex Oyster Perpetual. This is truly the genesis for the entire Rolex brand. The very first Rolex models were called ‘Oysters’ which was owed to their innovative three part case that all screwed into each-other. This watch represents an evolution of that, when these were still semi-bubble back watches. The piece that we have here, simply know as an Oyster Perpetual, is a descendant of those early watches, though is probably not what first comes to mind when your hear Oyster Perpetual... Dating to circa 1957, this Ref. 6599 is a 'jumbo' model, with a full-size 36mm case similar to a Datejust, rather than the more common 34mm diameter. Constructed out of solid yellow gold, it is offered in fantastic overall condition, with a seemingly unpolished case and 'fluted' yellow gold bezel. Inside, the sunburst silver dial exhibits some patina from age and features a nice symmetrical dial layout, with larger applied indices at the 3, 6, and 9 o'clock positions and elegant small text and is complimented by a matching 'dauphine' handset. Furthermore, this piece is accompanied buy a box, chronometer papers, a COSC hangtag, and guarantee papers dating to 1959. It also bears an always alluring caseback engraving. Despite being ‘entry-level’ these vintage OPs offer a ton of character and remain an overlooked part of the important history of Rolex on their journey to the powerhouse brand that they are today. And while we feel the 34mm variants are chronically slept on and present great value next to its more well-known siblings, these 36mm models are almost completely unknown!",Oliver & Clarke,2026-02-26,False
Rolex Oyster Ref. 6022 - Silver 'A.&J. Smith Aberdeen' Dial,Rolex,5650,https://oliverandclarke.com/products/rolex-oyster-ref-6022-silver-a-j-smith-aberdeen-dial,https://cdn.shopify.com/s/files/1/0765/6138/3741/files/ROLEX_OYSTER_ABERDEEN_STRAP_WEB_1.jpg?v=1771469386,"If you boil Rolex down to its purest form, what do you get? The Rolex Oyster Perpetual. This is truly the genesis for the entire Rolex brand. The very first Rolex models were called ‘Oysters’ which was owed to their innovative three part case that all screwed into each-other. That is where the fluted bezel actually derives from, being screwed down into the top of the case to secure the crystal with a gasket - as well as the grooves on the oyster case back. All makes sense now - right? The piece that we have here, called an Oyster , is a descendant of those early watches, utilizing a water-resistant Oyster case, an manual-winding movement, and nothing else. No frills — purely a functional timekeeping device. The Reference 6022 that we have here, dates to circa 1952 and is nothing short of a beautiful timepiece. The stainless steel Oyster case comes in at 34mm in diameter and comes to us in excellent overall condition, with thick and symmetrical proportions and showing normal signs of wear from age and use. The silver dial within has developed a gentle patina across the surface and shows light wear consistent with age. It features applied yellow gold-tone 'Arabic' indices, which are complimented by a matching yellow gold-tone 'feuille' handset. As if all of these beautiful period details weren't enough, this piece also bears an additional signature on the top half that reads ""A.&J. Smith Aberdeen"" — a London-based retailer of watches & clocks. Despite being ‘entry-level’ these offer a ton of character and remain an overlooked part of the important history of Rolex on their journey to the powerhouse brand that they are today. This is nothing short of a delightful vintage piece that can be worn every single day, on any occasion, and on virtually any wrist. And don't let the case size fool you, these 34mm Rolex models are chronically slept on and present great value next to its more well-known siblings, while truly embodying the essence of Rolex.",Oliver & Clarke,2026-02-19,False
Breitling Pilot's Chronorgaph Ref. 817 - Italian Army Issued Unpolished,Breitling,12350,https://oliverandclarke.com/products/breitling-pilots-chronorgaph-ref-817-italian-army-issued-unpolished,https://cdn.shopify.com/s/files/1/0765/6138/3741/files/BREITLING_CHRONO_817_WEB_1.jpg?v=1771469425,"Breitling has a long and rich history in chronographs — with an emphasis on aviation chronographs. And like so many other brands who have a watch model, or family that has become synonymous with the brand name itself, the Navitimer is just that for Breitling. As a result, the Navitimer casts a substantial shadow over all of its siblings.... even over firmly planted models like the SuperOcean and Top Time ranges. The example that we have here is chronograph Ref. 817 issued to Italian Army Helicopter Pilots in the mid-1970s. This particular example dates to circa 1975 and is offered in fantastic overall condition. The 'CP-1' case comes in at 39.5mm in diameter, vs the notable later 'CP-2' watches which measure in at 42mm in diameter. It utilized 'pump' pushers, an oversized crown, a screw-down caseback, and a solid-piece black aluminum rotating timing bezel. The case remains unpolished, with thick, symmetrical, and sharp lugs at each corner and shows what could be considered only light wear given the action that this piece was intended for. The bezel in particular is wonderfully preserved. Inside, the black dial exhibits light wear on the surface and retains evenly patinated Tritium indices. The incredibly legible white-painted 'sword' handset has aged more creamy than the dial, which is typical for this model, and presents beautifully. Powering this piece is a robust workhorse manual-winding movement by Valjoux. Last but not least, this piece comes fitted to the original elasticized steel bracelet that it was issued on — a true rarity! Produced for only a few years, it is estimated that less than 1000 unites were ever delivered and many destroyed after service. So, when one surfaces in exceptional condition like this example, it is noteworthy both to dealers and collectors alike.",Oliver & Clarke,2026-02-19,False
Rolex Datejust Ref. 6605 - Satin Champagne Dial,Rolex,10850,https://oliverandclarke.com/products/rolex-datejust-ref-6605-satin-champagne-dial,https://cdn.shopify.com/s/files/1/0765/6138/3741/files/ROLEX_DATEJUST_GLD_STRAP_WEB_1_320c9f8f-cb6b-4046-9964-21563f7df13e.jpg?v=1770769691,"Hard to believe - but the Datejust has been around since 1945. It is far older than its bigger and attention-hogging Submariner brethren. The Datejust was Rolex’s idea of the perfect everyday watch. The robustness of the Oyster case, combined with the elegance of an Oyster Perpetual. The ‘4 digit’ series of Datejust are particularly attractive for their pie-pan dials which offer a layer of three-dimensionality to the dials that went away with the advent of quickset date and 5-digit Datejusts. While the 16xx series of Datejusts are plentiful, coming across the earlier references is actually uncommon, as Rolex simply was not making as many watches in the 40s and 50s as they later would. So its a special day when we are able to find not only an early Datejust, but one in the condition like the piece that we have here.... This is a Reference 5506 dating to circa 1956 and it is offered in fantastic overall condition. The solid yellow gold Oyster case remains thick and symmetrical, probably only very lightly polished an at earlier time, and shows normal signs of wear with a correct 'finely fluted' yellow gold bezel to match. Inside, the champagne dial features a satin surface with gorgeous applied 'arrowhead' indices and a matching 'alpha' handset to compliment them. Even the crown on this example is correct for the period, with both the Brevet 'cross' and Rolex Coronet logos. But theres more! T his example is accompanied by a wildly-rare period yellow gold buckle with the large coronet logo, which is mated to one of our leather straps. We cannot overstate how special and hard to come by these are, and we are thrilled to be able to offer this piece on the site.",Oliver & Clarke,2026-02-12,False
Movado Novoplan Ref. 12205 - Grey 'Fab Suisse' Dial,Movado,2950,https://oliverandclarke.com/products/movado-novoplan-ref-12205-grey-fab-suisse-dial,https://cdn.shopify.com/s/files/1/0765/6138/3741/files/MOVADO_TANK_STRAP_WEB_1.jpg?v=1770769832,"While it may be hard to imagine based upon their product line today, Movado Laboratories (yes, that was the full name) once made watches that were beautifully designed, well made, and respected — up there with the very best manufacturers. Some of their more sought-after models include the M90 and M95 chronographs of the 1940s - 1970s, the Sub-Sea range, and both time-only and complicated pieces that utilized case designs shared with brands like Patek Philippe, Mido, and DOXA. Those are all great models. We love them, and even collect them, but it allows for lesser-known pieces to slide through the cracks for most collectors... Take the watch that we have here for example: a Novoplan Ref. 12205 dating to circa the 1930s. It features a rectangular 18mm x 38mm stainless steel case with a curved back and lovely 'stepping' on the upper and lower case. The grey dial within presents nicely, with a largely clean surface showing just a light patina throughout and clear black printing. The dial is complimented by a vibrant blued-steel 'arrow' handset, which are mated to Movado's own Calibre C440 manual-winding movement beneath. Simple, timeless elegance. Not many brands can do it better...",Oliver & Clarke,2026-02-12,False
Rolex 'Pre-Explorer Ref. 6150 - Gilt 'Precision' Dial,Rolex,45850,https://oliverandclarke.com/products/rolex-pre-explorer-ref-6150-gilt-precision-dial,https://cdn.shopify.com/s/files/1/0765/6138/3741/files/ROLEX_OYSTER_BLK_STRAP_WEB_1_3a311a4d-919f-4c40-82a1-659504eb9606.jpg?v=1770318288,"May 29, 1953 After an arduous journey starting on March 10th of 1953, and an extremely difficult assault on the summit, Tenzing Norgay and Sir Edmund Hillary became the first people to successfully summit Mt. Everest. On their wrist? NOT a Rolex Explorer. Whoops. Well, to be fair the Rolex Explorer wasn’t created yet. So why the hullabaloo about Sir Edmund Hillary? Well - he was wearing a Rolex. A Rolex Oyster Perpetual. After hearing of the success of this expedition and ruggedness of the watch - the decision was made to replace the Oyster Perpetual with a new model named in Hillary’s honor - The Explorer. Or so the story goes. Either way, the Rolex Explorer I was introduced in 1953 but like many Rolex models, the first series was not considered ‘the best’ reference. For many collectors - the ultimate Explorer I is the reference 1016. It’s clean, highly legible and still tough enough for use in modern day wear. While using the same case as a Datejust, the smooth bezel and applied luminous Arabic 3,6,9 lend a more rugged and utilitarian aesthetic to the watch. Early models, like this, were made with gilt dials. Gilt dials are when the lettering and fonts are punched out of the dial so that the brass ‘gilt’ color shows through creating a golden text appearance. These are not very easy to produce and were ultimately discontinued by Rolex in the later half of the 1960s as they couldn’t be produced in the same quantity as a matte dial - but nothing shines and glows like a Rolex gilt dial. The example that we have here is a Reference 6150 known as a 'Pre-Explorer.' Dating to circa 1953, it hails from the first year that the Explorer was introduced and remains in strong condition overall. The case remains thick and symmetrical and shows normal wear throughout, with a crisp smooth steel bezel, and a correct Brevet 'cross' crown. Inside, the black dial retains excellent gilt text and printing and shows a light and largely uniform patina across the surface. The Radium indices have evenly patinated to a rich, almost 'pumpkin' tone and the correct 'syringe' handset matches beautifully. All in all, a stunning, well-rounded, and extremely rare example of what many consider to be a perfect watch!",Oliver & Clarke,2026-02-05,False
Omega '30T2' Ref. 2383-6 - Multi-Tone 'Sector Dial Unpolished,Omega,4950,https://oliverandclarke.com/products/omega-30t2-ref-2383-6-multi-tone-sector-dial-unpolished,https://cdn.shopify.com/s/files/1/0765/6138/3741/files/OMEGA_CHRONO_STRAP_WEB_1_de041bd5-e83a-439b-9cc1-83071f537825.jpg?v=1770318332,"Omega is undeniably one of the most historically important timepiece manufactures of all time. In fact, the Speedmaster is probably the most important wrist watch of all time. As a result, the Speedmaster casts a massive shadow over all of its siblings.... even over firmly planted models like the Seamaster and Constellation ranges. The resulting effect is double sided: many vintage Omegas, we feel are incredibly undervalued in the market as it exists today, with the other side of that being that hidden gems are shocking attainable. Take the piece that we haver here, a stainless steel Calatrava-style time-only watch dating to circa 1944. This Ref. 2383-6 has a ton going for it. The 34.5mm case remains unpolished, with crisp lug holes and symmetrical proportions. It also features a large crown at 3 o'clock, a screw-down caseback, and Omega's own Cal. 30T2 manual-winding movement inside. The dial however, is the highlight of this particular example. The silver portion of the 'sector' design has developed a gorgeous and even 'antique' patina from age, with deeply patinated 'Arabic' indices, a 'concentric' subsidiary register at the 6 o'clock position, and a matching 'syringe' handset. This piece, with its sizing, condition, and completely unique dial really embodies everything that makes vintage great. What more can you ask for?",Oliver & Clarke,2026-02-05,False
Longines Legend Diver Ref. 7150-2 - Super Compressor 'Tropical' Dial Unpolished w/ Extract,Longines,13250,https://oliverandclarke.com/products/longines-legend-diver-ref-7150-2-super-compressor-tropical-dial-unpolished-w-extract,https://cdn.shopify.com/s/files/1/0765/6138/3741/files/LONGINES_ALARM_YLW_STRAP_WEB_1.jpg?v=1769626694,"Longines is one of the most well respected manufacturers of the 20th century, full stop. Founded in 1832 in Saint-Imier, Switzerland, the company built a name for themselves early on as a manufacturer of quality in-house movements right from the start. Throughout the late 19th and early 20th centuries, Longines also built a reputation for precision timekeeping, earning accolades at international exhibitions and becoming a trusted name in sports timing, particularly in horse racing and aviation — an association with continues until today. By the mid-20th century, especially from the 1930s to the 1960s, Longines was at the peak of its technical and aesthetic prowess, producing a range of high-grade wristwatches admired today by collectors and vintage enthusiasts. The brand was known for its beautifully finished in-house movements, such as the 13ZN and 30CH chronographs, which are considered some of the finest column-wheel chronographs ever produced. The piece that we have here, a Legend Diver Ref. 7150-2, was one of Longines' first cracks at a dive watch. Utilizing a 'Super Compressor' case design supplied by EPSA, the Legend Diver comes in at 41mm in diameter and rather than an externally-affixed timing bezel, features an internal rotating ring framing the dial. It is operated by a crown at the 2 o'clock position, whereas the crown at 4 o'clock is used to set the time. Powering this piece is Longines Cal. 290 automatic-winding movement. It must be said that the highlight of of particular example, is the absolutely striking caramel 'tropical' dial inside. The indices have also aged to something of a gold-tone, with darkened luminous plots throughout and a correct, matching 'shovel' handset. Accompanying this piece is an extract from Longines archives, confirming the original date of sale in 1964 in Venezuela. This then is, for many, checks a heck of a lot of boxes as it pertains to vintage collecting. A storied brand, excellent condition, and a unique patina to boot.",Oliver & Clarke,2026-01-29,False
Zenith Chronomaster Ref. CP-2 'Italian Air Force' - Black 'A. Cairelli' Dial w/ Extras,Zenith,15450,https://oliverandclarke.com/products/zenith-chronomaster-ref-cp-2-italian-air-force-black-a-cairelli-dial-w-extras,https://cdn.shopify.com/s/files/1/0765/6138/3741/files/A.CAIRELLI_ZENITH_CHRONO_BLK_WEB_1.jpg?v=1769036306,"Zenith has a long and rich history in watchmaking dating back to 1865, with the second half of the twentieth century regarded as their golden age. We're not ones to disagree, and how could we when they are credited with development and production of one of the first automatic-winding chronograph movements ever. That of course, is the El-Primeo high-frequency movement, which without a doubt all on its own changed the company. What we have here, is a chronograph produced with the Italian Military in mind (both Navy and Air Force) for navigation. Known as a Ref. CP-2, it dates to circa 1972 and features a 43mm case with a 22mm lug width — large by even the standards of today — with a rotating timing bezel, 'pump' pushers, and a signed winding crown. The dial inside is highly-legible, with two large subsidiary registers with 'concentric' finishing, 'Arabic' Tritium indices, and high-contrast white printing throughout. Simple, easy to read. On the lower half of the dial, an additional signature of the Rome-based distributor of these pieces, ""A. Cairelli"" is prominently featured. Powering this piece is Zenith's own Cal. 146DP manual-winding movement, tucked away behind a protective dust shield and snapback caseback. F lip it over and the military caseback engravings are clear and present. This piece is offered in exceptional overall condition, even retaining the steel -stretch' bracelet that these were issued on. The case remains unpolished with strong factory finishing visible throughout, it's original bezel assembly, and a beautifully-preserved dial and handset within. This piece was issued in 1973 to then-Lieutenant Gabriele Ingrosso of the Italian Aeronautica Militaire. Assigned from the Ghedi airbase, Ingrosso's distinguished career spanned aircraft from the Fiat G.91 and Lockheed F-104 Starfighter, to the Panavia Tornado, culminating in his historic 1982 flight delivering the first Tornado to the Italian Air Force. The watch accompanied him on most of his missions, totaling approximately 2,700 flight hours, over 1,500 of which were flown in the F-104. Accompanying this piece is a marble commemorative plaque and storage case, as well as a book that was given to Ingrosso on the 25th anniversary of his inaugural Tornado flight, where he is photographed and mentioned on multiple occasions. This then, is the kind of piece that really excites us. Manually-wound, rare, historically significant, and in excellent overall condition... ... and we're confident we're not the only ones who feel this way.",Oliver & Clarke,2026-01-22,False
Tudor Submariner Ref. 7928 - Gilt Dial Unpolished,Tudor,17350,https://oliverandclarke.com/products/tudor-submariner-ref-7928-gilt-dial-unpolished,https://cdn.shopify.com/s/files/1/0765/6138/3741/files/TUDOR_SUB_BLK_WEB_1_452b4422-f16c-4f22-bfb6-ef9695f95419.jpg?v=1769036203,"The Submariner, namely those produced by Rolex, has long been considered the cream of the crop when it comes to watch collecting as a whole. Possibly the most iconic watch ever produced, the Submariner has long standing utilitarian roots that span decades, and everyone who’s anyone has been spotted wearing one. However, if you look deeper into the Submariner line, you may find a less known but just as incredible model manufactured by Tudor. The Ref. 7928 that we have here dates to circa 1965 and is offered in strong overall condition. The case remains unpolished, touting thick lugs with prominent factory chamfers and crisp edges. The bezel assembly, also unpolished, houses a clean black 'fat font' insert with a patinated pip. Inside, the glossy black dial exhibits surface patina from age, while retaining nice 'gilt' text and a beautiful chapter ring on the outer edge. The luminous plots remain largely intact with a nice 'puffy' texture and an attractive, even patina. They are complimented by a professionally color-matched handset. It comes fitted to a period-correct C+I 'rivet' Oyster bracelet with a blade clasp. For many of us, this is what vintage is all about: subtle details, honest condition that tells a story, and uniqueness in wear/patina. This one embodies all of the above!",Oliver & Clarke,2026-01-22,False
Rolex Submariner Ref. 5508 - 'Small Crown' w/ Faded Bezel,Rolex,38500,https://oliverandclarke.com/products/rolex-submariner-ref-5508-small-crown-w-faded-bezel,https://cdn.shopify.com/s/files/1/0765/6138/3741/files/ROLEX_SUB_BLK_MTRS_FIRST_WEB_1.jpg?v=1769036158,"The Rolex Submariner is a true icon — and the word ""icon"" does get thrown around an awful lot. If you were to ask ten people at random to draw you their idea of what a watch looks like, there is a significant chance that they would draw or describe something that looks like a Rolex Submariner. It’s the dive watch of reference, and good/bad/indifferent there is no escaping it. Throughout its 70-year production, there have been countless small changes made to the model, particularly in the first decade or so. The Reference 5508 is one of those short-lived iterations, produced for roughly 4 years in 1958-1962, and like virtually all Rolex Professional references from the early days, is coveted by collectors for its own reasons. First, the 'Small Crown' as it's know, features a more svelte 37mm Oyster case than that of its 'Big Crown' siblings, and of course, all subsequent Submariners. This allows for a fantastic wearing experience that was lost after this reference went out of production. The Ref. 5508 would also be the last Submariner without crown guards. In fact, this particular example was likely sold next to very early Ref. 5512 and 5513s, which of course do feature a completely different case design. Dating to circa 1958, this example comes to us in strong overall condition. The case has been very lightly previously polished and shows normal wear from age throughout. The factory proportions have been respected retaining symmetrical lugs at all four corners with those gorgeous chamfers still present. The bezel assembly is nicely preserved, with strong finishing and matching wear. The 'fat font' insert within exhibits an attractive fade and shows light wear with a matching luminous pip. This piece comes fitted with its correct 'rivet' Oyster bracelet with a 'big logo' clasp — a very rare and special bracelet in the world of vintage Rolex. It shows very light signs of previous polishing and normal wear, matching the case nicely. Inside, the glossy black 'gilt' dial is in great condition given its age. The deep black color is largely preserved, with light and uniform signs of aging throughout and evenly patinated luminous plots and a nicely matching handset. It is fair to say that strong examples of watches from this era do not surface as often as they used to. This is a great chance to grab one of the most versatile-wearing Submariners of all time.",Oliver & Clarke,2026-01-22,False
Rolex Submariner Ref. 5513 - 'MK1 Maxi' Dial,Rolex,17500,https://oliverandclarke.com/products/rolex-submariner-ref-5513-mk1-maxi-dial-1,https://cdn.shopify.com/s/files/1/0765/6138/3741/files/ROLEX_SUB_BLK_2LN_WEB_1_cf4ed292-9d70-4356-93c1-4bded3ed0646.jpg?v=1767899257,"The Rolex Submariner is a true icon — and the word ""icon"" does get thrown around an awful lot. If you were to ask ten people at random to draw you their idea of what a watch looks like, there is a significant chance that they would draw or describe something that looks like a Rolex Submariner. It’s the dive watch of reference, and good/bad/indifferent there is no escaping it. Throughout its 70-year production, there have been countless small changes made to the model, particularly in the first decade or so, with the 5513 representing a true landmark in the history of the model. The Ref. 5513 mirrored the slightly earlier Ref. 5512 in virtually every way, minus the chronometer certified calibre within, and therefore only 2 lines of text on the bottom half of the dial, rather than the 4 that chronometer certified watches bear until this day. The 5513 enjoyed a long twenty-seven-year production run, and like many Rolex models, there was a large number of variations to the dials, bezel inserts, bracelets, etc., which results in a very fun and interesting collecting experience. The piece that we have here dates to circa 1978 and features what is known within the collecting community as a 'MK1 Maxi' dial. The case shows normal signs of wear throughout, having been lightly polished in the past and retains thick and symmetrical lugs. The correct solid-link Oyster bracelet is seemingly unpolished and shows matching wear. Inside, that 'Maxi' dial with it's oversized plots is beautifully preserved and seemingly devoid of any wear. The Tritium plots exhibit an attractive, almost gradient patina throughout, and the handset matches beautifully. The black aluminum bezel insert is also in excellent condition and has developed a 'matte' appearance over the years, and the Tritium pip within matches the dial and hands nicely. For many of us, this is what vintage is all about: subtle details, honest condition that tells a story, and uniqueness in wear/patina. This one embodies all of the above!",Oliver & Clarke,2026-01-08,False
Patek Philippe Yellow Gold Rectangular Dress Watch Ref. 2488 - 'Gübelin' Dial,Patek Philippe,10350,https://oliverandclarke.com/products/patek-philippe-yellow-gold-rectangular-dress-watch-ref-2488-gubelin-dial,https://cdn.shopify.com/s/files/1/0765/6138/3741/files/PATEK_GUBELIN_GLD_SQR_STRAP_WEB_1.jpg?v=1764724834,"As far as brand identity goes, Patek Philippe, unlike many brands, is seemingly free of being associated with any one model in particular, and instead enjoys a reputation for quality, craftsmanship, and a long-standing pedigree as a top Swiss manufacturer. Of course, there are models and model families that are nothing short of icons (e.g., Nautilus, Calatrava, Grand Complications, etc.) but if you dig deep enough there are hidden gems that do not even fall into any of these families. Take the rectangular dress watch that we have here for example. Dating to circa the early 1950s, this piece is reminiscent of what would later become the 'Gondolo,' but predates the model family. The solid yellow gold case is beautifully-sized, coming in at 28mm x 35mm and shows normal signs of wear throughout with clear hallmarks. Inside, the silver dial features applied indices, a matching 'pencil' handset, and a subsidiary seconds register at the 6 o'clock position. It is powered by one of Patek's manual-winding movements. Last but not least, this piece is further elevated by an additional retailer signature on the lower half of the dial that reads ""Gübelin."" How about that! Lesser-known the model lines like the Calatrava, complicated chronographs, and the Ellipse, Patek's from the earlier part of the twentieth century often predate reference numbers all together and offer surprisingly good value relative to their more established successors. This piece is one of the finest we have had the pleasure of offering on the website, full stop. ...And this piece, with its documentation and extra spice on the dial, makes for something genuinely rare.",Oliver & Clarke,2025-12-04,False
Tudor Submariner Ref. 9411/0 - Blue 'Snowflake' Patina Dial,Tudor,11500,https://oliverandclarke.com/products/tudor-submariner-ref-9411-0-blue-snowflake-patina-dial,https://cdn.shopify.com/s/files/1/0765/6138/3741/files/TUDOR_SUB_BLUE_SNOWFLAKE_STRAP_WEB_1.jpg?v=1763584019,"The Submariner, namely those produced by Rolex, has long been considered the cream of the crop when it comes to watch collecting as a whole. Possibly the most iconic watch ever produced, the Submariner has long standing utilitarian roots that span decades, and everyone who’s anyone has been spotted wearing one. However, if you look deeper into the Submariner line, you may find a less known but just as incredible model manufactured by Tudor. These pieces are not only more unique and uncommon than the traditional Submariner, but offer a more fun, playful design — particularly with the blue-dialed variants with a pop of red in the 'Roulette' date wheel like the example that we have here. This example, a Ref. 9411/0, dates to circa 1973 and is known as a 'Snowflake' for it's distinctive hands and indices. In recent years, these have developed a cult following with collectors and have become one of the more sought after and collectible vintage Tudor Submariner References. This particular example comes to us in strong overall condition, with a likely unpolished Oyster case, a crisp bezel with an attractive faded insert, and a blue 'Snowflake' dial within. For a short time, a batch of early blue 'Snowflakes' around this era developed a wild, 'textured' surface, resulting in an almost 'lunar'-like appearance. This one retains a deep blue color, with its characteristic square Tritium plots showing a 'gradient' patina throughout with some variance in the color, with the equally characteristic 'snowflake' handset having aged lighter than the dial, and contrasts nicely. These days, Tudors most popular line, the Black Bay, drawn largely from pieces like the one that we have here, and for good reason. As the expression goes, you can’t know where you’re going until you know where you’re from. This is a compelling example of a vintage diver that has seen steady grown in popularity, with no signs of stopping.... ...And Rolex sure never made a steel Submariner with a blue dial!",Oliver & Clarke,2025-11-20,False
Cartier Tank Louis - 'New York',Cartier,23950,https://oliverandclarke.com/products/cartier-tank-louis-new-york,https://cdn.shopify.com/s/files/1/0765/6138/3741/files/CARTIER_TANK_PARIS_WEB_1.jpg?v=1762395400,"The Cartier Tank was one of the first wristwatches. Full stop! Inspired by the Renault Tanks used on the battlefield in WWI — yes, true story. Revolutionary at the time, Louis Cartier took inspiration from the profile of the treads on a period Renault tank, and based the case on them by way of the of brancards doubling as the lugs themselves. Over the course of the 20 th Century, the Tank became the watch to wear. Silent movie stars like Rudolph Valentino, artists like Andy Warhol, and even Jackie Kennedy were all fans of the signature timepiece from the King of Jewelers and the Jeweler of Kings. An icon indeed in the truest sense of the word. The model was first introduced in a few different case shapes which bore different names that intertwine with the inspiration behind them. Perhaps the most significant, well-known, and debatably desirable of these first pieces, the Tank Louis Cartier, was introduced in 1922 and was named after Louis Cartier himself. When people think of a Cartier Tank, theres a good change that this is the model that comes to mind. The example that we have here is one of those pieces. Dating to the late 1960s, it features the classic 23mm x 31mm rectangular case, with clear and defined hallmarks and engravings and correct factory proportions. It shows normal signs of wear throughout and is devoid of any major damage. Inside, the white enamel 'France' signed dial presents nicely, with excellent black printing and a very gentle patina. The blued-steel 'sword' handset compliments the sapphire cabochon crown at the 3 o'clock position. Last but not least, this example comes fitted to a brown leather strap which is joined by its period-correct Cartier signed yellow gold deployant clasp. The best part about this particular tank comes in the form of where it was originally sold. For the US market, Cartier proudly displayed ""France"" on the dial, as well as ""Made In France"" on the back of the case. This is probably what you think of when you hear ""Cartier Tank"" and thats for good reason. This one has a rare hidden twist for one lucky owner and is worthy of the iconic nomenclature that it bears.",Oliver & Clarke,2025-11-06,False
Rolex Sea-Dweller Ref. 1665 - 'Great White',Rolex,18500,https://oliverandclarke.com/products/rolex-sea-dweller-ref-1665-great-white,https://cdn.shopify.com/s/files/1/0765/6138/3741/files/ROLEX_SEADWELL_BLK_WEB_1.jpg?v=1760575216,"The first Sea-Dweller, the Reference 1665, debuted in circa 1967 and was designed with saturation divers in mind. The key differentiator between a Sea-Dweller and its little sibling, the Submariner, is that the SD always has a helium escape valve (or 'HEV') on the left case profile and a higher domed crystal with no cyclops magnifier. The earliest prototypes were actually Submariners with the added HEV on the left case profile, but it was the 1665 that first bore the Sea-Dweller name on the dial. The piece that we have here dates to circa 1978 and remains in excellent overall condition. The case has been very lightly polished at a previous time, with preserved factory proportions and showing normal signs of wear throughout. The bezel assembly is seemingly unpolished, with crisp finishing and a correct 'fat font' inset that has begun to change to a deep navy blue color. Inside, the matte black dial is beautifully preserved, with a clean surface, excellent text, and gently patinated Tritium plots throughout and a beautifully matching handset. It comes fitted to its correct Oyster bracelet with a signed fliplock clasp. Sea-Dwellers are amongst first 'enhanced' dive watches made for saturation diving with a number of technical firsts, were produced in far smaller numbers than its Submariner and Submariner Date siblings, and feature a very similar wearing experience, yet, we think, remain bargains. This example surely has multiple lifetimes left of wrist time, and is ready for its next owner.",Oliver & Clarke,2025-10-16,False
Jaeger-LeCoultre Polaris Memovox Ref. E859 - Single Family Owned,Jaeger-LeCoultre,16750,https://oliverandclarke.com/products/jaeger-lecoultre-polaris-memovox-ref-e859-single-family-owned,https://cdn.shopify.com/s/files/1/0765/6138/3741/files/LECOUTRE_MEMOVOX_DIVER_BLK_STRAP_WEB_1.jpg?v=1760575257,"The Jaeger LeCoultre Polaris is the most complicated way to solve a problem - and that is why we love it! What is that problem? How do I know when I am going to run out of oxygen underwater! Decades before the Polaris, Jaeger LeCoultre has been producing its highly novel and unique alarm watch known as ‘The Memovox’. That model utilized and automatic winding in—house movement with a mechanical alarm function. At some point, this complication and design was thought to be married to a highly technical and robust diving watch that would be for the most serious of professionals. That watch, was the Polaris and its brother the Deep Sea Alarm. Both of those watches are icons today, but The Polaris is the most interesting of the two as it married the Alarm Memovox, with the Technical SuperCompressor case and internal rotating dive bezel to create a truly innovating and unique watch sporting three crowns. The top crown controlled your inner bezel, the middle time, and the bottom the alarm. All housed under a massive plexi dome crystal. The idea being that you could use the alarm to physically (as the watch does vibrate) and visibly (as it would emit bubbles underwater) alert you when you would be running out of air on a dive. Think about the technical prowess to build a waterproof dive watch with multiple inner rotating discs, operated by THREE crowns, and has a resonator case back… FULL OF HOLES! It's large size (by the standards of the time) lends for a perfect modern wearing experience and has become an icon of the JLC historical canon. The example that we have here comes to us from the family of the original owner, whom was in fact, a diver! The case, crystal, and dial shows signs of real use and wear, while remaining well preserved given the life it has lived. The case is very likely unpolished and shows honest wear, as does the crystal which is likely original to the watch. Even all three of the original and correct 'hashed' crowns remain. Inside, the dial is nicely preserved, with evenly patinated Tritium elements and some light surface patina. And then of course, there is the wildly cool and incredibly useful alarm function. The center section of the dial actually rotates counter-clockwise via the crown at the 2 o'clock position, and features an indicator in the form of Tritium triangle. Being a diver, it of course also features a rotating timing ring, but unlike a vast majority of dive watches with an externally-affixed rotating bezel, the Polaris utilizes a rotating inner ring in place of the chapter ring and is operated by the crown at 4 o'clock. These pieces are as beautiful as they are functional. A brilliant example of mid-century design through and through. And, the ultimate cooking watch.",Oliver & Clarke,2025-10-16,False
Tudor Submariner Ref. 94010 'Lollipop' - 'RCN' Military Issued w/ Extensive Documentation,Tudor,23500,https://oliverandclarke.com/products/tudor-submariner-ref-76100-lollipop-rcn-military-issued-w-extensive-documentation,https://cdn.shopify.com/s/files/1/0765/6138/3741/files/TUDOR_SUB_BLK_WEB_1_61f8827c-c432-450b-ae27-31e01f76bd0a.jpg?v=1759362382,"The Submariner, namely those produced by Rolex, has long been considered the cream of the crop when it comes to watch collecting as a whole. Possibly the most iconic watch ever produced, the Submariner has long standing utilitarian roots that span decades, and everyone who’s anyone has been spotted wearing one. However, if you look deeper into the Submariner line, you may find a lesser known but just as incredible model manufactured by Tudor. These pieces are not only more unique and uncommon than the traditional Submariner, but offer a more fun, playful design — particularly with the blue-dialed variants and what are known as 'Dots & Daggers' dials like the piece that we have here. This Ref. 94010 is a black-dial variant with a some additional provenance that further adds to its allure. More on that later. Dating to circa 1985, it features a fantastic unpolished Oyster case with visible factory finishing throughout and shows normal wear for its age. The bezel and insert show only light wear and present beautifully. Inside, the dial is beautifully preserved, with gently patinated indices and a matching 'lollipop' handset. It comes fitted to a correct Oyster bracelet with a signed fliplock clasp with dive extension. Last but not least, included with the purchase of this piece is a plethora of documentation confirming its provenance, including but not limited to photographs, letters, and badges. A truly impressive package. This is a real piece of history — a phrase often repeated in the world of watches, though rarely as deservedly as in this case. To many collectors of vintage, regardless of whether the focus is of military watches or not, this 'Milsub' has everything going for it. Military issued, properly vintage, honest condition, and its a Tudor. What more does one need?",Oliver & Clarke,2025-10-02,False
Tudor Montecarlo Chronograph Ref. 7032/0 - 'Home Plate',Tudor,28650,https://oliverandclarke.com/products/tudor-montecarlo-chronograph-ref-7032-0-home-plate,https://cdn.shopify.com/s/files/1/0765/6138/3741/files/TUDOR_MONTECARLO_GREY_STRAP_WEB_1.jpg?v=1758749617,"Rolex is a serious brand. Its younger sibling, Tudor, is a fun brand. Tudor long has been riffing on iconic designs from Brand with the Crown, and the Monte-Carlo is the Tudor version of the Rolex Daytona. In theory, the Tudor formula remains the same. Rolex case, Rolex build-quality, but with a standard ebauche movement to keep the price attractive. But where the Monte Carlo Chrono really comes into its own is with its unique design language. The 'Home Plate' variants, in particular, are amongst the greatest and most desirable variants. The Monte Carlo that we have here, a Ref. 7032/0 dating to circa 1971, is one of those coveted 'Home Plate' examples. It features a 40mm Oyster case — a dimension that it's cousin, the Rolex Daytona, wouldn't see until the late 1980s — along with screw-down pushers and a screw-down crown. This particular example also utilizes an externally affixed bezel with a black acrylic insert — another borrowed option from the Daytona, were a solid steel bezel was also an option during this era. It is inside the case, however, where the 'Home Plate' really stands out as nothing short of a vintage gem. The matte grey dial with its contrasting black subsidiary registers, black minute track, and splashes or orange give this piece a sporty, fun feel that is unmatched in any other watch from the Rolex family. Additionally, the 'home plate' shape of the Tritium plots that give this piece its nickname only ad to the whimsy. It just so happens that the dial within this piece offered here has to be amongst the finest in existence, with a clean surface, uniformly patinated plots, and a beautifully matching handset. Additionally, not only do Monte Carlo's have a date window, but one at the 6 o'clock position. Even by the standards of today, this is a rare positioning. Adding to its unique look and feel, the date is magnified by a horizontal cyclops on the crystal above. The vibrant colors and eye catching design make this one of the watches any serious collector should consider. Factor in the relative rarity next to its contemporaries, the size, and the value it offers, and this piece simply must be on the radar of someone looking for exceptional vintage sport watches.",Oliver & Clarke,2025-09-25,False
Patek Philippe Calatrava Ref. 3435 - Rose Gold,Patek Philippe,17250,https://oliverandclarke.com/products/patek-philippe-calatrava-ref-3435-w-certificate-of-origin,https://cdn.shopify.com/s/files/1/0765/6138/3741/files/PATEK_CALATRAVA_GLD_STRAP_WEB_1_e89fabaf-57e9-439b-8e42-889035ee8b02.jpg?v=1757525711,"The Patek Philippe Calatrava. Arguably the brands most iconic model line, and purest expression of the brand. Their raison d'etre if you will. The line has been a hit since its debut in 1932. So much so, that the name ""Calatrava"" itself has become something of a byword within the watch industry for traditionally styled, no-frills dress watches that simply tell the time. Over the course of its nearly 100-years of production, there have been seemingly countless iterations within the line, with variations in the metal they are made in, with their size, dial configurations, and eventually, complications. The Calatrava that we have here is a Reference 3435 dating to circa the early 1960s. This example is executed in solid rose gold with a signed rose gold crown, and an automatic-winding movement. The case itself is wonderfully sized at 34mm in diameter and features a 'stepped' design with lugs that turn down nicely for a very svelte feel on the wrist. Inside, the silver dial features applied rose gold 'stick' indices and a '12' marker at the 12 o'clock position, a subsidiary seconds register at the 6 o'clock position, black printed text and minute markers, and a matching rose gold 'pencil' handset. The Reference 3435 presents excellent value on the Calatrava spectrum, particularly when compared to its predecessor, the Reference 565 and uncommon rose gold examples like the one that we have here. There are watches, and then there are watches! This is one of the latter.",Oliver & Clarke,2025-09-10,False
L. Leroy & Cie Rectangular Dress Watch - Satin Silver 'Breguet' Dial w/ Box & Receipt,Breguet,10950,https://oliverandclarke.com/products/l-leroy-cie-rectangular-dress-watch-satin-silver-breguet-dial-w-box-receipt,https://cdn.shopify.com/s/files/1/0765/6138/3741/files/L.LEROY_TANK_STRAP_WEB_1.jpg?v=1755637096,"L. Leroy & Cie is a French manufacturer with real watchmaking prowess and credibility, but is lesser-known in the greater watch community. Founded in the late 18th Century in an era where another French brand, Breguet, was also conceived, L. Leroy & Cie enjoys a rich history with a number of horological accolades, including the most complicated timepiece in the world until it was dethroned by Patek Philippe's Calibre 89 in 1989. The L. Leroy that we have here is a simply beautiful rectangular dress watch from circa the 1920s. The case comes in at wonderfully-size 25mm x 32mm, with 'wire' lugs, a flat crown, and thats it. Simple and elegant. It remains in likely unpolished condition, with clear hallmarks and engravings and shows normal signs of wear from age otherwise. The dial inside is beautifully preserved, showing only light wear around the edges with a largely clean silver surface. It bears a painted black 'railroad' minute track on the outside edge and what may be some of the coolest indices we have ever seen... If you could fuse classic 'Breguet' and 'Art Deco' styles together we light to think that this might be the result. The handset is a blued-steel 'Breguet' set, which compliments the dial beautifully. Accompanying this piece is it's box, some original components likely replaced and returned during previous service, and a copy of the original order receipt, with itemized options. This indicates that this could be a special order piece and a unique configuration. This piece, like all L. Leroy & Cie., is flat out rare. Praised by connoisseurs and those that know, this is a very rare opportunity to acquire a piece that simply do not surface on the open market with any regularity.",Oliver & Clarke,2025-08-21,False
Blancpain Fifty-Fathoms - 'Aqua Lung' Unpolished,Other,26250,https://oliverandclarke.com/products/blancpain-fifty-fathoms-aqua-lung-unpolished,https://cdn.shopify.com/s/files/1/0765/6138/3741/files/BLANCPAIN_AQUALUNG_BLK_STRAP_WEB_1.jpg?v=1755115420,"The Blancpain Fifty Fathoms is widely credited as being one of the first three truly purpose-build dive watches that came out in 1953. During the first ten years or so of production, many different variants have surfaced, with slightly different dials, bezels, casebacks, and even movements. Unlike the Zodiac Seawolf and Rolex Submariner from the same era, the Fifty Fathoms range feature a much larger 41mm case size. Considered massive in the 1950s, it is a great size by the standards of today, due largely in part to the way the lugs turn down and taper inward. It is a beautiful design. The cases were also bead-blasted to reduce glare and increase scratch resistance. The result is a very tool-like appearance, yet still elegant with its glossy dial and beautiful script text. The resulting look, much like the other two aforementioned divers, is a wonderfully balance design. The example that we have here dates to circa the late 1950s and is what is known as an 'Aqua Lung' Fifty Fathoms. The case remains in excellent overall condition, spared of any polishing with clear factory lug chamfers and only light signed of wear present throughout. The bezel assembly is correct and also matches the condition of the case and houses a very nicely preserved black 'bakelite' insert. It is seemingly devoid of any major fractures and shows below average wear. Inside, that glossy black dial exhibits a 'confetti'-like patina from age, with beautifully preserved text and luminous indices. The correct white-painted 'sword' handset shows a similar patina in the form of surface oxidation and some discoloration with heavily patinated lume within. The caseback, movement dust cover, and rotor on the A. Schild automatic-winding calibre are all signed Blancpain. It comes fitted to a Blancpain-signed black Tropic-style rubber strap, which suits this piece perfectly. As is the case with other early divers from the 1950s, good honest examples like this do not surface (no pun intended) on the open market as often as you might think — as collectors tend to hold onto examples like this.",Oliver & Clarke,2025-08-14,False
Tudor Ranger Date Ref. 7996/0 - 'Canadian Ranger',Tudor,13850,https://oliverandclarke.com/products/tudor-ranger-date-ref-7996-0-canadian-ranger,https://cdn.shopify.com/s/files/1/0765/6138/3741/files/TUDOR_RANGER_BLK_WEB_1.jpg?v=1753734097,"The Tudor brand was born in 1926 out of a problem that Rolex founder Hans Wilsdorf had: It is much easier to produce high-quality Rolex Oyster cases at scale, than it is to produce the handmade, assembled, and tested Rolex movements that the cases bear. His brilliant solution, use ebauche calibres (off the shelf mass produced swiss movements from ETA, Valjoux, etc.) and pair them with the high-quality cases from Rolex. This would allow those cases to be used, and be able to offer a very high quality product at a much lower price-point. Many Tudor models even resembled and shared the names of their Rolex relatives: i.e. Submariner, Prince, Oyster, etc. The piece that we have here is a Prince Oysterdate 'Ranger' Ref. 7996/0 dating to circa 1968. It comes to us in strong overall condition, with the 34mm Oyster case having been lightly polished in the past, while retaining symmetrical lugs at all four corners and showing normal signs of wear. Like its Rolex cousin, the bezel is a smooth steel unit and is in matching condition. The highlight with any Ranger is the dial inside, and in the case of this particular Ranger, the dial is something very special and exceedingly rare. The characteristic Explorer Ref. 1016 quadrant numerals carry are preset like on any Ranger, but rather than the 'stick' indices between them, this piece bears slightly smaller 'Arabic' indices that match the 3, 6, 9, and 12 o'clock marker. Of course, this Range Date model utilizes a date complication in place of the 3 o'clock marker, which also happens to feature a 'roulette' date wheel. The indices exhibit an attractive and even patina throughout, and the correct 'shovel'-style handset matches the dial beautifully. Only a handful of these pieces have surfaced on the open market, all of which seem to date to circa 1968 and come from Canada. This is a very rare opportunity to grab one. ...and with the most recent modern interpretation of the Ranger being a hit, these vintage examples are being held and surface far less than they previously had on the open market.",Oliver & Clarke,2025-07-31,False
Benrus Type I Class A - 'Sterile' Dial Military Issued,Other,8500,https://oliverandclarke.com/products/benrus-type-i-class-a-sterile-dial-military-issued-1,https://cdn.shopify.com/s/files/1/0765/6138/3741/files/BENRUS_TYPE1_WEB_1.jpg?v=1753379221,"Watches still played a critical role in military service in the 1970s. As a result of the need for a more robust dive watch tailored to the military's needs, the United States Department of Defense issued the MIL-W-50717 standard, which put forth a more robust list of required specifications, more so than any prior contract. There were many options for lower level officers and platoons when it came to timepieces, but for the best of the best including the renowned Navy Seals, the Benrus Type I and Type II were the best option. The Type I was the earliest version and far more rare, making this piece one of only a handful ever produced. Benrus made these pieces exclusively for the military from 1972 to 1980, with this particular example dating to circa 1978 ( February of 1978 to be exact ). The 42.5mm asymmetrical case remains unpolished and retains its original 'sandblasted' finishing and shows normal signs of wear. Flip it over, and the engravings on the caseback denoting it's military provenance and year of manufacture are crisp and clear. It even retinas its original 'hash' marked screw-down crown. The bi-directional rotating bezel matches the condition of the case and retains its black acrylic 12-hr insert — also showing wear consistent with the rest of the piece. The matte black 'sterile' dial within is nicely preserved and exhibits and even patina across the Tritium plots, with a perfectly matching and correct white-painted handset. Due to their limited production, active use during military trials, decommissioning, and flat out loss, not all that many of these pieces survive today — particularly in this kind of condition. We are pleased to offer this Type I up for its next tour of duty, and invite you to strap a real piece of history to your wrist.",Oliver & Clarke,2025-07-24,False
Tudor Ranger Date Ref. 9050/0,Tudor,10500,https://oliverandclarke.com/products/tudor-ranger-date-ref-9050-1,https://cdn.shopify.com/s/files/1/0765/6138/3741/files/TUDOR_RANGER_BLK_STRAP_WEB_1.jpg?v=1752612717,"The Tudor brand was born in 1926 out of a problem that Rolex founder Hans Wilsdorf had: It is much easier to produce high-quality Rolex Oyster cases at scale, than it is to produce the handmade, assembled, and tested Rolex movements that the cases bear. His brilliant solution, use ebauche calibres (off the shelf mass produced swiss movements from ETA, Valjoux, etc.) and pair them with the high-quality cases from Rolex. This would allow those cases to be used, and be able to offer a very high quality product at a much lower price-point. Many Tudor models even resembled and shared the names of their Rolex relatives: i.e. Submariner, Prince, Oyster, etc. The piece that we have here, an Prince Oysterdate 'Ranger' Ref. 9050/0, dates to circa 1977 and comes to us in excellent overall condition. The 34mm Oyster case is very likely unpolished, retaining symmetrical lugs at all four corners and shows normal signs of wear with no apparent damage. Like its Rolex cousin, the bezel is a smooth steel unit and is in matching condition. The real highlight with any Ranger, however, is the dial inside. Offered in both time-only variants or with a date, the remaining quadrant numerals are virtually identical to the beloved numerals found on Rolex's Explorer Ref. 1016. This example features a date at 3 o'clock and possesses the characteristic 6, 9, and 12 numerals at the remaining positions, as well as 'stick' indices — all of which exhibit an attractive and uniform patina. Additionally, the correct 'shovel'-style handset matches the dial beautifully. This is a strong example of a vintage field watch that has seen steady grown in popularity, with no signs of stopping... ...and with the most recent modern interpretation of this piece being a hit, these vintage examples are being held and surface far less than they previously had on the open market.",Oliver & Clarke,2025-07-17,False
IWC Yacht Club 18K Ref. 811A - 'Brushed' Grey Dial,IWC,6500,https://oliverandclarke.com/products/iwc-yacht-club-18k-ref-811a-brushed-grey-dial,https://cdn.shopify.com/s/files/1/0765/6138/3741/files/IWC_YACHTCLUB_BLK_STRAP_WEB_1.jpg?v=1752612628,"The International Watch Company. Founded in 1868 in Switzerland by an American, IWC Schaffhausen enjoys a rich history in watchmaking, spanning complicated pocket watches, to pioneering wrist watches made of out experimental materials. Be there no doubt, the most popular and well-known family of watches from the brand is its 'Pilot' line, which began in the first half of the twentieth century and now offers a simply massive variety of models with different materials, sizes, movements, etc. You name it, they have it. What is slightly lesser-known are models like the piece that we have here, a Yacht Club. Introduced in 1967, IWC's goal was to fill a market gap and create a watch that could be right at home in elegant or more formal setting, but also had sporting elements like water-resistance, an automatic-winding movement, etc. The name says it all, really. Yacht Clubs, like so many models, would eventually be offered in a variety of shapes, sizes, and metals, with the example that we have here being crafted out of solid yellow gold. Dating to circa 1965, this Reference 811A is a very early example. The 'tonneau'-style case is a versatilely-sized 35mm in diameter and has a screw-down caseback. It is offered in strong overall condition, with correct proportions and showing normal signs of wear from age throughout. Inside, the 'brushed' grey dial it beautifully preserved and seemingly devoid of any of the usual degradation found on colored dials from this era. It features both applied indices with black inserts and Tritium plots on the outside, which remain fully-intact and evenly patinated. The handset has matching black inserts and Tritium within. Powering this piece is IWC's automatic-winding Calibre C.8541 with a date, which can be operated by the signed yellow gold crown at the 3 o'clock position. While by no means a forgotten family of watches, the Yacht Club is a historically significant gem from IWCs history that, like when new, functions beautifully as an everyday vintage piece fit for virtually any occasion.",Oliver & Clarke,2025-07-17,False
Cartier Tank Louis Ref. 78086 - White Gold 'Paris' Dial,Cartier,19500,https://oliverandclarke.com/products/cartier-tank-louis-ref-78086-white-gold-paris-dial,https://cdn.shopify.com/s/files/1/0765/6138/3741/files/CARTIER_TANK_WHTGLD_STRAP_WEB_1.jpg?v=1749752036,"The Cartier Tank was one of the first wristwatches. Full stop! Inspired by the Renault Tanks used on the battlefield in WWI — yes, true story. Revolutionary at the time, Louis Cartier took inspiration from the profile of the treads on a period Renault tank, and based the case on them by way of the of brancards doubling as the lugs themselves. Over the course of the 20 th Century, the Tank became the watch to wear. Silent movie stars like Rudolph Valentino, artists like Andy Warhol, and even Jackie Kennedy were all fans of the signature timepiece from the King of Jewelers and the Jeweler of Kings. An icon indeed in the truest sense of the word. The model was first introduced in a few different case shapes which bore different names that intertwine with the inspiration behind them. Perhaps the most significant, well-known, and debatably desirable of these first pieces, the Tank Louis Cartier, was introduced in 1922 and was named after Louis Cartier himself. When people think of a Cartier Tank, theres a good change that this is the model that comes to mind. The example that we have here is one of those pieces. Dating to the early 1970s, it features the classically-sized 23mm x 31mm rectangular case that everyone loves, but rather than being crafted out of yellow gold, this example is of white gold. It comes to us in strong, nicely preserved overall condition, having been very lightly previously polished, with clear and defined hallmarks and correct factory proportions. It shows normal signs of wear and some sleeve-polish throughout from age and is devoid of any major damage. Inside, the white enamel 'Paris' signed dial inside retains its crisp white color and strong black printed text. When viewed under magnification, a faint and even 'crazing' is present throughout. This piece features a very uncommon gold 'sword' handset, rather than the usual blued-steel set. It does, howewver, feature the usual sapphire cabochon winding crown at the 3 o'clock position to operate the manual-winding movement within. Last but not least, this example is accompanied by its period-correct Cartier signed white gold deployant clasp — a rare find! While production numbers are unclear, we probably see one white gold Tank for every twenty or so in yellow... This is a great opportunity to add what is not only a very uncommon Tank from this era, but a piece worthy of the iconic nomenclature that it bears to your collection.",Oliver & Clarke,2025-06-12,False
Cartier Tank Cintrée '7 Lignes' - London,Cartier,38950,https://oliverandclarke.com/products/cartier-tank-cintree-7-lignes-london,https://cdn.shopify.com/s/files/1/0765/6138/3741/files/CARTIER_TANK_LONDON_SLIM_WEB_1.jpg?v=1743555572,"The Cartier Tank was one of the first wristwatches. Full stop! Inspired by the Renault Tanks used on the battlefield in WWI — yes, true story. Revolutionary at the time, Louis Cartier took inspiration from the profile of the treads on a period Renault tank, and based the case on them by way of the of brancards doubling as the lugs themselves. Over the course of the 20 th Century, the Tank became the watch to wear. Silent movie stars like Rudolph Valentino, artists like Andy Warhol, and even Jackie Kennedy were all fans of the signature timepiece from the King of Jewelers and the Jeweler of Kings. An icon indeed in the truest sense of the word. The model was first introduced in a few different case shapes which bore different names that intertwine with the inspiration behind them. The Tank 'Cintrée' was one of these early designs. In 1921, Cartier introduced the now legendary Cintrèe model, an elongated, curved take on the Tank 'Normale'. The word ""cintrée"" translates to ‘curved’ in French — another example of how literal Cartier can be. Like so many watches, the Cintrée underwent a number of minor changes over the years, with very early examples favoring 'Breguet'-style hands, while later exampled shifted to blue-steel 'sword' hands. Cintrées have never been officially discontinued, but are rarely stocked in Cartier boutiques worldwide, making them incredibly scarce and elusive to collectors. A recent example, for the 100th anniversary of the Cintrée in 2021, Cartier simply released and sold 1.1 re-issues of the first Cintrée to its top 150 clients without ever even issuing a press release or announcing the watch! Naturally, finding a vintage Cintrée has become difficult. What we have here, a small size called the '7 Lignes', features a curved rectangular case like all Cintrée models coming in at approximately 18mm x 34mm. This example, however, has a more rounded rectangular caseback, rather than the 'bubbleback' design that you will typically find on this size. That, in addition to the script text on the lower half of the dial, will reveal why. This piece is a coveted and flat-out rare 'London' Cintrée. During the era that this piece was produced, Cartier London was more or less operating completely independently of Cartier Paris and New York, utilizing different movements, case designs, dial designs, etc. This is when and where pieces like the Pebble and Crash were conceived. This example is comes to us in very nice overall condition. The case remains very strong, possibly even unpolished, with correct finishing throughout and shows normal signs of wear. At the 3 o'clock position you will find Cartiers classic sapphire cabochon crown, which is used to set and wind the Jaeger-LeCoultre manual-winding movement within. Also inside the case, the correct Cartier London hallmarks confirming the origin of this piece are visible and clear, as is the case number on the outer caseback. The white dial inside has been professionally restored and it looks beautiful. The ""Cartier"" and ""London"" script beautifully compliment eachother on their respective halves of the dial, and all of the black text is crisp and clear contrasting that matte white surface. This piece comes fitted to a black alligator leather strap with its correct Cartier signed 18k deployant clasp. And unlike virtually all other vintage Cartier, some of the London pieces actually featured a serial number that matches the case number, which is what we have here. Don't let the size fo",Oliver & Clarke,2025-04-03,False
Cartier Tank 'Magnum' - 1940s W/ JLC Movement,Cartier,53850,https://oliverandclarke.com/products/cartier-tank-magnum-1940s-w-jlc-movement,https://cdn.shopify.com/s/files/1/0765/6138/3741/files/CARTIER_TANK_STRAP_WEB_1.jpg?v=1741649103,"The Cartier Tank was one of the first wristwatches. Full stop! Inspired by the Renault Tanks used on the battlefield in WWI — yes, true story. Revolutionary at the time, Louis Cartier took inspiration from the profile of the treads on a period Renault tank, and based the case on them by way of the of brancards doubling as the lugs themselves. Over the course of the 20 th Century, the Tank became the watch to wear. Silent movie stars like Rudolph Valentino, artists like Andy Warhol, and even Jackie Kennedy were all fans of the signature timepiece from the King of Jewelers and the Jeweler of Kings. An icon indeed in the truest sense of the word. The model was first introduced in a few different case shapes which bore different names that intertwine with the inspiration behind them. The example that we have here is a riff on one of those pieces — and a very, very special one indeed. Dating to the circa 1947, this piece features an oversized rectangular case coming in at approximately 25mm x 37mm. With no actual model name, collectors have come to call these 'Magnums,' 'Super Tanks,' or 'Maxi Tanks.' The actual design of these pieces are most closely reminiscent of the Tank Normale, but of course, these are roughly twice the size! These pieces all feature manual-winding movements, with the earlier examples utilizing movements by European Watch & Clock, and the later examples movements by Jaeger LeCoultre. It is believed that both of these movements also underwent a period of overlap and were even interchangeable. The dial inside is matte white with its text and indices executed in the old 'stamp' style. The handset — blued-steel, of course — is unique to this model, featuring a wider and more exaggerated 'sword' shape. They are very attractive and well fitting for a piece of this size. The crown appears to be a period-correct flat unit. This example also comes fitted to a period-correct wide-style signed deployant clasp with a later Cartier leather strap. The condition of this piece is fantastic given its age and precious metal construction. Possibly unpolished, it shows normal signs of wear and light sleeve-polishing throughout, with clear and defined hallmarks. The dial inside has likely been restored at a previous time and features a clean white surface with the correct 'stamped' text and indices throughout. The correct handset shows light surface oxidation. It is estimated that there are right around ten of these ever produced, beginning in the 1930s and extending into the early 1950s... Need we say more?",Oliver & Clarke,2025-03-13,False
Breguet Rose Gold 'Tank' Dress Watch,Breguet,16950,https://oliverandclarke.com/products/breguet-rose-gold-tank-dress-watch,https://cdn.shopify.com/s/files/1/0765/6138/3741/files/BREGUET_TANK_WEB_1.jpg?v=1741649315,"Parisian manufacturer Breguet, named after its founder, Abraham-Louis Breguet, was founded in 1775 and is one of the most stored and historically significant manufacturers in the world of horology. With a number of firsts, including *ahem* what many consider to be the first known wristwatch, Breguet is primarily known today for its stunning silver 'guilloche' dials, innovations in complications, and outstanding build quality. Prior to it's transfer of ownership and production location change to Switzerland in the late 1970s into the 1980s, it is estimated that only a few hundred pieces were every produced. So, the piece that we have here you might say, is something very, very special indeed. Dating to circa the early 1950s, this square 'Tank'-style dress is constructed out of rose gold and comes in at approximately 23mm x 33mm in diameter. At first, the design is somewhat reminiscent of Cartiers's Tank Normale, but upon closer inspection the design is more dynamic and stylized — particularly when viewed from the profile, where it's gorgeous pointed lugs are apparent. It features a snap-back case design and a flat-style crown at the 3 o'clock position. Inside, the dial is exactly what you want to find in any Breguet — a gorgeous silver dial with a 'guilloche' center. The outer section features applied rose gold 'dart' indices as well as 'Arabic' indices at the 3, 6, 9, and o'clock positions. They are complimented by a rose gold 'pencil' handset. This piece comes to us in strong overall condition given its age, seemingly spared of any polishing or refinishing. The case remains strong and symmetrical and shows normal signs of wear with a few minor scratches here and there. The dial within is nicely preserved and honest, with light edge wear visible and a some minor crazing and patina throughout. The indices exhibit some surface oxidation, which tracks with the overall condition of the dial. It presents beautifully overall. It is powered by a correct manually-wound 9-ligne movement. This stunning mid-century piece embodies much of what we love about the brand, while simultaneously existing as something of rarity with its Tank-style shape. It is the first we have seen in this style, and like all Breguet from this era, flat out rare.",Oliver & Clarke,2025-03-13,False
Tissot 15TL Rose Gold Chronograph - Black 'Gilt' Multi-Scale' Dial,Other,10950,https://oliverandclarke.com/products/tissot-15tl-rose-gold-chronograph-black-gilt-multi-scale-dial,https://cdn.shopify.com/s/files/1/0765/6138/3741/files/TISSOT_CHRONO_BLK_STRAP_WEB_1.jpg?v=1736988046,"Tissot has a long and rich history in watchmaking with the first half of the 20th century widely regarded as their golden age. We're not ones to disagree, and how could we when pieces like this exist. What we have here is a 15TL chronograph from circa the 1940s. Considered an 'oversize' or 'jumbo' model in its day, this piece comes in at approximately 37mm in diameter and is constructed out of solid rose gold. Good start, but it gets better. Inside the case is a glossy black 'gilt' dial, with two subsidiary registers with 'radial' finishing, applied rose golf 'foil' indices in an Arabic font, both tachymeter and telemeter scales, and a matching rose gold-tone 'pencil' handset. The case has been previously polished, but remains thick and symmetrical throughout, and shows light signs of wear. The dial within is also in matching excellent condition. Beautifully preserved, it shows only light surface wear with no apparent fracturing or damage, clearly visible text, and defined radial finishing within the subsidiary registers. The matching rose gold-tone 'pencil' handset also matches nicely, exhibiting only light surface oxidation. Best of all, the movement powering this piece is the venerable and highly desirable Tissot Calibre 33.3 produced in collaboration with Tissot's parent company, Omega. This movement is widely regarded as the predecessor to what is perhaps the most iconic manually-wound chronograph movement of all time: Omegas Calibre .321. This then, is the kind of piece that really excited us. Manually-wound, objectively rare, historically significant, and in excellent overall condition... ... and we're confident we're not the only ones who feel this way.",Oliver & Clarke,2025-01-16,False
Messico Tan JPM x Oliver & Clarke Leather Watch Strap,Other,115,https://oliverandclarke.com/products/messico-tan-jpm-x-oliver-clarke-leather-watch-strap,https://cdn.shopify.com/s/files/1/0765/6138/3741/products/MESSICO-TAN_2W.jpg?v=1696243629,"There are very few things that can elevate your timepiece quite like a handcrafted leather watch strap. Each individual piece is delicately produced by Jean Paul Mennecuci himself in his artisanal workshop deep in the heart of Italy. Using the finest materials JPM has created a strap that will not only be supple from the moment you receive it, but will develop a patina that is totally unique and long-lasting. This incredible Messico Tan strap is one of the most luxurious yet wearable straps we’ve ever come across. Its smooth texture allows the watch to shine while being the perfect accompaniment. It is beautiful, yet versatile, never being out of place. Pairs perfectly with anything from a suit to shorts! Featuring a durable high luster stainless steel tang buckle, hand stitched contrasting lines and an expertly embossed reverse this elegant strap can’t help, but to take your watch to the next level.",Oliver & Clarke,2023-10-02,False
Cervo Wheat JPM x Oliver & Clarke Leather Watch Strap,Other,125,https://oliverandclarke.com/products/cervo-wheat-jpm-x-oliver-clarke-leather-watch-strap,https://cdn.shopify.com/s/files/1/0765/6138/3741/products/WHEAT_2W.jpg?v=1696243519,"There are very few things that can elevate your timepiece quite like a handcrafted leather watch strap. Each individual piece is delicately produced by Jean Paul Mennecuci himself in his artisanal workshop deep in the heart of Italy. Using the finest materials JPM has created a strap that will not only be supple from the moment you receive it, but will develop a patina that is totally unique and long-lasting. This incredible Cervo Brown is one of the most comfortable straps we’ve ever tried. With its full stitching and silky exterior it has instantly become a favorite. Because of its luxurious, but subdued nature it is perfect for a wide variety of watches in a even wider variety of settings. Featuring a durable high luster stainless steel tang buckle, hand stitched contrasting lines and an expertly embossed reverse this elegant strap can’t help, but to take your watch to the next level.",Oliver & Clarke,2023-10-02,False
Cervo Taupe JPM x Oliver & Clarke Leather Watch Strap,Other,125,https://oliverandclarke.com/products/cervo-taupe-jpm-x-oliver-clarke-leather-watch-strap,https://cdn.shopify.com/s/files/1/0765/6138/3741/products/CERVO-TAUPE_2W.jpg?v=1696243504,"There are very few things that can elevate your timepiece quite like a handcrafted leather watch strap. Each individual piece is delicately produced by Jean Paul Mennecuci himself in his artisanal workshop deep in the heart of Italy. Using the finest materials JPM has created a strap that will not only be supple from the moment you receive it, but will develop a patina that is totally unique and long-lasting. This incredible Cervo Brown is one of the most comfortable straps we’ve ever tried. With its full stitching and silky exterior it has instantly become a favorite. Because of its luxurious, but subdued nature it is perfect for a wide variety of watches in a even wider variety of settings. Featuring a durable high luster stainless steel tang buckle, hand stitched contrasting lines and an expertly embossed reverse this elegant strap can’t help, but to take your watch to the next level.",Oliver & Clarke,2023-10-02,False
'Desert Sand' Molequin x Oliver and Clarke 'Grained' Watch Strap,Other,120,https://oliverandclarke.com/products/desert-sand-molequin-x-oliver-and-clarke-grained-watch-strap,https://cdn.shopify.com/s/files/1/0765/6138/3741/products/OCWS_M_G_DS_2.jpg?v=1696243534,"Our handmade calf skin is produced in France. It’s an exceptional leather that we are able to cut very thin, giving an elegant and refined aesthetic. Despite this, the straps remain resilient and hold their form well over normal usage. The leather deals well with scratches and is also easy to care for and can be cleaned with a simple wipe using a damp cloth. This creamy 'sand' tone is a favorite of our for pairing with more casual and sporty vintage timepieces, as well as for dressing-down traditionally 'dressier' pieces, often in gold.",Oliver & Clarke,2023-10-02,False
Cervo Brown JPM x Oliver & Clarke Leather Watch Strap,Other,125,https://oliverandclarke.com/products/cervo-brown-jpm-x-oliver-clarke-leather-watch-strap,https://cdn.shopify.com/s/files/1/0765/6138/3741/products/CERVO-MEDIUM-BROWN_2W.jpg?v=1696243502,"There are very few things that can elevate your timepiece quite like a handcrafted leather watch strap. Each individual piece is delicately produced by Jean Paul Mennecuci himself in his artisanal workshop deep in the heart of Italy. Using the finest materials JPM has created a strap that will not only be supple from the moment you receive it, but will develop a patina that is totally unique and long-lasting. This incredible Cervo Brown is one of the most comfortable straps we’ve ever tried. With its full stitching and silky exterior it has instantly become a favorite. Because of its luxurious, but subdued nature it is perfect for a wide variety of watches in a even wider variety of settings. Featuring a durable high luster stainless steel tang buckle, hand stitched contrasting lines and an expertly embossed reverse this elegant strap can’t help, but to take your watch to the next level.",Oliver & Clarke,2023-10-02,False
'Hunter' Green Molequin x Oliver and Clarke 'Grained' Watch Strap,Other,120,https://oliverandclarke.com/products/hunter-green-molequin-x-oliver-and-clarke-grained-watch-strap,https://cdn.shopify.com/s/files/1/0765/6138/3741/products/OCWS_M_G_HG_2.jpg?v=1696243496,"Our handmade calf skin is produced in France. It’s an exceptional leather that we are able to cut very thin, giving an elegant and refined aesthetic. Despite this, the straps remain resilient and hold their form well over normal usage. The leather deals well with scratches and is also easy to care for and can be cleaned with a simple wipe using a damp cloth. The stunning Hunter green color gives a rich appeal to any timepiece it's fitted to. We especially love it on anything yellow or rose gold, but of course it is wonderfully suited for any metal.",Oliver & Clarke,2023-10-02,False
'Navy' Blue Molequin x Oliver and Clarke 'Grained' Watch Strap,Other,120,https://oliverandclarke.com/products/navy-blue-molequin-x-oliver-and-clarke-grained-watch-strap,https://cdn.shopify.com/s/files/1/0765/6138/3741/products/OCWS_M_G_NB_2.jpg?v=1696243489,"Our handmade calf skin is produced in France. It’s an exceptional leather that we are able to cut very thin, giving an elegant and refined aesthetic. Despite this, the straps remain resilient and hold their form well over normal usage. The leather deals well with scratches and is also easy to care for and can be cleaned with a simple wipe using a damp cloth. The stunning and rich navy color lends itself extremely well to both gold and white-metal timepieces, blending elegance with casual feelings on the wrist. This wonderful shade is paired perfectly with the contrasting stitching and high polish tang buckle.",Oliver & Clarke,2023-10-02,False
'Smoke' Grey Molequin x Oliver and Clarke 'Grained' Watch Strap,Other,120,https://oliverandclarke.com/products/smoke-grey-molequin-x-oliver-and-clarke-grained-watch-strap,https://cdn.shopify.com/s/files/1/0765/6138/3741/files/OCWS_M_G_SG_2_2.jpg?v=1765836478,"Our handmade Grained Calf Skin is produced in France. It’s an exceptional leather that we are able to cut very thin, giving an elegant and refined aesthetic. Despite this, the straps remain resilient and hold their form well over normal usage. The leather deals well with scratches and is also easy to care for and can be cleaned with a simple wipe using a damp cloth. The gorgeous smoke grey color pairs well with almost any timepiece allowing it to be one of the most versatile straps imaginable. With wonderful contrasting stitching and a high polish tang buckle this strap is a wonder to wear on the wrist.",Oliver & Clarke,2023-10-02,False
'Granite' Molequin x Oliver and Clarke 'Nubuck' Watch Strap,Other,120,https://oliverandclarke.com/products/granite-molequin-x-oliver-and-clarke-nubuck-watch-strap,https://cdn.shopify.com/s/files/1/0765/6138/3741/products/OCWS_M_N_G_2.jpg?v=1696243477,"Made from the best part of the hide and sanded for a plush, velvet-like feel, this Molequin watch strap is apart of the Taurillon Nubuck Collection. These straps are supple yet resilient and offer long lasting beauty and comfort. The color is wonderful, featuring a truly unique shade of grey that allows it to stand out while still preserving a refined and classic look. Handmade with striking contrasting stitching and a high polish tang buckle, this strap is hard to beat.",Oliver & Clarke,2023-10-02,False
'Alzan' Molequin x Oliver and Clarke 'Nubuck' Watch Strap,Other,120,https://oliverandclarke.com/products/alzan-molequin-x-oliver-and-clarke-nubuck-watch-strap,https://cdn.shopify.com/s/files/1/0765/6138/3741/products/OCWS_M_N_A_2.jpg?v=1696243385,"Made from the best part of the hide and sanded for a plush, velvet-like feel, this Molequin watch strap is apart of the Taurillon Nubuck Collection. These straps are supple yet resilient and offer long lasting beauty and comfort. The incredible Azlan color gives a warm and unique feel to nay watch it is paired with. This vibrant tonnage and subtle texture allows it to stand out while still flying under the radar. Featuring wonderful contrasting stitching and a high polish polish tang buckle, this piece is truly hard to beat.",Oliver & Clarke,2023-10-02,False
Alpina Honey JPM x Oliver & Clarke Leather Watch Strap,Other,125,https://oliverandclarke.com/products/alpina-honey-jpm-x-oliver-clarke-leather-watch-strap,https://cdn.shopify.com/s/files/1/0765/6138/3741/products/ALPINE-HONEY_2W.jpg?v=1696243371,"There are very few things that can elevate your timepiece quite like a handcrafted leather watch strap. Each individual piece is delicately produced by Jean Paul Mennecuci himself in his artisanal workshop deep in the heart of Italy. Using the finest materials JPM has created a strap that will not only be supple from the moment you receive it, but will develop a patina that is totally unique and long-lasting. This superb Alpina Honey has to be one of the most interesting and attractive straps I have ever seen. It has the wonderful ability to boost any watches importance and gravitas. Hand crafted out of the most premium Italian pebbled leather this piece is perfect for any piece in any situation. Featuring a durable high luster stainless steel tang buckle, hand stitched contrasting lines and an expertly embossed reverse this elegant strap can’t help, but to take your watch to the next level.",Oliver & Clarke,2023-10-02,False
Cervo Grey JPM x Oliver & Clarke Leather Watch Strap,Other,125,https://oliverandclarke.com/products/cervo-grey-jpm-x-oliver-clarke-leather-watch-strap,https://cdn.shopify.com/s/files/1/0765/6138/3741/products/CERVO-GREY_2W.jpg?v=1696242952,"There are very few things that can elevate your timepiece quite like a handcrafted leather watch strap. Each individual piece is delicately produced by Jean Paul Mennecuci himself in his artisanal workshop deep in the heart of Italy. Using the finest materials JPM has created a strap that will not only be supple from the moment you receive it, but will develop a patina that is totally unique and long-lasting. This incredible Cervo Grey is one of the most comfortable straps we’ve ever tried. With its full stitching and silky exterior it has instantly become a favorite. Because of its luxurious, but subdued nature it is perfect for a wide variety of watches in a even wider variety of settings. Featuring a durable high luster stainless steel tang buckle, hand stitched contrasting lines and an expertly embossed reverse this elegant strap can’t help, but to take your watch to the next level.",Oliver & Clarke,2023-10-02,False
