title,brand,price,url,img,description,source,date,sold
Piaget  Extra-Plate TV Or Blanc 18 carats Clous de Paris Circa 1975 Réf.12448 Cal.Piaget 12P Micro-Rotor  -Circa 1975-,Other,8500,https://pascalkarpwatchesexpertise.com/products/piaget-extra-plate-tv-or-blanc-18-carats-clous-de-paris-circa-1975-ref-12448-cal-piaget-12p-micro-rotor-circa-1975,https://cdn.shopify.com/s/files/1/0521/0429/8688/files/2026_08_07_PIAGET_WEB-4779copie_2404bf12-0c50-4397-af51-4b3e8c5d6eff.jpg?v=1786204357,"Élégante Piaget extra-plate, référence 12448, circa 1975, en or blanc 18 carats, équipée du calibre 12P, mouvement automatique extra-plat à micro-rotor en or 24 carats. Cadran et boîtier décorés « Clous de Paris », aiguilles de type « bâton » en acier bleui. Dimensions : 33 mm x 5,5 mm (verre compris), bracelet et boucle ardillon en or blanc 18 carats, signés Piaget. Exemplaire en parfait état de conservation et de fonctionnement, contrôlé dans notre atelier. 2 ans de garantie. Détails de la montre Type de montre Montre Sexe Homme/Unisexe Marque Piaget Numéro de référence 12448 Modèle Extra-Plate TV Or Blanc 18 carats Clous de Paris Circa 1975 État Très bon Contenu livré Montre uniquement Mouvement Remontage automatique Boîtier Or blanc Année de fabrication Circa 1975 Bracelet Couleur du bracelet Noir Type de fermoir Boucle ardillon Boîtier Étanche Non étanche Verre Verre saphir Matériau de la lunette Or blanc Diamètre 33mm * 5.5mm Calibre Calibre/Rouages 12P Base Calibre Piaget Autres État d'origine/Pièces originale Oui",Pascal Karp,2026-08-08,False
Audemars Piguet Royal Oak Lady  Réf.67621ST.ZZ.D002CR.01 Cal.Quartz -2011 -,Other,16800,https://pascalkarpwatchesexpertise.com/products/audemars-piguet-royal-oak-lady-ref-67621st-zz-d002cr-01-cal-quartz-2011,https://cdn.shopify.com/s/files/1/0521/0429/8688/files/2026_08_07_AP_WEB-4766.jpg?v=1786197879,"Audemars Piguet Royal Oak Lady en acier inoxydable, référence 67621ST.ZZ.D002CR.01, équipée du calibre AP 2713, mouvement à quartz de haute précision. Cadran noir « Grande Tapisserie », index appliqués et aiguilles en or blanc, guichet de date positionné à 3 heures. Boîtier à fond vissé, lunette octogonale sertie en usine par 32 à 40 diamants taille brillant (environ 0,65 à 0,74 carat). Glace saphir, étanche à 50 mètres. Dimensions : 33 mm (hors couronne) x 9,20 mm (verre compris) ; la boîte et le mécanisme sont signés et numérotés. Bracelet en alligator noir, boucle déployant AP d’origine. Article en parfait état, 2 ans de garantie. Détails de la montre Type de montre Montre Sexe Femme Marque Audemars Piguet Numéro de référence 67621ST.ZZ.D002CR.01 Modèle Royal Oak Lady État Très bon Contenu livré Boite et certificats de service Mouvement Quartz Boîtier Acier Année de fabrication 2011 Bracelet Couleur du bracelet Noir Type de fermoir Double plis Boîtier Étanche 5 ATM Verre Verre saphir Matériau de la lunette Acier Diamètre 33mm * 9.2mm Calibre Calibre/Rouages Quartz AP 2713 Autres État d'origine/Pièces originale Oui Sertissage de pierres précieuses et de diamants Oui",Pascal Karp,2026-08-08,False
Tudor Fastrider Black Shield Réf.M42000CN  Cal.Tudor 7753 -Circa 2015-,Other,3800,https://pascalkarpwatchesexpertise.com/products/tudor-fastrider-black-shield-ref-m42000cn-cal-tudor-7753-circa-2015,https://cdn.shopify.com/s/files/1/0521/0429/8688/files/2026_08_06_TUDOR_WEB-4737.jpg?v=1786111168,"Tudor Fastrider Black Shield, référence M42000CN. Chronographe en céramique noire mate microbillée, équipé d'un mouvement automatique calibre Tudor 7753 (base ETA Valjoux 7753). Fonctions : chronographe avec compteurs des heures et minutes (30 minutes), date à 4 h 30 avec correcteur latéral. Cadran noir mat, aiguilles et index sablés avec revêtement luminescent Super-LumiNova. Boîtier et couronne vissés, lunette tachymétrique fixe, glace saphir. Étanchéité : 150 mètres (15 ATM). Diamètre : 42 mm. Bracelet en Alcantara® beige avec boucle déployante d'origine présentant des traces d'usure. Livré avec son écrin d’origine et son certificat de service Tudor. Détails de la montre Type de montre Montre Sexe Homme/Unisexe Marque Tudor Numéro de référence M42000CN Modèle Fastrider Black Shield État Très bon Contenu livré Montre avec coffret d'origine Mouvement Remontage automatique Boîtier Céramique Année de fabrication Circa 2015 Bracelet Couleur du bracelet Beige Type de fermoir Double plis Boîtier Étanche 15 ATM Verre Verre saphir Diamètre 42mm * 42mm Calibre Calibre/Rouages Tudor 7753 Base Calibre ETA Valjoux 7753 Fonctions Chronographe Oui Date Oui Tachymètre Oui Autres Aiguilles luminescentes Oui Couronne vissée Oui Mise en circuit rapide Oui État d'origine/Pièces originale Oui Index luminescents Oui Couche PVD/DLC Oui",Pascal Karp,2026-08-07,False
"Patek Philippe Calatrava ""Clous de Paris""  Ultraplate Or Blanc 18 ct Circa 1975 Réf.3520 Cal.175 -Circa 1975-",Other,11500,https://pascalkarpwatchesexpertise.com/products/patek-philippe-calatrava-clous-de-paris-ultraplate-or-blanc-18-ct-circa-1975-ref-3520-cal-175-circa-1975,https://cdn.shopify.com/s/files/1/0521/0429/8688/files/azerty-838.jpg?v=1785774590,"Patek Philippe Calatrava « Clous de Paris » extraplate, circa 2015. Montre habillée en or blanc 18 carats (750/1000), référence 3520. Équipée du calibre ultraplat (1,77 mm) 175 à remontage manuel, fonction heures et minutes. Cadran argent à chiffres romains peints, boîtier deux pièces poinçonné 18 carats, lunette motif « Clous de Paris ». Dimensions : 32 mm (hors couronne) × 37 mm (cornes incluses) × 5,5 mm d'épaisseur. Le mécanisme et le boîtier sont signés et numérotés. Boucle ardillon d'origine en or blanc 18 carats. Modèle en parfait état, contrôlé en atelier, vendu avec une garantie de 2 ans. Détails de la montre Type de montre Montre Sexe Homme/Unisexe Marque Patek Philippe Numéro de référence 3520 Modèle Calatrava ""Clous de Paris"" Ultraplate Or Blanc 18 ct Circa 1975 État Très bon Contenu livré Montre uniquement Mouvement Remontage manuel Boîtier Or blanc Année de fabrication Circa 1975 Bracelet Couleur du bracelet Noir Type de fermoir Boucle ardillon Boîtier Étanche Non étanche Verre Plexiglas Chiffres du cadran Romains Matériau de la lunette Or blanc Diamètre 32mm * 37mm Calibre Calibre/Rouages 175 Base Calibre Patek Philippe Autres État d'origine/Pièces originale Oui",Pascal Karp,2026-08-03,False
Rolex Oyster Perpetual Datejust 36 mm -1991- Réf.16234 Cal.3035  -1991-,Other,7300,https://pascalkarpwatchesexpertise.com/products/rolex-oyster-perpetual-datejust-36-mm-1991-ref-16234-cal-3035-1991,https://cdn.shopify.com/s/files/1/0521/0429/8688/files/2026_07_27_ROLEX_OYSTER_DATEJUSTL_WEB-4233.jpg?v=1785494170,"Superbe Rolex Oyster Perpetual Datejust, circa 1991, réf. 16014. Chronomètre certifié en acier inoxydable, calibre 3035 à remontage automatique. Fonctions : secondes centrales, date rapide à 3 h. Cadran tritium noir serti de 10 diamants. Boîtier Oyster, fond et couronne vissés, lunette cannelée en or blanc 18 ct, verre saphir. Bracelet Jubilé complet. Diamètre : 36 mm (hors couronne). Mouvement et boîtier signés et numérotés. Excellent état. Révision dans notre atelier, 2 ans de garantie. Détails de la montre Type de montre Montre Sexe Homme/Unisexe Marque Rolex Numéro de référence 16234 Modèle Oyster Perpetual Datejust 36 mm -1991- État Très bon Contenu livré Montre avec coffret d'origine Mouvement Remontage automatique Boîtier Or/Acier Année de fabrication 1991 Bracelet Couleur du bracelet Acier Type de fermoir Double plis Boîtier Étanche 3 ATM Verre Verre saphir Matériau de la lunette Or blanc Diamètre 36mm * 12mm Calibre Calibre/Rouages 3135 Base Calibre Rolex Fonctions Date Oui Autres Seconde centrale Oui Sertissage de pierres précieuses et de diamants Oui Couronne vissée Oui État d'origine/Pièces originale Oui",Pascal Karp,2026-07-31,False
"IWC ""Shark Lugs"" 36 mm Or Rose 18 ct (0,750) -1955- Réf.Na Cal.89 -1955-",Other,4600,https://pascalkarpwatchesexpertise.com/products/iwc-shark-lugs-36-mm-or-rose-18-ct-0-750-shark-lugs-1955-ref-na-cal-89-1955,https://cdn.shopify.com/s/files/1/0521/0429/8688/files/2026_07_30_IWC_WEB-4462.jpg?v=1785424973,"Élégante montre vintage IWC « International Watch Co. Schaffhausen » en or rose 18 ct (0,750). Calibre 89 à remontage manuel, seconde centrale, spiral Breguet et finition côtes-de-genève. Cadran d'origine avec index bâtons appliqués et aiguilles glaive. Boîtier massif en deux parties à fond pressé poinçonné, anses stylisées « Shark Lugs ». Dimensions : 36 mm (hors couronne) x 42,5 mm (anses incluses) x 8,3 mm (verre compris). Mouvement et boîtier signés et numérotés. État de conservation et de fonctionnement excellent. Montre contrôlée en atelier, garantie 2 ans. Détails de la montre Type de montre Montre Sexe Homme/Unisexe Marque IWC Numéro de référence Na Modèle ""Shark Lugs"" 36 mm Or Rose 18 ct (0,750) ""Shark Lugs"" -1955- État Très bon Contenu livré Montre uniquement Mouvement Remontage manuel Boîtier Or rose Année de fabrication 1955 Bracelet Largeur entrecorne 18 Couleur du bracelet Bordeaux Type de fermoir Boucle ardillon Boîtier Étanche Non étanche Verre Plexiglas Matériau de la lunette Or rose Diamètre 36mm * 42.5mm Calibre Calibre/Rouages 89 Base Calibre IWC Autres Seconde centrale Oui État d'origine/Pièces originale Oui",Pascal Karp,2026-07-30,False
Rolex Precision Or Jaune 9k -1959- Réf.6422 Cal. Rolex 1210 -1959-,Other,5300,https://pascalkarpwatchesexpertise.com/products/rolex-precision-or-jaune-9k-1959-ref-6422-cal-rolex-1210-1959,https://cdn.shopify.com/s/files/1/0521/0429/8688/files/2026_07_27_ROLEX_OYSTER_WEB-4198_copie_646975aa-12ec-4151-94e2-8d49dd742d42.jpg?v=1786031984,"Rolex Oyster Precision vers 1959 en or jaune 9 carats (modèle réservé aux marchés anglais et américain), référence 6422. Mouvement à remontage manuel calibre Rolex 1210 avec seconde centrale. Cadran blanc argenté restauré professionnellement, index appliqués et aiguilles de type Alpha. Boîtier Oyster en trois parties avec fond et couronne vissés, et lunette fixe. Dimensions : 34,5 mm (hors couronne) x 42 mm (cornes incluses). Mouvement et boîtier signés et numérotés. Montre en excellent état, révisée dans notre atelier et garantie 2 ans. Détails de la montre Type de montre Montre Sexe Homme/Unisexe Marque Rolex Numéro de référence 6422 Modèle Precision Or Jaune 9k -1959- État Excellent Contenu livré Montre uniquement Mouvement Remontage manuel Boîtier Or jaune Année de fabrication 1959 Bracelet Couleur du bracelet Noir Type de fermoir Boucle ardillon Boîtier Étanche Non étanche Verre Plexiglas Matériau de la lunette Or jaune Diamètre 34.5mm * 42mm Calibre Calibre/Rouages Rolex 1210 Autres Seconde centrale Oui État d'origine/Pièces originale Oui",Pascal Karp,2026-07-30,False
"Universal Genève Chronographe Compax FAB ""Força Aérea Brasileira"" -1945- Réf.12494 Cal.285 -1945-",Other,5200,https://pascalkarpwatchesexpertise.com/products/universal-geneve-chronographe-compax-fab-forca-aerea-brasileira-1945-ref-12494-cal-285-1945,https://cdn.shopify.com/s/files/1/0521/0429/8688/files/2026_07_27_UG_HD-4287.jpg?v=1785245273,"Chronographe 3 compteurs Universal Genève Compax référence 12494 « F.A.B. » (Força Aérea Brasileira) en or rose 18 carats 0,750, produit de 1944 à 1950. Équipé du calibre UG 285, fonctions addition des heures et minutes (30 min), mouvement à remontage manuel avec une roue à colonnes. Cadran de couleur havane très joliment patiné, chiffres arabes et tachymètre sur le rehaut, boîtier 3 pièces, lunette lisse et fond pressé gravé FAB. Dimensions : 34,5 mm x 41 mm (anses incluses) ; le mécanisme et la boîte sont signés et numérotés. Exemplaire rare, en excellent état de conservation et parfait état de fonctionnement, révisé dans notre atelier. 2 ans de garantie. Détails de la montre Type de montre Montre Sexe Homme/Unisexe Marque Universal Genève Numéro de référence 12494 Modèle Chronographe Compax FAB ""Força Aérea Brasileira"" -1945- État Très bon Contenu livré Montre uniquement Mouvement Remontage manuel Boîtier Or rose Année de fabrication 1945 Bracelet Couleur du bracelet Brun Type de fermoir Boucle ardillon Boîtier Étanche Non étanche Verre Plexiglas Matériau de la lunette Or rose Diamètre 34.5mm * 41mm Calibre Calibre/Rouages 285 Base Calibre Universal Genève Fonctions Chronographe Oui Autres État d'origine/Pièces originale Oui",Pascal Karp,2026-07-28,False
Piaget Altiplano Lady Or Blanc 18k Lunette Sertie -2024- Réf.G0A39106  Cal.Piaget 450P -2024-,Other,9500,https://pascalkarpwatchesexpertise.com/products/piaget-altiplano-lady-or-blanc-18k-lunette-sertie-2024-ref-g0a39106-cal-piaget-450p-2024,https://cdn.shopify.com/s/files/1/0521/0429/8688/files/2026_07_20_PIAGET_WEB-3110copie.jpg?v=1784995902,"Montre Piaget Altiplano « Mécanique » pour femme, élégant modèle extra-plat de 34 mm en or blanc 18 carats. La lunette est sertie de 72 diamants taille brillant (environ 0,5 carat). Référence G0A39106, dotée du calibre extra-plat à remontage manuel Piaget 450P avec petite seconde décentrée à 10 h. Cadran argenté/blanc, index bâtons fins et aiguilles en or blanc. Boîtier à fond vissé poinçonné 18 carats (0,750), lunette sertie et verre saphir. Dimensions : 34 mm x 5 mm (verre inclus). Le mécanisme et le boîtier sont signés et numérotés. Boucle ardillon d'origine en or blanc. État proche du neuf. Garantie 2 ans. Détails de la montre Type de montre Montre Sexe Femme Marque Piaget Numéro de référence G0A39106 Modèle Altiplano Lady Or Blanc 18k Lunette Sertie -2024- État Très bon Contenu livré Montre uniquement Mouvement Remontage manuel Boîtier Or blanc Année de fabrication 2024 Bracelet Largeur entrecorne 18 Couleur du bracelet Bleu Type de fermoir Boucle ardillon Boîtier Étanche Non étanche Verre Verre saphir Matériau de la lunette Or blanc Diamètre 34mm * 38mm Calibre Calibre/Rouages Piaget 450P Autres Petite seconde Oui État d'origine/Pièces originale Oui",Pascal Karp,2026-07-25,False
"Audemars Piguet Calatrava ""Clous de Paris"" Automatique Or Blanc 18 kts Circa 1980 Réf.3233 Cal.K2120 -Circa 1980-",Other,12500,https://pascalkarpwatchesexpertise.com/products/audemars-piguet-calatrava-clous-de-paris-automatique-or-blanc-18-kts-circa-1980-ref-3233-cal-k2120-circa-1980,https://cdn.shopify.com/s/files/1/0521/0429/8688/files/2026_07_20_AP_WEB-3203copie.jpg?v=1784897237,"Audemars Piguet, élégante montre vintage de type « Calatrava » en or blanc 18 ct (0,750), référence 3233, équipée du calibre extra-plat K2120, un mouvement à remontage automatique avec masse oscillante en or 21 ct. Cadran argent à motif « Clous de Paris », index bâtons appliqués, aiguilles crayon, boîtier « Spillmann » poinçonné 18 ct (0,750), fond vissé, lunette décorée « Clous de Paris ». Dimensions : 34 mm (hors couronne) x 37 mm (anses incluses) x 6 mm (verre compris) ; le mécanisme et la boîte sont signés et numérotés. Boucle ardillon d’origine en or blanc 18 ct. Exemplaire en parfait état, 2 ans de garantie. Détails de la montre Type de montre Montre Sexe Homme/Unisexe Marque Audemars Piguet Numéro de référence 3233 Modèle Calatrava ""Clous de Paris"" Automatique Or Blanc 18 kts Circa 1980 État Très bon Contenu livré Montre uniquement Mouvement Remontage automatique Boîtier Or blanc Année de fabrication Circa 1980 Bracelet Couleur du bracelet Noir Type de fermoir Boucle ardillon Boîtier Étanche Non étanche Verre Verre minéral Matériau de la lunette Or blanc Diamètre 34mm * 37mm Calibre Calibre/Rouages K2120 Autres Seconde centrale Oui État d'origine/Pièces originale Oui",Pascal Karp,2026-07-24,False
"Heuer Chronographe Autavia ""Viceroy"" -1971- Réf.1163 Cal.Automatique Buren 12 Chrono-Matic  -1971-",Other,5100,https://pascalkarpwatchesexpertise.com/products/heuer-chronographe-autavia-viceroy-1971-ref-1163-cal-automatique-buren-12-chrono-matic-1971,https://cdn.shopify.com/s/files/1/0521/0429/8688/files/2026_07_20_HEUER_WEB-2772.jpg?v=1784891676,"Chronographe 2 compteurs Heuer Autavia ""Viceroy"" en acier inoxydable réf. 1163 équipé du calibre 12 Chrono-Matic (module chrono Dubois-Depraz), date en registre à 6 h, poussoirs du chrono et couronne de remontoir inversés, fonction addition des minutes (30 min), date à 6 heures, mouvement à remontage automatique. Cadran 2 tons en parfait état, index bâtons appliqués, boîtier tonneau (C shape) massif poli / brossé, 3 pièces fond vissé, lunette tournante bidirectionnelle tachymétrique, verre minéral. Dimensions : 42,5 mm (hors couronne et poussoirs) x 13,5 mm (verre compris) ; le mécanisme et la boîte sont signés et numérotés. Exemplaire en excellent état de conservation et parfait état de fonctionnement, révisé et contrôlé dans notre atelier. Détails de la montre Type de montre Montre Sexe Homme/Unisexe Marque Heuer Numéro de référence 1163 Modèle Chronographe Autavia ""Viceroy"" -1971- État Très bon Contenu livré Montre uniquement Mouvement Remontage automatique Boîtier Acier Année de fabrication 1971 Bracelet Couleur du bracelet Brun Type de fermoir Boucle ardillon Boîtier Étanche Non étanche Verre Verre minéral Diamètre 42mm * 13mm Calibre Calibre/Rouages Calibre 12 Base Calibre Buren Fonctions Chronographe Oui Date Oui Tachymètre Oui Autres État d'origine/Pièces originale Oui",Pascal Karp,2026-07-24,False
"Zenith Chronographe El Primero ""Disco Volante"" Or Jaune 18 Kts Circa 1970 Réf.G382 Cal.3019PHC -circa 1970-",Other,17500,https://pascalkarpwatchesexpertise.com/products/zenith-chronographe-el-primero-disco-volante-or-jaune-18-kts-circa-1970-ref-g382-cal-3019phc-circa-1970,https://cdn.shopify.com/s/files/1/0521/0429/8688/files/hlghlh.jpg?v=1786111764,"Chronographe Zenith El Primero « Disco Volante » en or jaune 18 carats, référence G382, produit en édition limitée à 250 exemplaires maximum entre 1969 et 1970. Équipé du calibre à remontage automatique 3019 PHC (36 000 alt/h) avec roue à colonnes, précision au 1/10 de seconde, fonctions totalisateur des heures et minutes (compteur 30 minutes) et date rapide en guichet à 4 h 30. Superbe cadran 2 tons avec sous-compteurs marron, index bâtons appliqués, tachymètre sur le réhaut. Boîtier massif 3 pièces « Disco Volante » à fond vissé, anses cylindriques de type « rouleaux » (« roller lugs »), poussoirs ronds. Dimensions : 40 mm (hors couronne et poussoirs) x 12 mm (verre compris). Cet élégant chronographe à été révisé par la maison Wempe le 23 janvier 2026. Garantie de 2 ans. Détails de la montre Type de montre Montre Sexe Homme/Unisexe Marque Zenith Numéro de référence G382 Modèle Chronographe El Primero ""Disco Volante"" Or Jaune 18 Kts Circa 1970 État Très bon Contenu livré Montre uniquement Mouvement Remontage automatique Boîtier Or jaune Année de fabrication circa 1970 Bracelet Couleur du bracelet Brun Type de fermoir Boucle ardillon Boîtier Étanche Non étanche Verre Plexiglas Matériau de la lunette Or jaune Diamètre 40mm * 12mm Calibre Calibre/Rouages El Primero 3019 PHC Base Calibre Manufacture Zenith Fonctions Chronographe Oui Date Oui Tachymètre Oui Autres État d'origine/Pièces originale Oui",Pascal Karp,2026-07-23,False
Zenith Chronographe El Primero TV-Screen Big Blue -1975- Réf. 01-0200-415 Cal.3019 PHC 36000 A/h -1975-,Other,4800,https://pascalkarpwatchesexpertise.com/products/zenith-chronographe-el-primero-tv-screen-big-blue-1975-ref-01-0200-415-cal-3019-phc-36000-a-h-1975,https://cdn.shopify.com/s/files/1/0521/0429/8688/files/2026_07_20_ZENITH_V2_WEB-2814.jpg?v=1784727797,"Chronographe Zenith El Primero « TV Screen » « Big Blue » à trois compteurs en acier inoxydable, réf. 01.0200.415. Équipé du calibre automatique 3019 PHC (36 000 alt/h) avec fonction date rapide et totalisateur 30 minutes. Cadran bleu bicolore à trois registres, réhaut avec échelle tachymétrique et guichet de date à 5 heures. Boîtier deux pièces à fond vissé, lunette polie miroir et poussoirs monoblocs. Monté sur un bracelet en acier inoxydable Zenith/NSA très confortable. Signé sur le boîtier et le mécanisme. Dimensions : 40 mm (hors couronne) x 44 mm (cornes incluses). Pièce rare, produite à 2 000 exemplaires, en parfait état de conservation et de fonctionnement, révisée dans notre atelier. Détails de la montre Type de montre Montre Sexe Homme/Unisexe Marque Zenith Numéro de référence 01-0200-415 Modèle Chronographe El Primero TV-Screen Big Blue -1975- État Très bon Contenu livré Montre uniquement Mouvement Remontage automatique Boîtier Acier Année de fabrication 1975 Bracelet Couleur du bracelet Acier Type de fermoir Double plis Boîtier Étanche Non étanche Verre Verre minéral Matériau de la lunette Acier Diamètre 40mm * 44mm Calibre Calibre/Rouages 3019 PHC (36 000 alt/h) Base Calibre Zenith Fonctions Chronographe Oui Date Oui Tachymètre Oui Autres État d'origine/Pièces originale Oui",Pascal Karp,2026-07-22,False
Movado Chronographe Datron Super Sub Sea HS 360  Cal. El Primero -1969- Réf.HS 360  Cal.3019 PHC Movado/Zenith El Primero -1970-,Other,5400,https://pascalkarpwatchesexpertise.com/products/movado-chronographe-datron-super-sub-sea-hs-360-cal-el-primero-1969-ref-hs-360-cal-3019-phc-movado-zenith-el-primero-1970,https://cdn.shopify.com/s/files/1/0521/0429/8688/files/2024_11_20_MOVADO_03.jpg?v=1754654710,"Chronographe 3 compteurs Movado Datron Sub Sea HS 360 équipé du calibre 3019 PHC Movado/Zenith El Primero fonction addition des heures et minutes, date rapide à 12h, mouvement à remontage automatique. Cadran original panda inversé en superbe état ""T SWISS T"" noir mat registres gris, indexes bâtons appliqués et aiguillage luminescents à l'origine, boitier coussin 3 pièces fond et couronne vissés, lunette crantée unidirectionnelle graduée bakélite en bon état. Dimensions 40 mm (hors couronne) x 44 mm (anses inclues), le mécanisme et la boite sont signés et numérotés .Article excellent état de conservation et parfait état de fonctionnement, révisé et contrôlé dans notre atelier. Service : 11/24, 2 ans de garantie. Détails de la montre Type de montre Montre Sexe Homme/Unisexe Marque Movado Numéro de référence HS 360 Modèle Chronographe Datron Super Sub Sea HS 360 Cal. El Primero -1969- État Très bon Contenu livré Montre uniquement Mouvement Remontage automatique Boîtier Acier Année de fabrication 1970 Bracelet Couleur du bracelet Noir Type de fermoir Boucle ardillon Boîtier Étanche Étanche à l'origine Verre Plexiglas Diamètre 40mm * 44mm Calibre Étanche Étanche à l'origine Verre Plexiglas Diamètre 40mm * 44mm Calibre/Rouages 3019 PHC Movado/Zenith El Primero Fonctions Chronographe Oui Date Oui Tachymètre Oui Autres Loquet à vis Oui État d'origine/Pièces originale Oui Couronne vissée Oui",Pascal Karp,2026-07-22,False
Movado Chronographe Super Sub Sea -1968- Réf.206-704-501 Cal.Zenith 146 HP -1968-,Other,9500,https://pascalkarpwatchesexpertise.com/products/movado-chronographe-super-sub-sea-1968-ref-206-704-501-cal-zenith-146-hp-1968,https://cdn.shopify.com/s/files/1/0521/0429/8688/files/2026_07_20_MOVADO_WEB-2910.jpg?v=1784725969,"Chronographe 3 compteurs Movado Super Sub Sea réf.206-704-501, en acier inoxydable. Calibre 146HP, fonction addition des heures et minutes (30 minutes), mouvement à remontage manuel. Cadran noir mat 2 tons, échelle tachymétrique sur le rehaut. Boîtier 3 pièces fond vissées, lunette bidirectionnelle graduée 60 minutes joliment patiné. Dimensions : 40.5 x mm x 13. 5 mm, mécanisme et boite signés et numérotés. Exemplaire en excellent état de conservation et parfait état de fonctionnement. Garantie 2 ans. Détails de la montre Type de montre Montre Sexe Homme/Unisexe Marque Movado Numéro de référence 206-704-501 Modèle Chronographe Super Sub Sea -1968- État Très bon Contenu livré Montre uniquement Mouvement Remontage manuel Boîtier Acier Année de fabrication 1968 Bracelet Largeur entrecorne 22 Couleur du bracelet Noir Type de fermoir Boucle ardillon Boîtier Étanche Non étanche Verre Plexiglas Diamètre 40.5mm * 13.5mm Calibre Calibre/Rouages Zenith 146 HP Fonctions Chronographe Oui Tachymètre Oui Autres Lunette tournante Oui État d'origine/Pièces originale Oui",Pascal Karp,2026-07-22,False
Porsche Design Orfina Chronographe Bund Circa 1980 Réf.7177 Cal. Lemania 5100  -1980-,Other,3800,https://pascalkarpwatchesexpertise.com/products/porsche-design-orfina-chronographe-bund-circa-1980-ref-7177-cal-lemania-5100-1980,https://cdn.shopify.com/s/files/1/0521/0429/8688/files/2026_07_16_PD_WEB-2727.jpg?v=1784374313,"Chronographe Porsche Design « Military » fabriqué par Orfina, référence 7177, en acier microbillé. Équipé du calibre automatique Lemania 5100, fonctions : chronographe (heures et minutes), indication du jour et de la date. Le cadran noir mat porte les inscriptions « Military », ainsi qu'une graduation 12 heures sur le réhaut. Boîtier en trois parties à fond vissé et immatriculé, verre minéral et bracelet « Bund » d'origine. Dimensions : 41 mm de diamètre (hors couronne) x 15 mm. Le mouvement et le boîtier sont signés et numérotés. Exemplaire en bon état, destiné à la Bundeswehr. Révisé en atelier, garantie de 2 ans. Détails de la montre Type de montre Montre Sexe Homme/Unisexe Marque Porsche Design Numéro de référence 7177 Modèle Orfina Chronographe Bund Circa 1980 État Bon Contenu livré Montre uniquement Mouvement Remontage automatique Boîtier Acier Année de fabrication 1980 Bracelet Couleur du bracelet Noir Type de fermoir Boucle ardillon Boîtier Étanche Non étanche Verre Verre minéral Diamètre 41mm * 15mm Calibre Calibre/Rouages Lemania 5100 Fonctions Chronographe Oui Date Oui Affichage des jours Oui Autres État d'origine/Pièces originale Oui",Pascal Karp,2026-07-18,False
"Breitling Navitimer Date ""Big Eyes"" -1972- Réf.7806 Cal.Valjoux 7740  -1972-",Other,5800,https://pascalkarpwatchesexpertise.com/products/breitling-navitimer-date-big-eyes-1972-ref-7806-cal-valjoux-7740-1972,https://cdn.shopify.com/s/files/1/0521/0429/8688/files/2026_07_16_BREITLING_WEB_V2-2691.jpg?v=1784210166,"Breitling Navitimer, référence 7806, circa 1972. Chronographe trois compteurs en acier inoxydable. Calibre Valjoux 7740 à remontage manuel, fonction addition des heures et minutes (30 min), date en registre à 4 h 30. Cadran « Big Eyes » tritium deux tons « Reverse Panda », logo « Twin Jet ». Trois registres, index et aiguilles luminescents à l’origine. Boîtier non poli à fond pressé, lunette bidirectionnelle servant de règle à calcul. Dimensions : 41 mm (hors couronne et poussoirs) x 46 mm (anses incluses). Mouvement et boîte signés et numérotés. Parfait état de fonctionnement. Révisée en atelier. Garantie 2 ans. Détails de la montre Type de montre Montre Sexe Homme/Unisexe Marque Breitling Numéro de référence 7806 Modèle Navitimer Date ""Big Eyes"" -1972- État Très bon Contenu livré Montre uniquement Mouvement Remontage manuel Boîtier Acier Année de fabrication 1972 Bracelet Couleur du bracelet Bleu Type de fermoir Double plis Boîtier Étanche Non étanche Verre Plexiglas Chiffres du cadran Arabes Matériau de la lunette Acier Diamètre 41mm * 14mm Calibre Calibre/Rouages Valjoux 7740 Fonctions Chronographe Oui Date Oui Autres État d'origine/Pièces originale Oui",Pascal Karp,2026-07-16,False
Helvetia Pilote Armée tchécoslovaque WWII circa 1940 Réf.7011 Cal.51S -Circa 1940-,Other,2400,https://pascalkarpwatchesexpertise.com/products/helvetia-pilote-armee-tchecoslovaque-wwii-circa-1940-ref-7011-cal-51s-circa-1940,https://cdn.shopify.com/s/files/1/0521/0429/8688/files/2026_05_04_HELVETIA_HD-2_bd2bc82f-595c-4a81-aaa8-c60452353d4f.jpg?v=1784116380,"Helvetia, montre de pilote modèle militaire de l'armée tchécoslovaque (Seconde Guerre mondiale, vers 1940). Boîtier en acier et laiton chromé, réf. 7011, équipé du calibre manufacture Helvetia 51S à remontage manuel. Cadran noir d'origine en excellent état avec chiffres arabes et aiguilles à l'origine luminescents. Boîtier massif de 40,5 mm (45 mm avec couronne) x 46 mm (anses incluses), structure en trois parties avec double fond à charnière et lunette tournante bidirectionnelle. Le mécanisme et le boîtier sont signés et numérotés. Article en excellent état, révisé dans notre atelier et garanti 2 ans. Détails de la montre Type de montre Montre Sexe Homme/Unisexe Marque Helvetia Numéro de référence 7011 Modèle Pilote Armée tchécoslovaque WWII circa 1940 État Très bon Contenu livré Montre uniquement Mouvement Remontage manuel Boîtier Acier Année de fabrication Circa 1940 Bracelet Couleur du bracelet Vert Type de fermoir Boucle ardillon Boîtier Étanche Non étanche Verre Verre minéral Chiffres du cadran Arabes Diamètre 40.5mm * 46mm Calibre Calibre/Rouages 51S Base Calibre Helvetia Autres État d'origine/Pièces originale Oui",Pascal Karp,2026-07-15,False
Omega Pocket 18K -1929- Réf.Na Cal.40.6L T2 17P -1929-,Other,4100,https://pascalkarpwatchesexpertise.com/products/omega-pocket-18k-1929-ref-na-cal-40-6l-t2-17p-1929,https://cdn.shopify.com/s/files/1/0521/0429/8688/files/azerty-823.jpg?v=1784101566,"Élégante montre de poche Omega en or jaune 18 ct. Équipée du calibre 40.6L T2 17P, avec réglage micrométrique signé et numéroté. Cadran en porcelaine en superbe état, chiffres Breguet et aiguilles de type poire, minuterie chemin de fer. Boîtier massif en trois parties, numéroté, signé et poinçonné 18 ct 0,750, avec fond à charnière. Dimensions : 45,5 mm x 12,5 mm (verre compris). Exemplaire en parfait état, révisé en atelier. Garantie de 2 ans. Détails de la montre Type de montre Montre Sexe Homme/Unisexe Marque Omega Numéro de référence Na Modèle Pocket 18K -1929- État Très bon Contenu livré Montre uniquement Mouvement Remontage manuel Boîtier Or jaune Année de fabrication 1929 Boîtier Étanche Non étanche Verre Plexiglas Chiffres du cadran Arabes Matériau de la lunette Or jaune Diamètre 45.5mm * 12.5mm Calibre 40.6L T2 17P Autres État d'origine/Pièces originale Oui",Pascal Karp,2026-07-14,False
Breitling Chronographe 37.5 mm- 1950 - Réf.765 Cal.Venus 178 -1950-,Other,4600,https://pascalkarpwatchesexpertise.com/products/breitling-chronographe-premier-37-5-mm-1950-ref-765-cal-venus-178-1950,https://cdn.shopify.com/s/files/1/0521/0429/8688/files/2026_08_10_BREITLING_WEB-4793.jpg?v=1786368395,"Grand chronographe Breitling Premier, référence 765, en acier inoxydable. Modèle équipé du calibre à remontage manuel Venus 178 avec roue à colonnes, fonctions chronographe, compteur 30 minutes et totalisateur d'heures. Cadran argenté avec chiffres arabes et échelle tachymétrique. Boîtier trois pièces non poli avec fond pressé, lunette lisse et poussoirs ronds (petit coup sur la couronne de remontoir). Dimensions : 37,5 mm (39,5 mm avec couronne et poussoirs) x 43 mm (anses incluses). Mouvement et boîte signés et numérotés. Bon état de conservation et parfait état de fonctionnement. Entretien réalisé en atelier. Garantie de 2 ans. Détails de la montre Type de montre Montre Sexe Homme/Unisexe Marque Breitling Numéro de référence 765 Modèle Chronographe « Premier » 37.5 mm- 1950 - État Bon Contenu livré Montre uniquement Mouvement Remontage manuel Boîtier Acier Année de fabrication 1950 Bracelet Couleur du bracelet Noir Type de fermoir Boucle ardillon Boîtier Étanche Non étanche Verre Plexiglas Chiffres du cadran Arabes Matériau de la lunette Acier Diamètre 37mm * 37mm Calibre Calibre/Rouages Venus 178 Fonctions Chronographe Oui Autres État d'origine/Pièces originale Oui",Pascal Karp,2026-07-06,False
Jaeger LeCoultre Calatrava Or Rose 18K Circa 1950 Réf.Na Cal.469/A -Circa 1950-,Other,5200,https://pascalkarpwatchesexpertise.com/products/jaeger-lecoultre-calatrava-or-rose-18k-circa1950-ref-na-cal-469-a-circa-1950,https://cdn.shopify.com/s/files/1/0521/0429/8688/files/2026_06_29_JAEGER_WEB-2.jpg?v=1783087725,"Élégante Jaeger-LeCoultre de type « Calatrava » en or rose 18 carats, équipée du très beau calibre LeCoultre 469/A avec petite seconde, mouvement à remontage manuel. Cadran crème, index flèches appliqués en or rose, aiguilles dauphines, beau boîtier massif à fond pressé, anses larges et lunette lisse. Dimensions : 33,5 mm (hors couronne) x 39,5 mm (anses incluses) ; le mécanisme et la boîte sont signés et numérotés. Article en excellent état de conservation et parfait état de fonctionnement, révisé et contrôlé dans notre atelier. 2 ans de garantie. Détails de la montre Type de montre Montre Sexe Homme/Unisexe Marque Jaeger LeCoultre Numéro de référence Na Modèle Calatrava Or Rose 18K Circa1950 État Très bon Contenu livré Montre uniquement Mouvement Remontage manuel Boîtier Or rose Année de fabrication Circa 1950 Bracelet Couleur du bracelet Brun Type de fermoir Boucle ardillon Boîtier Étanche Non étanche Verre Plexiglas Matériau de la lunette Or rose Diamètre 33.5mm * 39.5mm Calibre Calibre/Rouages 469/A Base Calibre Jaeger LeCoultre Autres État d'origine/Pièces originale Oui",Pascal Karp,2026-07-03,False
IWC Ingenieur Date Double Signature Turler Circa 1960,Other,8600,https://pascalkarpwatchesexpertise.com/products/iwc-ingenieur-date-double-signature-turler-circa-1960-ref-666ad-cal-c-8531-circa-1960,https://cdn.shopify.com/s/files/1/0521/0429/8688/files/2026_06_29_IWC_INGE_HD-2.jpg?v=1783861732,"Superbe IWC Ingenieur réf. 666 AD en acier, signée Türler. Équipée du mouvement automatique calibre C.8531 Pellaton, avec seconde centrale et date à 3 heures. Cadran tritium argenté, index bâtons appliqués et aiguilles dauphines. Boîtier trois pièces jamais poli avec fond vissé, cage antimagnétique en fer doux et lunette lisse. Dimensions : 36,5 mm (38,5 mm avec couronne) x 43 mm (cornes incluses). Mouvement et boîtier signés et numérotés. Pièce vintage en excellent état, entièrement révisée et contrôlée. Garantie de 2 ans. Détails de la montre Type de montre Montre Sexe Homme/Unisexe Marque IWC Numéro de référence 666AD Modèle Ingenieur Date Double Signature Turler Circa 1960 État Très bon Contenu livré Montre uniquement Mouvement Remontage automatique Boîtier Acier Année de fabrication Circa 1960 Bracelet Largeur entrecorne 18 Couleur du bracelet Noir Type de fermoir Boucle ardillon Boîtier Étanche Non étanche Verre Plexiglas Matériau de la lunette Acier Diamètre 36mm * 43mm Calibre Calibre/Rouages C.8531 Base Calibre IWC Fonctions Date Oui Autres Seconde centrale Oui État d'origine/Pièces originale Oui",Pascal Karp,2026-07-01,False
"Breitling Chronomètre SuperOcean  ""13e Régiment de Dragons Parachutistes"" N° 148/206 -2025-",Other,8500,https://pascalkarpwatchesexpertise.com/products/breitling-chronometre-superocean-13e-regiment-de-dragons-parachutistes-n-148-206-2025-ref-a17375-cal-breitling-17-2025,https://cdn.shopify.com/s/files/1/0521/0429/8688/files/2026_06_29_BREITLING_2_WEB-2402.jpg?v=1782905791,"Breitling Superocean, chronomètre de plongée en édition limitée pour le 13e régiment de dragons parachutistes (forces spéciales de l'armée de Terre), exemplaire n° 148/206. Référence A17375, équipé du calibre automatique Breitling 17. Cadran laqué noir doté d'index et d'aiguilles luminescents. Boîtier robuste avec fond et couronne vissés, lunette tournante unidirectionnelle en céramique, verre saphir et étanchéité jusqu'à 300 mètres. Dimensions : 42 mm (hors couronne) x 12,5 mm (verre inclus). Bracelet en caoutchouc noir avec boucle déployante à système de micro-ajustement. Le cadran et le fond de boîte portent l'insigne officiel du 13e RDP ; modèle strictement réservé aux membres de cette unité d'élite de la recherche aéroportée en profondeur. Livré avec son écrin et ses certificats d'origine, garantie 2 ans. Détails de la montre Type de montre Montre Sexe Homme/Unisexe Marque Breitling Numéro de référence A17375 Modèle Chronomètre SuperOcean ""13e Régiment de Dragons Parachutistes"" N° 148/206 -2025- État Jamais portée Contenu livré Montre avec coffret d'origine et papiers d'origine Mouvement Remontage automatique Boîtier Acier Année de fabrication 2025 Bracelet Couleur du bracelet Noir Type de fermoir Double plis Boîtier Étanche 30 ATM Verre Verre saphir Matériau de la lunette Céramique Diamètre 42mm * 12.5mm Calibre Calibre/Rouages Breitling 17 Autres Seconde centrale Oui Aiguilles luminescentes Oui Mise en circuit rapide Oui État d'origine/Pièces originale Oui Index luminescents Oui Couronne vissée Oui Chronomètre Oui",Pascal Karp,2026-07-01,False
Movado Zenith Calatrava Automatique -1974- Réf.010010100 Cal.10.1 Universal Genève -1974-,Other,1800,https://pascalkarpwatchesexpertise.com/products/movado-zenith-calatrava-automatique-1974-ref-010010100-cal-10-1-universal-geneve-1974,https://cdn.shopify.com/s/files/1/0521/0429/8688/files/2026_07_06_MOVADO_ZENITH_WEB-2463.jpg?v=1783351370,"Montre-bracelet Movado-Zenith de 1974 (groupe Mondia-Zenith-Movado), modèle type « Calatrava » en acier inoxydable, référence 01.0010.100. Elle est équipée du calibre automatique Universal Genève Microtor 10.1 avec seconde centrale et guichet de date à 16 h 30. Cadran argenté structuré, boîtier trois parties avec fond pressé et verre saphir. Dimensions : 35 mm (hors couronne) x 8 mm (verre inclus). Mécanisme et boîtier signés et numérotés. État proche du neuf de stock, révisée et contrôlée. Garantie de 2 ans. Détails de la montre Type de montre Montre Sexe Homme/Unisexe Marque Movado Numéro de référence 010010100 Modèle Zenith Calatrava Automatique -1974- État Très bon Contenu livré Montre uniquement Mouvement Remontage automatique Boîtier Acier Année de fabrication 1974 Bracelet Largeur entrecorne 18 Couleur du bracelet Noir Type de fermoir Boucle ardillon Boîtier Étanche Non étanche Verre Verre saphir Diamètre 35mm * 35mm Calibre Calibre/Rouages Universal Genève Microtor 10.1 Fonctions Date Oui Autres Seconde centrale Oui État d'origine/Pièces originale Oui",Pascal Karp,2026-06-30,False
Lemania Memomatic Alarm -1975- Réf.9751 Cal.Lemania 2980  -1975-,Other,3300,https://pascalkarpwatchesexpertise.com/products/lemania-memomatic-alarm-1975-ref-9751-cal-lemania-2980-1975,https://cdn.shopify.com/s/files/1/0521/0429/8688/files/2026_06_22_LEMANIA_WEB-2.jpg?v=1782305030,"Lemania Memomatic alarme en acier inoxydable, référence 9751. Mouvement automatique calibre Lemania 2980 avec fonction alarme, seconde centrale et date à 3 heures. Superbe cadran bleu 2 tons, index bâtons appliqués et aiguilles luminescentes. Indication de l'alarme via un disque central rotatif. Boîtier de forme tonneau en deux parties avec fond vissé. Dimensions : 39 mm (hors couronne et poussoir) x 43 mm (anses incluses). Mouvement et boîtier signés et numérotés. Montre révisée, en parfait état de fonctionnement et en état exceptionnel de conservation. Garantie de 2 ans. Détails de la montre Type de montre Montre Sexe Homme/Unisexe Marque Lemania Numéro de référence 9751 Modèle Memomatic Alarm -1975- État Très bon Contenu livré Montre uniquement Mouvement Remontage automatique Boîtier Acier Année de fabrication 1975 Bracelet Couleur du bracelet Bleu Type de fermoir Boucle ardillon Boîtier Étanche Non étanche Verre Matière plastique Diamètre 39mm * 43mm Calibre Calibre/Rouages Lemania 2980 Fonctions Date Oui Réveil Oui Autres État d'origine/Pièces originale Oui Seconde centrale Oui",Pascal Karp,2026-06-24,False
Longines Chronographe Flyback Mono-poussoir Or Jaune 18k -1936- Réf.3886 Cal.13ZN -1936-,Other,16500,https://pascalkarpwatchesexpertise.com/products/longines-chronographe-flyback-mono-poussoir-or-jaune-18k-1936-ref-3886-cal-13zn-1936,https://cdn.shopify.com/s/files/1/0521/0429/8688/files/2026_06_22_LONGINES_WEB-2_a76d1e1c-7500-4fa2-9ddc-67a1b274f8ba.jpg?v=1782301757,"Rarissime chronographe monopoussoir Longines, circa 1936, en or jaune 18 carats, équipé du calibre Longines 13ZN, fonctions « flyback » (retour en vol), addition des minutes (30 minutes), mouvement à remontage manuel. Cadran sectoriel argenté, index bâton et chiffres arabes, minuterie chemin de fer (60 min), échelle télémétrique extérieure (km/h), échelle tachymétrique intérieure, aiguilles « feuilles » en acier bleui. Boîtier 3 pièces, fond pressé, anses mobiles, couronne de remontoir en or, poinçons Grand Helvetia 0,750. Dimensions : 34 mm (hors couronne et poussoir) x 12 mm (verre compris) ; le mécanisme et la boîte sont signés et numérotés. Cet exemplaire est présenté dans le livre « Longines Watches » de John Goldberger et dans « I Cronografi da Polso » de Paul White. Ce superbe chronographe est dans un en état exceptionnel de conservation et de fonctionnement. Détails de la montre Type de montre Montre Sexe Homme/Unisexe Marque Longines Numéro de référence 3886 Modèle Chronographe Flyback Mono-poussoir Or Jaune 18k -1936- État Bon Contenu livré Montre uniquement Mouvement Remontage manuel Boîtier Or jaune Année de fabrication 1936 Bracelet Couleur du bracelet Noir Type de fermoir Boucle ardillon Boîtier Étanche Non étanche Verre Matière plastique Chiffres du cadran Arabes Matériau de la lunette Or jaune Diamètre 34mm * 12mm Calibre Calibre/Rouages 13ZN Base Calibre Longines Fonctions Chronographe Oui Tachymètre Oui Autres État d'origine/Pièces originale Oui",Pascal Karp,2026-06-24,False
Ulysse Nardin GMT +/- Perpetual Or Rose 18K -2022- Réf.322-66 Cal.UN-32 -2022-,Other,17500,https://pascalkarpwatchesexpertise.com/products/ulysse-nardin-gmt-perpetual-or-rose-18k-2022-ref-322-66-cal-un-32-2022,https://cdn.shopify.com/s/files/1/0521/0429/8688/files/2026_06_22_ULYSSE_NARDIN_HD-2.jpg?v=1782226578,"Ulysse Nardin Perpetual Manufacture, édition limitée à 250 pièces (003/250) en or rose 18 ct, à calendrier perpétuel et fonction GMT, référence 322-10, équipée du calibre UN-32 : fonctions grande date à double guichet, jour de la semaine, mois et indication complète de l'année à deux chiffres, second fuseau horaire (GMT), mouvement à remontage automatique certifié chronomètre COSC. Cadran argenté finement guilloché. Boîtier : 43 mm de diamètre en or rose 18 carats avec un fond d'exposition en verre saphir. Boucle déployante en or rose et bracelet alligator d'origine. Contrôlée en atelier, 2 ans de garantie. Détails de la montre Type de montre Montre Sexe Homme/Unisexe Marque Ulysse Nardin Numéro de référence 322-66 Modèle GMT +/- Perpetual Or Rose 18K -2022- État Très bon Contenu livré Montre uniquement Mouvement Remontage automatique Boîtier Or rose Année de fabrication 2022 Bracelet Couleur du bracelet Brun Type de fermoir Double plis Boîtier Étanche 3 ATM Verre Verre saphir Matériau de la lunette Or rose Diamètre 43mm * 43mm Calibre Étanche 3 ATM Verre Verre saphir Matériau de la lunette Or rose Diamètre 43mm * 43mm Calibre/Rouages UN-32 Base Calibre Ulysse Nardin Fonctions Date Oui Affichage des jours Oui Affichage des mois Oui Affichage des années Oui Calendrier perpétuel Oui GMT Oui Autres Mise en circuit rapide Oui",Pascal Karp,2026-06-23,False
Jaeger LeCoultre Tank Voguematic Or Jaune 18K -1968- Réf.22004 Cal. 832  -1968-,Other,5200,https://pascalkarpwatchesexpertise.com/products/jaeger-lecoultre-tank-voguematic-or-jaune-18k-1968-ref-22004-cal-832-1968,https://cdn.shopify.com/s/files/1/0521/0429/8688/files/lijliu.jpg?v=1781881802,"Élégante Jaeger-LeCoultre type Tank en or jaune 18 carats équipée du calibre 832, mouvement à remontage automatique. Cadran laqué noir, index bâtons appliqués, boîtier 2 pièces, fond pressé. Dimensions : 37 mm (hors couronne) x 19 mm x hauteur : 6,3 mm ; le mécanisme et la boîte sont signés et numérotés. Article rare en parfait état de conservation et de fonctionnement, révisé et contrôlé dans notre atelier. 2 ans de garantie. Détails de la montre Type de montre Montre Sexe Homme/Unisexe Marque Jaeger LeCoultre Numéro de référence 22004 Modèle Tank Voguematic Or Jaune 18K -1968- État Très bon Contenu livré Montre uniquement Mouvement Remontage automatique Boîtier Or jaune Année de fabrication 1968 Bracelet Couleur du bracelet Noir Type de fermoir Boucle ardillon Boîtier Étanche Non étanche Verre Plexiglas Diamètre 37mm * 19mm Calibre Calibre/Rouages 822 Base Calibre Jaeger LeCoultre Autres État d'origine/Pièces originale Oui",Pascal Karp,2026-06-19,False
Breitling Navitimer Big Eyes -1967- Réf.806 Cal.Venus 178 -1967-,Other,5800,https://pascalkarpwatchesexpertise.com/products/breitling-navitimer-big-eyes-1967-ref-806-cal-venus-178-1967,https://cdn.shopify.com/s/files/1/0521/0429/8688/files/Sanstitre_ee54efbd-882e-4eb4-a5f4-fc7aa3dbdc33.jpg?v=1783004176,"Breitling Navitimer, référence 806 circa 1967. Chronographe trois compteurs en acier inoxydable plaqué or jaune 20 microns. Calibre Venus 178 à remontage manuel, fonction addition des heures et minutes (30 min). Chronographe à roue à colonne. Cadran « Big Eyes » tritium deux tons « Reverse Panda », logo « Twin Jet ». Trois registres, index et aiguilles luminescents à l’origine. Boîtier non poli à fond pressé, lunette bidirectionnelle servant de règle à calcul. Dimensions : 41 mm (hors couronne et poussoirs) x 46 mm (anses incluses). Mouvement et boîte signés et numérotés. Parfait état de fonctionnement. Révisée en atelier. Garantie 2 ans. Détails de la montre Type de montre Montre Sexe Homme/Unisexe Marque Breitling Numéro de référence 806 Modèle Navitimer Big Eyes -1967- État Très bon Contenu livré Montre uniquement Mouvement Remontage manuel Boîtier Acier Année de fabrication 1967 Bracelet Couleur du bracelet Noir Type de fermoir Boucle ardillon Boîtier Étanche Non étanche Verre Plexiglas Diamètre 41mm * 46mm Calibre Calibre/Rouages Venus 178 Fonctions Chronographe Oui Autres État d'origine/Pièces originale Oui",Pascal Karp,2026-06-19,False
Breitling Premier Force aérienne belge (F.Aé.) -1960- Réf.777 Cal.Venus 178 -1960-,Other,4800,https://pascalkarpwatchesexpertise.com/products/breitling-premier-force-aerienne-belge-f-ae-1960-ref-777-cal-venus-178-1960,https://cdn.shopify.com/s/files/1/0521/0429/8688/files/2026_06_16_BREITLING_2_WEB-2.jpg?v=1781698374,"Breitling, chronographe militaire 2 compteurs en acier inoxydable, réf. 777, produit à 412 exemplaires pour la Force aérienne belge (F.Aé.), calibre Venus 175, fonction addition des minutes (45 min), mouvement à remontage manuel avec enclenchement du chrono par une roue à colonnes. Cadran original argenté joliment patiné, chiffres arabes et aiguillage luminescents à l'origine, boîtier non poli 2 pièces à fond vissé, lunette lisse. Dimensions : 37,5 mm (40 mm couronne comprise) x 45 mm (anses incluses) ; le mécanisme et la boîte sont signés et numérotés, ce chronographe est immatriculé au dos « F.Aé. - L.M. ». Article rare, révisé dans notre atelier, garantie de 2 ans. Détails de la montre Type de montre Montre Sexe Homme/Unisexe Marque Breitling Numéro de référence 777 Modèle Premier Force aérienne belge (F.Aé.) -1960- État Bon Contenu livré Montre uniquement Mouvement Remontage manuel Boîtier Acier Année de fabrication 1960 Bracelet Couleur du bracelet Noir Type de fermoir Boucle ardillon Boîtier Étanche Non étanche Verre Plexiglas Chiffres du cadran Arabes Matériau de la lunette Acier Diamètre 37.5mm * 37.5mm Calibre Calibre/Rouages Venus 178 Fonctions Chronographe Oui Autres État d'origine/Pièces originale Oui",Pascal Karp,2026-06-17,False
Rolex Chronomètre Oyster Perpetual Semi-Bubble Back Or Jaune 18k -1952- Réf.6084 Cal.645 -1952-,Other,7000,https://pascalkarpwatchesexpertise.com/products/rolex-chronometre-oyster-perpetual-semi-bubble-back-or-jaune-18k-1952-ref-6084-cal-645-1952,https://cdn.shopify.com/s/files/1/0521/0429/8688/files/2026_06_16_ROLEX_WEB-2.jpg?v=1781696556,"Rolex Oyster Perpetual « Semi-Bubble Back », circa 1952. Chronomètre en or jaune 18 ct, référence 6084. Calibre Rolex 645, secondes au centre, spiral Breguet, mouvement à remontage automatique. Cadran texturé « nid d’abeille » joliment patiné, index flèche appliqués, aiguilles dauphines. Boîtier Oyster 2 pièces, fond et couronne vissés, lunette fixe. Dimensions : 34 mm (hors couronne) x 40 mm (anses incluses). Mécanisme et boîte signés et numérotés. Excellent état de conservation et de fonctionnement. Révisée dans notre atelier. Garantie 2 ans. Détails de la montre Type de montre Montre Sexe Homme/Unisexe Marque Rolex Numéro de référence 6084 Modèle Chronomètre Oyster Perpetual Semi-Bubble Back Or Jaune 18k -1952- État Excellent Contenu livré Montre uniquement Mouvement Remontage automatique Boîtier Or jaune 18k Année de fabrication 1952 Bracelet Couleur du bracelet Noir Type de fermoir Boucle ardillon Boîtier Étanche Non étanche Verre Plexiglas Matériau de la lunette Or jaune Diamètre 34mm * 38mm Calibre Calibre/Rouages 645 Base Calibre Rolex Autres Seconde centrale Oui Couronne vissée Oui État d'origine/Pièces originale Oui Chronomètre Oui",Pascal Karp,2026-06-17,False
Rolex GMT MASTER MK 5 Pepsi -1979- Réf.1675 Cal.1570  -1979-,Other,15300,https://pascalkarpwatchesexpertise.com/products/rolex-gmt-master-mk-5-pepsi-1979-ref-1675-cal-1570-1979,https://cdn.shopify.com/s/files/1/0521/0429/8688/files/azerty-811.jpg?v=1781857567,"Rolex GMT-Master « Pepsi » circa 1979, chronomètre automatique en acier inoxydable, référence 1675, calibre manufacture 1570, fonction GMT pour un second fuseau horaire, date en registre à 3 h, trotteuse centrale, mouvement à remontage automatique. Cadran noir mat Mk 5 Swiss-T&lt;25, index et aiguilles luminescents à l’origine. Boîtier Oyster de 40 mm, lunette tournante bidirectionnelle 2 tons, graduée 24 h, couronne et fond vissés. Bracelet Oyster en acier n° 62523 H, 12 maillons. Exemplaire en excellent état de conservation et parfait état de fonctionnement, contrôlé en atelier. 2 ans de garantie. Détails de la montre Type de montre Montre Sexe Homme/Unisexe Marque Rolex Numéro de référence 1675 Modèle GMT MASTER MK 5 Pepsi -1979- État Très bon Contenu livré Montre avec coffret d'origine Mouvement Remontage automatique Boîtier Acier Année de fabrication 1979 Bracelet Couleur du bracelet Acier Type de fermoir Double plis Boîtier Étanche Étanche à l'origine Verre Plexiglas Diamètre 40mm * 40mm Calibre Étanche Étanche à l'origine Verre Plexiglas Diamètre 40mm * 40mm Calibre/Rouages 1570 Base Calibre Rolex Fonctions Date Oui GMT Oui Autres Seconde centrale Oui Couronne vissée Oui Lunette tournante Oui État d'origine/Pièces originale Oui",Pascal Karp,2026-06-16,False
Vacheron Constantin Montre De Poche 34 mm Or Jaune 18k -1960- Réf.1024 Cal.K1001/2 -Circa 1960-,Other,4600,https://pascalkarpwatchesexpertise.com/products/vacheron-constantin-montre-de-poche-34-mm-or-jaune-18k-1960-ref-1024-cal-k1001-2-circa-1960,https://cdn.shopify.com/s/files/1/0521/0429/8688/files/su.jpg?v=1781345146,"Montre de poche Vacheron & Constantin, référence 1024, en or jaune 18 carats (0,750). Modèle équipé d'un mouvement à remontage manuel, calibre K1001/2. Cadran texturé lin, index et aiguilles en or jaune, boîtier deux pièces. Dimensions : 34 mm de diamètre et 5 mm d'épaisseur (verre inclus). Le mécanisme et le boîtier sont signés et numérotés. Cette jolie montre de poche est en parfait état de conservation et de fonctionnement, révisée dans notre atelier. Garantie de 2 ans. Détails de la montre Type de montre Montre de poche Sexe Homme/Unisexe Marque Vacheron Constantin Numéro de référence 1024 Modèle Montre De Poche 34 mm Or Jaune 18k -1960- État Très bon Contenu livré Montre uniquement Mouvement Remontage manuel Boîtier Or jaune 18k Année de fabrication Circa 1960 Verre Plexiglas Diamètre 34mm * 34mm Calibre Calibre/Rouages K1001/2 Autres État d'origine/Pièces originale Oui",Pascal Karp,2026-06-13,False
"Longines WWII Greenlander ""Dirty Dozen"" -1945-  Réf.23088 Cal.12.68 Z  -1945-",Other,7800,https://pascalkarpwatchesexpertise.com/products/longines-wwii-greenlander-dirty-dozen-1945-ref-23088-cal-12-68-z-1946,https://cdn.shopify.com/s/files/1/0521/0429/8688/files/2026_01_12_LONGINES_WEB-2_1ae451ea-6329-4576-a337-bf7c5a92610b.jpg?v=1781276423,"Montre militaire Longines, destinée à l'armée britannique circa 1945, en acier inoxydable. Réf. 23088. Calibre 12.68Z à remontage manuel. Cadran radium original ""Broad Arrow"" patiné, chiffres arabes, aiguilles cathédrale. Boîtier WWW (Watch, Wrist, Waterproof) non poli, fond vissé. Marquages, immatriculation et numéros de production à l'intérieur et à l'extérieur du fond de boîtier. Dimensions : 37,5 mm (hors couronne) x 37,5 mm. Boîtier et mécanisme signés et numérotés. Excellent état de conservation et parfait état de fonctionnement. Garantie de 2 ans. Détails de la montre Type de montre Montre Sexe Homme/Unisexe Marque Longines Numéro de référence 23088 Modèle WWII Greenlander ""Dirty Dozen"" -1945- État Bon Contenu livré Montre uniquement Mouvement Remontage manuel Boîtier Acier Année de fabrication 1945 Bracelet Couleur du bracelet Noir Type de fermoir Boucle ardillon Boîtier Étanche Non étanche Verre Plexiglas Chiffres du cadran Arabes Diamètre 37.5mm * 37.5mm Calibre Calibre/Rouages 12.68Z Base Calibre longines Autres Petite seconde Oui État d'origine/Pièces originale Oui",Pascal Karp,2026-06-12,False
Minerva Chronographe Acier Inoxydable Circa 1945 Réf.1335 Cal.13-20 -Circa 1945-,Other,4400,https://pascalkarpwatchesexpertise.com/products/minerva-chronographe-acier-inoxydable-circa-1945-ref-1335-cal-13-20-circa-1945,https://cdn.shopify.com/s/files/1/0521/0429/8688/files/2026_06_08_MINERVA_WEB-2.jpg?v=1781097157,"Chronographe Minerva 2 compteurs en acier inoxydable, équipé du calibre à remontage manuel 13-20 avec roue à colonne et totalisateur 30 minutes. Cadran radium argenté très joliment patiné, chiffres arabes aiguilles seringues. Boîtier waterproof trois corps, non poli, fond vissé, lunette lisse, poussoir ronds. Dimensions : 34 mm (hors couronne) x 41 mm (anses comprises). Superbe chronographe vintage, en excellent état de conservation et en parfait état de fonctionnement, révisé dans notre atelier. Garantie de 2 ans. Détails de la montre Type de montre Montre Sexe Homme/Unisexe Marque Minerva Numéro de référence 1335 Modèle Chronographe Acier Inoxydable Circa 1945 État Bon Contenu livré Montre uniquement Mouvement Remontage automatique Boîtier Acier Année de fabrication Circa 1945 Bracelet Largeur entrecorne 18 Couleur du bracelet Noir Type de fermoir Boucle ardillon Boîtier Étanche Non étanche Verre Plexiglas Chiffres du cadran Arabes Diamètre 34mm * 42mm Calibre Calibre/Rouages 13-20 Base Calibre Minerva Fonctions Chronographe Oui Autres État d'origine/Pièces originale Oui",Pascal Karp,2026-06-10,False
Omega Speedmaster Mark II -1975- Réf.145014 Cal.861 -1975-,Other,2900,https://pascalkarpwatchesexpertise.com/products/omega-speedmaster-mark-ii-1975-ref-145014-cal-861-1975,https://cdn.shopify.com/s/files/1/0521/0429/8688/files/2026_06_08_OMEGA_SPEEDMASTER_WEB-2.jpg?v=1781018179,"Chronographe vintage Omega Speedmaster Professional Mark II, référence 145.014. Boîtier tonneau en acier inoxydable. Mouvement mécanique à remontage manuel calibre 861 sur base Lemania 1873. Cadran noir tricompax, échelle tachymétrique sous verre. Fond vissé (présentant de légères marques). Mouvement et boîtier signés et numérotés. Bracelet acier d'origine en excellent état. Dimensions : 42 mm (hors couronne) x 44 mm (entre-cornes) x 15 mm (épaisseur). État de conservation et de fonctionnement Excellent. Révision et contrôle en atelier. Garantie 2 ans. Détails de la montre Type de montre Montre Sexe Homme/Unisexe Marque Omega Numéro de référence 145014 Modèle Speedmaster Mark II -1975- État Très bon Contenu livré Montre uniquement Mouvement Remontage manuel Boîtier Acier Année de fabrication 1975 Bracelet Couleur du bracelet Acier Type de fermoir Double plis Boîtier Étanche Non étanche Verre Verre minéral Diamètre 42mm * 44mm Calibre Calibre/Rouages 861/Lemania 1873 Fonctions Chronographe Oui Autres État d'origine/Pièces originale Oui",Pascal Karp,2026-06-09,False
Heuer Chronographe Pilote -1983-  Réf.230.006 Cal.185/ETA 555.112 -1983-,Other,3100,https://pascalkarpwatchesexpertise.com/products/heuer-chronographe-pilote-1983-ref-230-006-cal-185-eta-555-112-1983,https://cdn.shopify.com/s/files/1/0521/0429/8688/files/2026_06_08_HEUER_QUARTZ_WEB-2.jpg?v=1781000142,"Chronographe Heuer Pilot réf. 230.006 en acier inoxydable, équipé du calibre 185/ETA 555.112 : fonctions addition des heures et minutes (30 min), date rapide à 3 h, mouvement hybride « méca-quartz », module mécanique du chrono Dubois Dépraz 2000. Cadran gris, index et aiguillage luminescents, boîtier massif poli-brossé, verre saphir. La lunette tournante bidirectionnelle noire et crantée intègre une règle à calcul ; dimensions : 42 mm (hors couronne et poussoirs) x 13 mm (verre compris). Bracelet, boîtier et mouvement signés et numérotés. Ce chronographe était destiné à l'US Army. Les versions « Heuer-only » sont antérieures au rachat de l'entreprise par le groupe TAG et sont considérées comme rares. Exemplaire en parfait état de conservation et de fonctionnement, révisé dans notre atelier. Garantie de 2 ans. Détails de la montre Type de montre Montre Sexe Homme/Unisexe Marque Heuer Numéro de référence 230.006 Modèle Chronographe Pilote -1983- État Très bon Contenu livré Montre uniquement Mouvement Quartz Boîtier Acier Année de fabrication 1983 Bracelet Couleur du bracelet Acier Type de fermoir Double plis Boîtier Étanche Étanche à l'origine Verre Verre saphir Diamètre 42mm * 13mm Calibre Calibre/Rouages 185 Base Calibre ETA 555.112 Fonctions Chronographe Oui Date Oui Tachymètre Oui Autres État d'origine/Pièces originale Oui",Pascal Karp,2026-06-09,False
Seiko Pogue Réf.6139-6002 Cal.6139 -1973-,Other,1800,https://pascalkarpwatchesexpertise.com/products/seiko-pogue-ref-6139-6002-cal-6139-1973,https://cdn.shopify.com/s/files/1/0521/0429/8688/files/2026_02_16_SEIKO_WEB-2copie.jpg?v=1771329240,"Chronographe vintage Seiko ""Pogue"" en acier inoxydable, référence 6139-6002. Calibre Seiko R6139 à remontage automatique. Fonctions : addition des minutes (jusqu'à 30 minutes), indication du jour et de la date. Cadran orange en excellent état, indexes et aiguilles luminescents. Boîtier massif en trois pièces, fond vissé, lunette tournante intérieure graduée sur 60 minutes, lunette tachymétrique fixe ""Pepsi"" (bleu et rouge). Verre minéral, étanche, bracelet d'origine en acier inoxydable (léger coup sur la boucle). Dimensions : 41 mm (hors couronne et poussoirs) x 46 mm x 14 mm (verre inclus). Mouvement et boîte signés et numérotés. Exemplaire en parfait état de conservation et de fonctionnement, révisé et contrôlé en atelier. Garantie 2 ans. Détails de la montre Type de montre Montre Sexe Homme/Unisexe Marque Seiko Numéro de référence 6139-6002 Modèle Pogue État Très bon Contenu livré Montre uniquement Mouvement Remontage automatique Boîtier Acier Année de fabrication 1973 Bracelet Couleur du bracelet Acier Type de fermoir Double plis Boîtier Étanche Non étanche Verre Verre minéral Matériau de la lunette Acier Diamètre 41mm * 14mm Calibre Calibre/Rouages R6139 Base Calibre Seiko Fonctions Date Oui Affichage des jours Oui Tachymètre Oui Autres Seconde centrale Oui État d'origine/Pièces originale Oui",Pascal Karp,2026-06-08,False
"Porsche Design Orfina Chronographe ""Military Bund 3H"" NOS -1990- Réf.7177 Cal. Lemania 5100 -1990-",Other,5500,https://pascalkarpwatchesexpertise.com/products/porsche-design-orfina-chronographe-military-bund-3h-nos-1990-ref-7177-cal-lemania-5100-1990,https://cdn.shopify.com/s/files/1/0521/0429/8688/files/2026_06_01_PORSHE_DESIGN_WEB-2.jpg?v=1780653721,"Chronographe Porsche Design « Military » fabriqué par Orfina, référence 7177, en acier avec revêtement PVD vert olive. Équipé du calibre automatique Lemania 5100 fonctions : chronographe (heures et minutes), indication du jour et de la date, et second fuseau horaire (GMT). Le cadran noir mat porte les inscriptions « Military » et « 3H » en rouge, signalant la présence de tritium, ainsi qu'une graduation 12 heures sur le réhaut. Boîtier en trois parties à fond vissé, verre minéral et bracelet « Bund » d'origine. Dimensions : 41 mm de diamètre (hors couronne) x 15 mm. Le mouvement et le boîtier sont signés et numérotés. Ce modèle est issu d'un ancien stock (NOS), destiné à la Bundeswehr. Révisé en atelier, garantie de 2 ans. Détails de la montre Type de montre Montre Sexe Homme/Unisexe Marque Porsche Design Numéro de référence 7177 Modèle Orfina Chronographe ""Military Bund 3H"" NOS -1990- État Jamais portée Contenu livré Montre avec coffret d'origine Mouvement Remontage automatique Boîtier Acier Année de fabrication 1990 Bracelet Couleur du bracelet Vert Type de fermoir Boucle ardillon Boîtier Étanche Non étanche Verre Verre minéral Diamètre 41mm * 41mm Calibre Calibre/Rouages Lemania 5100 Fonctions Date Oui Affichage des jours Oui Chronographe Oui Autres État d'origine/Pièces originale Oui Aiguilles luminescentes Oui",Pascal Karp,2026-06-05,False
Ulysse Nardin Chronographe Calendrier Or Rose 18K Circa 1990 Réf.531-22 Cal.Ulysse Nardin 612 (base Lemania 2612) -Circa 1990-,Other,14500,https://pascalkarpwatchesexpertise.com/products/ulysse-nardin-chronographe-calendrier-or-rose-18k-circa-1990-ref-531-22-cal-ulysse-nardin-612-base-lemania-2612-circa-1990,https://cdn.shopify.com/s/files/1/0521/0429/8688/files/2026_06_01_ULYSSE_NARDIN_WEB-2.jpg?v=1780500526,"Ulysse Nardin, élégant chronographe calendrier phases de lune en or rose 18k, référence 531-22, équipé du calibre Ulysse Nardin 612 (base Lemania 2612) ; fonctions : addition des heures et minutes, compteur de date à 12 h, phases de lune, mouvement à remontage manuel (aussi utilisé par la manufacture Patek Philippe). Cadran crème 2 tons, index et aiguillage en or 18k, tachymètre sur le rehaut. Boîtier massif 3 pièces, fond transparent, lunette lisse, poussoirs en or rose 18k ; dimensions : 39 mm (hors couronne) x 12 mm (verre compris). Cadran, boîtier et mouvement signés. Chronographe en superbe état de conservation et parfait état de fonctionnement, révisé dans notre atelier. 2 ans de garantie. Détails de la montre Type de montre Montre Sexe Homme/Unisexe Marque Ulysse Nardin Numéro de référence 531-22 Modèle Chronographe Calendrier Or Rose 18K Circa 1990 État Très bon Contenu livré Montre uniquement Mouvement Remontage manuel Boîtier Or rose Année de fabrication Circa 1990 Bracelet Couleur du bracelet Noir Type de fermoir Boucle ardillon Boîtier Étanche Non étanche Verre Verre saphir Matériau de la lunette Or rose Diamètre 39mm * 12mm Calibre Calibre/Rouages Ulysse Nardin 612 Base Calibre Lemania 2612 Fonctions Chronographe Oui Date Oui Autres État d'origine/Pièces originale Oui",Pascal Karp,2026-06-03,False
Jaeger LeCoultre Military Acier Inoxydable -1947- Réf.E159  Cal.P478  -1947-,Other,3300,https://pascalkarpwatchesexpertise.com/products/jaeger-lecoultre-military-acier-inoxydable-1947-ref-e159-cal-p478-1947,https://cdn.shopify.com/s/files/1/0521/0429/8688/files/2026_06_01_JAEGER_2_WEB-2copie.jpg?v=1780668155,"Montre Jaeger-LeCoultre modèle « Calatrava » d’inspiration militaire en acier inoxydable, référence E159. Équipée du calibre à remontage manuel P478 avec trotteuse centrale. Cadran bicolore joliment patiné, chiffres arabes et aiguilles glaive (radium), minuterie chemin de fer. Boîtier en deux parties avec fond pressé. Dimensions : 32 mm x 39 mm (anses incluses). Le mouvement et le boîtier sont signés et numérotés. Pièce rare en très bon état de conservation, en parfait état de fonctionnement, révisée et contrôlée dans notre atelier. Garantie de 2 ans. Détails de la montre Type de montre Montre Sexe Homme/Unisexe Marque Jaeger LeCoultre Numéro de référence E159 Modèle Military Acier Inoxydable -1947- État Très bon Contenu livré Montre uniquement Mouvement Remontage manuel Boîtier Acier Année de fabrication 1947 Bracelet Couleur du bracelet Noir Type de fermoir Boucle ardillon Boîtier Étanche Non étanche Verre Plexiglas Chiffres du cadran Arabes Diamètre 32mm * 39mm Calibre Étanche Non étanche Verre Plexiglas Chiffres du cadran Arabes Diamètre 32mm * 39mm Calibre/Rouages P478 Base Calibre Jaeger LeCoultre Autres Seconde centrale Oui État d'origine/Pièces originale Oui",Pascal Karp,2026-06-02,False
Universal Genève Chronographe Mono-Poussoir 39.5 mm  Or Jaune 18k Circa 1935,Other,7800,https://pascalkarpwatchesexpertise.com/products/universal-geneve-chronographe-mono-poussoir-39-5-mm-or-jaune-18k-circa-1935-ref-na-cal-martel-watch-co-16-3-4-universal-339-circa-1935,https://cdn.shopify.com/s/files/1/0521/0429/8688/files/2026_06_01_UG_WEB-2copie.jpg?v=1780396508,"Chronographe mono-poussoir Universal Watch (devenue Universal Genève après 1937) en or jaune 18k. Grand modèle équipé du calibre Universal 339 (Martel Watch Co 16 3/4), mouvement à remontage manuel avec fonction addition des minutes (30 minutes) et déclenchement par roue à colonne. Cadran émaillé avec échelle tachymétrique en colimaçon au centre, chiffres et aiguilles de style Breguet. Boîtier massif en deux parties avec fond à charnière et poussoir de type olive à 2 heures. Dimensions : 39,5 mm (44 mm avec couronne) x 44,5 mm (anses incluses). Le mouvement et le boîtier sont signés et numérotés. Pièce rare en très bon état de conservation, entièrement révisée et contrôlée dans notre atelier. Vendue avec une garantie de 2 ans. Détails de la montre Type de montre Montre Sexe Homme/Unisexe Marque Universal Genève Numéro de référence NA Modèle Chronographe Mono-Poussoir 39.5 mm Or Jaune 18k Circa 1935 État Très bon Contenu livré Montre uniquement Mouvement Remontage manuel Boîtier Or jaune Année de fabrication Circa 1935 Bracelet Couleur du bracelet Noir Type de fermoir Boucle ardillon Boîtier Étanche Non étanche Verre Plexiglas Chiffres du cadran Arabes Diamètre 39.5mm * 39.5mm Calibre Calibre/Rouages Universal 339 Base Calibre Martel Watch Co 16 3/4 Fonctions Chronographe Oui Autres État d'origine/Pièces originale Oui",Pascal Karp,2026-06-02,False
Jaeger LeCoultre Master Mariner Acier Inoxydable -1971- Réf.E557/1 Cal.883 -1971-,Other,3800,https://pascalkarpwatchesexpertise.com/products/jaeger-lecoultre-master-mariner-acier-inoxydable-1971-ref-e557-1-cal-883-1971,https://cdn.shopify.com/s/files/1/0521/0429/8688/files/azerty-809.jpg?v=1779806517,"Montre Jaeger-LeCoultre Master Mariner, référence E557/1, en acier inoxydable. Mouvement automatique, calibre 883. Fonctions : date et seconde centrale. Cadran gris bicolore avec index appliqués verticaux et signature à 9h. Boîtier en trois parties avec fond vissé, lunette lisse et verre acrylique. Dimensions : 34,5 mm hors couronne 40 mm avec cornes. Mouvement et boîtier signés et numérotés. État : peu portée, fonctionnement contrôlé. Garantie : 2 ans. Détails de la montre Type de montre Montre Sexe Homme/Unisexe Marque Jaeger LeCoultre Numéro de référence E557/1 Modèle Master Mariner Acier Inoxydable -1971- État Très bon Contenu livré Montre uniquement Mouvement Remontage automatique Boîtier Acier Année de fabrication 1971 Bracelet Largeur entrecorne 18 Couleur du bracelet Noir Type de fermoir Boucle ardillon Boîtier Étanche Non étanche Verre Plexiglas Diamètre 34.5mm * 40mm Calibre Calibre/Rouages 883 Base Calibre Jaeger LeCoultre Fonctions Date Oui Autres Seconde centrale Oui État d'origine/Pièces originale Oui",Pascal Karp,2026-05-19,False
Lemania Memomatic -1975- Réf.9751 Cal.Lemania 2980 -1975-,Other,3200,https://pascalkarpwatchesexpertise.com/products/lemania-alarme-automatique-1975-ref-9751-cal-lemania-2980-1975,https://cdn.shopify.com/s/files/1/0521/0429/8688/files/2026_05_18_LEMANIA_WEB-2.jpg?v=1779282137,"Montre Lemania vintage à alarme en acier inoxydable, référence 9751. Mouvement automatique calibre Lemania 2980 avec fonction alarme, seconde centrale et date à 3 heures. Cadran argenté, index bâtons appliqués et aiguilles luminescentes. Indication de l'alarme via un disque central rotatif. Boîtier de forme tonneau en deux parties avec fond vissé. Dimensions : 39 mm (hors couronne et poussoir) x 43 mm (anses incluses). Mouvement et boîtier signés et numérotés. Montre révisée, en parfait état de fonctionnement et en état exceptionnel de conservation. Garantie de 2 ans. Détails de la montre Type de montre Montre Sexe Homme/Unisexe Marque Lemania Numéro de référence 9751 Modèle Alarme Automatique -1975- État Très bon Contenu livré Montre uniquement Mouvement Remontage automatique Boîtier Acier Année de fabrication 1975 Bracelet Couleur du bracelet Bleu Type de fermoir Boucle ardillon Boîtier Étanche Non étanche Verre Plexiglas Diamètre 39mm * 43mm Calibre Calibre/Rouages Lemania 2980 Fonctions Date Oui Réveil Oui Autres Seconde centrale Oui État d'origine/Pièces originale Oui",Pascal Karp,2026-05-19,False
Heuer Chronographe de Poche à Rattrapante NOS  (New Old Stock) Circa 1960 Réf.572 Cal.Valjoux 57 -Circa 1960-,Other,1300,https://pascalkarpwatchesexpertise.com/products/heuer-chronographe-de-poche-a-rattrapante-nos-new-old-stock-circa-1960-ref-572-cal-valjoux-57-circa-1960,https://cdn.shopify.com/s/files/1/0521/0429/8688/files/2026_05_11_HEUER_2_WEB-2.jpg?v=1778937362,"Chronographe de poche Heuer à rattrapante, référence 572, en acier inoxydable et acier peint, équipé du calibre à remontage manuel Valjoux 57, fonctions addition des secondes (30 secondes au 1/10e) et d’un totalisateur de 30 minutes. Il s'agit de l'un des premiers chronomètres à rattrapante produits par Heuer, conçu pour chronométrer deux coureurs distincts. La minuterie extérieure est graduée par intervalles de 30 secondes (totalisant 60 secondes sur le second intervalle). Dimensions : 57 mm x 18 mm (verre inclus). Le mouvement et le boîtier sont signés (Heuer-Leonidas) et numérotés. Exemplaire NOS (New Old Stock) livré avec son écrin d’origine. Révisé dans notre atelier, garanti 2 ans. Détails de la montre Type de montre Chronographe / de poche Marque Heuer Numéro de référence 572 Modèle Chronographe de Poche à Rattrapante NOS (New Old Stock) Circa 1960 État Neuve Contenu livré Coffret d'origine Mouvement Remontage manuel Boîtier Acier Année de fabrication Circa 1960 Boîtier Étanche Non étanche Verre Plexiglas Chiffres du cadran Arabes Diamètre 57mm * 18mm Calibre Calibre/Rouages Valjoux 57 Fonctions Double chronographe Oui Chronographe Oui Autres État d'origine/Pièces originale Oui",Pascal Karp,2026-05-16,False
Boucheron Calatrava Or Rose 18k Circa 1960 Réf.6307 Cal.Mécanique manuel -1960-,Other,8800,https://pascalkarpwatchesexpertise.com/products/boucheron-calatrava-or-rose-18k-circa-1960-ref-6307-cal-mecanique-manuel-1960,https://cdn.shopify.com/s/files/1/0521/0429/8688/files/2026_06_01_BOUCHERON_WEB-2.jpg?v=1780664645,"Élégante montre-bracelet Boucheron type « Calatrava » en or rose 18 carats, référence 6307, équipée d'un mouvement suisse de qualité à remontage manuel. Cadran « Clous de Paris » en or rose avec aiguilles assorties, boîtier en deux parties à fond clipsé et lunette lisse, anses droites, poinçonné 18k. Dimensions : 32 mm (hors couronne) x 36 mm (anses incluses). Le mécanisme et le boîtier sont signés et numérotés, accompagnée de sa boucle ardillon d'origine en or 18k. Il s'agit d'une pièce rare en parfait état de conservation et de fonctionnement, révisée en atelier. Garantie 2 ans. Détails de la montre Type de montre Montre Sexe Homme/Unisexe Marque Boucheron Numéro de référence 6307 Modèle Calatrava Or Rose 18k Circa 1960 État Très bon Contenu livré Montre uniquement Mouvement Remontage manuel Boîtier Or rose Année de fabrication 1960 Bracelet Couleur du bracelet Brun Type de fermoir Boucle ardillon Boîtier Étanche Non étanche Verre Plexiglas Matériau de la lunette Or rose 18k Diamètre 32mm * 36mm Calibre Calibre/Rouages Remontage manuel Autres État d'origine/Pièces originale Oui",Pascal Karp,2026-05-15,False
Jaeger LeCoultre Bi-Compax Double Signature  Acier Inoxydable -1945- Réf.2604 Cal.UG 285 -1945-,Other,6800,https://pascalkarpwatchesexpertise.com/products/jaeger-lecoultre-bi-compax-double-signature-acier-inoxydable-1945-ref-2604-cal-ug-285-1945,https://cdn.shopify.com/s/files/1/0521/0429/8688/files/2026_06_22_JAEGER_WEB-2.jpg?v=1782305900,"Chronographe Jaeger-LeCoultre Bi-compax en acier inoxydable, référence 22604, à double signature ""Keltz Bloch Strasbourg"". Équipé du calibre UG 285 à remontage manuel avec roue à colonne, fonctions d'addition des heures et des minutes (45 min). Cadran argenté d'origine, chiffres arabes de style Breguet, minuterie chemin de fer, échelles télémétrique et tachymétrique, aiguilles en acier bleui. Boîtier non poli en trois parties à anses mobiles, lunette lisse et fond pressé. Dimensions : 34,5 mm (40 mm avec couronne) x 41 mm (anses incluses). Le mouvement et le boîtier sont signés et numérotés. Cet exemplaire rare est en excellent état de conservation, révisé en atelier, en parfait état de fonctionnement et garanti 2 ans. Détails de la montre Type de montre Montre Sexe Homme/Unisexe Marque Jaeger LeCoultre Numéro de référence 2604 Modèle Bi-Compax Double Signature Acier Inoxydable -1945- État Très bon Contenu livré Montre uniquement Mouvement Remontage manuel Boîtier Acier Année de fabrication 1945 Bracelet Couleur du bracelet Noir Type de fermoir Boucle ardillon Boîtier Étanche Non étanche Verre Plexiglas Chiffres du cadran Arabes Diamètre 34.5mm * 41mm Calibre Calibre/Rouages UG 285 Fonctions Chronographe Oui Tachymètre Oui Autres Aiguilles en acier bleui Oui État d'origine/Pièces originale Oui",Pascal Karp,2026-05-12,False
"Patek Philippe Pocket Or Jaune 18K -1935- Réf.652 Cal.17""  -1935-",Other,7500,https://pascalkarpwatchesexpertise.com/products/patek-philippe-pocket-or-jaune-18k-1938-ref-652-cal-17-1935,https://cdn.shopify.com/s/files/1/0521/0429/8688/files/2026_05_04_PATEK_WEBmm.jpg?v=1778258083,"Montre de poche extra-plate Patek Philippe & Cie en or jaune 18k, référence 652. Équipée du calibre 17"", avec finitions Côtes de Genève et poinçon de Genève. Mouvement à remontage manuel signé Patek Philippe & Co, Genève, numéroté 880012. Cadran argenté en excellent état, chiffres et aiguilles de type Breguet, boitier 3 pièces numéroté 504645, fond pressé, dimensions : 44,5 mm x 6 mm (verre compris). Exemplaire en parfait état, révisé en atelier. 2 ans de garantie. Détails de la montre Type de montre Montre de poche Sexe Homme/Unisexe Marque Patek Philippe Numéro de référence 652 Modèle Pocket Or Jaune 18K -1938- État Très bon Contenu livré Montre uniquement Mouvement Remontage manuel Boîtier Or jaune 18k Année de fabrication 1935 Boîtier Verre Plexiglas Chiffres du cadran Arabes Diamètre 44.5mm * 44.5mm Calibre Calibre/Rouages 17"" Base Calibre Patek Philippe",Pascal Karp,2026-05-08,False
Breitling Navitimer Lip -1965- Réf.806 Cal.Venus 178 -1965-,Other,5800,https://pascalkarpwatchesexpertise.com/products/breitling-navitimer-lip-1965-ref-806-cal-venus-178-1965,https://cdn.shopify.com/s/files/1/0521/0429/8688/files/2026_06_22_BREITLING_WEB-2.jpg?v=1782204463,"Breitling Navitimer Lip, référence 806. Chronographe trois compteurs en acier inoxydable. Calibre Venus 178 à remontage manuel, fonction addition des heures et minutes (30 min). Chronographe à roue à colonne. Cadran joliment patiné à double signature tritium deux tons ""Reverse Panda"", logo ""Twin Jet"". Trois registres, index et aiguilles luminescents originellement. Boîtier non poli à fond pressé, lunette bidirectionnelle servant de règle à calcul. Dimensions : 40 mm (hors couronne et poussoirs) x 46 mm (anses incluses). Mouvement et boîte signés et numérotés. Parfait état de fonctionnement. Révisée en atelier. Garantie 2 ans. Détails de la montre Type de montre Montre Sexe Homme/Unisexe Marque Breitling Numéro de référence 806 Modèle Navitimer Lip -1965- État Vintage Contenu livré Montre uniquement Mouvement Remontage manuel Boîtier Acier Année de fabrication 1965 Bracelet Couleur du bracelet Noir Type de fermoir Boucle ardillon Boîtier Étanche Non étanche Verre Plexiglas Diamètre 40mm * 12mm Calibre Calibre/Rouages Venus 178 Fonctions Chronographe Oui Autres État d'origine/Pièces originale Oui",Pascal Karp,2026-05-06,False
"Hermès Horloge de Voyage ""WORLD TIME"" -1965-  Réf.1005 Cal.8 Jours Luxor Arogno 22NN -1965-",Other,2800,https://pascalkarpwatchesexpertise.com/products/hermes-horloge-de-voyage-world-time-1965-ref-1005-cal-8-jours-luxor-arogno-22nn-1965,https://cdn.shopify.com/s/files/1/0521/0429/8688/files/2026_04_27_HERMES_WEB-2copie.jpg?v=1777983954,"Horloge de voyage Hermès « World Time » (réf. 1005) en laiton doré. Calibre mécanique manuel Luxor Arogno 22NN (8 jours), réveil, date, cadran argent satiné, disque 66 villes, indicateur jour/nuit. Dim. : 76 x 40 mm. Signée, numérotée, avec écrin d'origine. Excellent état. Garantie 2 ans. Détails de la montre Type de montre Autres montres Sexe Homme/Unisexe Marque Hermès Numéro de référence 1005 Modèle Horloge de Voyage / Réveil ""WORLD TIME"" -1965- État Très bon Contenu livré Montre avec coffret d'origine Mouvement Remontage manuel Boîtier Bronze Année de fabrication 1965 Boîtier Étanche Non étanche Verre Plexiglas Diamètre 75mm * 75mm Calibre Calibre/Rouages 8 Jours Luxor Arogno 22NN",Pascal Karp,2026-05-05,False
Omega Seamaster Polaris Acier & Or -1992-  Réf.386.1031 Cal. 1675 (base ETA 251.262)  -1992-,Other,2100,https://pascalkarpwatchesexpertise.com/products/omega-seamaster-polaris-acier-or-1992-ref-386-1031-cal-1675-base-eta-251-262-1992,https://cdn.shopify.com/s/files/1/0521/0429/8688/files/2026_04_27_OMEGA_WEB-2.jpg?v=1777376388,"Omega Seamaster Polaris (réf. 386.1031), chronographe ""Neo-Vintage"" bicolore acier/or. Mouvement quartz cal. 1675 (fonctions chrono, date). Cadran tritium noir avec tachymètre, boîtier 38 mm et bracelet intégré acier. État proche du neuf, 2 ans de garantie Détails de la montre Type de montre Montre Sexe Homme/Unisexe Marque Omega Numéro de référence 386.1031 Modèle Seamaster Polaris Acier & Or -1992- État Très bon Contenu livré Montre uniquement Mouvement Quartz Boîtier Or/Acier Année de fabrication 1992 Bracelet Couleur du bracelet Acier Type de fermoir Double plis Boîtier Étanche Non étanche Verre Verre saphir Diamètre 38mm * 8mm Calibre Calibre/Rouages 1675 Base Calibre ETA 251.262 Fonctions Date Oui Double chronographe Oui Autres État d'origine/Pièces originale Oui",Pascal Karp,2026-04-28,False
Jaeger LeCoultre Chronographe Tri-Compax jumbo 39 mm Circa 1950,Other,8800,https://pascalkarpwatchesexpertise.com/products/jaeger-lecoultre-chronographe-tri-compax-jumbo-39-mm-circa-1950-ref-224105-cal-ug-285-circa-1950,https://cdn.shopify.com/s/files/1/0521/0429/8688/files/2026_07_13_JAEGER_WEB-2556_copie_b28dff37-4ab3-4d75-9711-31c0d86c5276.jpg?v=1784388279,"Jaeger-LeCoultre Chronographe Tri-compax de grande dimension en acier inoxydable, circa 1950, référence 224105. Équipé du calibre à remontage manuel UG 285, fonction chronographe avec roue à colonne et compteurs des heures et des minutes. Boîtier trois pièces, non poli, dimensions : 39 mm de diamètre (41,5 mm avec couronne et poussoirs) pour 46 mm de longueur et 12,5 mm d'épaisseur. signés et numérotés. cadran argenté d'origine, poussoirs de type champignon. Mécanisme et boite signés et numérotés. Article vintage en très bel état de conservation et parfait état de fonctionnement, révisé et contrôlé en atelier, garantie 2 ans. Détails de la montre Type de montre Montre Sexe Homme/Unisexe Marque Jaeger LeCoultre Numéro de référence 224105 Modèle Chronographe Tri-Compax jumbo 39 mm Circa 1950 État Très bon Contenu livré Montre uniquement Mouvement Remontage manuel Boîtier Acier Année de fabrication Circa 1950 Bracelet Couleur du bracelet Noir Type de fermoir Boucle ardillon Boîtier Étanche Non étanche Matériau de la lunette Acier Diamètre 39mm * 46mm Calibre Étanche Non étanche Matériau de la lunette Acier Diamètre 39mm * 46mm Calibre/Rouages UG 285 Fonctions Chronographe Oui Autres État d'origine/Pièces originale Oui",Pascal Karp,2026-04-23,False
Heuer Chronographe De Bord Super Autavia Mark 3 NOS -1967- Réf.71558 Cal.Valjoux 5 -1967-,Other,3000,https://pascalkarpwatchesexpertise.com/products/heuer-chronographe-de-bord-super-autavia-mark-3-nos-1967-ref-71558-cal-valjoux-5-1967,https://cdn.shopify.com/s/files/1/0521/0429/8688/files/2026_04_01_HEUER_WEB-2.jpg?v=1776420977,"Chronographe de bord Heuer Super Autavia Mark 3 (1967) en acier et chrome, référence 71558, équipé du calibre Valjoux 5. Fonctions : compteur 30 minutes, heures, minutes, petite seconde ; mouvement à remontage manuel. Cadran noir avec chiffres et aiguilles luminescents (tritium), lunette graduée bidirectionnelle sur le rehaut. Dimensions : 57 mm x 22 mm (verre compris), boitier signé Heuer Leonidas S.A. Article « NOS » (New Old Stock), année de production : 1967. Révisé en atelier, garantie 2 ans. Chronomètre de bord Heuer Monte-Carlo réf. 542.701 (acier/chrome). Chronographe 1/5e de seconde, compteur 60 min et disque 12h sautant. Lunette tournante, cadran luminescent. Mouvement manuel Valjoux 7714 à remontage manuel. Dimensions : 57 x 22 mm verre compris. Article « NOS » (New Old Stock), année de production : 1967. Révisé en atelier, garantie 2 ans. Détails de la montre Type de montre Chronographe Marque Heuer Numéro de référence 71558 Modèle Chronographe De Bord Super Autavia Mark 3 / Compteur Monte Carlo NOS -1967- État Jamais portée Contenu livré Montre uniquement Mouvement Remontage manuel Boîtier Acier Année de fabrication 1967 Boîtier Étanche Non étanche Verre Plexiglas Chiffres du cadran Arabes Matériau de la lunette Acier Diamètre 57mm * 22mm Calibre Étanche Non étanche Verre Plexiglas Chiffres du cadran Arabes Matériau de la lunette Acier Diamètre 57mm * 22mm Calibre/Rouages Valjoux 5 Fonctions Chronographe Oui Autres Petite seconde Oui État d'origine/Pièces originale Oui",Pascal Karp,2026-04-16,False
Universal Genève Compax Acier Inoxydable -1990- Réf.88425 Cal.Ug83/Lemania 1873 -1990-,Other,3700,https://pascalkarpwatchesexpertise.com/products/universal-geneve-compax-acier-inoxydable-1990-ref-88425-cal-ug83-lemania-1873-1990,https://cdn.shopify.com/s/files/1/0521/0429/8688/files/2026_04_13_UG_HD-2.jpg?v=1776263121,"Chronographe Universal Genève Compax, référence 88425. Boîtier en acier inoxydable de 37 mm de diamètre et 13 mm d'épaisseur, fond et lunette tachymétrique fixe. Équipée d'un calibre à remontage manuel UG83 (base Lemania 1873) avec fonction chronographe (compteurs 30 minutes et heures). Cadran blanc, index flèches appliqués, d'aiguilles luminescentes et minuterie chemin de fer. Couronne et poussoirs vissés, verre saphir, étanchéité à 10 ATM. Bracelet en acier d'origine avec boucle déployante. Mouvement et boîtier signés et numérotés. Exemplaire en parfait état, contrôlé dans notre atelier. 2 ans de garantie. Détails de la montre Type de montre Montre Sexe Homme/Unisexe Marque Universal Genève Numéro de référence 88425 Modèle Compax Acier Inoxydable -1990- État Très bon/Proche du neuf Contenu livré Montre uniquement Mouvement Remontage manuel Boîtier Acier Année de fabrication 1990 Bracelet Couleur du bracelet Acier Type de fermoir Double plis Boîtier Étanche 10 ATM Verre Verre saphir Diamètre 37mm * 37mm Calibre Calibre/Rouages Ug83 Base Calibre Lemania 1873 Fonctions Chronographe Oui Tachymètre Oui Autres Aiguilles luminescentes Oui État d'origine/Pièces originale Oui",Pascal Karp,2026-04-15,False
Zenith Chronographe Super Sub Sea -1968- Réf.A277 Cal.Zenith 146-HP  -1968-,Other,7800,https://pascalkarpwatchesexpertise.com/products/zenith-chronographe-super-sub-sea-1968-ref-a277-cal-zenith-146-hp-1968,https://cdn.shopify.com/s/files/1/0521/0429/8688/files/jnbl.jpg?v=1776430290,"Chronographe Zenith Super Sub Sea réf. A277, acier. Calibre 146HP, 3 compteurs, cadran noir mat 2 tons. Boîtier 40,5 mm, fond vissé, lunette bidirectionnelle « Ghost ». Signé et numéroté, excellent état, parfait fonctionnement. Garantie 2 ans. Détails de la montre Type de montre Montre Sexe Homme/Unisexe Marque Zenith Numéro de référence A277 Modèle Chronographe Super Sub Sea -1968- État Très bon Contenu livré Montre uniquement Mouvement Remontage manuel Boîtier Acier Année de fabrication 1968 Bracelet Couleur du bracelet Noir Type de fermoir Boucle ardillon Boîtier Étanche Non étanche Verre Plexiglas Matériau de la lunette Acier Diamètre 40.5mm * 10.5mm Calibre Calibre/Rouages 146HP Base Calibre Zenith Fonctions Chronographe Oui Autres Lunette tournante Oui État d'origine/Pièces originale Oui",Pascal Karp,2026-04-14,False
Breitling NAVITIMER COSMOS AOPA 2400 -1983- Réf.81470 Cal.ESA Y2 900231  -1983-,Other,2800,https://pascalkarpwatchesexpertise.com/products/breitling-navitimer-cosmos-aopa-2400-1983-ref-81470-cal-esa-y2-900231-1983,https://cdn.shopify.com/s/files/1/0521/0429/8688/files/2026_04_13_BREITLING_WEB_V2-2x.jpg?v=1776096623,"Chronographe Breitling Navitimer Cosmos 2400 en acier inoxydable, référence 81470. Modèle équipé d'un mouvement à quartz multifonctions ETA Y2 900231 avec affichage mixte analogique et digital (LCD). Cadran noir mat portant le logo AOPA, avec index et aiguilles luminescents. Boîtier, fond et couronne vissés. Équipé d'un verre minéral avec décalques, d'une lunette tournante bidirectionnelle avec règle à calcul, et d'un bracelet en acier de type « Royal Oak » (complet). Dimensions : 35 mm (hors couronne et poussoirs) x 40 mm. Le mouvement et le boîtier sont signés et numérotés. L'article est en bon état de conservation et en excellent état de fonctionnement. Révisé et contrôlé en atelier. Garantie de 2 ans. Détails de la montre Type de montre Montre Sexe Homme/Unisexe Marque Breitling Numéro de référence 81470 Modèle Navitimer Cosmos AOPA 2400 -1983- État Très bon Contenu livré Montre uniquement Mouvement Quartz Boîtier Acier Année de fabrication 1983 Bracelet Couleur du bracelet Acier Type de fermoir Double plis Boîtier Étanche Étanche à l'origine Verre Verre saphir Diamètre 35mm * 40mm Calibre Calibre/Rouages ESA Y2 900231 Quartz Fonctions Date Oui Autres Lunette tournante Oui État d'origine/Pièces originale Oui Mise en circuit rapide Oui",Pascal Karp,2026-04-13,False
Heuer Chronographe Montreal -1977- Réf.750.503 Cal.Valjoux 7750 -1977-,Other,2800,https://pascalkarpwatchesexpertise.com/products/heuer-chronographe-montreal-1977-ref-750-503-cal-valjoux-7750-1977,https://cdn.shopify.com/s/files/1/0521/0429/8688/files/2026_04_09_HEUER_WEB-2.jpg?v=1775911671,"Heuer Montreal, intéressant chronographe 3 compteurs en acier inoxydable, référence 750.503, dotée du calibre Valjoux 7750, mouvement à remontage automatique fonctions secondes au centre et date en guichet à 6 heures. Cadran noir mat en parfait état, aiguilles et index luminescents à l'origine (tritium). Boîtier tonneau à fond vissé. Dimensions : 40mm x 45 mm. Boîtier et mouvement signés et numérotés. Montre révisée et contrôlée, en excellent état. Garantie de 2 ans. Détails de la montre Type de montre Montre Sexe Homme/Unisexe Marque Heuer Numéro de référence 750.503 Modèle Chronographe Montreal -1977- État Très bon Contenu livré Montre uniquement Mouvement Remontage automatique Boîtier Acier Année de fabrication 1977 Bracelet Largeur entrecorne 20 Couleur du bracelet Vert Type de fermoir Boucle ardillon Boîtier Étanche Non étanche Verre Verre minéral Diamètre 40mm * 45mm Calibre Calibre/Rouages Valjoux 7750 Fonctions Chronographe Oui Autres État d'origine/Pièces originale Oui",Pascal Karp,2026-04-11,False
Omega Classique 30T2 Or jaune 18K -1959- Réf.2894 2 Cal.267 -1959-,Other,3800,https://pascalkarpwatchesexpertise.com/products/omega-classique-30t2-or-jaune-18k-1959-ref-2894-2-cal-267-1959,https://cdn.shopify.com/s/files/1/0521/0429/8688/files/Sans_titre.jpg?v=1775295547,"Élégante montre vintage Omega classique en or jaune 18k, référence 2894-2. Équipée d'un mouvement mécanique à remontage manuel (calibre 267, famille 30T2) avec petite seconde. Le cadran argenté d'origine est en parfait état, index flèches et chiffres arabes appliqués 12-3-9, aiguilles dauphines. Boîtier massif en trois parties, fond pressé et anses droites. Lunette lisse. Dimensions : 35 mm (hors couronne) par 40 mm (anses incluses). Mouvement et boîtier signés et numérotés. Cette pièce est dans un état de conservation exceptionnel ; elle a été révisée et bénéficie d'une garantie de 2 ans. Détails de la montre Type de montre Montre Sexe Homme/Unisexe Marque Omega Numéro de référence 2894 2 Modèle Classique 30T2 Or jaune 18K -1959- État Très bon Contenu livré Montre uniquement Mouvement Remontage manuel Boîtier Or jaune Année de fabrication 1959 Bracelet Largeur entrecorne 18 Couleur du bracelet Brun Type de fermoir Boucle ardillon Boîtier Étanche Non étanche Verre Plexiglas Matériau de la lunette Or jaune Diamètre 35mm * 40mm Calibre Calibre/Rouages 267/30T2 Base Calibre Omega Autres Petite seconde Oui État d'origine/Pièces originale Oui",Pascal Karp,2026-04-04,False
Excelsior Park Bi-Compax acier 37 mm -1955- Réf.NA Cal.EP4-68 -Circa 1955-,Other,3600,https://pascalkarpwatchesexpertise.com/products/excelsior-park-bi-compax-acier-37-mm-1955-ref-na-cal-ep4-68-circa-1955,https://cdn.shopify.com/s/files/1/0521/0429/8688/files/2026_05_04_EXCELSIORPARK_WEB-2.jpg?v=1777907171,"Chronographe Excelsior Park « Bi-Compax » grand format en acier inoxydable, équipé du calibre à remontage manuel EP4-68 avec roue à colonne et totalisateur 45 minutes. Cadran argenté joliment patiné, d'aiguilles « seringue » , chiffres arabes d'origine à matière luminescente. Boîtier trois corps, non poli, fond vissé, lunette lisse, poussoirs « champignon ». Dimensions : 37 mm (hors couronne) x 43 mm (cornes comprises). Beau et rare chronographe vintage, en excellent état de conservation et en parfait état de fonctionnement. Garantie de 2 ans. Détails de la montre Type de montre Montre Sexe Homme/Unisexe Marque Excelsior Park Numéro de référence NA Modèle Bi-Compax acier 37 mm -1955- État Excellent état vintage Contenu livré Montre uniquement Mouvement Remontage manuel Boîtier Acier Année de fabrication Circa 1955 Bracelet Couleur du bracelet Brun Type de fermoir Boucle ardillon Boîtier Étanche Non étanche Verre Plexiglas Chiffres du cadran Arabes Matériau de la lunette Acier Diamètre 37mm * 37mm Calibre Calibre/Rouages EP4-68 Fonctions Chronographe Oui Autres État d'origine/Pièces originale Oui",Pascal Karp,2026-03-26,False
Mathey-Tissot Chronographe Valjoux 72 -1960- Réf.Na Cal.Valjoux 72 -1960-,Other,4800,https://pascalkarpwatchesexpertise.com/products/mathey-tissot-chronographe-valjoux-72-1960-ref-na-cal-valjoux-72-1960,https://cdn.shopify.com/s/files/1/0521/0429/8688/files/v3-8.jpg?v=1773333198,"Chronographe Mathey-Tissot, boîtier acier inoxydable, calibre Valjoux 72 à remontage manuel avec fonctions addition des heures et minutes (30 min), commande chronographe par roue à colonne. Cadran argenté d'origine, chiffres arabes 12-2-4-8-10, index flèches appliqués. Boîtier 3 pièces à fond vissé, lunette lisse, poussoirs champignons, anses stylisées. Dimensions : 35 mm (37 mm avec couronne) x 43.5 mm (anses comprises). Mouvement et boîte numérotés et signés. Article vintage en très bon état de conservation et parfait état de fonctionnement, révisé. Garantie 2 ans. Détails de la montre Type de montre Montre Sexe Homme/Unisexe Marque Mathey-Tissot Numéro de référence Na Modèle Chronographe Valjoux 72 -1960- État Très bon Contenu livré Montre uniquement Mouvement Remontage manuel Boîtier Acier Année de fabrication 1960 Bracelet Couleur du bracelet Beige Type de fermoir Boucle ardillon Boîtier Étanche Non étanche Verre Plexiglas Chiffres du cadran Arabes Matériau de la lunette Acier Diamètre 35mm * 43mm Calibre Étanche Non étanche Verre Plexiglas Chiffres du cadran Arabes Matériau de la lunette Acier Diamètre 35mm * 43mm Calibre/Rouages Valjoux 72 Fonctions Chronographe Oui Autres État d'origine/Pièces originale Oui",Pascal Karp,2026-03-06,False
Movado Sub-Sea Datron HS360 Réf.434-615-502 Cal.El Primero 3019 PHC -1970-,Other,5800,https://pascalkarpwatchesexpertise.com/products/movado-sub-sea-datron-hs360-ref-434-615-502-cal-el-primero-3019-phc-1970,https://cdn.shopify.com/s/files/1/0521/0429/8688/files/2026_03_02_MOVADO_WEB-2.jpg?v=1772535785,"Chronographe 3 compteurs Movado Datron Sub-Sea HS 360 en acier plaqué or 40 microns réf. 434-615-502 équipé du calibre Zenith El Primero 3019 PHC à haute fréquence (36000 A/h). Fonctions addition des heures et minutes (30 min), date rapide à midi. Mouvement à remontage automatique. Cadran original 2 tons, indexes bâtons appliqués et aiguillage luminescents d'origine. Boîtier tonneau non poli 2 pièces, fond vissé, lunette lisse. Dimensions : 37 mm (hors couronne et poussoirs) x 41 mm (anses incluses). Mécanisme et boite signés et numérotés. Bracelet et boucle ardillon d'origine. Article non porté ""NOS"" en parfais état de conservation et de fonctionnement, révisé et contrôlé dans notre atelier. Détails de la montre Type de montre Montre Sexe Homme/Unisexe Marque Movado Numéro de référence 434-615-502 Modèle Sub-Sea Datron HS360 État Jamais portée Contenu livré Montre uniquement Mouvement Remontage automatique Boîtier Acier Année de fabrication 1970 Bracelet Couleur du bracelet Noir Type de fermoir Boucle ardillon Boîtier Étanche Non étanche Verre Matière plastique Diamètre 37mm * 41mm Calibre Calibre/Rouages Zenith El Primero 3019 PHC Mouvement oscillatoire Fréquence de 5 Hertz = 36 000 alternances par heure (A/h) Fonctions Date Oui Chronographe Oui Autres État d'origine/Pièces originale Oui",Pascal Karp,2026-03-03,False
Breitling Navitimer Cosmonaute 24H -1969- Réf.0819 Cal.Venus 178 -1969-,Other,4200,https://pascalkarpwatchesexpertise.com/products/breitling-navitimer-cosmonaute-24h-1969-ref-0809-cal-venus-178-1969,https://cdn.shopify.com/s/files/1/0521/0429/8688/files/2026_02_16_BREITLING_WEB-2_-V2.jpg?v=1771610815,"Breitling Navitimer Cosmonaute, modèle rare circa 1969. Chronographe 3 compteurs en acier inoxydable, réf. 0819. Calibre Venus 178 modifié (cycle horaire 24h), fonction additionnelle heures et minutes (30 min), date à 6h, roue à colonnes, mouvement à remontage manuel. Cadran 2 tons 24h laqué ""Twin Jet"" tritium, quadruple signature : Breitling/Genève/Cosmonaute/Navitimer. Chiffres arabes et aiguilles luminescents à l'origine. Boîtier 3 pièces non polis, fond vissé (nombreuses micros griffes), lunette bidirectionnelle avec règle à calcul. Dimensions : 48 mm (hors couronne et poussoirs) x 13 mm (verre inclus). Mouvement et boîtier signés et numérotés. Condition : Bon état de conservation, parfait état de fonctionnement. Garantie 2 ans. Détails de la montre Type de montre Montre Sexe Homme/Unisexe Marque Breitling Numéro de référence 0809 Modèle Navitimer Cosmonaute 24H -1969- État Bon Contenu livré Montre uniquement Mouvement Remontage automatique Boîtier Acier Année de fabrication 1969 Bracelet Couleur du bracelet Noir Type de fermoir Boucle ardillon Boîtier Étanche Non étanche Verre Verre minéral Chiffres du cadran Arabes Diamètre 48mm * 13mm Calibre Calibre/Rouages Venus 178 Fonctions Chronographe Oui Date Oui Autres État d'origine/Pièces originale Oui Lunette tournante Oui",Pascal Karp,2026-02-19,False
Excelsior Park Chronographe acier Tri-Compax 37 mm -1960- Réf.8846 Cal.Excelsior Park JB40  -1960-,Other,5100,https://pascalkarpwatchesexpertise.com/products/excelsior-park-chronographe-acier-tri-compax-37-mm-1960-ref-8846-cal-excelsior-park-jb40-1960,https://cdn.shopify.com/s/files/1/0521/0429/8688/files/2026_02_16_EXCELSIOR_PARK_WEB-2.jpg?v=1771407735,"Chronographe Excelsior Park, modèle tri-compax en acier inoxydable référence 8846. Mouvement mécanique à remontage manuel, calibre Excelsior Park JB40 avec fonction chronographe (heures et minutes – 30 min), roue à colonnes. Cadran noir mat, chiffres arabes luminescents à l'origine, aiguilles seringues. Boîtier 3 pièces avec fond vissé, poussoirs champignons et lunette lisse. Diamètre : 37 mm (hors couronne), longueur : 43 mm (entre-cornes). Exemplaire en très bon état de conservation et de fonctionnement. Révisé dans notre atelier. Garantie de 2 ans. Détails de la montre Type de montre Montre Sexe Homme/Unisexe Marque Excelsior Park Numéro de référence 8846 Modèle Chronographe acier Tri-Compax 37 mm -1960- État Très bon Contenu livré Montre uniquement Mouvement Remontage manuel Boîtier Acier Année de fabrication 1960 Bracelet Couleur du bracelet Noir Type de fermoir Boucle ardillon Boîtier Étanche Non étanche Verre Plexiglas Chiffres du cadran Arabes Matériau de la lunette Acier Diamètre 37mm * 43mm Calibre Calibre/Rouages JB40 Base Calibre Excelsior Park Fonctions Chronographe Oui Autres Petite seconde Oui État d'origine/Pièces originale Oui",Pascal Karp,2026-02-17,False
Glashütte Original PanoReserve -2005- Réf.65-01-02-02-04 Cal.65-01 -2005-,Other,7200,https://pascalkarpwatchesexpertise.com/products/glashutte-original-panoreserve-2005-ref-65-01-02-02-04-cal-65-01-2005,https://cdn.shopify.com/s/files/1/0521/0429/8688/files/2026_01_26_GLASHUTTE_WEB-2.jpg?v=1769620227,"Glashütte Original, montre à complications en acier inoxydable, référence 65-01-02-02-04. Calibre de manufacture 65-01, fonctions heure, minute, petite seconde, date Panorama, affichage de la réserve de marche. Mouvement à remontage manuel avec réglage de précision à double col de cygne. Cadran en argent galvanisé, heure décentrée, index appliqués, minuterie imprimée. Boîtier 3 pièces, fond vissé avec mécanisme apparent, verre saphir, étanche à 50 mètres. Dimensions : 40 mm x 11.7 mm. Exemplaire en parfait état, révisé dans notre atelier. Garantie de 2 ans. Détails de la montre Type de montre Montre Sexe Homme/Unisexe Marque Glashütte Original Numéro de référence 65-01-02-02-04 Modèle PanoReserve -2005- État Très bon Contenu livré Montre uniquement Mouvement Remontage manuel Boîtier Acier Année de fabrication 2005 Bracelet Couleur du bracelet Noir Type de fermoir Boucle ardillon Boîtier Étanche 5 ATM Verre Verre saphir Diamètre 40mm * 11.7mm Calibre Calibre/Rouages 65-01 Base Calibre Glashütte Original Fonctions Date panorama Oui Autres Petite seconde Oui Bandes de Genève Oui Indication de la réserve de marche Oui Édition limitée Oui",Pascal Karp,2026-01-28,False
Omega Chronostop Genève  -1968-  Réf.146.010  Cal.920 -1968-,Other,3200,https://pascalkarpwatchesexpertise.com/products/omega-chronostop-geneve-1968-ref-146-0010-cal-920-1968,https://cdn.shopify.com/s/files/1/0521/0429/8688/files/2026_01_26_OMEGA_WEB-2.jpg?v=1776359923,"Chronographe mono-poussoir Omega Chronostop Genève, référence 146010 . Boîtier tonneau en acier inoxydable, fond vissé. Mouvement mécanique à remontage manuel calibre 920. Fonctions : chronographe 60 secondes, date à 3 heures. Commande du chronographe par simple pression. Cadran gris, indexes et aiguilles luminescents (tritium) d'origine. Repère 12 heures décalé à 90 degrés pour port sous le poignet. Dimensions : 35 mm x 39 mm x 11.5 mm, verre hésalite. Mouvement et boîtier signés et numérotés. Exemplaire en excellent état, révisé en atelier. Garantie 2 ans. Détails de la montre Type de montre Montre Sexe Homme/Unisexe Marque Omega Numéro de référence 146.0010 Modèle Chronostop Genève -1968- État Excellent Contenu livré Montre uniquement Mouvement Remontage manuel Boîtier Acier Année de fabrication 1968 Bracelet Couleur du bracelet Beige Type de fermoir Boucle ardillon Boîtier Étanche Étanche à l'origine Diamètre 35mm * 39mm Calibre Calibre/Rouages 920 Base Calibre Omega Fonctions Date Oui Chronographe Oui Autres État d'origine/Pièces originale Oui",Pascal Karp,2026-01-27,False
Vixa Chronographe Flyback Type 20 Armée de l’Air Française Réf.5100-54 Cal.Hanhart 4054 -1954-,Other,5300,https://pascalkarpwatchesexpertise.com/products/vixa-chronographe-flyback-type-20-armee-de-l-air-francaise-ref-5100-54-cal-hanhart-4054-1954,https://cdn.shopify.com/s/files/1/0521/0429/8688/files/2026_01_19_VIXA_WEB-2.jpg?v=1768839418,"Chronographe militaire Vixa Type 20, référence 5100-54. Dotation Armée de l'Air Française. Mouvement mécanique à remontage manuel, calibre Hanhart 4054, fonction flyback et addition des minutes (30 min). Boîtier en acier inoxydable paramagnétique, 3 pièces, fond vissé immatriculé, lunette tournante cannelée bidirectionnelle. Cadran noir original à 2 compteurs, chiffres arabes et aiguilles luminescents (à l'origine). Dimensions : 39 mm (41 mm couronne et poussoirs inclus) x 46 mm (entre-cornes). Composants d'origine allemande, livrés à la France au titre de dommages de guerre. Bon état de conservation et parfait état de fonctionnement, révisé et garanti 2 ans. Détails de la montre Type de montre Montre Sexe Homme/Unisexe Marque Vixa Numéro de référence 5100-54 Modèle Chronographe Flyback Type 20 Armée de l’Air Française État Bon état vintage Contenu livré Montre uniquement Mouvement Remontage manuel Boîtier Acier Année de fabrication 1954 Bracelet Couleur du bracelet Brun Type de fermoir Boucle ardillon Boîtier Étanche Non étanche Verre Plexiglas Chiffres du cadran Arabes Matériau de la lunette Acier Diamètre 39mm * 46mm Calibre Calibre/Rouages Hanhart 4054 Fonctions Fonction Flyback Oui Autres Lunette tournante Oui État d'origine/Pièces originale Oui",Pascal Karp,2026-01-19,False
"Omega Military Royal Air Force ""Fat Arrow"" -1953- Réf.2777-1 Cal.283  -1953-",Other,4800,https://pascalkarpwatchesexpertise.com/products/omega-military-royal-air-force-fat-arrow-1953-ref-2777-1-cal-283-1953,https://cdn.shopify.com/s/files/1/0521/0429/8688/files/2025_12_23_OMEGA_WEB-2_c1ff7e5c-bf9f-45ab-9de2-446e13d5b12a.jpg?v=1767187043,"Omega pilote Royal Air Force en acier inoxydable réf. CK 2777-1 SC équipée du calibre 283 grade chronomètre, fonction seconde au centre, mouvement à remontage manuel. Cadran tritium noir ""Fat Arrow"" chiffres arabes et aiguillage luminescents à l'origine. Boîtier massif non poli 2 pièces fond vissé, marquage militaire au dos. Dimensions : 37 mm (hors couronne) x 12.5 mm (verre compris), la boîte et le mécanisme sont signés et numérotés. 5900 exemplaires produits pour le ministère britannique de la Défense en 1953. Révisée et contrôlée dans notre atelier, 2 ans de garantie. Détails de la montre Type de montre Montre Sexe Homme/Unisexe Marque Omega Numéro de référence 2777-1 Modèle Military Royal Air Force ""Fat Arrow"" -1953- État En bon état original Contenu livré Montre uniquement Mouvement Remontage manuel Boîtier Acier Année de fabrication 1953 Bracelet Couleur du bracelet Noir Type de fermoir Boucle ardillon Boîtier Étanche Non étanche Verre Plexiglas Chiffres du cadran Arabes Diamètre 37mm * 12.5mm Calibre Calibre/Rouages 283 Base Calibre Omega Autres État d'origine/Pièces originale Oui Seconde centrale Oui",Pascal Karp,2025-12-31,False
Jaeger LeCoultre Chronométre Master Mariner -1973- Réf.24001-42 Cal.JLC 906 -1973-,Other,8800,https://pascalkarpwatchesexpertise.com/products/jaeger-lecoultre-chronometre-master-mariner-1973-ref-24001-42-cal-jlc-906-1973,https://cdn.shopify.com/s/files/1/0521/0429/8688/files/2025_12_12_JAEGER_pol_ac214de3-b751-4935-ac00-78f122dd9566.jpg?v=1771928044,"Chronomètre Jaeger LeCoultre Master Mariner en acier inoxydable, référence 24001-42. Calibre JLC 906 grade chronomètre, mouvement automatique. Fonctions : jour, date, secondes centrales, stop-seconde. Cadran bleu à vagues latérales, présentant de légères imperfections. Boîtier octogonal 3 pièces, fond vissé, lunette lisse, verre saphir. Dimensions : 37 mm x 10 mm (verre inclus). Cadran, boîtier et mouvement signés. Production limitée à 500 exemplaires (1973-1975). Article en excellent état de conservation et parfait état de fonctionnement, révisé en atelier. 2 Ans de garantie. Détails de la montre Type de montre Montre Sexe Homme/Unisexe Marque Jaeger LeCoultre Numéro de référence 24001-42 Modèle Chronomètre Master Mariner -1973- État Excellent Contenu livré Montre uniquement Mouvement Remontage automatique Boîtier Acier Année de fabrication 1973 Bracelet Couleur du bracelet Bleu Type de fermoir Boucle ardillon Boîtier Étanche Étanche à l'origine Verre Verre saphir Diamètre 37mm * 10mm Calibre Calibre/Rouages JLC 906 Base Calibre Manufacture Jaeger LeCoultre Fonctions Date Oui Affichage des jours Oui Autres Seconde centrale Oui État d'origine/Pièces originale Oui Chronomètre Oui",Pascal Karp,2025-12-23,False
TAG Heuer Monaco Men's Club Japan Watch Edition limitée 100 Pièces -2021- Réf.CAW211E Cal.Cal. 11 -2021-,Other,12800,https://pascalkarpwatchesexpertise.com/products/tag-heuer-monaco-mens-club-japan-watch-edition-limitee-100-pieces-2021-ref-caw211e-cal-cal-11-2021,https://cdn.shopify.com/s/files/1/0521/0429/8688/files/2025_01_25_HEUER_WEB-2_a7b9b931-1fd7-4750-be55-fbb32f329726.jpg?v=1765815833,"Tag Heuer Monaco édition limitée 100 pièces ""Men's Club Japan"", chronographe 2 compteurs en acier inoxydable réf. CAW211E équipé du calibre Tag Heuer Calibre 11 fonctions chronographe 30 minutes, date rapide en guichet à 6 heures, secondes à 3h couronne de remontoir à gauche, mouvement à remontage automatique. Cadran laqué vert 2 tons, indexes appliqués, aiguilles et points luminescents, boitier polis/brossé, fond saphir laissant apparaître le mouvement, glace saphir incurvée, étanche à 100 mètres. Dimension : 39 mm x 14 mm, bracelet rallye en cuir vert boucle déployante en acier inoxydable. Article non porté, livré avec son écrin et certificats d'origine. Garantie de 2 ans. Détails de la montre Type de montre Montre Sexe Homme/Unisexe Marque TAG Heuer Numéro de référence CAW211E Modèle Monaco Men's Club Japan Watch Edition limitée 100 Pièces -2021- État Neuve Contenu livré Montre avec coffret d'origine et papiers d'origine Mouvement Remontage automatique Boîtier Acier Année de fabrication 2021 Bracelet Couleur du bracelet Vert Type de fermoir Double plis Boîtier Étanche 10 ATM Verre Verre saphir Diamètre 39mm * 14mm Calibre Calibre/Rouages 11 Base Calibre Tag Heuer Fonctions Chronographe Oui Date Oui Autres État d'origine/Pièces originale Oui",Pascal Karp,2025-12-15,False
Jaeger LeCoultre Chronographe Tri-Compax Or Rose 18k -1950- Réf.141.11 Cal.UG285 -1950-,Other,8800,https://pascalkarpwatchesexpertise.com/products/jaeger-lecoultre-chronographe-tri-compax-or-jaune-18k-1950-ref-141-11-cal-ug285-1950,https://cdn.shopify.com/s/files/1/0521/0429/8688/files/2026_06_16_JAEGER_WEB-2.jpg?v=1781698726,"Chronographe Jaeger LeCoultre 3 compteurs en or rose 18K, réf. 141.11. Mouvement mécanique à remontage manuel, calibre UG 285, roue à colonnes, fonctions chronographe (heures et minutes - 30 minutes). Cadran crème, index flèches appliqués, aiguilles dauphines. Boîtier massif 2 pièces, fond pressé poinçonné. Dimensions : 37 mm (hors couronne et poussoirs) x 43 mm (anses incluses). Mouvement et boîtier signés et numérotés. Rare, en parfait état de conservation et de fonctionnement. Révisé et contrôlé en atelier. Garantie 2 ans. Détails de la montre Type de montre Montre Sexe Homme/Unisexe Marque Jaeger LeCoultre Numéro de référence 141.11 Modèle Chronographe Tri-Compax or jaune 18k -1950- État Très bon Contenu livré Montre uniquement Mouvement Remontage manuel Boîtier Or rose 18K Année de fabrication 1950 Bracelet Couleur du bracelet Noir Type de fermoir Boucle ardillon Boîtier Étanche Non étanche Verre Plexiglas Matériau de la lunette Or rose Diamètre 37mm * 43mm Calibre Calibre/Rouages UG 285 Base Calibre Universal Genève Fonctions Chronographe Oui Autres État d'origine/Pièces originale Oui",Pascal Karp,2025-12-12,False
Universal Genève Cabriolet acier inoxydable Staybrite -1929-,Other,22000,https://pascalkarpwatchesexpertise.com/products/universal-geneve-cabriolet-acier-inoxydable-staybrite-1929-ref-na-cal-manuel-18u-1929,https://cdn.shopify.com/s/files/1/0521/0429/8688/files/2025_11_10_UG_01.jpg?v=1763124729,"Montre Art Déco Universal Genève Cabriolet en acier inoxydable Staybrite, produite de 1927 à 1929. Modèle rare considéré comme la première montre réversible au monde. Boîtier basculant permettant la protection du cadran, fond de boite incurvé ""curvex"". Dimensions : 42,5 x 24 mm. Mouvement à remontage manuel Cal 18U fonctions heures, minutes, petites secondes. Verre en cristal, aiguilles en acier bleui. Cadran argenté patiné, minuterie chemin de fer centrale. Exemplaire en excellent état de fonctionnement et de conservation. Révisée en atelier, garantie 2 ans. Détails de la montre Type de montre Montre Sexe Homme/Unisexe Marque Universal Genève Numéro de référence Na Modèle Cabriolet acier inoxydable Staybrite -1929- État Excellent Contenu livré Montre avec garantie de 2 ans Mouvement Remontage manuel Boîtier acier inoxydable Staybrite Année de fabrication 1929 Bracelet Couleur du bracelet Noir Type de fermoir Boucle ardillon Boîtier Étanche Non étanche Verre Verre minéral Diamètre 42mm * 24mm Calibre Calibre/Rouages 18U Base Calibre Universal Autres Petite seconde Oui Aiguilles en acier bleui Oui État d'origine/Pièces originale Oui",Pascal Karp,2025-11-14,False
Yema Yachtingraf Regate Jumbo “Blue Ship” -1970- Réf.93.016 B Cal.7733S -1970-,Other,5400,https://pascalkarpwatchesexpertise.com/products/yema-yachtingraf-regate-jumbo-blue-ship-1970-ref-93-016-b-cal-7733s-1970,https://cdn.shopify.com/s/files/1/0521/0429/8688/files/2025_11_03_YEMAps.jpg?v=1762360213,"Chronographe Yema Yachtingraf Régate type 6 ""Blue Ship"" en acier inoxydable. Mouvement Valjoux 7733S modifié, fonction compte à rebours 10 minutes. Indications : heure, minute, seconde, compteur secondes (9h). Mouvement à remontage manuel. Cadran tritium noir mat ""Patent Pending"", index et aiguilles luminescents. Boîtier massif non polis à fond vissé Yema 850737. Lunette bidirectionnelle bakélite graduée 60 minutes. Dimensions : 39.5 mm (hors couronne/poussoirs) x 46 mm. État exceptionnel. Révision atelier. Garantie 2 ans. Détails de la montre Type de montre Montre Sexe Homme/Unisexe Marque Yema Numéro de référence 93.016 B Modèle Yachtingraf Regate Jumbo “Blue Ship” -1970- État Très bon Contenu livré Montre avec garantie de 2 ans Mouvement Remontage manuel Boîtier Acier Année de fabrication 1970 Bracelet Couleur du bracelet Noir Type de fermoir Boucle ardillon Boîtier Étanche Étanche à l'origine Verre Plexiglas Matériau de la lunette Bakélite Diamètre 39mm * 46mm Calibre Calibre/Rouages 7733S Modifié",Pascal Karp,2025-11-05,False
Boucheron Carré Lady Or blanc 18kts -1969-  Réf.90308 Cal.ETA 2512 -1969-,Other,3400,https://pascalkarpwatchesexpertise.com/products/boucheron-boucheron-carre-lady-or-blanc-18kts-1969-ref-90308-cal-eta-2512-1969,https://cdn.shopify.com/s/files/1/0521/0429/8688/files/2025_10_20_BOUCHERON_WEB-2.jpg?v=1761119374,"Montre joaillerie pour dame en or blanc 18K, mouvement mécanique à remontage manuel ETA 2512. Cadran argenté d'origine, chiffres romains peints 12-3-6-9. Boîtier carré 2 pièces, fond pressé, poinçonné et gravé Boucheron Paris au dos. Dimensions : 24 mm x 31 mm (anses incluses) x 4,5 mm (6 mm verre compris). Mouvement et boîtier signés et numérotés. Article en excellent état, parfait état de fonctionnement, révisé et contrôlé en atelier. Garantie 2 ans. Détails de la montre Type de montre Montre Sexe Femme Marque Boucheron Numéro de référence 90308 Modèle Boucheron Carré Lady Or blanc 18kts -1969- État Très bon état Contenu livré Garantie de 2 ans Mouvement Remontage manuel Boîtier Or blanc 18kts Année de fabrication 1969 Bracelet Couleur du bracelet Mauve Type de fermoir Boucle ardillon Boîtier Étanche Non étanche Verre Plexiglas Chiffres du cadran Sans chiffres Diamètre 25mm * 4.5mm",Pascal Karp,2025-10-21,False
Vetta Chronographe Ermetico 38 mm en acier inoxydable -1944- Réf.5347 5 Cal.Valjoux 22 -1944-,Other,7800,https://pascalkarpwatchesexpertise.com/products/vetta-chronographe-ermetico-38-mm-en-acier-inoxydable-1944-ref-5347-5-cal-valjoux-22-1944,https://cdn.shopify.com/s/files/1/0521/0429/8688/files/2025_10_15_VETTA_WEB-2.jpg?v=1760534407,"Chronographe Vetta Ermetico en acier inoxydable, référence 5347 5. Calibre Valjoux 22, deux compteurs, fonction addition des minutes (30min), chronographe à roue à colonnes, mouvement à remontage manuel. Cadran patiné, chiffres arabes, aiguilles feuille. Boîtier ""stepcase"" en deux parties, initialement étanche, grands poussoirs ronds. Dimensions : 38 mm (hors couronne) x 44.5 mm (anses incluses) x 12,5 mm (verre compris). Mécanisme et boîtier signés et numérotés. En bon état de conservation et de fonctionnement. Révisé et contrôlé. Garantie 2 ans. Détails de la montre Type de montre Montre Sexe Homme/Unisexe Marque Vetta Numéro de référence 5347 5 Modèle Chronographe Ermetico 38 mm en acier inoxydable -1944- État Très bon état vintage Contenu livré Montre uniquement Mouvement Remontage manuel Boîtier Acier inoxydable Année de fabrication 1944 Bracelet Couleur du bracelet Brun Type de fermoir Boucle ardillon Boîtier Étanche Non étanche Verre Plexiglas Chiffres du cadran Arabes Diamètre 38mm * 12mm Calibre Calibre/Rouages Valjoux 22 Fonctions Chronographe Oui Autres État d'origine/Pièces originale Oui",Pascal Karp,2025-10-15,False
Omega Speedmaster Mark 4.5  Réf.176.0012 -1977-,Other,3600,https://pascalkarpwatchesexpertise.com/products/omega-speedmaster-automatique-mark-4-5-1977-ref-176-0012-cal-1045-base-lemania-5100-1977,https://cdn.shopify.com/s/files/1/0521/0429/8688/files/2025_05_26_OMEGA_WEB_V2_f5ba33ba-86b4-478e-bf82-04e6479cbada.jpg?v=1765625890,"Omega Speedmaster Mark 4.5 circa 1977, Chronographe vintage en acier inoxydable réf.176.0012 équipé du calibre 1045 base lemania 5100 fonction day-date, indication 24 heure jour/nuit, mouvement à remontage automatique. Cadran noir 3 registres, échelle tachymétrique gradué à 500 UPH, indexes et aiguillage luminescents à l'origine. Boitier tonneau 2 pièces poli/brossé, fond vissé et siglé. Le mécanisme et la boite sont signés et numérotés, dimensions : 42 mm (hors couronne) x 45 mm (anses inclues). Article en superbe état, révisé dans notre atelier. Service : 05/2025, 2 ans de garantie. Possibilité de reprise de votre/vos montre(s), n'hésitez pas à vous rendre dans notre boutique pour une consultation personnalisée. Détails de la montre Type de montre Montre Sexe Homme/Unisexe Marque Omega Numéro de référence 176.0012 Modèle Speedmaster Automatique Mark 4.5 -1977- État Très bon Contenu livré Montre uniquement Mouvement Remontage automatique Boîtier Acier Année de fabrication 1977 Bracelet Couleur du bracelet Noir Type de fermoir Boucle ardillon Boîtier Étanche Étanche à l'origine Verre Verre minéral Matériau de la lunette Acier Diamètre 42mm * 45mm Calibre Étanche Étanche à l'origine Verre Verre minéral Matériau de la lunette Acier Diamètre 42mm * 45mm Calibre/Rouages 1045 Base Calibre lemania 5100 Fonctions Date Oui Chronographe Oui Affichage des jours Oui Tachymètre Oui Autres Mise en circuit rapide Oui État d'origine/Pièces originale Oui",Pascal Karp,2025-06-26,False
Chronofixe Chronographe Flyback Type 20 -1960- Réf.249.37 Cal.Valjoux 222 -1960-,Other,3780,https://pascalkarpwatchesexpertise.com/products/chronofixe-chronographe-flyback-type-20-1960-ref-249-37-cal-valjoux-222-1960,https://cdn.shopify.com/s/files/1/0521/0429/8688/files/2025_11_03_CHRONOFIXE_WEB-2v2.jpg?v=1762353468,"Chronofixe, chronographe Type 20 en acier inoxydable, destiné à l'aviation légère de l'Armée de Terre (ALAT). Mouvement Valjoux 222 à remontage manuel, fonction flyback et addition des minutes (30 minutes). Cadran noir mat d'origine, chiffres arabes et aiguilles luminescentes patinées. Boîtier trois pièces non poli, fond vissé gravé de trois étoiles (certification CETEHOR Besançon). Lunette bidirectionnelle graduée. Dimensions : 37 mm (40 mm avec couronne et poussoirs) x 44 mm (anses incluses). Excellent état d'origine, parfait état de fonctionnement (révisé et contrôlé en atelier). Garantie 2 ans. Détails de la montre Type de montre Montre Sexe Homme/Unisexe Marque CHRONOFIXE Numéro de référence 249.37 Modèle Chronographe Flyback Type 20 -1960- État Bon Contenu livré Montre uniquement Mouvement Remontage manuel Boîtier Acier Année de fabrication 1960 Bracelet Couleur du bracelet Noir Type de fermoir Boucle ardillon Boîtier Étanche Non étanche Verre Plexiglas Chiffres du cadran Arabes Matériau de la lunette Acier Diamètre 37mm * 44mm Calibre Étanche Non étanche Verre Plexiglas Chiffres du cadran Arabes Matériau de la lunette Acier Diamètre 37mm * 44mm Calibre/Rouages Valjoux 222 Fonctions Fonction Flyback Oui Autres État d'origine/Pièces originale Oui",Pascal Karp,2025-06-11,False
Jaeger LeCoultre  pendulette rectangulaire Marina  ’Oiseau de paradis’ -1970- Réf.NA Cal. Cal. 210 -1970-,Other,1750,https://pascalkarpwatchesexpertise.com/products/jaeger-lecoultre-pendulette-rectangulaire-marina-oiseau-de-paradis-1970-ref-na-cal-cal-210-1970,https://cdn.shopify.com/s/files/1/0521/0429/8688/files/2025_05_26_JAEGER_02_WEB-5.jpg?v=1748345039,"Pendulette rectangulaire Jaeger LeCoultre Marina en Altuglas, reposant sur un socle en laiton doré, ornée d'un oiseau de paradis et de motifs chinois en relief doré sur fond noir laqué. Signée Marina, elle abrite un mouvement à baguette de 8 jours, calibre 210 LeCoultre avec remontage manuel. Le cadre squelette, également connu sous le nom de ""avec agitation visible"", mesure 22,5 x 17 x 5 cm. Cet article est particulièrement rare, en parfait état de conservation et de fonctionnement, ayant été révisé dans notre atelier la garantie est de 2 ans. Détails de la montre Type de montre Pendulette Marque Jaeger LeCoultre Modèle pendulette rectangulaire Marina ’Oiseau de paradis’ -1970- État Très bon Mouvement Remontage manuel Année de fabrication 1970 Boîtier Verre Plexiglas Diamètre 17mm * 22mm Calibre Calibre/Rouages 210 /8 Jours Autres État d'origine/Pièces originale Oui",Pascal Karp,2025-05-27,False
Dodane Chronographe Flyback Type 21 -1955- Réf.248848 Cal.Valjoux 222 -1955-,Other,4600,https://pascalkarpwatchesexpertise.com/products/dodane-chronographe-flyback-type-21-1955-ref-248848-cal-valjoux-222-1955,https://cdn.shopify.com/s/files/1/0521/0429/8688/files/2025_03_13_DODANE_hh.jpg?v=1773065116,"Dodane Type 21, chronographe militaire en acier inoxydable réf 248848 équipé du calibre Valjoux 222 fonctions retour en vol ""flyback"", addition des minutes (30min), mouvement à remontage manuel. Cadran noir 2 compteurs, chiffres arabes joliment patinés et aiguillage luminescents (à l'origine), boitier non polis 3 pièces, fond vissé gravé au dos 3 étoiles (certificat de qualité CETEHOR de Besançon), lunette bidirectionnelle graduée 60 minutes. Dimensions : 37 mm (40 mm couronne et poussoirs inclus) x 44 mm (anses inclues), article en très bon état de conservation et parfait état de fonctionnement, révisé et contrôlé dans notre atelier. 2 ans de garantie. Détails de la montre Type de montre Montre Sexe Homme/Unisexe Marque Dodane Numéro de référence 248848 Modèle Chronographe Flyback Type 21 -1955- État Bon Contenu livré Montre uniquement Mouvement Remontage manuel Boîtier Acier Année de fabrication 1955 Bracelet Couleur du bracelet Noir Type de fermoir Boucle ardillon Boîtier Étanche Non étanche Verre Plexiglas Chiffres du cadran Arabes Matériau de la lunette Acier Diamètre 37mm * 44mm Calibre Étanche Non étanche Verre Plexiglas Chiffres du cadran Arabes Matériau de la lunette Acier Diamètre 37mm * 44mm Calibre/Rouages Valjoux 222 Fonctions Chronographe Oui Fonction Flyback Oui Autres Lunette tournante Oui État d'origine/Pièces originale Oui",Pascal Karp,2025-03-14,False
TAG Heuer Monaco Men's Club Japan,Other,12800,https://pascalkarpwatchesexpertise.com/products/tag-heuer-monaco-mens-club-japan-watch-edition-limitee-100-pieces-ref-caw211e-cal-11-2021,https://cdn.shopify.com/s/files/1/0521/0429/8688/files/2025_01_25_HEUER_WEB-2.jpg?v=1737974820,"Tag Heuer Monaco édition limitée 100 pièces ""Men's Club Japan"", chronographe 2 compteurs en acier inoxydable réf. CAW211E équipé du calibre Tag Heuer Calibre 11 fonctions chronographe 30 minutes, date rapide en guichet à 6 heures, secondes à 3h couronne de remontoir à gauche, mouvement à remontage automatique. Cadran laqué vert 2 tons, indexes appliqués, aiguilles et points luminescents, boitier polis/brossé, fond saphir laissant apparaître le mouvement, glace saphir incurvée, étanche à 100 mètres. Dimension : 39 mm x 14 mm, bracelet rallye en cuir vert boucle déployante en acier inoxydable. Article non porté, livré avec son écrin et certificats d'origine. Garantie de 2 ans. Détails de la montre Type de montre Montre Sexe Homme/Unisexe Marque TAG Heuer Numéro de référence CAW211E Modèle Monaco Men's Club Japan Watch Edition limitée 100 Piéces -2022- État Jamais portée Contenu livré Montre avec coffret d'origine et papiers d'origine Mouvement Remontage automatique Boîtier Acier Année de fabrication 2021 Bracelet Couleur du bracelet Vert Type de fermoir Double plis Boîtier Matériau de la lunette Acier Diamètre 39mm * 39mm Calibre Diamètre 39mm * 39mm Calibre/Rouages Calibre 11 Fonctions Chronographe Oui Date Oui Autres Aiguilles luminescentes Oui Chiffres lumineux Oui Mise en circuit rapide Oui État d'origine/Pièces originale Oui Index luminescents Oui",Pascal Karp,2025-01-27,False
Jaeger LeCoultre Reverso vintage -1945-Réf.61508 Cal.437/1 -1945-,Other,12500,https://pascalkarpwatchesexpertise.com/products/jaeger-lecoultre-recerso-ref-61508-cal-437-1-1945,https://cdn.shopify.com/s/files/1/0521/0429/8688/files/2025_12_23_POIGNET_WEB-5.jpg?v=1766507069,"Rarissime Jaeger LeCoultre Reverso circa 1945, montre bracelet réversible en acier inoxydable réf. 61508 équipée du calibre de forme 437/1 fonction secondes au centre, mouvement à remontage manuel. Cadran original argenté très légèrement altéré au centre, chiffres arabes appliqués, minuterie chemin de fer au centre, aiguilles en acier bleui. Boîtier rectangulaire basculant non gravé, dimensions : 23 mm (hors couronne) x 39 mm x 9 mm (verre compris), le mécanisme et la boite sont signés et numérotés, Article en très bon état de conservation et parfait état de fonctionnement, révisé et contrôlé dans notre atelier. Détails de la montre Type de montre Montre Sexe Homme/Unisexe Marque Jaeger LeCoultre Numéro de référence 61508 Modèle Reverso vintage -1945- État Très bon Contenu livré Montre uniquement Mouvement Remontage manuel Boîtier Acier Année de fabrication 1945 Bracelet Largeur entrecorne 18 Couleur du bracelet Beige Type de fermoir Boucle ardillon Boîtier Étanche Non étanche Verre Verre minéral Chiffres du cadran Arabes Diamètre 25mm * 39mm Calibre Étanche Non étanche Verre Verre minéral Chiffres du cadran Arabes Diamètre 25mm * 39mm Calibre/Rouages 437/1 Autres Seconde centrale Oui État d'origine/Pièces originale Oui",Pascal Karp,2025-01-02,False
Piaget Complet dame or blanc 18Kts -1970- Réf.9801 A6 Cal.P -1970-,Other,4700,https://pascalkarpwatchesexpertise.com/products/piaget-complet-dame-or-blanc-18kts-1970-ref-9801-a6-cal-p-1970,https://cdn.shopify.com/s/files/1/0521/0429/8688/files/pspiaget.jpg?v=1702736206,"Piaget, élégant complet dame en or blanc 18Kts (67gr brut) réf.9801 A6 équipé du calibre ultra plat Piaget 9P à remontage manuel. Cadran, indexes et aiguillage en or blanc 18Kts, boitier ellipse renversé fond pressé, lunette texturé, bracelet en maille milanaise (longueur originale18 mm), fermoir siglé. Dimensions : 26.5 mm (hors couronne) x 24.5 mm x épaisseur : 4 mm (verre compris), le mécanisme et la boite sont signés et numérotés. Article proche du neuf révisé dans notre atelier, livré avec sont écrin d'origine. Service : 10/2023, 2 ans de garantie. Détails de la montre Type de montre Montre Sexe Homme/Unisexe Marque Piaget Numéro de référence 9801 A6 Modèle Lady White Gold 18K Like New Serviced, 2 Year Warranty -1970- État Très bon Contenu livré Montre avec coffret d'origine Mouvement Remontage manuel Boîtier Or blanc Année de fabrication 1970 Bracelet Couleur du bracelet Gris Type de fermoir Fermoir bijoux Boîtier Étanche Non étanche Verre Verre saphir Matériau de la lunette Or blanc Diamètre 26mm * 24mm Calibre Étanche Non étanche Verre Verre saphir Matériau de la lunette Or blanc Diamètre 26mm * 24mm Calibre/Rouages Piaget 9P Autres État d'origine/Pièces originale Oui",Pascal Karp,2023-11-03,False
Universal Genève Chronographe monopoussoir  39.5 mm -1933- Cal.Universal 16 3/4 -1933-,Other,4600,https://pascalkarpwatchesexpertise.com/products/universal-watch-chronographe-monopoussoir-39-5-mm-1933-cal-universal-16-3-4-1933,https://cdn.shopify.com/s/files/1/0521/0429/8688/files/2025_01_30_UG_WEB-2.jpg?v=1738574781,"Universal Watch (Universal Genève après 1937), chronographe collector de très grande taille en acier chromé équipé du calibre Universal 16 3/4 fonction addition des minutes, enclenchement du chrono par une roue à colonne, mouvement à remontage manuel. Cadran crème joliment patiné, télémètre au centre (snail dial), chiffres arabes et aiguilles Breguet, boitier massif 2 pièces fond pressé, poussoir olive à 2h, couronne de remontoir surdimensionnée. Dimensions : 39.5 mm (44 mm avec couronne) x 44,5 mm (anses inclues), le mécanisme et la boite sont signés et numérotés. Article rare en très bon état de conservation et parfait état de fonctionnement, révisé et contrôlé, garantie de 2 ans. Détails de la montre Type de montre Montre Sexe Homme/Unisexe Marque Universal Watch Modèle Chronographe Monopoussoir 39.5 mm -1933- État vintage Contenu livré Montre uniquement Mouvement Remontage manuel Boîtier Acier Année de fabrication 1933 Bracelet Couleur du bracelet Noir Type de fermoir Boucle ardillon Boîtier Étanche Non étanche Verre Matière plastique Chiffres du cadran Arabes Diamètre 39mm * 39mm Calibre Étanche Non étanche Verre Matière plastique Chiffres du cadran Arabes Diamètre 39mm * 39mm Calibre/Rouages Universal 16 3/4 (Universal Genève) Base Calibre Manufacture Universal Genève Fonctions Chronographe Oui Autres État d'origine/Pièces originale Oui",Pascal Karp,2023-08-05,False
"Universal Genève Classique or rose 18kts ""Hooded Lugs"" -1956-  Réf. 106 540  Cal. 332  -1956-",Other,3100,https://pascalkarpwatchesexpertise.com/products/universal-geneve-classique-or-rose-18kts-hooded-lugs-1956-ref-106-540-cal-332-1956,https://cdn.shopify.com/s/files/1/0521/0429/8688/files/azerty-485_d61f20ec-9586-4fc3-a7a0-e6682a89cfe8.jpg?v=1754655910,"Étonnante Universal Genève en or rose 18kts réf.106 540 équipée du calibre 332 fonction secondes au centre, mouvement à remontage manuel. Cadran argenté professionnellement restauré, chiffres arabes appliqués et aiguilles dauphines, boitier stylisé ""hooded lugs"" massif non polis, fond pressé. Dimensions : 33 mm (hors couronne) x 41 mm (anses inclues), le mécanisme et la boite sont signés et numérotés. Article en excellent état de conservation et parfait état de fonctionnement, garantie de 2 ans, livré avec sa boucle ardillon d'origine. Détails de la montre Type de montre Montre Sexe Homme/Unisexe Marque Universal Genève Numéro de référence 106 540 Modèle Classique or rose 18kts ""Hooded Lugs"" -1956- État Superbe Contenu livré Montre uniquement Mouvement Remontage manuel Boîtier Or Rose Année de fabrication 1956 Bracelet Couleur du bracelet Vert Type de fermoir Boucle ardillon Matériau de la boucle Or rose Boîtier Diamètre 33mm * 41mm Étanche Non étanche Verre Plexiglas Chiffres du cadran Arabes Matériau de la lunette Or rose Calibre Calibre/Rouages 332 Base Calibre Manufacture Universal Genève Autres Seconde centrale Oui État d'origine/Pièces originales Oui",Pascal Karp,2023-01-17,False
