title,brand,price,url,img,description,source,sold,priceOnRequest
Jaquet Droz Vintage Diver,Other,2500,https://www.shucktheoyster.com/portfolio/jaquet-droz-vintage-diver/,https://shucktheoyster.b-cdn.net/wp-content/uploads/2026/06/31_008-1.jpg,"DIAL: Black glossy tritium dial, steel tritium hands · CASE: Stainless steel watch case with screwdown caseback · DIAMETER: 35mm · MOVEMENT: High grade, automatic movement, cal. 2472 · STRAP: New, handmade Italian, black pigskin leather strap · CONDITION: Overall, the watch is in excellent condition. Dial and hands appear to be in very good condition, both retaining tritium luminous. The watch case appears to be in very good condition, presumably unpolished. The watch was acquired from a private collector in Germany.  The watch was recently serviced, running with a high amplitude keeping very accurate time. (265°; +6s/d). Original, beautiful diver.",Shuck the Oyster,False,False
MAD2 Eric Giroud Green,Other,5000,https://www.shucktheoyster.com/portfolio/mad2-eric-giroud-green/,https://shucktheoyster.b-cdn.net/wp-content/uploads/2026/06/14_008-1.jpg,"DIAL: Green dial · CASE: Stainless steel watch case, serial: M02S4381 · DIAMETER: 41,5mm · MOVEMENT: High grade, automatic M1C movement · STRAP: Original green leather strap · CONDITION: The watch is new and unworn, complete with all accessories. Rare opportunity at a fun piece!",Shuck the Oyster,False,False
Fortis Fliegerchronograph 597.10.141,Other,1500,https://www.shucktheoyster.com/portfolio/fortis-fliegerchronograph-597-10-141/,https://shucktheoyster.b-cdn.net/wp-content/uploads/2026/06/11_012-1.jpg,"DIAL: Original, black tritium dial, black tritium hands · CASE: Stainless steel watch case with screwdown caseback, serial: 49 · DIAMETER: 40mm · MOVEMENT: High grade, automatic Valjoux 7750 · CONDITION: Overall, the watch is in excellent condition. The dial and hands are flawless. Both, dial and hands retain original tritium lume. The case remains in very good condition. The watch was just serviced by our watchmaker, thus in very good running condition, keeping accurate time; 280°; +1s/d. The watch comes from the first owner in Germany. A very nice example!",Shuck the Oyster,False,False
Patek Philippe 'Hooded Lugs' 1438,Patek Philippe,8000,https://www.shucktheoyster.com/portfolio/patek-philippe-hooded-lugs-1438/,https://shucktheoyster.b-cdn.net/wp-content/uploads/2026/06/23_004-1.jpg,"DIAL: Silver dial, gold hands · CASE: Solid 18k rose gold watch case with snap-in caseback · DIAMETER: 23,5x34mm incl. lugs · MOVEMENT: High grade, Patek Philippe calibre · CONDITION: Overall, the watch is in good condition. Dial and hands are in good condition. The watch case is absolutely unpolished, sharp with deep hallmarks. The watch was just serviced by our watchmaker. It is in excellent mechanical condition, running with a very high amplitude, keeping very accurate time (265°; +8s/d). The watch comes from a collector in Italy.",Shuck the Oyster,False,False
Omega Speedmaster Professional Chronograph 145.022,Omega,4500,https://www.shucktheoyster.com/portfolio/omega-speedmaster-professional-chronograph-145-022-7/,https://shucktheoyster.b-cdn.net/wp-content/uploads/2026/06/5_008-1.jpg,"DIAL: Matte, black tritium dial, tritium hands · CASE: Stainless steel watch case with screwdown caseback · DIAMETER: 40mm · MOVEMENT: High grade Omega calibre 861, serial: 48295436 · BRACELET: Original, stainless steel 1479/812 bracelet · CONDITION: Overall, the watch is in excellent condition. The dial is flawless. The lume shows a beautiful vanilla colour. The case remains in unpolished condition. The bezel is in excellent condition. The crystal shows the Omega signet. The recently serviced watch (275°; +8s/d) is in very good running condition, keeping very accurate time. If you want an excellent, all original, Speedmaster for a price &#8211; this is your watch!",Shuck the Oyster,False,False
Heuer Carrera Vintage Chronograph 2447S,Heuer,5900,https://www.shucktheoyster.com/portfolio/heuer-carrera-vintage-chronograph-2447s-6/,https://shucktheoyster.b-cdn.net/wp-content/uploads/2026/06/29_003-1.jpg,"DIAL: Silver tritium dial, steel tritium 1st exec. hands · CASE: Stainless steel watch case with screwdown caseback, serial: 79470 · DIAMETER: 35,5mm · MOVEMENT: High grade, Valjoux 72 calibre · STRAP: New, Italian handmade, calf leather racing strap · CONDITION: Overall, the watch is in very good condition. Dial and hands appear to be in very good condition, showing original tritium lume. The watch case remains in excellent condition. The recently serviced watch is running strong, with a high amplitude, keeping accurate time. (290°; +3/d). The watch comes from the family of the first owner in Saarland, Germany. An overall, nice, affordable example!",Shuck the Oyster,False,False
Jaeger-LeCoultre Memovox Automatique 141.8.971 FULL SET,Jaeger-LeCoultre,5500,https://www.shucktheoyster.com/portfolio/jaeger-lecoultre-memovox-automatique-141-8-971-full-set/,https://shucktheoyster.b-cdn.net/wp-content/uploads/2026/06/12_026-1.jpg,"DIAL: Silver tritium dial, steel dauphine tritium hands · CASE: Stainless steel watch case with screw in caseback, serial: 3010 · DIAMETER: 38,5mm · MOVEMENT: High grade, bumper automatic movement, JLC cal.918 · STRAP: New, Italian handmade pig skin leather strap + original JLC strap with deployant buckle · CONDITION: Overall, the watch is in excellent condition. Dial and hands appear to be flawless. Both show a beautiful orange patina to the original tritium lume. The watch case appears to be in excellent, unpolished condition. The alarm function works properly. The watch was just serviced by our watchmaker, running strong, showing a high amplitude, keeping accurate time (275°, +2s/d). The watch was acquired from the first owner in Sasbach, BW, Germany.",Shuck the Oyster,False,False
Breguet Classique Chronograph 3230,Breguet,22500,https://www.shucktheoyster.com/portfolio/breguet-classique-chronograph-3230/,https://shucktheoyster.b-cdn.net/wp-content/uploads/2026/06/24_007-1.jpg,"DIAL: Original, silvered guilloched two tone dial, blued Breguet hands · CASE: 18k yellow gold watch case with snap-in caseback, serial: 943B · DIAMETER: 35mm · MOVEMENT: High grade, Breguet 533 movement, serial: 474 · STRAP: New, Italian handmade, black pigskin leather strap with original Breguet 18k buckle · CONDITION: Overall, the watch is in very good condition. The original, guilloched dial is in excellent condition, showing a beautiful contrast between the guilloched and flat surfaces. The watch case remains in excellent condition, appearing to be unpolished, with a beautiful tarnish patina to the gold.  The watch was just serviced by our watchmaker, thus in excellent running condition, keeping accurate time (300°; +4s/d). Chronograph functions are fully intact. The watch comes from a collector in Italy. A very beautiful, early production, classic Breguet chronograph.",Shuck the Oyster,False,False
Universal Genève Polerouter Sub 20369-1,Other,7900,https://www.shucktheoyster.com/portfolio/universal-geneve-polerouter-sub-20369-1/,https://shucktheoyster.b-cdn.net/wp-content/uploads/2026/06/18_002-1.jpg,"DIAL: Black gilt radium dial, steel radium hands · CASE: Stainless steel watch case with screwdown caseback, serial: 2230181 · DIAMETER: 42 mm · MOVEMENT: Universal Genève microrotor movement, calibre 218-9 · STRAP: New, Italian handmade pig skin leather strap · CONDITION: Overall, the watch is in excellent condition. The dial and hands are almost flawless in overall top condition with original radium lume. The watch case appears to be in excellent condition. The watch was just serviced by our watchmaker, running with a high amplitude keeping very accurate time. (260°; +4s/d). The watch was acquired from a collector in Italy. Top condition on a rare reference.",Shuck the Oyster,False,False
Universal Genève Oversize Vintage Wristwatch 20512,Other,1800,https://www.shucktheoyster.com/portfolio/universal-geneve-oversize-vintage-wristwatch-20512/,https://shucktheoyster.b-cdn.net/wp-content/uploads/2026/06/20_008-1.jpg,"DIAL: Silver dial, gold feuille hands · DIAMETER: 34,5mm &#8211; lug to lug 44mm · MOVEMENT: Universal Genève manual wind  movement, cal. 267 · STRAP: New, Italian handmade pig skin leather strap · CONDITION: Overall, the watch is in excellent condition. The unusual dial with inner minute scale is in excellent condition. The watch case appears to be unpolished. The watch was just serviced by our watchmaker, now in excellent running condition, keeping accurate time. (325°; + 8s/d) The watch comes from a collector in Italy. A very nice version, with inner minutes and outer art deco hour numerals.",Shuck the Oyster,False,False
Omega 1181 &#8216;Stora Kopparberg&#8217; NOS,Omega,1750,https://www.shucktheoyster.com/portfolio/omega-1181-stora-kopparberg-nos/,https://shucktheoyster.b-cdn.net/wp-content/uploads/2026/06/35_007-1.jpg,"DIAL: Silver, radium dial, gold dauphine radium hands · CASE: 18k gold watch case with snap-in caseback, serial: 13290511 · DIAMETER: 34mm · MOVEMENT: High grade, manual wind calibre 1030, 17 jewels, serial: 38638601 · STRAP: Original, black leather leather strap, Swiss made, with original plated Omega sun buckle · CONDITION: Overall, the watch is in NOS unworn condition. The silvered dial is in stunning, all original condition. The watch case is 100% unpolished, super sharp, showing deep hallmarks. The watch was just serviced by our watchmaker, thus in excellent mechanical condition. (330°; +2s/d). The watch was acquired from a collector in Sweden. It was given to a F. Hallstensson in 1977. A very sharp, top condition, rare Omega. The watch comes with its original box and sales receipt.",Shuck the Oyster,False,False
Sinn Vintage Chronograph 147 MINT + RARE,Other,2850,https://www.shucktheoyster.com/portfolio/sinn-vintage-chronograph-147-mint-rare/,https://shucktheoyster.b-cdn.net/wp-content/uploads/2026/06/33_007-1.jpg,"DIAL: Original, black tritium dial, white tritium hands · CASE: Stainless steel watch case with snap-in caseback · DIAMETER: 40mm · MOVEMENT: High grade, automatic wind Lemania, calibre 5100 · BRACELET: Original, stainless steel bracelet · CONDITION: Overall, the watch is in mint condition. The original dial and hands remain in very good condition, with a beautiful lume patina. Both dial and hands retain original tritium lume. The watch appears to be unpolished with clean and sharp chamfers. It shows the original purple protective foil. The watch was just serviced by our watchmaker, thus in very good running condition, keeping accurate time; 270°; +10s/d. The watch comes from a Sinn collector in Italy.",Shuck the Oyster,False,False
Rolex Sea-Dweller 16600 FULL SET,Rolex,8500,https://www.shucktheoyster.com/portfolio/rolex-sea-dweller-16600-full-set/,https://shucktheoyster.b-cdn.net/wp-content/uploads/2026/06/10_020-1.jpg,"DIAL: Glossy, black dial tritium dial, steel Mercedes tritium hands · CASE: Stainless steel watch case, with screwdown caseback; serial: T787085 · DIAMETER: 40mm · MOVEMENT: High grade, automatic movement, calibre 3135 · BRACELET: Original Rolex oyster bracelet 93160 bracelet · CONDITION: Overall the watch is in excellent condition. Dial and hands are flawless. The watch case appears to be in very good condition, still thick and super sharp. The bracelet is in very good condition, fully linked. The recently serviced watch runs with an amplitude of over 280° and shows no time deviation. The watch comes as a complete full set incl. punched papers, calendar, brochures, etc. Great set!",Shuck the Oyster,False,False
Omega Vintage Chronograph Fab. Suisse RARE,Omega,5900,https://www.shucktheoyster.com/portfolio/omega-vintage-chronograph-fab-suisse-rare/,https://shucktheoyster.b-cdn.net/wp-content/uploads/2026/06/1_006-1.jpg,"DIAL: Original, silvered dial, gold feuille hands · CASE: 14k rose gold watch case with snap-in caseback, serial: 10879485 · DIAMETER: 35mm · MOVEMENT: High grade, Omega 27 CHRO C12 T2 PC movement, serial: 11497485 · STRAP: New, Italian handmade, black pigskin leather strap with original Omega sun buckle (plated) · CONDITION: Overall, the watch is in excellent condition. The fab. suisse dial is in very good condition, showing a beautiful, homogenous patina. The watch case remains in excellent condition &#8211; unpolished!. The watch was just serviced by our watchmaker, thus in excellent running condition, keeping accurate time (270°; +4s/d). Chronograph functions are fully intact. The watch comes from a collector in Spain. A very beautiful and highly rare timepiece!",Shuck the Oyster,False,False
Omega Speedmaster Trilogy Chronograph 311.10.39.30.01.001 FULL SET,Omega,6750,https://www.shucktheoyster.com/portfolio/omega-speedmaster-trilogy-chronograph-311-10-39-30-01-001-full-set/,https://shucktheoyster.b-cdn.net/wp-content/uploads/2026/06/3_003-1.jpg,"DIAL: Matte black luminous dial, steel luminous hands · CASE: Stainless steel watch case with screwdown caseback · DIAMETER: 38,6mm · BRACELET: Original Omega stainless steel bracelet · CONDITION: Overall, the watch is in excellent condition. Dial and hands are absolutely flawless. The characteristic case is in excellent, unpolished condition. The chronograph starts, stops and resets to zero without issues. The watch is in excellent running condition, keeping accurate time. The watch comes as a full set with box &amp; accessories and cards. A beautiful, unworn modern Speedmaster.",Shuck the Oyster,False,False
Omega Seamaster Trilogy 234.10.39.20.01.001 FULL SET,Omega,5950,https://www.shucktheoyster.com/portfolio/omega-seamaster-trilogy-234-10-39-20-01-001-full-set/,https://shucktheoyster.b-cdn.net/wp-content/uploads/2026/06/6_012-1.jpg,"DIAL: Matte black luminous dial, steel luminous hands · CASE: Stainless steel watch case with screwdown caseback · DIAMETER: 39mm · MOVEMENT: High grade, Omega 1861, serial: 2168/3557 · BRACELET: Original Omega stainless steel bracelet · CONDITION: Overall, the watch is in excellent condition. Dial and hands are absolutely flawless. The characteristic case is in excellent, unpolished condition. The watch is in excellent running condition, keeping accurate time. The watch comes as a full set with box &amp; accessories and cards. A beautiful, unworn modern Seamaster.",Shuck the Oyster,False,False
Omega Seamaster XVI Vintage Wristwatch 2850 SC WOW,Omega,6500,https://www.shucktheoyster.com/portfolio/omega-seamaster-xvi-vintage-wristwatch-2850-sc-wow/,https://shucktheoyster.b-cdn.net/wp-content/uploads/2026/06/30_002-1.jpg,"DIAL: Cream dial, gold dauphine hands · CASE: 18k gold watch case with snapin caseback, serial: 11424622 · DIAMETER: 34mm · MOVEMENT: High grade, automatic wind calibre 471, serial: 14736482 · STRAP: Vintage, Omega black leather leather strap, Swiss made, with original plated Omega buckle · CONDITION: Overall, the watch is in mint condition. The cream colour dial is in stunning, all original condition. All lume plots are in place. The watch case is in excellent condition, still sharp, showing deep hallmarks. The watch was just serviced by our watchmaker, thus in excellent mechanical condition. (330°; +2s/d). The watch was acquired from a collector in Rome, Italy. This watch was made for the 1956 Melbourne Olympic Games. A very sharp, top condition solid gold Seamaster you will not regret!",Shuck the Oyster,False,False
Rolex Rectangular 1897 Vintage Watch IMPORTANT,Rolex,26500,https://www.shucktheoyster.com/portfolio/rolex-rectangular-1897-vintage-watch-important/,https://shucktheoyster.b-cdn.net/wp-content/uploads/2026/06/22_007-2.jpg,"DIAL: Black radium dial, steel radium hands · CASE: Stainless steel watch case with snap-in caseback, serial: 013438 · DIAMETER: 26x35mm &#8211; 43mm (lug to lug) · MOVEMENT: High grade, Rolex manual wind calibre 10,5’’ · STRAP: New, Italian handmade pig skin leather strap · CONDITION: Overall, the watch is in excellent condition. The original and untouched dial is in excellent condition, showing a beautiful, homogeneous patina. Really appealing! Dial and hands retain original radium lume, absolutely even under UV light and responding to the Geiger counter correctly. The watch case is in very good condition, sharp and unpolished. The watch was just serviced by our watchmaker, thus is in very good running condition, keeping accurate time. (270°; +4s/d). The watch comes from the family of the first owner near Athens, Greece. A one of a kind, very rare and important Rolex time only.",Shuck the Oyster,False,False
Sinn 103B Original Dial,Other,450,https://www.shucktheoyster.com/portfolio/sinn-103b-original-dial/,https://shucktheoyster.b-cdn.net/wp-content/uploads/2026/06/6_003.jpg,"CONDITION: excellent, original condition!",Shuck the Oyster,False,False
Heuer Temporada Original Dial Red,Heuer,250,https://www.shucktheoyster.com/portfolio/heuer-temporada-original-dial-red/,https://shucktheoyster.b-cdn.net/wp-content/uploads/2026/06/5_004.jpg,,Shuck the Oyster,False,False
Mauser Watch Caliper RARE,Other,0,https://www.shucktheoyster.com/portfolio/mauser-watch-caliper-rare/,https://shucktheoyster.b-cdn.net/wp-content/uploads/2026/06/4_005.jpg,,Shuck the Oyster,False,True
Omega Crater Box RARE,Omega,1500,https://www.shucktheoyster.com/portfolio/omega-crater-box-rare/,https://shucktheoyster.b-cdn.net/wp-content/uploads/2026/06/3_013.jpg,CONDITION: in perfect condition,Shuck the Oyster,False,False
Breitling Chrono-Matic Vintage Chronograph 1809,Breitling,3500,https://www.shucktheoyster.com/portfolio/breitling-chrono-matic-vintage-chronograph-1809/,https://shucktheoyster.b-cdn.net/wp-content/uploads/2026/05/13_008-1.jpg,"DIAL: Original, black tritium dial, white/orange tritium hands · CASE: Stainless steel with screwdown caseback, serial: 1442540 · DIAMETER: 44mm · MOVEMENT: High grade, automatic movement, calibre 14 · BRACELET: Original Breitling stainless steel bracelet (full length) · CONDITION: Overall the watch is in excellent condition. Dial and hands are in excellent condition, with matching, original tritium luminous. The case appears to be unpolished, in excellent condition. The chronograph is in full working order starting, stopping and resetting to ‘0’. The watch was just serviced by our watchmaker, thus in excellent running condition, keeping accurate time. (+260; +8s/d). The watch comes from the family of the first owner, in Germany.",Shuck the Oyster,False,False
Eterna Oversize Vintage Chronograph,Other,5900,https://www.shucktheoyster.com/portfolio/eterna-oversize-vintage-chronograph-3/,https://shucktheoyster.b-cdn.net/wp-content/uploads/2026/05/19_003-2.jpg,"DIAL: Original, black, gilt dial, copper feuille hands · CASE: Stainless steel watch case with screwdown caseback · DIAMETER: 38mm · MOVEMENT: High grade, manual wind Valjoux 22 movement, 17 jewels · STRAP: New, handmade Italian, black pigskin leather strap · CONDITION: Overall the watch is in excellent condition. The original dial is in very good condition with an amazing gilt glow and contrasting guilloched subdials. Beautiful patina &#8211; simply stunning! The watch case appears to be in very good condition. The watch is triple signed. The watch was just serviced, runs with a very high amplitude, keeping very accurate time. (275°; +5s/d). The watch comes from a private estate in Italy.",Shuck the Oyster,False,False
Audemars Royal Oak 6001ST,Other,17900,https://www.shucktheoyster.com/portfolio/audemars-royal-oak-6001st-beta-21/,https://shucktheoyster.b-cdn.net/wp-content/uploads/2026/05/26_005-2.jpg,"DIAL: Gray waffle tritium dial, steel tritium hands · CASE: Stainless steel watch case with integrated bracelet; no. 100066 · DIAMETER: 35,5mm · MOVEMENT: High grade, automatic movement, AP calibre 2510 &#8211; Omega 1510 · BRACELET: Integrated AP stainless steel bracelet, that will fit wrists up to 18,5cm · CONDITION: Overall, the watch is in excellent condition. Dial and hands are flawless. Both dial and hands retain original luminous, that has assumed a very nice patina. The watch case appears to be in very nice condition. The integrated bracelet is also in very good condition, no stretch, wears neatly and comfortably. The watch is running well, with a new battery. The watch comes from a collector in Rome, Italy. Outstanding example of an interesting reference.",Shuck the Oyster,False,False
Omega Memomatic 166.071,Omega,2500,https://www.shucktheoyster.com/portfolio/omega-memomatic-166-077/,https://shucktheoyster.b-cdn.net/wp-content/uploads/2026/05/24_008-2.jpg,"DIAL: Grey tritium dial, white tritium hands · CASE: Stainless steel watch case with screwdown caseback · DIAMETER: 39,5mm · MOVEMENT: High grade, automatic calibre 980, serial: 30010666 · BRACELET: Original Omega stainless steel 1125/185 bracelet · CONDITION: Overall, the watch is in very good condition. The dial is in very good condition. Both dial and hands retain original tritium. The watch case appears to be in excellent condition. The watch was just serviced by our watchmaker, thus in perfect mechanical condition. (295°; +4s/d). The watch comes from the family of the first owner in Cologne, Germany. A very nice, budget friendly vintage watch with character.",Shuck the Oyster,False,False
Tudor Submariner Black Snowflake 94010 TOP,Tudor,11900,https://www.shucktheoyster.com/portfolio/tudor-submariner-black-snowflake-94010-top/,https://shucktheoyster.b-cdn.net/wp-content/uploads/2026/05/29_005-3.jpg,"DIAL: Matte black tritium dial, snowflake hands · CASE: Stainless steel watch case with screwdown caseback, serial: 15039 · DIAMETER: 40mm · MOVEMENT: High grade, automatic calibre 2776 · BRACELET: Stainless steel, Rolex bracelet 9315/380B · CONDITION: Overall, the watch is in excellent condition. Dial and hands are flawless, almost never seen on Tudor watches. The watch case appears to be in excellent condition. The bezel is also in excellent condition and turns with the right tension. The watch was just serviced by our watchmaker. (300°; +1s/d) The watch is in very good running condition, keeping accurate time. The watch was acquired from a collector in Austria. It will be hard to find a better example.",Shuck the Oyster,False,False
Mulco Vintage Spillman Chronograph,Other,2950,https://www.shucktheoyster.com/portfolio/mulco-vintage-spillman-chronograph/,https://shucktheoyster.b-cdn.net/wp-content/uploads/2026/05/34_009-1.jpg,"DIAL: Original, black multiscale radium dial with Arabic numerals, white radium hands · CASE: Stainless steel watch case with screwback caseback, serial: 281100 · DIAMETER: 38mm · MOVEMENT: High grade, Valjoux 22 chronograph movement, 17 jewels · STRAP: Vintage style calf leather strap · CONDITION: Overall, the watch is in very good condition. The original dial is in very good condition, showing a homogenous patina. The watch case is in very good condition not showing any signs of polishing. The chronograph starts, stops and resets without any issues. The serviced watch in excellent running condition, keeping accurate time (250°, +2s/d). The watch comes from a collector in the Netherlands.",Shuck the Oyster,False,False
Omega Speedmaster Professional 145.022-69 ST RACING RARE,Omega,44500,https://www.shucktheoyster.com/portfolio/omega-speedmaster-professional-145-022-69-st-racing-rare/,https://shucktheoyster.b-cdn.net/wp-content/uploads/2026/05/21_004-2.jpg,"DIAL: Matte black tritium step dial, white tritium hands · CASE: Stainless steel lyre lug case with screwdown caseback · DIAMETER: 40mm · MOVEMENT: High grade, Omega 861 calibre, serial: 29609944 · STRAP: New, Italian handmade, calf leather racing strap · CONDITION: Overall, the watch is in excellent condition. Dial and hands are flawless. Nice &amp; homogenous lume colour/patina, original tritium on dial and hands. The DO90 bezel is also in excellent condition, showing a nice fade to grey matching the dial. The unpolished watch case is in very good condition, with brushed sides and sharp edges. The seahorse caseback is also in excellent condition. Original crystal with Omega logo, original crown. The serial fits the range of all known and correct 69 racing examples. The watch was just serviced by our watchmaker, thus in excellent running condition, keeping accurate time (280°; +1s/d). The watch comes from the first owner in Germany. The watch comes from the family of the first owner in NRW Germany, and was purchased in Switzerland in the early 70s according to them.  A stunning, coherent and unmolested, all original, 1969 racing Speedmaster in investment grade condition.",Shuck the Oyster,False,False
Omega Speedmaster Professional 145.012-67,Omega,12000,https://www.shucktheoyster.com/portfolio/omega-speedmaster-professional-145-012-67-5/,https://shucktheoyster.b-cdn.net/wp-content/uploads/2026/05/7_012-1.jpg,"DIAL: Matte black tritium step dial, white tritium hands · CASE: Stainless steel lyre lug case with screwdown caseback · DIAMETER: 40mm · MOVEMENT: High grade, Omega 321 calibre, serial: 26544712 · BRACELET: Original, 1039 bracelet with 516 endlinks stamped 2/68 · CONDITION: Overall, the watch is in excellent condition. Dial and hands are flawless. Nice &amp; homogenous lume colour/patina, original tritium on dial and hands. The DO90 bezel is also in excellent condition. The watch case is in very good condition, with brushed sides and sharp edges. The seahorse caseback is also in excellent condition. Original crystal with Omega logo, flat feet crown. The full length bracelet is in excellent condition. The watch was just serviced by our watchmaker, thus in excellent running condition, keeping accurate time (310; +4s/d). The watch comes from the first owner in Germany. A stunning, coherent and unmolested, all original, 1967 pre moon Speedmaster in investment grade condition.",Shuck the Oyster,False,False
Heuer Carrera AUDI SPORT Vintage Chronograph 510.533 NOS,Heuer,10500,https://www.shucktheoyster.com/portfolio/heuer-carrera-audi-sport-vintage-chronograph-510-533-nos/,https://shucktheoyster.b-cdn.net/wp-content/uploads/2026/05/31_008-1.jpg,"DIAL: Original, black tritium dial, white tritium hands · CASE: Titanium watch case with screwdown steel caseback, serial: 816197 · DIAMETER: 39mm · MOVEMENT: High grade, automatic calibre Lemania 5100 · BRACELET: Original titanium bracelet · CONDITION: Overall, the watch is in mint, unworn condition. The dial is in excellent condition. The lume has assumed a homogenous patina The watch case remains unpolished, very sharp, in excellent condition. The watch was just serviced, all functions intact, keeping accurate time (275°; +5s/d). The watch comes from the family of the first owner in the UK. Never worn. This is certainly one of the rarest Heuer watches out there. Only a handful of these have resurfaced over the years. Produced in a very short run, likely only for the British market in the early 80s.",Shuck the Oyster,False,False
Favre Leuba Bivouac Vintage Altimeter Barometer Watch,Other,5500,https://www.shucktheoyster.com/portfolio/favre-leuba-bivouac-vintage-altimeter-barometer-watch-2/,https://shucktheoyster.b-cdn.net/wp-content/uploads/2026/05/27_009-1.jpg,"DIAL: Matte, black &amp; blue tritium dial, steel tritium hands · CASE: Stainless steel watch case with screwdown caseback, serial: 53203 · DIAMETER: 39mm · MOVEMENT: High grade, manual wind FL 10032 calibre · STRAP: New, Italian handmade, calf leather racing strap · CONDITION: Overall, the watch is in near mint condition. Dial and hands are in perfect condition, retaining original tritium that has aged beautifully to a custard colour. The watch case remains unpolished. The one directional interval bezel rotates nicely. The watch is in excellent running condition, keeping accurate time (300°; +0s/d). The altimeter is working correctly. The watch comes from a private collector in the Netherlands.",Shuck the Oyster,False,False
Longines Greenlander Military Watch WWW K.N.I.L. 4699 &#8211; UBERRARE,Longines,6950,https://www.shucktheoyster.com/portfolio/longines-greenlander-military-watch-www-k-n-i-l-4699-uberrare/,https://shucktheoyster.b-cdn.net/wp-content/uploads/2026/05/30_009-1.jpg,"DIAL: Matte, black radium dial, radium hands · CASE: Stainless steel watch case with screwdown caseback, serial: F5740 &#8211; 23088/2C16 · DIAMETER: 37mm · MOVEMENT: High grade, manual wind movement, calibre 12.68Z · STRAP: Green, vintage BUND strap · CONDITION: Overall, the watch is in very good condition. Dial and hands appear to be in very good condition. Both dial and hands show original radium. The dial has assumed a homogeneous patina. The watch case appears to be in very good condition. The recently serviced watch is in excellent running condition, keeping accurate time (275°, +4s/d). The watch comes from a collector in the Netherlands. This is one of the rarest military watches in this category. Only a handful are known. Rare collectors piece!",Shuck the Oyster,False,False
Heuer Camaro Exotic Vintage Chronograph 7220S,Heuer,7500,https://www.shucktheoyster.com/portfolio/heuer-camaro-exotic-vintage-chronograph-7220s/,https://shucktheoyster.b-cdn.net/wp-content/uploads/2026/05/38_003-1.jpg,"DIAL: Silver sunburst tritium dial, steel tritium hands · CASE: Stainless steel watch case with screwdown caseback, serial: 192014 · DIAMETER: 37mm · MOVEMENT: High grade, manual wind movement, cal. Valjoux 72 · STRAP: New, Italian handmade, calf leather racing strap · CONDITION: Overall, the watch is in excellent condition. Dial and hands are in excellent condition, both showing original tritium luminous that has aged to a homogenous orange colour. The watch case appears to be unpolished. The watch was just serviced by our watchmaker, thus in excellent running condition. (300°; +2s/d). The watch was acquired from the family of the first owner, in Germany.",Shuck the Oyster,False,False
Blancpain 50 Fathoms Rotomatic Vintage Diver,Blancpain,29500,https://www.shucktheoyster.com/portfolio/blancpain-50-fathoms-rotomatic-vintage-diver-2/,https://shucktheoyster.b-cdn.net/wp-content/uploads/2026/05/28_008-1-1.jpg,"DIAL: Black radium dial, white radium hands · CASE: Stainless steel watch case with screw down caseback, serial: 889 · DIAMETER: 40mm · MOVEMENT: High grade, automatic calibre AS1361N · STRAP: New, handmade Italian, calf leather strap · CONDITION: Overall, the watch is in very good condition. Dial and hands are in very good condition, both showing original radium luminous, that has aged to a beautiful colour. The watch case appears to be in very good condition, still very sharp and unpolished. The bidirectional bakelite bezel is in very good condition. The watch was just serviced again by our watchmaker, thus in excellent running condition. (290°; +2s/d). The watch comes from a collector in Italy.",Shuck the Oyster,False,False
Eterna Clamshell Vintage Watch,Other,1900,https://www.shucktheoyster.com/portfolio/eterna-clamshell-vintage-watch/,https://shucktheoyster.b-cdn.net/wp-content/uploads/2026/05/4_005-1.jpg,"DIAL: Black gilt dial, gold feuille hands · CASE: Stainless steel watch case with screw-in caseback · DIAMETER: 22,5x39mm · MOVEMENT: High grade, manual wind Eterna calibre · BRACELET: Vintage stainless steel Bonklip bracelet · CONDITION: Overall, the watch is in excellent condition. Dial and hands are in excellent condition. The watch case appears to be unpolished, in overall excellent, superharp condition. The watch is quite large and has a great presence on the wrist. It is serviced, running strong, showing a high amplitude, keeping accurate time. (295°; +2s/d). The watch comes from a collector in Cologne, Germany. A real gem!",Shuck the Oyster,False,False
Heuer Carrera Dato 45 Vintage Chronograph 3147N 1st Execution,Heuer,9850,https://www.shucktheoyster.com/portfolio/heuer-carrera-dato-45-vintage-chronograph-3147n-1st-execution-2/,https://shucktheoyster.b-cdn.net/wp-content/uploads/2026/05/30_008-1.jpg,"DIAL: Matte black tritium dial, steel hands · CASE: Stainless steel watch case with screwdown caseback, serial: 71828 · DIAMETER: 35,5mm · MOVEMENT: Manual wind, Landeron 189 calibre · STRAP: New, Italian handmade, calf leather racing strap · CONDITION: Overall, the watch is in excellent condition. The dial appears to be flawless. The tritium luminous on dial and hands is fully original and all in place. The watch case is in very good condition. The watch was just serviced, thus in very good running condition, keeping accurate time. (300°; +2s/d). The watch was acquired from a collector in Frankfurt, Germany. A very rare watch in investment grade quality.",Shuck the Oyster,False,False
Heuer Pocket Chronograph,Heuer,2500,https://www.shucktheoyster.com/portfolio/heuer-pocket-chronograph-2/,https://shucktheoyster.b-cdn.net/wp-content/uploads/2026/05/19_002-1.jpg,"DIAL: Original silvered two tone dial, blued feuille hands · CASE: Stainless steel case with snap-in caseback, serial: 147900 · DIAMETER: 49mm · MOVEMENT: Manual wind calibre, serial: 503819 · STRAP: Overall the watch is in excellent condition. The original dial is in excellent condition. The case remains in unpolished condition. The watch was just serviced by our watchmaker, thus in very good running condition, keeping very accurate time. (270°, +4s/d). The watch was acquired from the family of the first owner in Germany. An outstanding, rare and beautiful pocket watch.",Shuck the Oyster,False,False
Omega Constellation Megaquartz 196.0015,Omega,1650,https://www.shucktheoyster.com/portfolio/omega-constellation-megaquartz-196-0015/,https://shucktheoyster.b-cdn.net/wp-content/uploads/2026/05/22_007-1.jpg,"DIAL: Silvered tritium dial, steel tritium hands · CASE: Stainless steel watch case with screwdown caseback · DIAMETER: 37mm · MOVEMENT: Quartz movement, cal. 1310, serial: 37900626 · BRACELET: Omega stainless steel bracelet 1037 · CONDITION: Overall the watch is in excellent condition. Dial and hands are in excellent condition, all original. The watch case is in very good condition, unpolished. The movement is also in very good condition. The watch was just serviced by our watchmaker, new batteries, thus is in very good running condition, keeping very accurate time . The watch comes from the first owner in Cologne, Germany. Truly beautiful timepiece.",Shuck the Oyster,False,False
Omega De Ville 14k Ladies Watch,Omega,1250,https://www.shucktheoyster.com/portfolio/omega-de-ville-14k-ladies-watch/,https://shucktheoyster.b-cdn.net/wp-content/uploads/2026/05/7_009-1.jpg,"DIAL: Original gold dial, gold dauphine hands · CASE: 14k gold watch case, signed Omega, serial: 5117012 · DIAMETER: 24mm · MOVEMENT: High grade Omega manual wind movement cal. 625, serial: 38029624 · STRAP: Black perlon strap · CONDITION: Overall, the watch appears to be in good condition. The original dial is in good condition. The watch case appears to be unpolished. The recently serviced watch is in excellent running condition, keeping accurate time (260°, +2s/d). The watch was acquired from the family of the first owner in Germany.",Shuck the Oyster,False,False
Omega De Ville Rectangular Jumbo,Omega,1750,https://www.shucktheoyster.com/portfolio/omega-de-ville-rectangular-jumbo/,https://shucktheoyster.b-cdn.net/wp-content/uploads/2026/05/23_007-1.jpg,"DIAL: Silvered dial, steel hands · CASE: Stainless steel watch case with snap-in caseback · DIAMETER: 50x27mm · MOVEMENT: Automatic Omega movement · BRACELET: Omega stainless steel bracelet · CONDITION: Overall the watch is in excellent ‘untouched’ condition. Dial and hands are in very good condition, all original. The watch case is in excellent condition, unpolished. The movement is also in very good condition. The watch was just serviced by our watchmaker, runs with an amplitude over 260°, thus is in very good running condition, keeping very accurate time (+2s/d). The watch comes from the first owner in Belgium. Truly beautiful timepiece.",Shuck the Oyster,False,False
Omega Geneve Vintage Watch 166.0166,Omega,1450,https://www.shucktheoyster.com/portfolio/omega-geneve-vintage-watch-166-0166/,https://shucktheoyster.b-cdn.net/wp-content/uploads/2026/05/16_007-1.jpg,"DIAL: Silvered tritium dial, steel tritium hands · CASE: Stainless steel watch case with screw down caseback · DIAMETER: 35mm · MOVEMENT: Automatic movement, cal. 1012, serial: 37303529 · STRAP: Original Omega strap with original buckle · CONDITION: Overall the watch is in excellent condition. Dial and hands are in excellent condition. The unpolished watch case is in very good condition. The movement is in excellent condition. The watch was just serviced by our watchmaker, runs with an amplitude over 275°, thus is in very good running condition, keeping very accurate time (+4s/d). The watch comes from a private estate in Spain. The watch comes with its original box.",Shuck the Oyster,False,False
Omega Seamaster 300 168.1623 'James Bond',Omega,2900,https://www.shucktheoyster.com/portfolio/omega-seamaster-300-168-1623-james-bond/,https://shucktheoyster.b-cdn.net/wp-content/uploads/2026/05/1_004-1.jpg,"DIAL: Gray/blue wave pattern luminous dial, steel luminous hands · CASE: Stainless steel lyre lug case with screwdown caseback · DIAMETER: 41mm · MOVEMENT: High grade, Omega calibre 1109, serial: 497270 · BRACELET: Original Omega stainless steel bracelet · CONDITION: Overall, the watch is in excellent condition. Dial and hands are in excellent condition, both retaining original lume. The original bezel is in very good condition, showing a nice fading. The watch case appears to be in excellent, unpolished condition. The watch was just serviced by our watchmaker, thus running strong with a high amplitude, keeping accurate time (285°, +2s/d). The watch was acquired from the first owner in Bonn, Germany.",Shuck the Oyster,False,False
Omega Speedmaster Professional 105.012-66 CB,Omega,8500,https://www.shucktheoyster.com/portfolio/omega-speedmaster-professional-105-012-66-cb-5/,https://shucktheoyster.b-cdn.net/wp-content/uploads/2026/05/3_007-1.jpg,"DIAL: Matte, black ‘step dial’ with baton, tritium hour markers · CASE: Stainless steel CB watch case screwdown caseback · DIAMETER: 40mm · MOVEMENT: High grade Omega calibre 321, serial: 24539998 · BRACELET: Original Omega 1171/1 stainless steel bracelet · CONDITION: Overall the watch is in very good condition. The original matte dial is in excellent condition, retaining original tritium lume that has perfectly aged to a homogenous vanilla colour. The charismatic CB case appears to be in very good condition. The original crystal shows the Omega logo. The bezel is a 1:1 reproduction of the original DON bezel. The watch was just serviced by our watchmaker (280°, +2s/d). The watch was acquired from a collector in Rome, Italy.",Shuck the Oyster,False,False
Rolex Submariner 16610 FULL SET,Rolex,8900,https://www.shucktheoyster.com/portfolio/rolex-submariner-16610-full-set-2/,https://shucktheoyster.b-cdn.net/wp-content/uploads/2026/05/15_008-1.jpg,"DIAL: Glossy, black dial tritium dial, steel Mercedes tritium hands · CASE: Stainless steel watch case, with screwdown caseback; serial: S496585 · DIAMETER: 39mm · MOVEMENT: High grade, automatic movement, calibre 3135 · BRACELET: Original Rolex oyster bracelet 93150 with 501B endlinks and T5 clasp code · CONDITION: Overall the watch is in excellent condition. Dial and hands are flawless. The watch case appears to be very good condition, still thick and sharp. The bracelet is in very good condition, fully linked. The recently serviced watch runs with an amplitude of over 280° and shows no time deviation. The watch comes as a complete full set incl. punched papers, calendar, brochures, etc. Great set!",Shuck the Oyster,False,False
Rolex Submariner 5513 Tropical Gilt Dial WOW!,Rolex,25500,https://www.shucktheoyster.com/portfolio/rolex-submariner-5513-tropical-gilt-dial-wow/,https://shucktheoyster.b-cdn.net/wp-content/uploads/2026/05/35_005-2.jpg,"DIAL: Gilt, tropical tritium dial, steel Mercedes tritium hands · CASE: Stainless steel watch case, with screwdown caseback; serial: 1392086 · DIAMETER: 39mm · MOVEMENT: High grade, automatic movement, calibre 1520 · BRACELET: Original, correct, 6636 stainless steel  riveted bracelet stamped 2/66 · CONDITION: Overall the watch is in very good condition. The dial show a beautiful, homogeneous tropical spider patina. The hands were professionally colour matched. The watch case appears to be in very good condition, still thick. The original bevels are still clearly visible. The lugs are equally thick. The original MK2 long five bezel shows a light fade. The watch was just serviced by our watchmaker, now in excellent running condition, keeping very accurate time (270°; +-2s/d). The unpolished bracelet is in very good condition, retains good tension. The example at hand is in highly collectible condition. The watch has an interesting provenance.",Shuck the Oyster,False,False
Zenith G583 Vintage Chronograph,Zenith,8900,https://www.shucktheoyster.com/portfolio/zenith-g583-vintage-chronograph-2/,https://shucktheoyster.b-cdn.net/wp-content/uploads/2026/05/24_003-1.jpg,"DIAL: Original, gold tritium dial, gold tritium hands · CASE: 18k gold watch case with snap-in caseback, serial: 009E348 · DIAMETER: 37mm · MOVEMENT: High grade manual wind movement, calibre 3019PHC, 17 jewels · STRAP: New, Italian handmade, calf leather racing strap · CONDITION: Overall, the watch is in excellent condition. Dial and hands are in excellent, flawless condition. Both retain their original lume, that has aged to a homogenous, orange colour. The watch case appears to be in very good condition. The watch was just serviced by our watchmaker, now in excellent running condition, keeping very accurate time (265°, +2s/d). A very beautiful and rare timepiece in investment grade condition. Only 350 pieces ever made.",Shuck the Oyster,False,False
IWC Aquatimer Supercompressor GST2000 3536 PAPERS,IWC,4900,https://www.shucktheoyster.com/portfolio/iwc-aquatimer-supercompressor-gst2000-3536-papers/,https://shucktheoyster.b-cdn.net/wp-content/uploads/2026/05/17_018-1.jpg,"DIAL: Original, matte black dial with tritium and luminova luminous, white luminova hands · CASE: Titanium watch case with screwdown caseback, serial: 2825527 · DIAMETER: 42 mm · MOVEMENT: Automatic wind movement, calibre 37524, serial: 2760931 · BRACELET: Titanium IWC bracelet · CONDITION: Overall, the watch is in excellent, unpolished condition. Dial and hands show original tritium and luminova. Excellent condition on both. The watch case is unpolished, very sharp. The bezel works perfectly. The watch was just serviced by our watchmaker, runs with a high amplitude and keeps accurate time. (+270°; +5s/d). A nice and rare neovintage diver by IWC. The watch comes from a collector in Duesseldorf, Germany.",Shuck the Oyster,False,False
Tudor Monte Carlo 7169/0 Vintage Chronograph,Tudor,13500,https://www.shucktheoyster.com/portfolio/tudor-monte-carlo-7169-0-vintage-chronograph/,https://shucktheoyster.b-cdn.net/wp-content/uploads/2026/05/11_005-2.jpg,"DIAL: Gray tritium dial, tritium hands · CASE: Stainless steel watch case with screwdown caseback, serial: 776146 · DIAMETER: 39mm · MOVEMENT: High grade, automatic wind calibre Valjoux 234 · BRACELET: Original Rolex 7836 bracelet with 3 endlinks, stamped 4/70 · CONDITION: Overall, the watch is in excellent condition. Dial and hands are in very good condition. Both retain original tritium that has developed a custard colour patina. The dial shows a minimal scratch in the area surrounding thh top right corner of the left homeplate. Otherwise in flawless condition. The case appears to be in excellent condition, unpolished,  sharp and thick. The watch has been serviced by our watchmaker. The watch is in excellent running condition, keeping very accurate time. (275°; +5s/d). The watch comes from a collector in the US The timepiece remains in absolutely stunning condition, definitely investment grade quality.",Shuck the Oyster,False,False
Breitling Original Leather Strap 18mm,Breitling,90,https://www.shucktheoyster.com/portfolio/breitling-original-leather-strap-18mm/,https://shucktheoyster.b-cdn.net/wp-content/uploads/2026/03/10_009.jpg,,Shuck the Oyster,False,False
Bovet Vintage Chronograph Oversize Impermeable Pressione 5347,Bovet,13500,https://www.shucktheoyster.com/portfolio/bovet-vintage-chronograph-oversize-impermeable-pressione-5347-3/,https://shucktheoyster.b-cdn.net/wp-content/uploads/2026/03/36_007-1.jpg,"DIAL: Black, gray gilt radium dial, steel radium hands · CASE: Large Stainless steel waterproof watch case; serial: 122; lug: 122 · DIAMETER: 38mm · MOVEMENT: Manual wind, high grade, Valjoux 84 mono- rattrapante calibre · STRAP: New, black, handmade Italian pigskin leather strap · CONDITION: Overall, the watch is in excellent condition. The black gilt dial has assumed a very nice, homogenous patina, and remains in excellent condition. Dial and hands retain original radium that has aged homogeneously. The watch case appears to be in very good condition, unpolished. The chronograph, including the mono-rattrapante feature is working properly. The watch has great appeal due to its beautiful two colour dial, large high pressure watch case, oversize pump pushers and matching last 3 numbers on lug and inner caseback. The watch was just serviced by our watchmaker, thus in excellent running condition, sounding super crisp, keeping accurate time (290°; +6s/d). The watch was acquired from a collector in the US. The example from the book FERO &#8211; 150 steel chronographs. Important watch!",Shuck the Oyster,False,False
Doxa SUB 200 Coralline Vintage Diver 8999-4,Doxa,1950,https://www.shucktheoyster.com/portfolio/doxa-sub-200-coralline-vintage-diver-8999-4/,https://shucktheoyster.b-cdn.net/wp-content/uploads/2026/03/27_008-1.jpg,"DIAL: Original, orange dial with tritium luminous mass, black hands · CASE: Stainless steel watch case with screwdown caseback, serial: 6670850 · DIAMETER: 26mm · MOVEMENT: Automatic movement, calibre ETA 2783 · BRACELET: Original Doxa stainless steel bracelet, max length 19cm · CONDITION: Overall the watch is in excellent condition. The dial is flawless. Dial and hands retain original tritium luminous, that has aged homogeneously.. The watch case is unpolished, in excellent condition, and very sharp. The watch was recently serviced, runs with a very high amplitude, keeping very accurate time (260°, +1s/d). The watch comes from a private estate in Germany, fresh to the market. An absolutely epic Junior size diver, that will enrich any serious, stylish collection.",Shuck the Oyster,False,False
Enicar Aqua Graph 072/002,Enicar,5990,https://www.shucktheoyster.com/portfolio/enicar-aqua-graph-072-002/,https://shucktheoyster.b-cdn.net/wp-content/uploads/2026/03/30_003-1.jpg,"DIAL: Matte, black tritium dial, tritium hands · CASE: Stainless steel Piquerez watch case with screwdown caseback · DIAMETER: 40,5mm · MOVEMENT: High grade, automatic movement, cal. Valjoux 72 · STRAP: New, Italian handmade, black pigskin leather strap · CONDITION: Overall, the watch is in very good condition. The dial appears to be in very good condition. Dial and hands retain original tritium luminous. The watch case appears to be unpolished, very sharp. The watch was just serviced by our watchmaker, runs with a high amplitude and keeps accurate time. (+270°; +3s/d). The watch comes from a collector in Berlin, Germany. Altogether a very nice and rare tool chronograph.",Shuck the Oyster,False,False
Hamilton Military Watch For MOD,Hamilton,1500,https://www.shucktheoyster.com/portfolio/hamilton-military-watch-for-mod/,https://shucktheoyster.b-cdn.net/wp-content/uploads/2026/03/24_004-1.jpg,"DIAL: Matte, black tritium dial, steel tritium hands · CASE: Stainless steel monobloque watch · DIAMETER: 36mm · MOVEMENT: High grade, manual wind movement · STRAP: Gray textile strap · CONDITION: Overall, the watch is in excellent condition. Dial and hands appear to be in very good condition. Both dial and hands show original radium luminous. The lume has assumed an amazing, homogeneous patina. The watch case appears to be in very good condition, unpolished. The recently serviced watch is in excellent running condition, keeping accurate time (275°, +4s/d). The watch comes from a collector in Spain.",Shuck the Oyster,False,False
Heuer Camaro 'Champion' Vintage Chronograph 73443 RARE,Heuer,20000,https://www.shucktheoyster.com/portfolio/heuer-camaro-champion-vintage-chronograph-73443-rare/,https://shucktheoyster.b-cdn.net/wp-content/uploads/2026/03/32_003-1-2.jpg,"DIAL: Black tritium dial, white tritium hands · CASE: Stainless steel watch case with screwdown caseback, serial: 232884 · DIAMETER: 37mm · MOVEMENT: High grade, manual wind movement, cal. Valjoux 7734 · STRAP: New, handmade, calf leather racing strap with Heuer B buckle · CONDITION: Overall, the watch is in very good condition. The original dial is in very good condition. Dial and hands both retain original tritium luminous, that has aged homogenously. The watch case is in excellent condition. The chronograph starts, stops and resets perfectly. The watch was just serviced by our watchmaker, thus in excellent running condition, keeping accurate time (300°, +2s/d). The watch comes from a collector in Germany. A very nice and super rare Camaro in investment grade condition.",Shuck the Oyster,False,False
IWC Doppelchronograph 3713 Vintage Chronograph,IWC,5500,https://www.shucktheoyster.com/portfolio/iwc-doppelchronograph-3713-vintage-chronograph-3/,https://shucktheoyster.b-cdn.net/wp-content/uploads/2026/03/22_003-1.jpg,"DIAL: Black luminova dial, steel luminova hands · CASE: Stainless steel watch case with screwdown caseback, serial: 2887315 · DIAMETER: 41mm · MOVEMENT: High grade, automatic IWC wind calibre 79230 · BRACELET: Original IWC pyramid bracelet, max. length 20cm · CONDITION: Overall, the watch is in very good condition. Dial and hands are in near mint condition, almost flawless. The watch case is in very good condition, and appears to be unpolished. The watch was just serviced by our watchmaker, thus in excellent running condition, keeping accurate time (275°, +4s/d). The watch comes with the family of the first owner in Italy. Unpolished example with original bracelet.",Shuck the Oyster,False,False
Omega Seamaster Calendar 168.024,Omega,1750,https://www.shucktheoyster.com/portfolio/omega-seamaster-calendar-168-024-2/,https://shucktheoyster.b-cdn.net/wp-content/uploads/2026/03/19_007-1.jpg,"DIAL: Silver dial, steel dauphine hands · CASE: Stainless watch case with screwdown caseback · DIAMETER: 35mm · MOVEMENT: Automatic movement, Omega 564, chronometer grade, serial: 28688109 · BRACELET: Original Omega bracelet 1036/11 · CONDITION: Overall the watch is in very good condition. Dial and hands are in very good condition, showing a homogenous patina. The watch case is in very good condition, unpolished. The movement is in very good condition. The watch was just serviced by our watchmaker, runs with an amplitude over 280°, thus is in very good running condition, keeping very accurate time (+2s/d). The watch comes from a private estate in Spain. Truly beautiful timepiece in excellent condition.",Shuck the Oyster,False,False
Omega Seamaster Calendar 168.024,Omega,1500,https://www.shucktheoyster.com/portfolio/omega-seamaster-calendar-168-024/,https://shucktheoyster.b-cdn.net/wp-content/uploads/2026/03/20_003-1.jpg,"DIAL: Silver dial, steel dauphine hands · CASE: Stainless watch case with screwdown caseback · DIAMETER: 35mm · MOVEMENT: Automatic movement, Omega 564, chronometer grade, serial: 27268739 · STRAP: New, Italian handmade, black pigskin leather strap · CONDITION: Overall the watch is in very good condition. Dial and hands are in very good condition, showing a homogenous patina. The watch case is in very good condition, unpolished. The movement is in very good condition. The watch was just serviced by our watchmaker, runs with an amplitude over 300°, thus is in very good running condition, keeping very accurate time (+2s/d). The watch comes from a private estate in Spain. Truly beautiful timepiece in excellent condition.",Shuck the Oyster,False,False
Omega Seamaster Vintage Wristwatch 2577 &#8211; 10SC WOW,Omega,3250,https://www.shucktheoyster.com/portfolio/omega-seamaster-vintage-wristwatch-2577-10sc-wow/,https://shucktheoyster.b-cdn.net/wp-content/uploads/2026/03/1_005-2.jpg,"DIAL: Black, honeycomb radium dial, steel dauphine radium hands · CASE: Stainless steel waterproof watch case with screwdown caseback · DIAMETER: 34,5mm · MOVEMENT: High grade, automatic wind calibre 354, 17 jewels, serial: 13730930 · STRAP: New, Italian handmade, black pigskin leather strap · CONDITION: Overall, the watch is in excellent condition. The black honeycomb dial is simply stunning. Dial and hands retain original radium that has aged homogeneously and beautifully. All lume plots are in place. The watch case appears to be in very good condition. The watch was recently serviced, thus in excellent mechanical condition. (280°; +2s/d). The watch comes from a collector in Italy. Absolutely outstanding.",Shuck the Oyster,False,False
Omega Seamaster Vintage Wristwatch 2577-9 SC,Omega,1550,https://www.shucktheoyster.com/portfolio/omega-seamaster-vintage-wristwatch-2577-9-sc/,https://shucktheoyster.b-cdn.net/wp-content/uploads/2026/03/2_009-1.jpg,"DIAL: Rose two tone radium dial, steel dauphine steel radium hands · CASE: Stainless steel waterproof watch case with screwdown caseback · DIAMETER: 34,5 mm · MOVEMENT: High grade, automatic wind calibre 354, 17 jewels, serial: 13635025 · STRAP: New, handmade Italian, black pigskin leather strap · CONDITION: Overall, the watch is in excellent condition. The originally silvered dial has developed a beautiful, homogenous, rose patina over the years., all original. All lume plots are in place. Lume on the dial and hands is 100% original. The watch case appears to be unpolished, in excellent condition The watch was recently serviced, thus in excellent mechanical condition. (270°; +2s/d). The watch comes from a collector in Spain.",Shuck the Oyster,False,False
Rolex Precision Caméléon Ladies Watch NOS FULL SET,Rolex,6000,https://www.shucktheoyster.com/portfolio/rolex-precision-cameleon-ladies-watch-nos-full-set/,https://shucktheoyster.b-cdn.net/wp-content/uploads/2026/03/11_009-1.jpg,"DIAL: Original silver dial, steel hands · CASE: 18k white gold watch case, signed Rolex, serial: 1473646 · DIAMETER: 17mm · MOVEMENT: High grade Rolex manual wind movement · BRACELET: Original, 18k gold Rolex bracelet and 3 Rolex calf leather straps · CONDITION: CONDITION: Overall, the watch appears to be in NOS condition. The original dial is in perfect condition. The watch case appears to be unpolished. The recently serviced watch is in good running condition, keeping accurate time. The watch was acquired from the family of the first owner in the US.",Shuck the Oyster,False,False
Vintage NOS NSA Bracelet Full Length 20mm,Other,850,https://www.shucktheoyster.com/portfolio/vintage-nos-nsa-bracelet-full-length/,https://shucktheoyster.b-cdn.net/wp-content/uploads/2026/03/24_011.jpg,,Shuck the Oyster,False,False
"Vintage Heuer Crown 6,15mm For Autavia",Heuer,500,https://www.shucktheoyster.com/portfolio/vintage-heuer-crown/,https://shucktheoyster.b-cdn.net/wp-content/uploads/2026/03/25_004.jpg,,Shuck the Oyster,False,False
Longines Ultra Quartz8444 RARE!,Longines,6800,https://www.shucktheoyster.com/portfolio/longines-ultra-quartz8444-rare/,https://shucktheoyster.b-cdn.net/wp-content/uploads/2026/02/9_041-1.jpg,"DIAL: Silver tritium dial, steel tritium hands · CASE: Stainless steel watch case with push in caseback, serial: 107546 · DIAMETER: 39,5mm · MOVEMENT: High grade, Longines BETA 21 quartz calibre · BRACELET: Original, Longines stainless steel bracelet · CONDITION: Overall, the watch is in excellent condition. Dial and hands are in excellent condition. The watch case appears to be unpolished, in excellent condition, too. The watch comes from the first owner in Solingen, Germany. The watch runs perfectly, with new batteries.. This is without any doubt an investment grade collectors piece, special, because of its sheer rarity. Only a handful known.",Shuck the Oyster,False,False
Enicar Sherpa Ultradive Compressor Vintage Diver OPS,Enicar,5500,https://www.shucktheoyster.com/portfolio/enicar-sherpa-ultradive-compressor-vintage-diver-ops-4/,https://shucktheoyster.b-cdn.net/wp-content/uploads/2026/02/15_007-1.jpg,"DIAL: Matte, black tritium dial, tritium hands · CASE: Stainless steel Piquerez watch case with screwdown caseback · DIAMETER: 39,5mm · MOVEMENT: High grade, automatic movement, cal. Valjoux 72 · STRAP: New, Italian handmade, calf leather racing strap · CONDITION: Overall, the watch is in excellent condition. The dial appears to be in excellent condition. Dial and hands retain original tritium luminous, that has aged to a beautiful orange colour. The watch case appears to be unpolished, very sharp. The watch was just serviced by our watchmaker, runs with a high amplitude and keeps accurate time. (+320°; +3s/d). The watch comes from a collector in Germany. Altogether a very nice and rare tool chronograph.",Shuck the Oyster,False,False
Enicar Sherpa Graph MKIII Vintage Chronograph 072/02/01,Enicar,6900,https://www.shucktheoyster.com/portfolio/enicar-sherpa-graph-mkiii-vintage-chronograph-072-02-01/,https://shucktheoyster.b-cdn.net/wp-content/uploads/2026/02/18_003.jpg,"DIAL: Matte, black tritium dial, tritium hands · CASE: Stainless steel Piquerez watch case with screwdown caseback · DIAMETER: 39,5mm · MOVEMENT: High grade, automatic movement, cal. Valjoux 72 · STRAP: New, Italian handmade, calf leather racing strap · CONDITION: Overall, the watch is in excellent condition. The dial appears to be in excellent condition. Dial and hands retain original tritium luminous, that has aged to a beautiful orange colour. The watch case appears to be unpolished, very sharp. The watch was just serviced by our watchmaker, runs with a high amplitude and keeps accurate time. (+320°; +3s/d). The watch comes from a collector in Germany. Altogether a very nice and rare tool chronograph.",Shuck the Oyster,False,False
Lot Of Vintage Rolex Boxes,Rolex,850,https://www.shucktheoyster.com/portfolio/lot-of-vintage-rolex-boxes-2/,https://shucktheoyster.b-cdn.net/wp-content/uploads/2026/01/43_004.jpg,,Shuck the Oyster,False,False
Lot Of Vintage Rolex Boxes,Rolex,1050,https://www.shucktheoyster.com/portfolio/lot-of-vintage-rolex-boxes/,https://shucktheoyster.b-cdn.net/wp-content/uploads/2026/01/42_032.jpg,,Shuck the Oyster,False,False
Lot Of Vintage Omega Boxes,Omega,650,https://www.shucktheoyster.com/portfolio/lot-of-vintage-omega-boxes/,https://shucktheoyster.b-cdn.net/wp-content/uploads/2026/01/41_011.jpg,,Shuck the Oyster,False,False
Ulysse Nardin Oversize Aviator Pilots Calatrava UBERRARE,Other,19900,https://www.shucktheoyster.com/portfolio/ulysse-nardin-overisize-aviator-pilots-calatrava-uberrare/,https://shucktheoyster.b-cdn.net/wp-content/uploads/2026/01/40_010-1.jpg,"DIAL: Brown, tropical radium dial, steel radium hands · CASE: Stainless steel watch case with screwdown caseback, serial: 614043 · DIAMETER: 38mm · MOVEMENT: High grade, manual wind movement, calibre Felsa 264 12&#8221;&#8217;, serial: 239537 · STRAP: New, Italian handmade, black pigskin leather strap · CONDITION: verall the watch is in excellent condition. The originally black dial has turned tropical, absolutely stunning deep chocolate brown &#8211;  is in excellent condition, showing original radium. The watch case is unpolished, in excellent condition. The watch was just serviced by our watchmaker, thus in very good running condition, keeping accurate time. (amplitude 300°, +2s/d). The watch comes from a collector in Austria. A unique, uberrare and stunning, oversize numeral, pilots calatrava, rare, in excellent condition. Peak niche collecting!",Shuck the Oyster,False,False
Rolex Oysterdate Precision 6694 UNPOLISHED,Rolex,3500,https://www.shucktheoyster.com/portfolio/rolex-oysterdate-precision-6694-unpolished/,https://shucktheoyster.b-cdn.net/wp-content/uploads/2026/01/28_009-1.jpg,"DIAL: Silver tritium dial, steel tritium hands · CASE: Stainless steel watch case with screwdown caseback, serial: 8498495 · DIAMETER: 34,5mm · MOVEMENT: High grade, Rolex manual wind movement Rolex 1225 · BRACELET: Rolex, stainless steel bracelet, 78350/557 · CONDITION: Overall, the watch is in mint, unpolished condition. The dial is in excellent condition. Really appealing! Both dial and hands show original, tritium luminous that has aged to a homogenous vanilla colour. The watch case is in very good condition, very sharp and unpolished. The watch was serviced by our watchmaker, thus is in very good running condition, keeping accurate time. (297°; +2). The watch comes from the family of the first owner in Milan, Italy.",Shuck the Oyster,False,False
Gallet Vintage Chronograph Flying Officer,Gallet,5750,https://www.shucktheoyster.com/portfolio/gallet-vintage-chronograph-flying-officer/,https://shucktheoyster.b-cdn.net/wp-content/uploads/2026/01/34_012-1.jpg,"DIAL: Original, silvered tritium dial with blued tritium hands · CASE: Stainless steel watch case with screwdown caseback · DIAMETER: 36mm · MOVEMENT: High grade, manual wind movement, calibre L149, 17 jewels · STRAP: Black racing strap · CONDITION: Overall the watch is in excellent condition. The original dial is in outstanding condition. Both dial and hands show original tritium lume, that has aged to a pumpkin colour. The watch case appears to be unpolished, showing the original cut. The watch was just serviced by our watchmaker, thus in very good running condition, keeping accurate time. (amplitude 320°, +1s/d). The watch was acquired from a collector in Italy.",Shuck the Oyster,False,False
Omega Speedmaster CK 2915-1 WOW!,Omega,75500,https://www.shucktheoyster.com/portfolio/omega-speedmaster-ck-2915-1-wow/,https://shucktheoyster.b-cdn.net/wp-content/uploads/2026/01/3_008-1-1.jpg,"DIAL: Matte black/brown radium step dial, steel alpha radium hands · CASE: Stainless steel straight lug case with screwdown double bevel ‘Speedmaster’ caseback · DIAMETER: 40mm · MOVEMENT: High grade, Omega 321, serial: 15996564 · BRACELET: Original Omega 7077/6 flex link stainless steel bracelet / modern Forstner bracelet · CONDITION: Overall, the watch is in outstanding condition. Dial and hands remain in very good condition. The dial has assumed a homogenous patina. The original radium lume (tested with geiger counter) appears to be in very good condition. The characteristic straight lug case is in very good condition. The watch shows the original crystal and crown. The bezel is a very sophisticated, early and hand etched professional replacement. The serviced watch is running strong, keeping accurate time. (340°, +0s/d). The watch comes from a collector in Germany. The watch comes with its rare original box, Omega extract of the archives and brochure. Really outstanding collectors set.",Shuck the Oyster,False,False
Dugena 157 Vintage Chronograph UNIQUE,Other,3650,https://www.shucktheoyster.com/portfolio/dugena-157-vintage-chronograph-unique/,https://shucktheoyster.b-cdn.net/wp-content/uploads/2026/01/6_008-1-1.jpg,"DIAL: Silver tritium dial, black subdials, black tritium hands · CASE: Stainless steel watch case with screwdown caseback, serial: 524140 · DIAMETER: 38mm · MOVEMENT: High grade, automatic wind, calibre 15 · STRAP: Vintage Corfam rallye strap · CONDITION: Overall, the watch is in excellent ‘untouched’ condition. Hands and dial are flawless, both showing original tritium luminous, that shows beautiful patina. The watch case is unpolished, very sharp. The serviced watch is running strong, keeping accurate time. (260°, +4s/d). The watch was acquired from the family of the first owner in Italy. The watch comes with the original box and hangtag. First time we see this extremely rare and appealing tool chronograph. Absolutely stunning!",Shuck the Oyster,False,False
Omega Seamaster Vintage Wristwatch 2577-6 SC WOW,Omega,3500,https://www.shucktheoyster.com/portfolio/omega-seamaster-vintage-wristwatch-2577-6-sc-wow-2/,https://shucktheoyster.b-cdn.net/wp-content/uploads/2026/01/33_003-1.jpg,"DIAL: Silver, radium dial, gold dauphine radium hands · CASE: 14k gold watch case with screwdown caseback, serial: 11252556 · DIAMETER: 34mm · MOVEMENT: High grade, automatic wind calibre 354, 17 jewels, serial: 13637796 · STRAP: Vintage, black calf leather leather strap, Swiss made, with original plated Omega buckle · CONDITION: Overall, the watch is in excellent condition. The silvered Breguet numerals radium dial is in stunning, all original condition. All lume plots are in place. All lume is 100% original and has developed a stunning, homogeneous pumpkin patina. The watch case is 100% unpolished, super sharp, showing deep hallmarks. The watch was just serviced by our watchmaker, thus in excellent mechanical condition. (330°; +2s/d). The watch was acquired from a collector in Sweden. A very sharp, top condition solid gold Breguet numeral Seamaster you will not regret! Most likely the best I have even seen.",Shuck the Oyster,False,False
IWC Porsche Design Compass Watch 3511,IWC,4900,https://www.shucktheoyster.com/portfolio/iwc-porsche-design-compass-watch-3511-3/,https://shucktheoyster.b-cdn.net/wp-content/uploads/2026/01/24_007-1.jpg,"DIAL: Black tritium dial, white tritium hands · CASE: Titanium watch case with screw-in caseback, serial: 2517497 · DIAMETER: 38,5mm · MOVEMENT: High grade, manual IWC automatic calibre 375.23 · BRACELET: Original IWC titanium bracelet, full length for max. 21cm wrist · CONDITION: Overall, the watch is in excellent condition. Dial and hands are in mint condition, flawless. The watch case is also in excellent condition, unpolished. The watch comes from the first owner in Bavaria, Germany. The watch was just serviced by our watchmaker, now in excellent running condition, keeping very accurate time (290°, +03s/d . A really nice neo vintage IWC. The watch comes from the first owner, in Munich, Germany. Perfect design!",Shuck the Oyster,False,False
Favre Leuba Bathy 50 Vintage Diving Watch,Other,3000,https://www.shucktheoyster.com/portfolio/favre-leuba-bathy-50-vintage-diving-watch-3/,https://shucktheoyster.b-cdn.net/wp-content/uploads/2026/01/22_007-1.jpg,"DIAL: Blue tritium dial, white tritium hands · CASE: Stainless steel watch case with screwdown caseback · DIAMETER: 42mm · MOVEMENT: High grade, manual wind Peseux 320 · STRAP: Original, stainless steel NSA bracelet · CONDITION: Overall, the watch is in excellent condition. Dial and hands are in very good condition, both retaining original tritium. The watch case remains unpolished. The blue  bidirectional bakelite bezel rotates with intervals. The watch is in excellent running condition, keeping accurate time. The depthmeter is working perfectly. The serviced watch comes from a private collector in Portugal. (305°; +1s/d). A rare collectors piece.",Shuck the Oyster,False,False
Heuer Autavia 2446C Vintage Chronograph TOP!,Heuer,7950,https://www.shucktheoyster.com/portfolio/heuer-autavia-2446c-vintage-chronograph-top-3/,https://shucktheoyster.b-cdn.net/wp-content/uploads/2025/12/27_005-1.jpg,"DIAL: Matte black dial with tritium luminous mass, white subdials, steel tritium hands · CASE: Stainless steel watch case with snap-in caseback, serial: 129432 · DIAMETER: 40mm · MOVEMENT: High grade, manual wind Valjoux 72 calibre · STRAP: New, Italian handmade, calf leather racing strap · CONDITION: Overall, the watch is in excellent condition. Dial and hands are in excellent condition, retaining original tritium luminous that has aged to a homogenous, beautiful amber colour. The watch case appears to be in very good condition, unpolished! The bezel is in excellent condition and turns with the right tension. The watch was recently serviced, thus in very good running condition, keeping very accurate time. (300°, +7s/d). The watch comes from the first owner in Cologne, Germany. Investment grade quality!",Shuck the Oyster,False,False
Longines Quartz-Chron 8444 RARE!,Longines,7500,https://www.shucktheoyster.com/portfolio/longines-quartz-chron-8444-rare/,https://shucktheoyster.b-cdn.net/wp-content/uploads/2025/12/19_003-1.jpg,"DIAL: Silver, two tone tritium dial, steel tritium hands · CASE: Stainless steel watch case with screw-down caseback, serial: 755999 · DIAMETER: 42mm · MOVEMENT: High grade, Longines quartz calibre · BRACELET: Stainless steel bracelet · CONDITION: Overall, the watch is in excellent condition. Dial and hands are in excellent condition. The watch case appears to be unpolished, in excellent condition, too. The watch comes from a collector in Italy. This is without any doubt an investment grade collectors piece, special, because of its sheer rarity.",Shuck the Oyster,False,False
Breitling Tricompax Vintage Chronograph,Breitling,2750,https://www.shucktheoyster.com/portfolio/breitling-tricompax-vintage-chronograph/,https://shucktheoyster.b-cdn.net/wp-content/uploads/2025/12/37_006-1.jpg,"DIAL: Original, silvered multiscale dial with blued hands · CASE: Stainless steel watch case with snap-in caseback, serial: 363481 · DIAMETER: 35,5mm · MOVEMENT: High grade, manual wind movement · BRACELET: Vintage style ladder bracelet · CONDITION: Overall the watch is in very good condition. The original dial is in very good condition, showing a beautiful patina. The watch case appears absolutely unpolished. The recently serviced watch is in very good running condition, keeping accurate time. It is running with an amplitude over 310°; +4s/d. The watch was acquired from a collector in Italy..",Shuck the Oyster,False,False
Rolex Vintage Calatrava &#8216;Disco Volante' 9083,Rolex,6500,https://www.shucktheoyster.com/portfolio/rolex-vintage-calatrava-disco-volante-9083/,https://shucktheoyster.b-cdn.net/wp-content/uploads/2025/12/15_003-1.jpg,"DIAL: Salmon dial, steel hands · CASE: Stainless steel watch case with snap-in caseback, serial: 9231063 · DIAMETER: 36mm · MOVEMENT: High grade, manual wind 1210 calibre, serial: 810812 · BRACELET: Original, stainless steel bracelet stamped 3/65 · CONDITION: Overall, the watch is in very good condition. Dial and hands are in very good condition, both absolutely original. The dial still shows a beautiful, homogenous patina.. The watch case appears to be unpolished, original finish on top and sides. The watch was just serviced by our watchmaker, running with an amplitude of 320° and +4s/d. The watch comes from a collector in Ireland.",Shuck the Oyster,False,False
Vacheron Constantin Square Fancy Lugs Vintage Watch,Vacheron Constantin,4500,https://www.shucktheoyster.com/portfolio/vacheron-constantin-square-fancy-lugs-vintage-watch-2/,https://shucktheoyster.b-cdn.net/wp-content/uploads/2025/12/16_006-1.jpg,"DIAL: Silvered Roman numeral dial, gold hands · CASE: 18k solid gold watch case, serial: 310869 · DIAMETER: 25x38mm including lugs · MOVEMENT: High grade, manual wind movement, V458, serial: 476790 · STRAP: New, handmade Italian, black leather strap · CONDITION: Overall, the watch is in excellent condition. Dial and hands are also in excellent condition. The watch case appears to be unpolished, in excellent condition. The watch was just serviced by our watchmaker (275°; +2s/d).  The watch comes from a collector inItaly. An extremely nice, special and appealing, time only, yellow gold Vacheron Constantin, that works really well even on larger wrists.",Shuck the Oyster,False,False
Cyma Oversize Desk Clock,Other,3500,https://www.shucktheoyster.com/portfolio/cyma-oversize-desk-clock/,https://shucktheoyster.b-cdn.net/wp-content/uploads/2025/12/2_007-1.jpg,"DIAL: Silver dial, black hands · CASE: Chromed watch case with snap-in caseback; serial: 016392 · DIAMETER: 97mm · MOVEMENT: High grade, manual wind movement cal. 3780 · STRAP: Vintage, brown leather strap · CONDITION: Overall, the clock is in very good condition. It is freshly serviced by our watchmaker. A true piece of history.",Shuck the Oyster,False,False
Longines NOS Vintage Watch 8239,Longines,1900,https://www.shucktheoyster.com/portfolio/longines-nos-vintage-watch-8239/,https://shucktheoyster.b-cdn.net/wp-content/uploads/2025/12/33_001-1.jpg,"DIAL: Black exotic dial, white hands · CASE: Stainless steel watch case with snap-in caseback, serial: 393190 · DIAMETER: 34mm · MOVEMENT: High grade, Longines manual wind, cal. 490, serial: 14758344 · BRACELET: Vintage style, tapered, milanaise bracelet · CONDITION: Overall, the watch is in NOS condition. The black exotic dial is in excellent condition. The watch case is in perfect condition, unpolished. The movement was just serviced by our watchmaker, thus in very good working order, keeping accurate time. (280°; +8s/d). The watch was found from a private estate in Rome, Italy. An amazing, no regret watch.",Shuck the Oyster,False,False
Omega Military Watch WWW 'Thin Arrow' CK2777,Omega,7900,https://www.shucktheoyster.com/portfolio/omega-military-watch-www-thin-arrow-ck2777/,https://shucktheoyster.b-cdn.net/wp-content/uploads/2025/11/21_005.jpg,"DIAL: Matte, black radium dial, radium hands · CASE: Stainless steel watch case with screwdown caseback, serial: 6645-101000 6B/542 7176/53 · DIAMETER: 37mm · MOVEMENT: High grade, manual wind movement, calibre 283, Omega signed; serial: 12905031 · STRAP: Green NATO strap · CONDITION: Overall, the watch is in excellent condition. Dial and hands appear to be in very good condition. The dial has assumed an homogeneous patina. The watch case appears to be in very good condition, presumably unpolished. The watch was just serviced by our watchmaker, now in excellent running condition, keeping accurate time (275°, +4s/d). The watch comes from a collector in Germany",Shuck the Oyster,False,False
Heuer Oversize Pre Carrera Vintage Chronograph 2447,Heuer,5750,https://www.shucktheoyster.com/portfolio/heuer-oversize-vintage-chronograph-2447-4/,https://shucktheoyster.b-cdn.net/wp-content/uploads/2025/11/21_004-2.jpg,"DIAL: White radium dial, blued syringe radium hands · CASE: Stainless steel watch case with screwdown caseback, serial: 59789 · DIAMETER: 38mm · MOVEMENT: Manual wind, high grade, Valjoux 71 calibre · STRAP: New, Italian handmade, black pigskin leather strap · CONDITION: Overall, the watch is in excellent condition. The original dial is in very good condition. It shows a homogenous patina. Dial and hands show original radium. The watch case appears to be unpolished, in excellent condition. The watch was just serviced by our watchmaker, thus in excellent running condition, keeping accurate time (305°; +6s/d). The chronograph is working properly. This is an outstanding chronograph, original in all parts. The watch comes from a collector in Spain.",Shuck the Oyster,False,False
Heuer Autavia 2446C Vintage Chronograph,Heuer,8500,https://www.shucktheoyster.com/portfolio/heuer-autavia-2446c-vintage-chronograph-7/,https://shucktheoyster.b-cdn.net/wp-content/uploads/2025/11/30_008-1.jpg,"DIAL: Matte black tritium, white subdials, steel tritium hands · CASE: Stainless steel watch case with snap-in caseback, serial: 109878 · DIAMETER: 40mm · MOVEMENT: High grade, manual wind Valjoux 72 calibre · STRAP: New, Italian handmade, black rallye strap · CONDITION: Overall, the watch is in good condition. Dial and hands are in good condition, retaining original tritium luminous that has aged to a homogenous colour and showing a homogenous patina. The watch case appears to be in very good condition, very sharp and unpolished. The bezel is in excellent condition turning with the right tension. The watch was just serviced by our watchmaker, thus in very good running condition, keeping very accurate time. (290°, +44s/d). The watch comes from a collector in southern Germany.",Shuck the Oyster,False,False
Heuer Carrera Vintage Chronograph 1158CH,Heuer,17500,https://www.shucktheoyster.com/portfolio/heuer-carrera-vintage-chronograph-1158ch-2/,https://shucktheoyster.b-cdn.net/wp-content/uploads/2025/11/40_003-1.jpg,"DIAL: Gold tritium dial, golden black tritium hands · CASE: 18k solid gold watch case with screwdown caseback, serial: 249262 · DIAMETER: 38mm · MOVEMENT: High grade, automatic cal. 12 · STRAP: New, black calf leather rallye strap · CONDITION: Overall, the watch is in near mint condition. Dial and hands appear to be absolutely flawless and original. Both retain their original tritium luminous. The watch case is appears to be unpolished, showing the original finish, deep hallmarks, in excellent condition! The serviced watch runs with a high amplitude over 270°, within +04s/d deviation, thus in very good running condition, keeping accurate time. The watch comes from the first owner in Italy. It is accompanied by its original box!",Shuck the Oyster,False,False
Certina DS2 Vintage Watch 5801 300,Other,1500,https://www.shucktheoyster.com/portfolio/certina-ds2-vintage-watch-5801-300/,https://shucktheoyster.b-cdn.net/wp-content/uploads/2025/09/12_002-1.jpg,"DIAL: Original, silver blue tritium dial, steel tritium hands · CASE: All stainless steel watch case with screwdown caseback, serial: 6172559 · DIAMETER: 37mm · MOVEMENT: High grade, automatic movement, calibre 25-651 · STRAP: New, Italian handmade, black pigskin leather strap · CONDITION: Overall, the watch is in very good condition. The original dial is in excellent condition. The dial and hands show the original custard color tritium. The watch case appears to be unpolished or polished very lightly and long time ago. The watch was just serviced by our watchmaker (270°; +3s/d). The watch comes from a collector in Germany.",Shuck the Oyster,False,False
Omega Speedsonic Chronometer Vintage Chronograph 166.0001 FULL SET,Omega,3200,https://www.shucktheoyster.com/portfolio/omega-speedsonic-chronometer-vintage-chronograph-166-0001-full-set/,https://shucktheoyster.b-cdn.net/wp-content/uploads/2025/09/10_028-1.jpg,"CASE: Mirror tritium dial, steel tritium hands · DIAMETER: Stainless steel watch case with screwdown caseback · MOVEMENT: 43mm · BRACELET: High grade, Omega quarz cal. 9210 ,serial: 3841xxxx · CONDITION: Original Omega stainless steel bracelet",Shuck the Oyster,False,False
Ollech &#038; Wajs Precision Vintage Chronograph,Other,2500,https://www.shucktheoyster.com/portfolio/ollech-wajs-precision-vintage-chronograph/,https://shucktheoyster.b-cdn.net/wp-content/uploads/2025/09/15_011-1.jpg,"DIAL: Original, black tritium dial, steel tritium hands · CASE: Stainless steel watch case with screwdown caseback, serial: 15874 · DIAMETER: 38mm · MOVEMENT: High grade, manual wind movement, Landeron 349 · STRAP: New, Italian handmade, black pigskin leather strap · CONDITION: Overall the watch is in very good condition. The original dial is in very good condition, showing original tritium lume The watch case appears lightly polished, still showing the original cut. The watch was just serviced by our watchmaker, running with a high amplitude keeping very accurate time. (350°; +5s/d). The watch comes from a collector in Italy.",Shuck the Oyster,False,False
Doxa Vintage Spillmann Chronograph WOW,Doxa,5500,https://www.shucktheoyster.com/portfolio/doxa-vintage-spillmann-chronograph-wow/,https://shucktheoyster.b-cdn.net/wp-content/uploads/2025/09/24_001-2.jpg,"DIAL: Original, rose gilt multiscale dial, gold feuille hands · CASE: Stainless steel watch case with screwback caseback, serial: 4454439 · DIAMETER: 38mm · MOVEMENT: High grade, Valjoux 22 chronograph movement, signed DOXA, 17 jewels · STRAP: New, Italian handmade, black pigskin leather strap · CONDITION: Overall, the watch is in excellent condition. The original dial is in excellent condition, showing a homogenous patina. Amazingly beautiful and flawless with guilloched subdials that give a nice contrast. The essence of 40s craftsmanship. The watch case is in excellent condition, super sharp, not showing any signs of polishing. The chronograph starts, stops and resets without problems. The watch was just serviced by our watchmaker, is running strong with a high amplitude, keeping accurate time. (320°; +02s/d). The watch comes from a collector in Italy. One of the most coveted Spillmann chronographs. Stunning watch!",Shuck the Oyster,False,False
Enicar Mini-Dive Lady Vintage Diver,Enicar,1500,https://www.shucktheoyster.com/portfolio/enicar-mini-dive-lady-vintage-diver-2/,https://shucktheoyster.b-cdn.net/wp-content/uploads/2025/08/15_009-1.jpg,"DIAL: Matte, black tritium dial, tritium baton hand · CASE: Stainless steel Piquerez watch case with screwdown caseback, serial: 314962 · DIAMETER: 27mm · MOVEMENT: High grade, automatic movement · STRAP: Original, black tropic strap · CONDITION: Overall, the watch is in mint condition. The dial appears to be flawless. The watch case appears to be unpolished, in excellent condition. The watch has an Enicar signed hashed crown. The watch was recently serviced, runs with a high amplitude and keeps accurate time. (+270; 9s/d). The watch comes from the first owner iin Sweden. Altogether a very nice and rare timepiece.",Shuck the Oyster,False,False
Gallet Multichron Jim Clark Vintage Chronograph,Gallet,4950,https://www.shucktheoyster.com/portfolio/gallet-multichron-jim-clark-vintage-chronograph-2/,https://shucktheoyster.b-cdn.net/wp-content/uploads/2025/08/19_008-1.jpg,"DIAL: Black radium dial, steel radium hands · CASE: Stainless steel watch case with screwdown caseback, serial: 940913 · DIAMETER: 37,5mm · MOVEMENT: High grade, manual wind movement, calibre Excelsior Park EP40, 17 jewels · STRAP: New, handmade Italian, black pigskin leather strap · CONDITION: Overall the watch is in excellent condition. The original dial is in very good condition, beautifully aged with a homogenous patina. The watch case appears to be in excellent condition, showing the original cut with clearly visible chamfers and thick lugs with brushed sides. The watch was just serviced by our watchmaker, thus in very good running condition, keeping accurate time. (amplitude 305°, +1s/d). The watch comes from a collector in Denmark.",Shuck the Oyster,False,False
IWC 'Deep Purple' Automatic Vintage Watch,IWC,5500,https://www.shucktheoyster.com/portfolio/iwc-deep-purple-automatic-vintage-watch/,https://shucktheoyster.b-cdn.net/wp-content/uploads/2025/08/21_006-1.jpg,"DIAL: Silver sunburst dial,  steel hands · CASE: Stainless steel watch case with snap-in caseback, serial: 2007805 · DIAMETER: 44mm · MOVEMENT: High grade, manual wind calibre C8541B, serial: 1973295 · BRACELET: Original IWC stainless steel bracelet (max length 18cm) · CONDITION: Overall, the watch is in excellent condition. Dial and hands are in very good condition, showing original tritium luminous. The watch case appears to be unpolished, in very good condition. The recently serviced timepiece is in excellent running condition, keeping very accurate time (290°, +1s/d). The watch comes from a German collector. Important Watch!",Shuck the Oyster,False,False
Cartier Tank Francaise 2302,Cartier,2900,https://www.shucktheoyster.com/portfolio/cartier-tank-francaise-2302/,https://shucktheoyster.b-cdn.net/wp-content/uploads/2025/07/4_007-1.jpg,"DIAL: Silver guilloche dial, blued hands · CASE: Stainless steel  watch case, signed Cartier, serial: 536841CD · DIAMETER: 28x30mm · MOVEMENT: High grade Cartier automatic movement · BRACELET: Original Cartier bracelet with butterfly clasp · CONDITION: Overall, the watch appears to be in excellent condition. The dial is flawless, showing no blemishes. The watch case appears to be unpolished, in excellent overall condition. The serviced watch is in excellent running condition, keeping accurate time (270°; +1s/d). The watch comes from a collector in France. The watch comes with a Cartier pouch.",Shuck the Oyster,False,False
Zenith Cairelli Vintage Military Chronograph,Zenith,8500,https://www.shucktheoyster.com/portfolio/zenith-cairelli-vintage-military-chronograph/,https://shucktheoyster.b-cdn.net/wp-content/uploads/2025/06/20_009-1.jpg,"DIAL: Black tritium dial, white tritium hands · CASE: Stainless steel watch case with screw down caseback · DIAMETER: 43mm · MOVEMENT: High grade manual wind calibre 146DP · STRAP: New, Italian handmade, black pigskin leather strap · CONDITION: Overall, the watch is in excellent condition. Dial and hands are in excellent condition, both showing original tritium luminous. The watch case appears to be in very good condition. The bidirectional black bezel is in excellent condition, showing a light fade to gray.. The watch was just serviced by our watchmaker, thus in excellent running condition. (335°; +2s/d). The watch comes from a watch collector in Düsseldorf. A very nice and beautiful military chronograph, issued to Italian Air Force. Investment grade condition.",Shuck the Oyster,False,False
Omega Seamaster 300 &#8211; 166.024 Vintage Diver,Omega,7500,https://www.shucktheoyster.com/portfolio/omega-seamaster-300-166-024-vintage-diver/,https://shucktheoyster.b-cdn.net/wp-content/uploads/2025/06/18_007-1.jpg,"DIAL: Matte, black tritium dial, steel tritium hands · CASE: Stainless steel lyre lug case with screwdown caseback · DIAMETER: 40mm · MOVEMENT: High grade, Omega calibre 565, serial: 26913327 · STRAP: New, Italian handmade, black pigskin leather strap · CONDITION: Overall, the watch is in excellent condition. Dial and hands are original showing homogeneous tritium luminous. The bezel is in very good condition. The watch case appears to be in very good condition, still sharp. The watch shows the original, Omega signed crystal. The watch was recently serviced by our watchmaker, is running strong with a high amplitude, keeping accurate time. (amplitude 270°, +2s/d). The watch comes from a watchmakers stock, fresh to the market.",Shuck the Oyster,False,False
Zenith Chronometre 'Cioccolatone' Vintage Wristwatch,Zenith,7900,https://www.shucktheoyster.com/portfolio/zenith-chronometre-cioccolatone-vintage-wristwatch/,https://shucktheoyster.b-cdn.net/wp-content/uploads/2025/05/30_003-1.jpg,"DIAL: Original, two tone gold dial, gold dauphine hands · CASE: 18k gold watch case with snap-in caseback, serial: 811209 · DIAMETER: 34x34mm · MOVEMENT: High grade automatic wind movement, Zenith calibre 133.8, serial: 4878564 · BRACELET: 18k solid gold integrated bracelet · CONDITION: Overall, the watch is in very good condition. Dial and hands are in very good condition, showing a homogenous patina. The watch case appears to be unpolished, in excellent condition, showing a deep hallmark.. The watch was just serviced by our watchmaker, now in excellent running condition, keeping very accurate time (275, +2s/d). A very beautiful, unmolested and rare timepiece in investment grade condition.",Shuck the Oyster,False,False
Heuer Bund Vintage Chronograph SG1550,Heuer,3500,https://www.shucktheoyster.com/portfolio/heuer-bund-vintage-chronograph-sg1550/,https://shucktheoyster.b-cdn.net/wp-content/uploads/2025/05/21_007-1.jpg,"DIAL: Black tritium dial, white tritium hands · CASE: Stainless steel watch case with screw-in caseback · DIAMETER: 43mm · MOVEMENT: High grade manual wind calibre, Valjoux 230 · STRAP: New, Italian handmade, black pigskin leather strap · CONDITION: Overall, the watch is in very good condition. Dial and hands are in very good condition, both showing original tritium luminous. The watch case appears to be in very good condition, unpolished. The bidirectional black bezel is in very good condition. The watch was just serviced by our watchmaker, thus in excellent running condition. (300°; +4s/d). The watch comes from a military watch collector in southern Germany. A very nice and beautiful chronograph, issued to BUNDESWEHR.",Shuck the Oyster,False,False
Longines Conquest 9000 Vintage Watch,Longines,1800,https://www.shucktheoyster.com/portfolio/longines-conquest-9000-vintage-watch/,https://shucktheoyster.b-cdn.net/wp-content/uploads/2025/05/13_003-1.jpg,"DIAL: Salmon patina radium dial, steel radium dauphine hands · CASE: Stainless steel watch case with screwdown caseback · DIAMETER: 35,5mm · MOVEMENT: High grade, automatic wind, Longines cal. 290, serial: 9736674 · BRACELET: New, Italian handmade, black pigskin leather strap (original buckle on 2nd strap) · CONDITION: Overall, the watch is in excellent condition. Dial and hands are original and in very good condition, all original. The dial has developed a homogenous, very appealing salmon patina over the years. The original lume has aged homogeneously. The watch case appears to be in very good condition, unpolished. The watch was just serviced by our watchmaker, it&#8217;s running strong with all functions intact (270°; +5s/).  A very nice entry level Longines with absolutely stunning patina.",Shuck the Oyster,False,False
Omega Seamaster 300 165.0024 Vintage Diver Military,Omega,23500,https://www.shucktheoyster.com/portfolio/omega-seamaster-300-165-0024-vintage-diver-military/,https://shucktheoyster.b-cdn.net/wp-content/uploads/2025/05/3_006-2.jpg,"DIAL: Matte, black tritium dial, luminous sword hands · CASE: Stainless steel lyre lug case with screwdown caseback · DIAMETER: 40mm · MOVEMENT: High grade, Omega automatic calibre 552, serial: 28900665 · STRAP: Vintage NATO strap · CONDITION: Overall, the watch is in excellent condition. The original T signed military dial is in excellent, flawless condition. The watch shows service hands. The original bakelite bezel is in excellent condition, crackfree. The original crystal shows the Omega logo. The lyre lug watch case appears to be in very good condition. The recently serviced watch is running strong with a high amplitude, keeping accurate time (275°, +3s/d). The watch comes from a military collector in southern Germany. It comes with several service receipts as well as a Omega extract of the archives.",Shuck the Oyster,False,False
Pierre Cardin &#038; Jaeger-LeCoultre,Jaeger-LeCoultre,490,https://www.shucktheoyster.com/portfolio/pierre-cardin-jaeger-lecoultre/,https://shucktheoyster.b-cdn.net/wp-content/uploads/2025/04/16_003-1.jpg,"DIAL: White dial, white obelisque hands · CASE: Stainless steel watch case with screwdown caseback, serial: 902405 · DIAMETER: 40x39mm · MOVEMENT: High grade, manual wind JLC calibre · STRAP: Black NATO strap · CONDITION: Overall, the watch is in very good condition. Original dial and hands are also in very good condition. The watch case appears to be unpolished. The serviced watch is in very good running condition, keeping accurate time, showing excellent results on the timegrapher (275°, +4s/d). We acquired this watch from the family of the first owner in Cologne, Germany. Outstanding design, superb.",Shuck the Oyster,False,False
Heuer GMT 1163 Orange Boy White Vintage Chronograph,Heuer,13900,https://www.shucktheoyster.com/portfolio/heuer-gmt-1163-orange-boy-white-vintage-chronograph/,https://shucktheoyster.b-cdn.net/wp-content/uploads/2025/04/33_004-1.jpg,"DIAL: Original, white tritium dial, chocolate brown subdials, orange tritium hands · CASE: Stainless steel,  watch case with screwdown caseback, serial: 243266 · DIAMETER: 41mm · MOVEMENT: High grade, automatic calibre 12 · BRACELET: Original, Heuer stainless steel GF bracelet · CONDITION: Overall, the watch is in very good condition. The dial is in very good condition, showing a homogenous patina. Dial and hands retain original tritium. The watch case remains unpolished, very sharp, in excellent condition. The watch was recently serviced, all functions intact, keeping accurate time (300°; +2s/d). It was acquired from a seasoned collector in Rome, Italy.",Shuck the Oyster,False,False
Omega Constellation Calendar 2943-5SC,Omega,1500,https://www.shucktheoyster.com/portfolio/omega-constellation-calendar-2943-5sc/,https://shucktheoyster.b-cdn.net/wp-content/uploads/2025/03/16_008-1.jpg,"DIAL: Silver radium dial, steel dauphine radium hands · CASE: 18k stainless watch case with snap-in caseback · DIAMETER: 35mm · MOVEMENT: Automatic movement, chronometer grade, serial: 17075596 · STRAP: New, Italian handmade, black pigskin leather strap · CONDITION: Overall the watch is in good condition. Dial and hands are in good condition, showing a homogenous patina. The watch case is in good condition, presumably unpolished. The movement is in good condition. The watch was just serviced by our watchmaker, runs with an amplitude over 280°, thus is in very good running condition, keeping very accurate time (+2s/d). The watch comes from a private estate in Spain. Truly beautiful timepiece in excellent condition.",Shuck the Oyster,False,False
Longines Conquest 9020 Vintage Watch,Longines,1150,https://www.shucktheoyster.com/portfolio/longines-conquest-9020-vintage-watch/,https://shucktheoyster.b-cdn.net/wp-content/uploads/2025/03/24_008-1.jpg,"DIAL: Silvered, two tone radium dial, steel radium hands · CASE: Stainless steel watch case with screwdown caseback · DIAMETER: 35,5mm · MOVEMENT: High grade, automatic wind, Longines cal. 290, serial: 11317851 · STRAP: Generic, vintage style stainless steel ladder bracelet · CONDITION: Overall, the watch is in excellent condition. Dial and hands are original and in very good condition. The original lume has aged homogeneously. The watch case appears to be in very good condition. The watch was just serviced by our watchmaker, it&#8217;s running strong with all functions intact (300°; +5s/d). The watch was found in a private estate in France. A very nice entry level Longines that comes with a original Longines strap/buckle.",Shuck the Oyster,False,False
IWC Moonphase Pocket Watch 5250,IWC,7500,https://www.shucktheoyster.com/portfolio/iwc-moonphase-pocket-watch-5250/,https://shucktheoyster.b-cdn.net/wp-content/uploads/2025/02/11_009-1.jpg,"DIAL: Original, enameled dial, blued hands · CASE: 18k gold watch case, serial: 2283341 · DIAMETER: 47mm · MOVEMENT: Manual wind movement, calibre 38.5LT1, serial: 2310485 · CONDITION: Overall the watch is in mint condition. The original dial is in mint condition. The watch case remains unpolished. The watch was just serviced by our watchmaker, thus in very good running condition, keeping very accurate time. (330°, +10s/d). The watch was acquired from the family of the first owner in Hessen, Germany. The watch comes with its original box, hang tag and leather pouch. Amazing!",Shuck the Oyster,False,False
Jaeger Le Coultre Vintage Steel Chronograph 224115,Other,3250,https://www.shucktheoyster.com/portfolio/jaeger-vintage-steel-chronograph-224115/,https://shucktheoyster.b-cdn.net/wp-content/uploads/2025/02/27_003-1.jpg,"DIAL: Silvered tropical radium dial, blued radium hands · CASE: Stainless steel watch case with snap-in caseback, serial: 1327952 · DIAMETER: 34,5mm · MOVEMENT: High grade, manual wind UG 285 calibre · STRAP: New, black pigskin leather strap · CONDITION: Overall, the watch is in excellent condition. The dial is in excellent condition and shows a very beautiful, warm and even patina. The watch case shows an unusual design, especially to lugs and appears to be in great condition, unpolished. The serviced watch is in very good running condition, keeping accurate time, showing excellent results on the timegrapher (275°, +1s/d). We acquired this watch from a collector in Italy.",Shuck the Oyster,False,False
Blancpain 3H Bund Diver,Blancpain,13500,https://www.shucktheoyster.com/portfolio/blancpain-3h-bund-diver/,https://shucktheoyster.b-cdn.net/wp-content/uploads/2025/02/36_004-1.jpg,"DIAL: Black tritium dial, tritium hand · CASE: Stainless steel watch case with screw down caseback · DIAMETER: 41mm · MOVEMENT: High grade automatic calibre 2873 · STRAP: Vintage, black NATO strap · CONDITION: Overall, the watch is in very good condition. Dial and hands are in excellent condition, both showing original tritium luminous. The watch case appears to be in very good condition. The bidirectional bezel is in very good condition. The watch was just serviced by our watchmaker, thus in excellent running condition. (285°; +1s/d). The watch comes from a military watch collector in southern Germany. A very nice and beautiful bund diver, issued to BUNDESWEHR,  in investment grade condition.",Shuck the Oyster,False,False
Jaeger LeCoultre Tribute To Polaris Supercompressor Reedition 190.8.96 FULL SET,Other,11250,https://www.shucktheoyster.com/portfolio/jaeger-lecoultre-tribute-to-polaris-supercompressor-reedition-190-8-96/,https://shucktheoyster.b-cdn.net/wp-content/uploads/2024/11/6_018-1.jpg,"DIAL: Black dial, steel luminous hands · CASE: Stainless steel supercompressor case with screwdown caseback, rotating inner bezel and two hashed crowns, serial: 2494502 · DIAMETER: 42mm · MOVEMENT: Automatic movement, cal. 956 · STRAP: New, handmade Italian pigskin leather strap · CONDITION: Overall, the watch is in excellent condition. The original dial and hands are in excellent condition. The watch case appears to be unpolished, in very good condition. The inner bezel is rotating smoothly. The watch features three hashed crowns. The recently serviced watch is in excellent running condition, keeping accurate time. (270°; +1s/d). The watch comes from the family of the first owner, here in Germany. The watch comes accompanied by its original box and papers. A reedition well done!",Shuck the Oyster,False,False
Lemania RAF Vintage Doublepusher Military Chronograph 818 RARE!,Lemania,9500,https://www.shucktheoyster.com/portfolio/lemania-raf-vintage-doublepusher-military-chronograph-818-rare-2/,https://shucktheoyster.b-cdn.net/wp-content/uploads/2024/07/26_008-1.jpg,"DIAL: Original, matte black dial with tritium luminous mass, white hands · CASE: Asymmetrical, stainless steel watch case with screwdown caseback engraved with military markings 0552/924-3306 / 5307/76 · DIAMETER: 40mm · MOVEMENT: High grade, manual wind movement, caliber Lemania 1872, 17 jewels · STRAP: Black NATO strap · CONDITION: Overall, the watch is in excellent condition. The original matte, black dial retains its original tritium luminous mass. Dial and hands show original, matching lume. The watch case is very strong, absolutely unpolished. The chronograph starts, stops and resets perfectly. The movement is very clean. The recently serviced watch is in excellent running condition, showing a high amplitude, keeping accurate time. (300; +8s/d). Overall, in minty, investment grade condition. This watch was issued to the MoD only for two years in a very limited production of only 250 pieces a year. With only 500 pieces ever produced this is one of the most desirable and rare military watches.",Shuck the Oyster,False,False
Hamilton Chrono-Matic Fontainbleau Prototype Vintage Chronograph,Hamilton,10900,https://www.shucktheoyster.com/portfolio/hamilton-chrono-matic-fontainbleau-prototype-vintage-chronograph/,https://shucktheoyster.b-cdn.net/wp-content/uploads/2024/07/8_007-1.jpg,"DIAL: Original, silver dial with black subdials · CASE: Stainless steel with screwdown caseback, serial: 1694737 · DIAMETER: 46mm · MOVEMENT: Automatic high grade movement, calibre 11, 17 jewels · STRAP: Black tropic strap · CONDITION: Overall the watch is in mint condition. Dial and hands are in excellent condition, with matching, original tritium luminous.The case appears to be in very good condition, sharp and unpolsihed.. The chronograph as is in full working order starting, stopping and resetting to ‘0’. The watch was just serviced by our watchmaker, thus in excellent running condition, keeping accurate time. (+300°; +4s/d). The watch comes from a collector in Rome, Italy.",Shuck the Oyster,False,False
IWC Ingenieur 866A Vintage Watch FULL SET WOW!,IWC,8950,https://www.shucktheoyster.com/portfolio/iwc-ingenieur-866a-vintage-watch-full-set-wow/,https://shucktheoyster.b-cdn.net/wp-content/uploads/2024/01/3_040-1.jpg,,Shuck the Oyster,False,False
Longines Vintage Chronograph 8229-1,Longines,3750,https://www.shucktheoyster.com/portfolio/longines-vintage-chronograph-6229-1/,https://shucktheoyster.b-cdn.net/wp-content/uploads/2023/08/41_003-1.jpg,"DIAL: Original, tritium exotic dial, orange hands · CASE: Stainless steel with screwdown caseback, orange bakelite bezel, serial: 15890126 · DIAMETER: 39mm · MOVEMENT: High grade, manual wind calibre Valjoux 726 · STRAP: New, Italian handmade, black pigskin leather strap · CONDITION: Overall the watch is in very good condition. Dial and hands are in excellent condition, with matching, original tritium luminous. The case appears to be in very good condition. The bezel is in very good condition. The serviced chronograph is in full working order starting, stopping and resetting to ‘0’, thus in excellent running condition, keeping accurate time. (+275°; +2s/d). Nice exotic style chronograph!",Shuck the Oyster,False,False
Rolex GMT Master Nipple Dial 1675,Rolex,1500,https://www.shucktheoyster.com/portfolio/rolex-gmt-master-nipple-dial-1675/,https://shucktheoyster.b-cdn.net/wp-content/uploads/2023/08/15_005-1.jpg,"CONDITION: Excellent, all original condition",Shuck the Oyster,False,False
Certina DS Vintage Diver 5801113,Other,2950,https://www.shucktheoyster.com/portfolio/certina-ds-vintage-diver-5801113/,https://shucktheoyster.b-cdn.net/wp-content/uploads/2023/08/32_017-1.jpg,"DIAL: Original, matte black tritium dial, steel tritium hands · CASE: All stainless steel watch case with screwdown caseback, serial: 6172559 · DIAMETER: 37mm · MOVEMENT: High grade, automatic movement, calibre 25-651 · BRACELET: Original GF stainless steel bracelet · CONDITION: Overall, the watch is in good condition. The original black, matte dial is in excellent condition. The dial shows the original sand color tritium. The watch case appears to be polished, still showing original bevels and thick lugs. The bezel is in very good condition. The watch was just serviced by our watchmaker (270°; +3s/d). The watch comes from a collector in Germany.",Shuck the Oyster,False,False
Rolex Submariner 1680 Dial,Rolex,4200,https://www.shucktheoyster.com/portfolio/rolex-submariner-1680-dial/,https://shucktheoyster.b-cdn.net/wp-content/uploads/2023/08/20_007-1.jpg,"CONDITION: Excellent, all original condition",Shuck the Oyster,False,False
Omega Seamaster 600 Ploprof D4 Dial 166.077,Omega,1750,https://www.shucktheoyster.com/portfolio/omega-seamaster-600-ploprof-d4-dial-166-077/,https://shucktheoyster.b-cdn.net/wp-content/uploads/2023/08/12_007-2.jpg,"CONDITION: Excellent, all original condition",Shuck the Oyster,False,False
"Rolex Daytona Pave Dial Diamond Set 116506, 116509, 116519",Rolex,18500,https://www.shucktheoyster.com/portfolio/rolex-daytona-pave-dial-diamond-set-116506-116509-116519/,https://shucktheoyster.b-cdn.net/wp-content/uploads/2023/08/13_008-2.jpg,"CONDITION: Excellent, all original condition",Shuck the Oyster,False,False
Omega Seamaster 600 Ploprof D2 Dial 166.077,Omega,1750,https://www.shucktheoyster.com/portfolio/omega-seamaster-600-ploprof-d2-dial-166-077/,https://shucktheoyster.b-cdn.net/wp-content/uploads/2023/08/11_011-2.jpg,"CONDITION: Excellent, all original condition",Shuck the Oyster,False,False
Breitling 765 Digital MK1 Dial,Breitling,7500,https://www.shucktheoyster.com/portfolio/breitling-765-digital-mk1-dial/,https://shucktheoyster.b-cdn.net/wp-content/uploads/2023/08/10_006-1.jpg,,Shuck the Oyster,False,False
Tudor Snofllake Dial + Hands 94010,Tudor,3400,https://www.shucktheoyster.com/portfolio/tudor-snofllake-dial-hands-94010/,https://shucktheoyster.b-cdn.net/wp-content/uploads/2023/08/14_009-1.jpg,,Shuck the Oyster,False,False
Rolex Original Pyramid Box,Rolex,275,https://www.shucktheoyster.com/portfolio/rolex-original-pyramid-box/,https://shucktheoyster.b-cdn.net/wp-content/uploads/2023/07/2_011-1.jpg,,Shuck the Oyster,False,False
Rolex 1655 Original Date Wheel,Rolex,150,https://www.shucktheoyster.com/portfolio/rolex-1655-original-date-wheel/,https://shucktheoyster.b-cdn.net/wp-content/uploads/2023/07/4_014-1.jpg,,Shuck the Oyster,False,False
Rolex Sea-Dweller 1665 MK3 Dial in MINT CONDITION,Rolex,4200,https://www.shucktheoyster.com/portfolio/rolex-sea-dweller-1665-mk3-dial-in-mint-condition/,https://shucktheoyster.b-cdn.net/wp-content/uploads/2023/07/5_016-1.jpg,,Shuck the Oyster,False,False
Aquastar 'Deepstar' Vintage Chronograph,Aquastar,8500,https://www.shucktheoyster.com/portfolio/aquastar-deepstar-vintage-chronograph-5/,https://shucktheoyster.b-cdn.net/wp-content/uploads/2023/07/33_008-1.jpg,"DIAL: Original, dial with large 30m register subdial, tritium lume, steel tritium hands · CASE: Stainless steel compressor case with screwdown caseback, serial: 229575 · DIAMETER: 38mm · MOVEMENT: High grade, manual wind movement, calibre Valjoux 92, 17 jewels · STRAP: New, handmade Italian, black pigskin leather strap · CONDITION: Overall, this stunning chronograph remains in very good condition. The original dial has assumed an appealing,  homogenous patina. The original tritium luminous of dial and hands has aged to a custard colour. Usually, hands are relumed or much lighter. The watch case appears to be unpolished, very sharp. The bezel is in excellent condition. The original domed crystal shows some scratches that can be polished off. The watch was just serviced by our watchmaker, keeping very accurate time. (280; +8s/d). The watch comes from a collector in Berlin, Germany. Truly rare and collectible.",Shuck the Oyster,False,False
Heuer Autavia Vintage Chronograph 15630,Heuer,3500,https://www.shucktheoyster.com/portfolio/heuer-autavia-vintage-chronograph-15630/,https://shucktheoyster.b-cdn.net/wp-content/uploads/2023/05/19_010-1.jpg,"DIAL: Silver tritium dial, orange tritium hands · CASE: Stainless steel watch case with screwback, serial: 291752 · DIAMETER: 41mm · MOVEMENT: High grade, automatic cal. 15 · STRAP: Black calf leather racing strap · CONDITION: Overall, the watch is in good condition. Dial and hands show matching tritium lume. The watch case is in very good condition. The tachymeter bezel is in very good condition. The watch was just serviced by our watchmaker, it&#8217;s running strong with all functions intact (270°; +0s/d). The watch comes from a collector in Italy. Beautiful piece.",Shuck the Oyster,False,False
Seiko Quartz Chronograph Sports 'Speedmaster' 7A28-7000 'RIPLEY' NOS,Seiko,5000,https://www.shucktheoyster.com/portfolio/seiko-quartz-chronograph-sports-speedmaster-7a28-7000-ripley-nos/,https://shucktheoyster.b-cdn.net/wp-content/uploads/2023/02/19_010-1.jpg,"DIAL: Digital Dial · CASE: Stainless steel Coated watch case with screwdown caseback, serial: 345396 · DIAMETER: 43x37mm · MOVEMENT: Automatic movement, calibre 6138B, 21 jewels · BRACELET: Seiko stainless steel bracelet · CONDITION: Overall, the watch is in excellent condition. Dial and hands appear to be flawless, with matching, original tritium luminous. The watch case is unpolished with clear chamfers. All functions, including two calendars, date and chronograph are working. The watch was shown/worn in the blockbuster 1979 film ‘Aliens’ by James Cameron and worn by protagonist Ellen Ripley portrayed by Sigourney Weaver. ! The watch was acquired from a collector in Portugal. It remains in NOS condition and comes with its original outer and inner box!. Pure style!",Shuck the Oyster,False,False
Seiko Voice Recorder Digital LCD Watch M516-4009 'GHOSTBUSTERS',Seiko,1500,https://www.shucktheoyster.com/portfolio/seiko-voice-recorder-digital-lcd-watch-m516-4009-ghostbusters/,https://shucktheoyster.b-cdn.net/wp-content/uploads/2023/02/20_004-1.jpg,"DIAL: Digital dial, voice recorder, chronograph · CASE: Stainless steel and carbon fiber plastic watch case screwdown caseback, serial: 346670 · DIAMETER: 37x36mm · MOVEMENT: Seiko quartz movement · STRAP: Stainless steel + carbon fiber plastic original bracelet · CONDITION: Overall, the watch is in very good condition. The digital display is flawless. The watch case is in excellent condition. All functions, including voice recorder are intact and a lot of fun to use and tease your friends and family. The watch was acquired from a friend in Hungary. The watch was shown/worn in the blockbuster 1984 film ‘Ghostbusters’. Pure style!",Shuck the Oyster,False,False
Excelsior Park &#038; SHUCKTHEOYSTER Chronograph &#8216;Tabacco Dial&#8217;,Other,1900,https://www.shucktheoyster.com/portfolio/excelsior-park-shucktheoyster-chronograph-tabacco-dial/,https://shucktheoyster.b-cdn.net/wp-content/uploads/2022/11/C6A0005-scaled.jpg,"DIAL: Multiscale &#8216;tabacco&#8217; colour dial, blued hands · CASE: Stainless steel watch case with screwdown caseback · DIAMETER: 38.9mm · MOVEMENT: High grade, manual wind SW510 calibre · STRAP: Mogano dark crown leather strap with engraved line, stainless steel buckle · CONDITION: NEW!",Shuck the Oyster,False,False
Rolex Sea Dweller 1665 'Great White' Oyster Perpetual Date FULL SET,Rolex,27500,https://www.shucktheoyster.com/portfolio/rolex-sea-dweller-1665-great-white-oyster-perpetual-date-full-set/,https://shucktheoyster.b-cdn.net/wp-content/uploads/2022/07/7_009-1.jpg,"DIAL: Matte black tritium dial, Mercedes tritium hands · CASE: Stainless steel watch case, with screwdown caseback; serial: 6751860 · DIAMETER: 40mm · MOVEMENT: High grade, automatic movement, calibre 1570, 27 jewels · BRACELET: Original, Oyster bracelet 93150 stamped 07 with 580 endlinks",Shuck the Oyster,False,False
Sinn Camou EZM1 BAPE Chronograph 503.2223 FULL SET RARE,Other,7500,https://www.shucktheoyster.com/portfolio/sinn-camou-ezm1-bape-chronograph-503-2223-full-set-rare/,https://shucktheoyster.b-cdn.net/wp-content/uploads/2022/04/8_003-1.jpg,,Shuck the Oyster,False,False
Tissot Vintage Chronograph 15TL 6201/2 STUNNING PATINA,Tissot,5900,https://www.shucktheoyster.com/portfolio/tissot-vintage-chronograph-15tl-6201-2-stunning-patina/,https://shucktheoyster.b-cdn.net/wp-content/uploads/2021/11/26_003-1.jpg,,Shuck the Oyster,False,False
Lemania Vintage Chronograph Prototype 36379,Lemania,4500,https://www.shucktheoyster.com/portfolio/lemania-vintage-chronograph-prototype-36379/,https://shucktheoyster.b-cdn.net/wp-content/uploads/2021/09/12_011-1.jpg,,Shuck the Oyster,False,False
Longines Calatrava Black Sector Dial 4312,Longines,5500,https://www.shucktheoyster.com/portfolio/longines-calatrava-black-sector-dial-4312/,https://shucktheoyster.b-cdn.net/wp-content/uploads/2021/05/4_014.jpg,,Shuck the Oyster,False,False
Vetta Ermetico Tropical Gilt Vintage Chronograph UNIQUE,Other,11500,https://www.shucktheoyster.com/portfolio/vetta-ermetico-tropical-gilt-vintage-chronograph-unique/,https://shucktheoyster.b-cdn.net/wp-content/uploads/2021/01/B_082-1.jpg,"DIAL: Black/tropical, glossy mirror gilt, multicolour dial, white feuille hands · CASE: Thick stainless steel waterproof ‘IMPERMEABILE’ clamshell case with screw-in caseback · DIAMETER: 38mm · MOVEMENT: High grade, manual wind. Valjoux 22 movement · BRACELET: Generic, GF style stainless steel bracelet · CONDITION: Overall, the watch is in excellent condition. Dial and hands show an appealing crazed patina. The case appears to be unpolished. This black dial version almost never comes up for sale and poses the chance to acquire a real masterpiece from the 40s. The patina of this gilt dial chronograph is absolutely unique and stunning. The stainless steel step watch case is absolutely unpolished, in excellent condition, super sharp! The watch was just serviced by our watchmaker, remaining in excellent running condition, keeping accurate time. (300°+ 5s/d). The watch was acquired from a gentleman and friend in Italy. The watch represents one of the peaks of 1940s chronograph collecting. The execution is of the highest possible quality. The patina is one of the best I have ever seen on any 1940s chronograph. Rare, investment grade, important!",Shuck the Oyster,False,False
Breitling Chrono-Matic Vintage Chronograph 2110,Breitling,4200,https://www.shucktheoyster.com/portfolio/breitling-chrono-matic-vintage-chronograph-2110-4/,https://shucktheoyster.b-cdn.net/wp-content/uploads/2021/01/15_004-1.jpg,"DIAL: Original, white dial with black subdials, original tritium luminous mass, orange hands · CASE: All stainless steel with screwdown caseback, bi-directional hours/minutes bezel, serial: 1333652 · DIAMETER: 39mm · MOVEMENT: High grade, Automatic movement, calibre 12, 17 jewels · STRAP: New, handmade Italian, black pigskin leather strap",Shuck the Oyster,False,False
Omega Seamaster Jumbo Vintage Watch 2458,Omega,1250,https://www.shucktheoyster.com/portfolio/omega-seamaster-jumbo-vintage-watch-2458/,https://shucktheoyster.b-cdn.net/wp-content/uploads/2020/10/12_003.jpg,"DIAL: Silver sunburst dial, golden hands · CASE: Stainless steel waterproof watch case with snap-in caseback · DIAMETER: 38mm · MOVEMENT: High grade, manual wind calibre 283, serial: 11737437 · STRAP: New, black, handmade Italian pigskin leather strap",Shuck the Oyster,False,False
Heuer Autavia 2446 Tachymeter Dial Vintage Chronograph,Heuer,25000,https://www.shucktheoyster.com/portfolio/heuer-autavia-2446-tachymeter-dial-vintage-chronograph/,https://shucktheoyster.b-cdn.net/wp-content/uploads/2020/09/9_005-e1692866434688.jpg,"DIAL: Matte black tritium tachymeter dial, white subdials, silver pencil tritium hands · CASE: Stainless steel watch case with screwdown caseback, serial: 85337 · DIAMETER: 39mm · MOVEMENT: High grade, manual wind Valjoux 72 calibre · STRAP: New, black, handmade Italian pigskin leather strap",Shuck the Oyster,False,False
Tavannes Watersport Vintage Chronograph Valjoux 22,Other,8000,https://www.shucktheoyster.com/portfolio/tavannes-watersport-vintage-chronograph-valjoux-22/,https://shucktheoyster.b-cdn.net/wp-content/uploads/2020/08/19_009.jpg,"DIAL: Silver dial with outer tachymeter and inner telemeter scale, blued radium hands · CASE: Stainless steel waterproof high pressure watch case, serial: 5347 · DIAMETER: 38mm · MOVEMENT: Manual wind, high grade, calibre Valjoux 22 · STRAP: New, black, handmade Italian pigskin leather strap · CONDITION: Overall, the watch is in excellent condition. The silver, two-tone radium dial is in excellent condition. The hands are professionally relumed. The watch case appears to be unpolished. The chronograph is working properly as it should. The watch was just serviced by our watchmaker, thus in excellent running condition, keeping accurate time (280°; 8s/d). This is an outstanding chronograph, in all parts. The whole execution is pure quality.",Shuck the Oyster,False,False
Gallet Multichron 'Yachting' Vintage Chronograph,Gallet,7900,https://www.shucktheoyster.com/portfolio/gallet-multichron-yachting-vintage-chronograph/,https://shucktheoyster.b-cdn.net/wp-content/uploads/2019/05/2_003.jpg,"DIAL: Original, silver dial with blued hands, yachting countdown · CASE: Stainless steel watch case with screwdown caseback, serial: 924887 · DIAMETER: 37,5mm · MOVEMENT: High grade, manual wind movement, calibre Excelsior Park EP40, 17 jewels · BRACELET: Stainless steel, generic, beads of rice vintage style bracelet",Shuck the Oyster,False,False
"Heuer Carrera Vintage Chronograph, Ref. 7753NST",Heuer,0,https://www.shucktheoyster.com/portfolio/heuer-carrera-vintage-chronograph-ref-7753nst-2/,https://shucktheoyster.b-cdn.net/wp-content/uploads/2019/01/15_055.jpg,"DIAL: Matte, black dial with white subdials, silver 2nd exec. hands · CASE: Stainless steel watch case with screwdown caseback, serial: 107345 · DIAMETER: 35,5mm · MOVEMENT: High grade, Valjoux 7730 calibre · STRAP: New, Italian pigskin leather strap",Shuck the Oyster,False,True
Omega Constellation 191.0012 Vintage Watch,Omega,750,https://www.shucktheoyster.com/portfolio/omega-constellation-191-0012-vintage-watch/,https://shucktheoyster.b-cdn.net/wp-content/uploads/2018/12/12_023.jpg,"DIAL: Glossy black dial, silver dauphine hands · CASE: Stainless steel watch case with integrated steel bracelet and snap-in caseback · DIAMETER: 35mm · MOVEMENT: Omega quartz calibre, serial: 39769336 · BRACELET: Integrated Omega stainless steel bracelet",Shuck the Oyster,False,False
"Heuer Vintage Chronograph 'Big Eyes', Ref. 2406",Heuer,4800,https://www.shucktheoyster.com/portfolio/heuer-vintage-chronograph-big-eyes-nos-ref-2406-2/,https://shucktheoyster.b-cdn.net/wp-content/uploads/28_002-4.jpg,"DIAL: Glossy, black radium dial, gilt radium feuille hands · CASE: Stainless steel waterproof watch case, serial: 52293 · DIAMETER: 35mm · MOVEMENT: High grade, manual wind Landeron 13 movement · STRAP: New pigskin leather strap by JP Menicucci with stainless steel buckle",Shuck the Oyster,False,False
