title,brand,price,url,img,description,source,sold
"Audemars Piguet Royal Oak Ref. 14790 ASF World Cup ’94, 18kt Yellow Gold, Full Set 1994",Audemars Piguet,53500,https://watchcenter.ch/prodotto/audemars-piguet-royal-oak-ref-14790-asf-world-cup-94-18kt-yellow-gold-full-set-1994/,https://watchcenter.ch/wp-content/uploads/2026/03/Senza-titolo-21-2.webp,"La referenza 14790 Royal Oak è stato lanciato da Audemars Piguet nel 1992. Con i suoi 36 mm, questo Royal Oak di medie dimensioni è più facile da indossare rispetto alle classiche misure “Jumbo” , infatti grazie alliconico design angolare della cassa e al bracciale integrato del Royal Oak questo veste decisamente di più! Questo esemplare è in oro giallo 18 carati e presenta un quadrante grigio con liconico motivo “Petite Tapisserie” di Audemars Piguet. E dotato di un quadrante “Mark II”, caratterizzato da eleganti indici lunghi e dalle lettere “A” e “P” maiuscole della firma Audemars Piguet. Il fondello presenta unincisione relativa alla Coppa del Mondo FIFA del 1994: “ASF World Cup 94”. ASF sta per “Association Suisse Football” (Associazione Svizzera di Calcio). Si presume che questo orologio sia uno dei dieci regalati a un membro dello staff della squadra di calcio svizzera del 94 come pezzo commemorativo. In condizioni incredibili! Come nuovo! Completo di scatola e documenti AP riportanti “ASF World Cup 94”e di un anno di garanzia sul meccanismo. Spedizione assicurata in tutto il mondo con corriere Fedex",Watch Center,False
Patek Philippe Perpetual Calendar – Ref. 3940 – Rare Italian Calendar – Second Series,Patek Philippe,59500,https://watchcenter.ch/prodotto/patek-philippe-perpetual-calendar-ref-3940-rare-italian-calendar-second-series/,https://watchcenter.ch/wp-content/uploads/2026/03/Senza-titolo-17-1.webp,"Lanciato nel 1985 in sostituzione del modello ref. 3450, il leggendario «Padellone», il modello ref. 3940 presenta una cassa classica in stile Calatrava con proporzioni e layout del quadrante estremamente puliti. Al suo interno batte il nuovissimo calibro 240 ultra-sottile, il primo movimento Patek Philippe a utilizzare un micro-rotore. Proposto in quattro metalli, oro giallo, oro rosa, oro bianco e platino, il modello è stato prodotto in tre serie con una produzione che è durata fino al 2007. Questo esemplare in oro giallo fa parte della seconda serie che si distingue dalla prima principalmente per i suoi contatori con bordi smussati che danno unimpressione complessiva più ampia. Anche la firma a ore 12 è leggermente più grande e laccento grave di Geneve è scomparso. Il quadrante, con raro calendario italiano, presenta una patina molto omogenea e piacevole. Cinturino in coccodrillo marrone con fibbia Patek Philippe in oro giallo 18k. Lorologio è in ottime condizioni, con estratto degli archivi Patek Philippe che conferma la produzione nel 1989 e un anno di garanzia di negozio sul funzionamento. Spedizioni in tutto il mondo con corriere assicurato FedEx.",Watch Center,True
Rolex Daytona Ref. 6241 – Paul Newman Dial – Full Set,Rolex,285000,https://watchcenter.ch/prodotto/rolex-daytona-ref-6241-paul-newman-dial-full-set/,https://watchcenter.ch/wp-content/uploads/2026/03/1.webp,"Rarissimo Rolex Daytona Ref. 6241 con quadrante nero Paul Newman. Questo bellissimo orologio prodotto nel 1968, seriale 176XXXX, è in condizioni eccezionali. Si tratta di una rara referenza, 6241, prodotta solo per tre anni, dal 1966 al 1969. Orologio originale e coevo in tutte le sue componenti. Movimento a carica manuale cal. 722-1, revisionato e perfettamente funzionante. Bracciale Oyster rivettato 7205 con terminali 71 e chiusura datata I/68. Il quadrante nero Paul Newman è in ottimo stato di conservazione. A rendere ancora più attrattivo questo esemplare è il corredo che racconta la sua storia! Venne infatti venduto nel febbraio del 1970 dallo storico concessionario Brunati con sede in Bahnhofstrasse 24 a Zurigo a un acquirente di nazionalità Argentina, accompagnato da un libretto di garanzia in lingua spagnola, debitamente compilato e timbrato. I successivi interventi di manutenzione di cui abbiamo traccia grazie allulteriore documentazione cartacea accompagnatoria, ovvero due revisioni eseguite nel 1976 e successivamente nel 1999, presso il concessionario Rolex di Buenos Aires, ci danno prova della lunga appartenenza al primo proprietario. La scatola e contro scatola originali completano questo corredo incredibile! Spedizioni in tutto il mondo con corriere assicurato Fedex.",Watch Center,True
"Patek Philippe Rare Vintage Cushion Shaped Wristwatch Ref. 3525, 18k Yellow Gold, Automatic, from 1967",Patek Philippe,15900,https://watchcenter.ch/prodotto/patek-philippe-rare-vintage-cushion-shaped-wristwatch-ref-3525-18k-yellow-gold-automatic-from-1967/,https://watchcenter.ch/wp-content/uploads/2026/03/Senza-titolo-13-1.webp,"Prodotto per circa 10 anni a partire dal 1965, il Patek Philippe ref. 3525 incarna il design degli anni 60 con la sua forma a cuscino, inserendosi nel contesto della collezione Gondolo e come parte degli orologi classici di forma dellepoca. La cassa a cuscino da 32mm pur contenendo il movimento a carica automatica cal. 27-460 ha uno spessore di soli 8mm! Bellissimo il quadrante argenté con indici applicati in oro e i piccoli secondi alle ore 6. In ottime condizioni, corredato da Estratto degli Archivi Patek Philippe, nostra certificazione di autenticità e un anno di garanzia sul funzionamento. Spedizioni in tutto il mondo con corriere FedEx assicurato.",Watch Center,False
"Omega Seamaster PloProf, Ref. ST166.077, Blue Mk2 Dial, with Omega Service",Omega,10900,https://watchcenter.ch/prodotto/omega-seamaster-ploprof-ref-st166-077-blue-mk2-dial-with-omega-service/,https://watchcenter.ch/wp-content/uploads/2026/03/Senza-titolo-24-3.webp,"Il Seamaster PloProf 600 è stato ideato nel 1967, ma è stato lanciato sul mercato solo nel 1971, rimanendo in produzione fino alla fine degli anni 70. La sua caratteristica cassa monoblocco, progettata per resistere a pressioni idriche estreme, ha reso il PloProf un orologio leggendario tra i collezionisti. Tra le caratteristiche più distintive figurano il meccanismo della corona protetto sui lati e il cursore di sicurezza dai colori vivaci che blocca la lunetta girevole. Queste funzioni erano rivoluzionarie per lepoca e rimangono una testimonianza affascinante della forza innovativa di Omega. Allinterno, è alimentato da un robusto movimento automatico Omega cal.1002, rinomato per la sua durata e precisione. In combinazione con unimpressionante impermeabilità fino a 600 metri da cui il nome “Plongeur Professionnel” questo orologio dimostra in modo impressionante di essere stato progettato per un uso professionale serio. Questo modello appartiene alla prima generazione in cui la profondità era indicata solo in metri; solo in seguito è apparsa la doppia misurazione in metri/piedi. Il quadrante è il Mk2, prodotto nel 1972. È stato utilizzato per lo scopo previsto, motivo per cui è stato sottoposto a manutenzione in fabbrica nel 2010. Il bellissimo bracciale “Mesh” 1266/237 completa questo pezzo di storia. Spedizioni in tutto il mondo con corriere FedEx assicurato.",Watch Center,False
Patek Philippe Nautilus Jumbo Stainless Steel Ref. 5711 Full Set 2011 Like New,Patek Philippe,95000,https://watchcenter.ch/prodotto/patek-philippe-nautilus-jumbo-stainless-steel-ref-5711-full-set-2011-like-new-2/,https://watchcenter.ch/wp-content/uploads/2026/03/Senza-titolo-24-1.webp,"Patek Philippe Nautilus Jumbo in acciaio, ref. 5711. Cassa 40 mm in acciaio con fondello in vetro zaffiro, quadrante blu con tipica lavorazione orizzontale in rilievo, indici e lancette luminose, datario a ore 3. Bracciale acciaio integrato con doppia chiusura deployante. Movimento meccanico a carica automatica calibro 324 S C. Lorologio è come nuovo, mai indossato, corredato di scatola e garanzia Patek Philippe del 2011 e da un anno di nostra garanzia sul funzionamento. Spedizioni in tutto il mondo con corriere assicurato Fedex.",Watch Center,True
"Audemars Piguet Offshore 18kt White Gold, Limited Edition of 15 pcs for AP Singapore Boutique",Audemars Piguet,85000,https://watchcenter.ch/prodotto/audemars-piguet-offshore-18kt-white-gold-limited-edition-of-15-pcs-for-ap-singapore-boutique/,https://watchcenter.ch/wp-content/uploads/2026/03/Senza-titolo-20-1.webp,"Rarissimo Audemars Piguet Royal Oak Offshore cronografo in oro bianco ref. 26089BC.OO.1000BC.01. Audemars Piguet produsse questa serie di soli 15 esemplari per la boutique di Singapore. La cassa di 42mm e il bracciale integrato sono in oro bianco 18k. Il fondello riporta indicata la serie limitata e il numero identificativo dellorologio. Il quadrante blu con grandi numeri arabi rende questa serie ancor più riconoscibile e unica. Movimento automatico calibro 2326/2840. Lorologio è in ottime condizioni, completo di scatola ed estratto degli archivi AP che certifica la produzione nel 2006. Spedizioni in tutto il mondo con corriere assicurato Fedex.",Watch Center,True
"Gübelin Tank Art Deco Style Tank 18kt White Gold, from the 30s",Other,7900,https://watchcenter.ch/prodotto/gubelin-tank-art-deco-style-tank-18kt-white-gold-from-the-30s/,https://watchcenter.ch/wp-content/uploads/2026/03/Senza-titolo-28.webp,"Raro E.Gubelin Tank anni 30. Cassa rettangolare di 2539 mm in oro bianco 18kt con fondello a scatto. Bellissimo quadrante silver con grandi numeri arabi e piccoli secondi alle 6. Lancette in acciaio azzurrato. Forte richiamo Art Deco! Movimento meccanico a carica manuale, vetro minerale. In ottime condizioni! Corredato da nostra certificazione di autenticità e un anno di garanzia di negozio sul funzionamento. Spedizione assicurata in tutto il mondo con corriere Fedex.",Watch Center,False
"Omega Vintage Speedmaster Ref. 2998-4, From the year 1962",Omega,21900,https://watchcenter.ch/prodotto/omega-vintage-speedmaster-ref-2998-4-from-the-year-1962/,https://watchcenter.ch/wp-content/uploads/2026/02/Progetto-senza-titolo.webp,"La referenza CK 2998 venne prodotta dal 1959 fino al 1963. Divenne di fatto, il primo Omega nello spazio e inaugurò la serie di esemplari utilizzati per le esplorazioni spaziali. Otto diverse referenze di cassa furono introdotte in successione in soli 4 anni di produzione, difficile stabilire un ordine nelle modifiche che vennero apportate in questo lasso di tempo ma senzaltro portarono a dei miglioramenti generali del movimento, della lunetta e dello stile delle lancette che divennero sempre più di facile lettura. Questo bellissimo esemplare è in particolare una referenza 2998-4 prodotta nel 1962, caratterizzata da lancette Alpha con una bellissima patina del tempo perfettamente omogenea a quella degli indici del quadrante. Lorologio viene completato dal suo bracciale 7912/6 caratterizzato da una clasp più larga delle precedenti. Spedizioni in tutto il mondo con corriere assicurato FedEx.",Watch Center,False
"Rolex Vintage Daytona Ref. 6262, Stainless Steel, Light Blue Daytona Dial, from the year 1970",Rolex,68000,https://watchcenter.ch/prodotto/rolex-vintage-daytona-ref-6262-stainless-steel-light-blue-daytona-dial-from-the-year-1970/,https://watchcenter.ch/wp-content/uploads/2026/02/DSC0614.webp,"Bellissimo Rolex Daytona Ref. 6262 in condizioni originali! Il Rolex Daytona ref. 6262 sostituisce il precedente Cosmograph ref. 6239, dal quale si differenzia unicamente per limpiego del nuovo movimento cal. 727, evoluzione del precedente cal. 722. E prodotto per soli tre anni (1969-1972) e rappresenta, insieme al contemporaneo ref. 6264, lultimo cronografo Rolex dotato di pulsanti a pompa. Questo bellissimo esemplare ha una cassa in acciaio con seriale 2.4M (prodotta nel 1970). Pulsanti a pompa e lunetta in acciaio perfettamente coevi. È dotato del suo bracciale Oyster ripiegato ref.7835 con terminali 271 e clasp 3/70. Corredato da nostra garanzia di negozio di un anno sul funzionamento. Spedizioni in tutto il mondo con corriere assicurato Fedex.",Watch Center,False
"Vacheron Constantin Overseas World Time Ref. 7700V, Stainless Steel, Full Set 2018",Vacheron Constantin,29900,https://watchcenter.ch/prodotto/vacheron-constantin-overseas-world-time-ref-7700v-stainless-steel-full-set-2018/,https://watchcenter.ch/wp-content/uploads/2026/02/Senza-titolo-2-1.webp,"Liconico Vacheron Constantin Overseas in versione Wold Time Cassa acciaio da 43,5mm con fondello trasparente a mostrare il calibro 2460 wt/1. Bellissimo quadrante blu con dettagli in tono per la lettura dei fusi orari. Questo esemplare in acciaio è in ottime condizioni, corredato da scatola, libretti e garanzia dorigine del 2018, oltre ad un bracciale in acciaio e un secondo cinturino in alligatore. Spedizioni in tutto il mondo con corriere espresso assicurato.",Watch Center,False
"Audemars Piguet Royal Oak Jumbo Extra-Thin Ref. 15202OR, 18kt Rose Gold, Blue Boutique Dial, Full Set 2020",Audemars Piguet,98500,https://watchcenter.ch/prodotto/audemars-piguet-royal-oak-jumbo-extra-thin-ref-15202or-18kt-rose-gold-blue-boutique-dial-full-set-2020/,https://watchcenter.ch/wp-content/uploads/2026/01/0008.webp,"Audemars Piguet Royal Oak Jumbo Extrapiatto in oro rosa ref. 15202OR. Cassa in oro rosa 18kt 39 mm, vetro e fondello in vetro zaffiro, corona avvitata. Quadrante blu, colore dedicato alla boutique AP, con motivo Petite Tapisserie, indici applicati e lancette Royal Oak in oro rosa con rivestimento luminescente. Datario a ore 3. Bracciale oro rosa 18KT integrato con doppia chiusura deployante marchiata Audemars Piguet. Movimento meccanico a carica automatica calibro 2121. In condizioni perfette, viene fornito con scatola e garanzia dorigine Audemars Piguet del 2020 e un anno di garanzia di negozio sul funzionamento. Spedizioni in tutto il mondo con corriere assicurato Fedex.",Watch Center,False
"Omega Vintage Ref. 2898 S.C, Starry Sky Black Dial, 18kt Yellow Gold, from 1956",Omega,4600,https://watchcenter.ch/prodotto/omega-vintage-ref-2898-s-c-starry-sky-black-dial-18kt-yellow-gold-from-1956/,https://watchcenter.ch/wp-content/uploads/2026/01/Senza-titolo-2.webp,"Bellissimo Omega Vintage Ref. 2898 S.C. Cassa di 34,5 mm in oro giallo degli anni 50. Meraviglioso quadrante nero starry sky con applicati indici e numeri arabi in oro giallo. Cinturino in pelle marrone con chiusura ardiglione. In condizioni strepitose e corredato da scatola Omega, nostra certificazione di autenticità e un anno di nostra garanzia sul funzionamento. Spedizioni in tutto il mondo con corriere assicurato Fedex.",Watch Center,False
"Rolex Vintage GMT Master Ref. 1675, Stainless Steel, Pepsi Bezel, Full set 1968",Rolex,23900,https://watchcenter.ch/prodotto/rolex-vintage-gmt-master-ref-1675-stainless-steel-pepsi-bezel-full-set-1968/,https://watchcenter.ch/wp-content/uploads/2026/01/IMG_9716.webp,Rolex GMT Master Ref. 1675 prodotto nel 1968. Cassa in acciaio da 40mm e loriginale bracciale Jubilee ripiegato ref. 6251 con terminali 55 e clasp 1/68. Quadrante matte Mark 1 e la tipica ghiera blu e rossa conosciuta come Pepsi virata ad un bellissimo azzurro. Movimento automatico calibro 1570. Lorologio è accompagnato da scatola e garanzia dorigine Rolex e un anno di garanzia di negozio sul funzionamento. Spedizioni in tutto il mondo con corriere assicurato Fedex.,Watch Center,False
"Rolex Vintage GMT-Master Ref. 1675, Stainless Steel and Black Bezel, from the year 1977",Rolex,16900,https://watchcenter.ch/prodotto/rolex-vintage-gmt-master-ref-1675-stainless-steel-and-black-bezel-from-the-year-1977/,https://watchcenter.ch/wp-content/uploads/2026/01/Senza-titolo-4-2.webp,"Rolex GMT Master Ref. 1675 prodotto nel 1977. Cassa in acciaio da 40mm e loriginale bracciale Oyster 78360 con terminali 501B in ottime condizioni. Quadrante matte Mark 4 e la più inusuale ghiera nera, ormai sbiadita con il passare degli anni che ha acquisito una sfumatura grigio/blu. Movimento automatico calibro 1570. Lorologio è accompagnato da un anno di garanzia di negozio sul funzionamento. Spedizioni in tutto il mondo con corriere assicurato Fedex.",Watch Center,False
"Rolex Vintage Daytona Ref. 6263, Silver Sigma Dial, Full Set 1979",Rolex,105000,https://watchcenter.ch/prodotto/rolex-vintage-daytona-ref-6263-silver-sigma-dial-full-set-1979/,https://watchcenter.ch/wp-content/uploads/2026/01/IMG_9610.webp,"Rolex Daytona Ref. 6263 del 1975. Cassa seriale 3.9M. Inserto ghiera nero, riporta la scala tachimetrica graduata per velocità fino a 200 Km/h. Bellissimo quadrante silver con Sigma a ore 6 ad indicare gli indici in oro bianco. Calibro 727 a carica manuale. Lintero movimento è stato revisionato dal nostro laboratorio specializzato e viene garantito da garanzia scritta di negozio per la durata di un anno. Bracciale Oyster ref. 7835 con terminali 371. Completo di scatola e garanzia Rolex del 1979 el comncessionarioi Bucherer a Ginevra-Svizzera. Spedizioni in tutto il mondo con corriere assicurato Fedex.",Watch Center,False
"Rolex Vintage GMT-Master, Bakelite Bezel Ref. 6542 , Brown Tropical Radium Dial, year 1957",Rolex,75000,https://watchcenter.ch/prodotto/rolex-vintage-gmt-master-bakelite-bezel-ref-6542-brown-tropical-radium-dial-year-1957/,https://watchcenter.ch/wp-content/uploads/2026/01/DSC9589.webp,"Lo storico Rolex GMT Master Ref. 6542 del 1957. Questo bellissimo esemplare è completamente coevo, il quadrante e la lunetta risultano ancora positivi al controllo del contatore geiger. Il quadrante con minuteria chiusa e grafica oro ha sviluppato una bellissima patina marrone dorata e una fioritura che gli dona un fascino indiscutibile. La lunetta originale in Bakelite è in ottime condizioni così come la cassa, ancora piena e spigolata. Cinturino in pelle marrone con ardiglione Rolex in acciaio. Lorologio è corredato da nostra certificazione di autenticità e da un anno di garanzia scritta Watch Center sul funzionamento. Spedizioni in tutto il mondo con corriere assicurato FedEx.",Watch Center,False
"Patek Philippe Vintage Baby Calatrava Stainless Steel, with Extract PP 1945",Patek Philippe,19900,https://watchcenter.ch/prodotto/patek-philippe-vintage-baby-calatrava-stainless-steel-with-extract-pp-1945/,https://watchcenter.ch/wp-content/uploads/2026/01/IMG_9348.webp,"Raro e raffinato Patek Philippe Calatrava in acciaio ref. 437 del 1945. Questa piccola cassa da 28mm ha fatto si che venisse soprannominato baby Calatrava e che ad oggi sia un orologio sia da uomo che da donna. Come ogni Calatrava vintage in acciaio è molto raro, questa referenza in particolare è stata prodotta in soli 119 pezzi! Bellissimo quadrante silver indelebile con piccoli secondi alle 6 e arabi al 3, 9 e 12. Movimento meccanico a carica manuale cal. 10100. Completato da un raro bracciale acciaio firmato Gay Freres. Lestratto degli archivi Patek Philippe conferma la produzione nel 1945. Spedizioni in tutto il mondo con corriere assicurato FedEx.",Watch Center,True
"Patek Philippe New Calatrava Platinum, Ref.6196P, Salmon Dial, Full Set 2025",Patek Philippe,47900,https://watchcenter.ch/prodotto/patek-philippe-new-calatrava-platinum-ref-6196p-salmon-dial-full-set-2025/,https://watchcenter.ch/wp-content/uploads/2026/01/Senza-titolo-30.webp,"Patek Philippe Calatrava Ref. 6196P. Cassa in platino da 38mm con diamante a ore 6 e fondello in vetro zaffiro. Bellissimo quadrante rosa salmone opalino, indici sfaccettati a bastone in oro bianco e lancette dauphine sempre in oro bianco. Movimento manuale cal. 30-255 PS. Cinturino in alligatore cioccolato con chiusura ardiglione in platino. Lorologio è nuovo, mai indossato e completo di scatola e garanzia Patek Philippe del 2025. Spedizioni in tutto il mondo con corriere assicurato FedEx in 24/48h.",Watch Center,False
"Rolex Lady-Datejust Ref. 69178, 18kt Yellow Gold, Mother-of-Pearl Dial with Blue Sapphire With Original Warranty Rolex from the year 1996",Rolex,13500,https://watchcenter.ch/prodotto/rolex-lady-datejust-ref-69178-18kt-yellow-gold-mother-of-pearl-dial-with-blue-sapphire-with-original-warranty-rolex-from-the-year-1996/,https://watchcenter.ch/wp-content/uploads/2025/12/IMG_9195.webp,"Rolex Oyster Perpetual Ladys Datejust ref. 69178 del 1996. Cassa 26mm in oro giallo 18kt con fondello e corona avvitati. A rendere unico questo esemplare è il meraviglioso e raro quadrante in madreperla con zaffiri blu agli indici! Il bracciale President in oro 18kt con chiusura a scomparsa rende questo orologio raffinato ed elegante. Vetro zaffiro, movimento meccanico a carica automatica. In perfette condizioni, completo di garanzia dorigine Rolex del 1996 e da un anno di nostra garanzia sul funzionamento. Spedizioni in tutto il mondo con corriere assicurato Fedex.",Watch Center,True
"Rolex Vintage Lady-Datejust, Ref. 6917, Brown Degradè Dial with Diamonds, from the year 1977",Rolex,10500,https://watchcenter.ch/prodotto/rolex-vintage-lady-datejust-ref-6917-brown-degrade-dial-with-diamonds-from-the-year-1977/,https://watchcenter.ch/wp-content/uploads/2025/12/IMG_9247.webp,"Rolex Lady Datejust ref. 6917 in oro giallo 18kt del 1977 Cassa 26mm con bellissimo quadrante degradè marrone con indici diamanti! Bracciale President in oro giallo 18kt con chiusura deployante invisibile. Secondi al centro, movimento automatico, plexiglass. In ottime condizioni, accompagnato da un anno di nostra garanzia sul funzionamento. Spedizioni in tutto il mondo con corriere assicurato Fedex.",Watch Center,True
"Patek Philippe Vintage Lady Jewel-Watch, 18kt White Gold and Diamonds, Blue Dial, from the 70s",Patek Philippe,13500,https://watchcenter.ch/prodotto/patek-philippe-vintage-lady-jewel-watch-18kt-white-gold-and-diamonds-blue-dial-from-the-70s/,https://watchcenter.ch/wp-content/uploads/2025/12/DSC_9059.webp,"Elegante e raffinato Patek Philippe Lady ref.3396-1. Cassa ovale 2426 in oro bianco 18kt con preziosa ghiera in diamanti! Quadrante blu con indici e lancette in oro bianco. Bellissimo bracciale integrato in oro bianco, lunghezza massima 15.5cm. Movimento meccanico a carica manuale, vetro zaffiro. In condizioni ottime, corredato da nostra certificazione di autenticità e un anno di garanzia sul funzionamento. Spedizioni in tutto il mondo con corriere assicurato Fedex.",Watch Center,False
"Patek Philippe Vintage Calatrava Ref. 96, 18kt Yellow Gold, with Extract PP, from the year 1951",Patek Philippe,15900,https://watchcenter.ch/prodotto/patek-philippe-vintage-calatrava-ref-96-18kt-yellow-gold-with-extract-pp-from-the-year-1951/,https://watchcenter.ch/wp-content/uploads/2025/12/DSC_8967.webp,"Introdotto nel 1932, il Patek Philippe referenza 96 “Calatrava” fu il primo orologio da polso prodotto in serie e il primo grande progetto della famiglia Stern dopo lacquisizione della manifattura. Il nome “Calatrava” fu uninvenzione di marketing che venne coniata molto tempo dopo il ref. 96. Tuttavia, ancora oggi il ref. 96 è considerato il Calatrava per eccellenza, e la maggior parte dei modelli che da allora sono entrati a far parte della collezione fanno riferimento alle sue caratteristiche distintive. Questo bellissimo esemplare in oro giallo 18kt porta un quadrante argentè con indici applicati in oro giallo, piccoli secondi a ore 6 e lancette in oro giallo in eccellenti condizioni. Il movimento meccanico manuale con calibro 12-120 è stato revisionato nel nostro laboratorio specializzato e funziona perfettamente. Lorologio è completato da cinturino in alligatore nero e fibbia in oro giallo 18kt, tutto Patek Philippe. Lincisione sul lato corona può essere rimossa su richiesta. Viene consegnato con Estratto degli Archivi Patek Philippe e da un anno di nostra garanzia sul funzionamento. Spedizioni in tutto il mondo con corriere assicurato Fedex in 24/48 ore.",Watch Center,True
"Jaeger-LeCoultre Tank Moonphase Steel and Gold, from the 90s",Jaeger-LeCoultre,4900,https://watchcenter.ch/prodotto/jaeger-lecoultre-tank-moonphase-steel-and-gold-from-the-90s/,https://watchcenter.ch/wp-content/uploads/2025/12/Senza-titolo-32-1.webp,"Raro Jaeger LeCoultre Tank Moonphase, Ref.400.6.20 degli anni 90. Cassa Tank da 2433 mm molto sottile e raffinata con dei dettagli incisi e riempiti in oro. Piccolo quadrante bianco con datario panoramico e fasi lunari alle ore sei. Pin di regolazione sotto la corona di carica. Movimento al quarzo di manifattura. Corredato di nostra certificazione di autenticità. Spedizioni in tutto il mondo con corriere FedEx assicurato.",Watch Center,True
"Patek Philippe Extremely Rare Calatrava Ref. 3428, Successor to Ref. 2526, Enamel Dial, 18kt Rose Gold with Extract PP, from 1962",Patek Philippe,115000,https://watchcenter.ch/prodotto/patek-philippe-extremely-rare-calatrava-ref-3428-successor-to-ref-2526-enamel-dial-18kt-rose-gold-with-extract-pp-from-1962/,https://watchcenter.ch/wp-content/uploads/2025/12/DSC_9119.webp,"Patek ha introdotto la referenza 3428 nel 1962 per sostituire la leggendaria 2526. La 3428 monta il movimento migliorato 27-460 con rotore più sottile. La cassa rimane della stessa dimensione e forma, con 35,5 mm. La cosa assolutamente affascinante è che non si sa molto del Patek 3428. Si tratta di una referenza estremamente rara. È stato prodotto solo per 3 anni. Il motivo di un periodo di produzione così breve è che la moda dellepoca si stava orientando verso orologi piatti ed extrapiatti, di conseguenza questo superbo cronometro fu presto messo fuori produzione. Si stima un totale complessivo di poco più di 500 esemplari. Non solo la produzione totale è inferiore a quella del 2526, ma anche il rapporto di ritorno sul mercato è estremamente ridotto rispetto alla media dei modelli vintage Patek Philippe. Il numero di esemplari in oro rosa è stimato intorno ai 100, ma solo cinque sono noti al pubblico. Questo è uno di essi, è in uno splendido stato di conservazione e il quadrante smalto è pressoché perfetto. A completare questo orologio incredibile il bracciale Patek Philippe prodotto da Gay Freres in oro rosa aggiunto dopo la vendita. Lestratto degli archivi Patek Philippe conferma la produzione nel 1962. Spedizioni in tutto il mondo con corriere FedEx assicurato.",Watch Center,False
"Movado Vintage Chronograph Ref. 19038, Cal.95M, Tachymeter Scale, from the 50s",Movado,8900,https://watchcenter.ch/prodotto/movado-vintage-chronograph-ref-19038-cal-95m-tachymeter-scale-from-the-50s/,https://watchcenter.ch/wp-content/uploads/2025/12/Senza-titolo-31-1.webp,"Il Movado Chronograph Cronacvatic Ref. 19038 appartiene alla prima generazione (1946-1959 ca.) di cronografi del marchio ad incorporare liconico Calibro 95M sviluppato da Frédéric Piguet. Sebbene il suo predecessore, il calibro 90M, avesse già introdotto unimportante innovazione sotto forma di cronografo modulare, il 95M ha incluso il contatore dei 60 minuti e una caratteristica speciale: la posizione inversa dei pulsanti dove quello superiore ha la funzione di reset (zero reset) e quello inferiore di avvio e stop. Questa sottile caratteristica facilitava la manipolazione del cronografo, specie nelluso professionale, dove lorologio doveva essere maneggiato con il polso destro. Questo esemplare in acciaio è caratterizzato da un bellissimo quadrante con scala tachimetrica e lancette cronografiche rosse. I fraudo numeri arabi e le lancette erano luminescenti e ben visibili, ad ulteriore conferma della funzione professionale di questo orologio. Cinturino in coccodrillo marrone e ardiglione Movado in acciaio. Completo della nostra certificazione di autenticità e un anno di garanzia sul funzionamento. Spedizioni in tutto il mondo con corriere FedEx assicurato.",Watch Center,False
"Patek Philippe Vintage Gondolo Ref. 3649, 18kt Yellow Gold, Onyx Dial, from the year 1977",Patek Philippe,24900,https://watchcenter.ch/prodotto/patek-philippe-vintage-gondolo-ref-3649-18kt-yellow-gold-onyx-dial-from-the-year-1977/,https://watchcenter.ch/wp-content/uploads/2025/12/Senza-titolo-2-1.webp,"Il Patek Philippe Gondolo Ref. 3649-1 è un esempio lampante delleredità Art Déco della linea Gondolo, racchiuso in una cassa rettangolare a gradini in oro giallo 18 carati da circa 3035 mm. La sua caratteristica distintiva è il quadrante in onice abbinato a lancette dauphine affilate che contrastano magnificamente con lo sfondo scuro. La cassa è sormontata da una lunetta a gradini e completata da un bracciale integrato in oro giallo con maglie tubolari che ne sottolinea la geometria armoniosa e laudace presenza vintage. Risalente agli anni 70, questo modello Gondolo è raro per la sua raffinata esecuzione e le condizioni di conservazione, non lucidato e con punzoni nitidi! Alimentato dal calibro 215 a carica manuale di Patek Philippe. In condizioni perfette, corredato da estratto degli Archivi Patek Philippe che ne conferma la produzione nel 1977. Spedizioni in tutto il mondo con corriere assicurato Fedex.",Watch Center,True
"Jaeger-LeCoultre Vintage Memovox, 18kt Yellow Gold, Manual Winding Cal 489, from the 1950s",Jaeger-LeCoultre,5950,https://watchcenter.ch/prodotto/jaeger-lecoultre-vintage-memovox-18kt-yellow-gold-manual-winding-cal-489-from-the-1950s/,https://watchcenter.ch/wp-content/uploads/2025/12/IMG_8910.webp,"Stimolata dal successo che ebbe il Vulcain Cricket a fine anni 40, Jaeger-LeCoultre crea il suo primo modello di orologio con sveglia e lo presenta nel 1951 alla fiera di Basilea Questo esemplare con cassa 35mm in oro giallo presenta ancora fondello a scatto e corone incassate. Il quadrante silver bitonale è caratterizzato dal classico disco centrale con indicazione della sveglia e indici applicati in oro giallo. Mosso dallo storico calibro 489 a carica manuale con secondi centrali. Corredato da nostra certificazione di autenticità e un anno di nostra garanzia sul funzionamento. Spedizioni in tutto il mondo con corriere assicurato Fedex.",Watch Center,False
"Breguet Le Reveil Du Tsar Classique, 18kt White Gold, Full Set 2003",Breguet,17900,https://watchcenter.ch/prodotto/breguet-le-reveil-du-tsar-classique-18kt-white-gold-full-set-2003/,https://watchcenter.ch/wp-content/uploads/2025/12/IMG_9013.webp,"Breguet Réveil du Tsar Orologio che rappresenta perfettamente la storia e il savoir-faire della manifattura Breguet. Offre complicazioni chiare e leggibili, un diametro equilibrato da 39 mm e una notevole semplicità d’uso. Prodotto dal 2003 al 2015, è oggi uno dei modelli più ricercati della Maison. Il quadrante presenta lavorazione guilloché realizzata a mano, con finiture satinate che creano due tonalità di grigio per valorizzare le lancette in acciaio azzurrato e gli indici neri dipinti. Le ore principali sono indicate da numeri romani anch’essi dipinti a mano. A ore 9 si trova il contatore 24 ore, utile per distinguere il giorno dalla notte e come indicazione di un secondo fuso orario. A ore 3 sono presenti le ore e i minuti dedicati alla funzione sveglia. La corona a ore 4 permette, ruotandola in senso antiorario, di regolare l’orario della sveglia. La corona a ore 2 consente invece di armare il meccanismo e mostrare la riserva di carica nel contatore retrogrado a ore 11. Con uno scatto della stessa corona è possibile regolare l’ora principale per sincronizzarla con il GMT e modificare la data tramite avanzamento della lancetta delle ore. Il pulsante a ore 8 permette di selezionare la modalità suoneria (indicata dal simbolo musicale visibile nella finestrella a ore 12) o la modalità silenziosa. A ore 6 sono presenti i secondi. Il fondello in vetro zaffiro offre una vista completa sul movimento e sul martello della sveglia. Esemplare in oro bianco, in ottime condizioni, completo di scatola e documenti originali dellepoca di acquisto. Spedizione assicurata tramite corriere internazionale Fedex.",Watch Center,False
"Vacheron Constantin Fiftysix Stainless Steel, Self-Winding, Full Set 2020",Vacheron Constantin,10900,https://watchcenter.ch/prodotto/vacheron-constantin-fiftysix-stainless-steel-self-winding-full-set-2020/,https://watchcenter.ch/wp-content/uploads/2025/12/IMG_8933.webp,"Un nome e una data che evocano un modello Vacheron Constantin iconico, che risale al 1956. Questa collezione elegante, moderna e rilassata, dallo stile marcatamente cosmopolita, esprime la sua personalità attraverso il contrasto tra il quadrante classico e la cassa più audace. Quest’ultima è visibilmente ispirata all’emblema a forma di croce di Malta della Maison, il cui motivo è ripreso anche sulla massa oscillante in oro rosa traforata. Questo esemplare in acciaio è in ottime condizioni, corredato da scatola, libretti e garanzia dorigine del 2020, oltre ad un controllo di fabbrica nel 2022. Spedizioni in tutto il mondo con corriere espresso assicurato.",Watch Center,True
"Vacheron Constantin Historiques Triple Calendar 1942, Full Set 2021",Vacheron Constantin,14900,https://watchcenter.ch/prodotto/vacheron-constantin-historiques-triple-calendar-1942-full-set-2021/,https://watchcenter.ch/wp-content/uploads/2025/12/IMG_8930.webp,"Come suggerisce il nome, lHistoriques Triple Calendar 1942 è una riedizione vintage ispirata direttamente al Vacheron Constantin del 1942, il modello 4240. Lanciato nel 2017, non è una semplice copia delloriginale. La cassa è stata aggiornata agli standard moderni, ora misura 40 mm (rispetto ai 35 mm delloriginale), ma rimane comunque compatta ed elegante al polso. Le anse ad artiglio non sono solo eleganti, ma anche altamente ergonomiche. La corona è più piccola ma più spessa, ma la carrure a 3 gradoni resta probabilmente lelemento più distintivo di questo orologio, aggiunge un carattere incredibile. Questo esemplare si trova in condizioni eccezionali, corredato da scatola, libretti, pin di regolazione e garanzia dorigine del 2021, oltre ad un controllo di fabbrica nellanno successivo. Spedizioni in tutto il mondo con corriere espresso assicurato.",Watch Center,False
"Rolex Vintage Daytona Ref. 6240, Full Set 1966",Rolex,116000,https://watchcenter.ch/prodotto/rolex-vintage-daytona-ref-6240-full-set-1966/,https://watchcenter.ch/wp-content/uploads/2025/12/00019.webp,"Rolex Daytona Ref. 6240. Questa referenza era un prototipo di orologio prodotto in quantità limitata dal 1965 al 1969 (si stima che ne siano stati prodotti solo circa 1700 esemplari), a differenza delle referenze più popolari 6239 e 6241 dotate di pulsanti a pompa, la ref. 6240 era dotata di pulsanti prototipo con serraggio a vite, quindi è considerata il predecessore delle successive e ben note referenze 6263 e 6265. Questo bellissimo esemplare ha una cassa in acciaio con seriale 1.43M (prodotta nel 1966). Lorologio è in ottimo stato di conservazione, tutte le componenti sono coeve. Dotato di movimento a carica manuale Valjoux 722. Lorologio è splendidamente corredato, sono presenti infatti scatola originale, garanzia dorigine, calendario e tag! Spedizioni in tutto il mondo con corriere assicurato Fedex.",Watch Center,False
"Omega Vintage Speedmaster Ref.105.003-63, Tropical Brown Bezel, from the year 1963",Omega,19500,https://watchcenter.ch/prodotto/omega-vintage-speedmaster-ref-105-003-63-tropical-brown-bezel-from-the-year-1963/,https://watchcenter.ch/wp-content/uploads/2025/11/IMG_8504.webp,"La referenza ST 105.003 è lultimo Speedmaster con anse diritte, noto anche come pre-Professional, venne prodotto tra il 1964 e il 1966. Superò i difficili test di selezione della NASA nel 1965 per diventare lorologio ufficiale ed esclusivo degli astronauti delle missioni Gemini. Quest referenza è talvolta chiamata Ed White, come il primo astronauta a camminare nello spazio durante la missione Gemini IV. Anche altri astronauti hanno indossato questo modello, tra cui Jim Lovell, Frank Borman, John Young, Gordo Cooper, Eugene Cernan e Tom Stafford. Questo bellissimo esemplare è perfettamente coevo in ogni sua componente e caratterizzato da una piacevolissima e calda patina del tempo oltre che ad una meravigliosa ghiera virata brown! Raro e in ottime condizioni il bracciale 7912 con terminali 6! Allinterno il leggendario calibro 321. Lorologio viene completato da nostra certificazione di autenticità e un anno di nostra garanzia sul funzionamento. Spedizioni in tutto il mondo con corriere assicurato FedEx.",Watch Center,True
"Vacheron Constantin Historiques 18k White Gold, Ref. 91001, Manual-Winding, from the 90s",Vacheron Constantin,6900,https://watchcenter.ch/prodotto/vacheron-constantin-historiques-18k-white-gold-ref-91001-manual-winding-from-the-90s/,https://watchcenter.ch/wp-content/uploads/2025/11/Senza-titolo-2-1.webp,"Vacheron Constantin Historiques ref.91001. Elegante cassa in oro bianco rettangolare con fondello inciso. Quadrante argentè con indici e numeri romani in oro bianco applicati e piccoli secondi a ore 6. Movimento meccanico a carica manuale. Cinturino in alligatore nero e fibbia in oro bianco 18kt tutto Vacheron Constantin. In ottime condizioni, corredato da un anno di nostra garanzia sul funzionamento. Spedizioni in tutto il mondo con corriere assicurato Fedex.",Watch Center,True
"Vacheron Constantin Vintage Oversized 18kt Yellow Gold, Ref. 4526, Extremely Rare Maltese Crosses Dial",Vacheron Constantin,32900,https://watchcenter.ch/prodotto/vacheron-constantin-vintage-oversized-18kt-yellow-gold-ref-4526-extremely-rare-maltese-crosses-dial/,https://watchcenter.ch/wp-content/uploads/2025/11/IMG_8606.webp,"Vacheron Constantin Ref.4526 del 1949. Cassa sovradimensionata di 35,5 mm in oro giallo 18 kt con particolari anse lavorate. Il bellissimo quadrante originale con le croci di Malta ai 4 indici principali è in condizioni eccezionali ed estremamente raro! Movimento meccanico manuale cal.12, plexiglass. Cinturino in alligatore con fibbia originale AW in oro 18kt. In condizioni ottime, corredato da Estratto degli Archivi Vacheron Constantin e un anno di garanzia di negozio sul funzionamento. Spedizioni in tutto il mondo con corriere assicurato Fedex.",Watch Center,False
"Audemars Piguet Cobra 18kt White Gold, Silver Diamonds Dial, Manual-Winding",Audemars Piguet,10900,https://watchcenter.ch/prodotto/audemars-piguet-cobra-18kt-white-gold-silver-diamonds-dial-manual-winding-2/,https://watchcenter.ch/wp-content/uploads/2025/11/Senza-titolo-17.jpg,"Un pezzo molto raro e interessante di Audemars Piguet, il cosiddetto Cobra, con quadrante silver e diamanti! La cassa in oro bianco 18 carati di 27 mm di diametro è in ottime condizioni ed è impreziosita da un esclusivo bracciale in oro bianco 18 carati splendidamente rifinito. La ciliegina sulla torta sono i 12 indici di diamanti. Movimento meccanico a carica manuale calibro 2080, vetro zaffiro. Questo meraviglioso dress watch è completato da nostra certificazione di autenticità e un anno di nostra garanzia sul funzionamento. Spedizioni in tutto il mondo con corriere FedEx assicurato.",Watch Center,True
"Patek Philippe Nautilus Ref. 3800, Stainless Steel, Full Set from 1998",Patek Philippe,69900,https://watchcenter.ch/prodotto/patek-philippe-nautilus-ref-3800-stainless-steel-full-set-from-1998/,https://watchcenter.ch/wp-content/uploads/2025/11/Senza-titolo-31.webp,"Patek Philippe Nautilus ref. 3800 in acciaio del 1998. Cassa di 37mm in acciaio ha la caratteristica costruzione a 3 corpi e il bracciale integrato sempre in acciaio completa la leggendaria estetica di questo modello! Quadrante tapisserie grigio antracite con indici applicati in oro bianco e datario a ore 3. Movimento meccanico a carica automatica calibro 330 SC, vetro zaffiro. Questo magnifico esemplare è corredato da scatola, libretti e garanzia dorigine Patek Philippe del 1998 e un anno di garanzia di negozio sul funzionamento. Spedizioni in tutto il mondo con corriere assicurato Fedex.",Watch Center,True
"Jaeger-LeCoultre Quick Set Date Disc Calendar, Stainless Steel Ref. 2777, Cal. P810, from the 1950s",Jaeger-LeCoultre,3900,https://watchcenter.ch/prodotto/jaeger-lecoultre-quick-set-date-disc-calendar-stainless-steel-ref-2777-cal-p810-from-the-1950s/,https://watchcenter.ch/wp-content/uploads/2025/11/Senza-titolo-1.webp,"Raro e curioso Jaeger LeCoultre con datario panoramico a scatto rapido degli anni 50. Normalmente i datari panoramici hanno una lancetta dedicata mentre in questo caso JLC ha deciso di usare lo stesso meccanismo dei Memovox, una freccia su un disco indipendente centrale al quadrante. La rarità, per lepoca, è lingegnoso scatto rapito della data azionato da un pulsante nascosto al centro della corona di carica! La cassa in acciaio è di 33mm e il movimento a carica manuale porta il calibro P810. Lorologio è completato da nostra certificazione di autenticità e un anno di garanzia sul funzionamento. Spedizioni in tutto il mondo con corriere assicurato FedEx.",Watch Center,True
"Audemars Piguet Vintage Royal Oak Very Early A serial, Ref. 5402ST, with Service and Certificate AP",Audemars Piguet,85000,https://watchcenter.ch/prodotto/audemars-piguet-vintage-royal-oak-very-early-a-serial-ref-5402st-with-service-and-certificate-ap/,https://watchcenter.ch/wp-content/uploads/2025/11/IMG_8486.webp,"Rarissimo Audemars Piguet Royal Oak Jumbo Ref. 5402, seriale A, primissima produzione, numero A7X, risalente al 1972 e venduto nel 1980! Cassa in acciaio con diametro 39 mm e corona avvitata. Quadrante Classic Parts fornito e montato dalla fabbrica Audemars Piguet durante il service completo del 2021. Vetro zaffiro, bracciale in acciaio con chiusura déployante firmata AP, movimento meccanico a carica automatica cal. 2121. Lorologio è completo di certificato dorigine e service Audemars Piguet del 2021! Spedizione assicurata in tutto il mondo con corriere Fedex.",Watch Center,True
"Patek Philippe Golden Jumbo Ellipse 18kt White Gold and Diamonds, Blue dial, Self-Winding, from the 90s",Patek Philippe,24500,https://watchcenter.ch/prodotto/patek-philippe-golden-jumbo-ellipse-18kt-white-gold-and-diamonds-blue-dial-self-winding-from-the-90s/,https://watchcenter.ch/wp-content/uploads/2025/11/2.webp,"Straordinario Patek Philippe Golden Ellipse ref. 3738/1, anni 90. Cassa jumbo da 3135,5 mm in oro bianco 18 carati con lunetta tempestata di diamanti! Iconico quadrante blu con indici applicati e lancette in oro bianco. Movimento meccanico a carica automatica cal. 240, vetro minerale. Bracciale integrato piatto in oro bianco 18 carati con chiusura gioiello. In condizioni eccellenti e completo del nostro certificato di autenticità e della nostra garanzia di funzionalità. Spedizione in tutto il mondo con corriere Fedex assicurato.",Watch Center,True
"Patek Philippe Vintage Ellipse 18kt White Gold, Ref. 3848/8, Ivory Dial, Manual-Winding, with Extract PP",Patek Philippe,19500,https://watchcenter.ch/prodotto/patek-philippe-vintage-ellipse-18kt-white-gold-ref-3848-8-ivory-dial-manual-winding-with-extract-pp/,https://watchcenter.ch/wp-content/uploads/2025/11/Senza-titolo-4.webp,"Raro Patek Philippe Golden Ellipse ref.3848/8, anni 90. Cassa 27x32mm in oro bianco 18kt con fondello a scatto. Bellissimo quadrante avorio con indici applicati in oro bianco così come le lancette. Movimento meccanico carica manuale cal.215, vetro minerale. Il bracciale/gioiello integrato in oro bianco 18kt completa questa rara configurazione confermata dallestratto degli archivi Patek Philippe. In condizioni ottime e ulteriormente completo di nostra certificazione di autenticità e nostra garanzia sul funzionamento. Spedizioni in tutto il mondo con corriere assicurato Fedex.",Watch Center,False
"Patek Philippe Aquanaut Jumbo Stainless Steel, Ref. 5167A, Full Set 2007",Patek Philippe,53500,https://watchcenter.ch/prodotto/patek-philippe-aquanaut-jumbo-stainless-steel-ref-5167a-full-set-2007/,https://watchcenter.ch/wp-content/uploads/2025/11/Senza-titolo-20.webp,"Patek Philippe Aquanaut ref.5167A/001, full set del 2007. Movimento meccanico a carica automatica. Calibro 324 S C. Indicazione ore, minuti, secondi al centro e data a ore 3. Quadrante nero in rilievo. Numeri arabi applicati con rivestimento luminescente. Completato da cinturino marrone scuro in composite “Tropical con doppia chiusura deployante Aquanaut in acciaio. Corona a vite. Fondo cassa in vetro zaffiro. Perfetto, corredato di scatola e garanzia dorigine Patek Philippe del 2007. Spedizioni in tutto il mondo con corriere assicurato Fedex.",Watch Center,True
"Omega Vintage Oversize 18kt Yellow Gold, Black Dial, from the 1950s",Omega,5700,https://watchcenter.ch/prodotto/omega-vintage-oversize-18kt-yellow-gold-black-dial-from-the-1950s/,https://watchcenter.ch/wp-content/uploads/2025/10/Senza-titolo-9-4.webp,"Bellissimo Omega vintage oversize! Cassa di 36 mm in oro giallo 18 kt degli anni 50. Meraviglioso quadrante nero con applicati indici e numeri romani in oro giallo. Piccoli secondi a ore 6, lancette in oro giallo. Cinturino in pelle scamosciata marrone con chiusura ardiglione. In condizioni strepitose e corredato da nostra certificazione di autenticità e un anno di nostra garanzia sul funzionamento. Spedizioni in tutto il mondo con corriere assicurato Fedex.",Watch Center,False
"Patek Philippe Calatrava 18kt Yellow Gold, Ref. 3944, from the 1990s",Patek Philippe,8400,https://watchcenter.ch/prodotto/patek-philippe-calatrava-18kt-yellow-gold-ref-3944-from-the-1990s/,https://watchcenter.ch/wp-content/uploads/2025/10/Senza-titolo-4-7.webp,"Patek Philippe Calatrava, ref. 3944. Cassa in oro giallo 18 kt con ghiera lavorazione clou de Paris e fondello a scatto. Cinturino in coccodrillo nero con chiusura ardiglione in oro giallo 18kt, tutto Patek Philippe. Quadrante bianco con numeri romani e datario a ore 3. Movimento di manifattura al quarzo. In ottime condizioni, corredato da nostra certificazione di autenticità. Spedizioni in tutto il mondo con corriere assicurato Fedex.",Watch Center,True
"Jaeger-LeCoultre Vintage Memovox Parking, Ref. E858, Manual Winding, from the 1950s",Jaeger-LeCoultre,4600,https://watchcenter.ch/prodotto/jaeger-lecoultre-vintage-memovox-parking-ref-e858-manual-winding-from-the-1950s/,https://watchcenter.ch/wp-content/uploads/2025/10/Senza-titolo-24-3.webp,"Raro e particolare Jaeger le Coultre Memovox Parking con funzione allarme, realizzato negli anni 50. Cassa acciaio diametro 35 mm, movimento meccanico a carica manuale calibro 814, quadrante silver con indici e numeri arabi applicati, secondi centrali. Caratteristica lindicazione del tempo del parchimetro regolata dalla corona a ore due, così come lallarme. Con la produzione di soli 216 esemplari può essere considerato una delle versioni più rare del modello Memovox. E inoltre la prima serie caratterizzata da un anello avvitato che chiude il fondello. In ottime condizioni, corredato di nostra certificazione di autenticità. Spedizioni in tutto il mondo con corriere assicurato Fedex.",Watch Center,True
"Omega Speedmaster Professional Moonwatch, Stainless Steel, Manual-Winding, Full Set 2016",Omega,5950,https://watchcenter.ch/prodotto/omega-speedmaster-professional-moonwatch-stainless-steel-manual-winding-full-set-2016/,https://watchcenter.ch/wp-content/uploads/2025/10/Senza-titolo-4-6.webp,"Omega Speedmaster Moonwatch ref. 311.30.42.30.01.005. Cassa in acciaio da 42mm con fondello inciso. Quadrante nero e ghiera nera. Movimento meccanico a carica manuale cal 1861, vetro plexiglass. In condizioni perfette, corredato da scatola e garanzia omega del 2016, 2 cinturini NATO Omega, corredo dedicato ed un anno di nostra garanzia sul funzionamento. Spedizioni in tutto il mondo con corriere assicurato Fedex.",Watch Center,False
"Patek Philippe Rare Vintage Cushion Shaped Wristwatch Ref. 3701, 18kt Yellow Gold, Full Set 1986",Patek Philippe,14000,https://watchcenter.ch/prodotto/patek-philippe-rare-vintage-cushion-shaped-wristwatch-ref-3701-18kt-yellow-gold-full-set-1986/,https://watchcenter.ch/wp-content/uploads/2025/10/Senza-titolo-25-1.webp,"Raro Patek Philippe Cushion realizzato negli anni 80. Cassa in oro giallo 18k 31mm di forma tonneau quadrata. Quadrante argenté opaco con indici applicati in oro giallo e datario a ore 3. Movimento al quarzo di manifattura, cal. E23SC, con secondi centrali. Cinturino in coccodrillo nero Patek Philippe. In ottime condizioni, corredato da scatola e garanzia Patek Philippe del 1986. Spedizioni in tutto il mondo con corriere assicurato Fedex in 24/48 ore.",Watch Center,True
"Rolex Vintage Lady-Datejust, Ref. 6917, Factory Diamonds Coral Stella Dial, Full Set 1982",Rolex,14900,https://watchcenter.ch/prodotto/rolex-vintage-lady-datejust-ref-6917-factory-diamonds-coral-stella-dial-full-set-1982/,https://watchcenter.ch/wp-content/uploads/2025/10/IMG_8297.webp,"Rolex Ladys Datejust ref. 6917 in oro giallo 18kt. Cassa 26mm con rarissimo e bellissimo quadrante stella rosso corallo con indici diamanti! Bracciale President in oro giallo 18kt con chiusura deployante invisibile. Secondi al centro, movimento automatico, plexiglass. In ottime condizioni, accompagnato da scatola e garanzia Rolex dorigine del 1982, fattura dacquisto e 2 service Rolex, nel 1992 e 2001 ed un anno di nostra garanzia sul funzionamento. Spedizioni in tutto il mondo con corriere assicurato Fedex in 24/48 ore.",Watch Center,True
"Piaget Rare 18kt White Gold Ellipse, Automatic, Malachite Dial, from the 70s",Piaget,5950,https://watchcenter.ch/prodotto/piaget-rare-18kt-white-gold-ellipse-automatic-malachite-dial-from-the-70s/,https://watchcenter.ch/wp-content/uploads/2025/10/IMG_8285.webp,"Bellissimo Piaget Ellipse in oro bianco 18kt degli anni 70. Cassa di forma ovale in senso orizzontale con fondello chiuso da 4 viti. Raro e importante il quadrante in Malachite con indici disegnati e lancette in oro bianco 18kt. Il movimento automatico con micro-rotore in oro 24kt, cal. 12P, impreziosisce ulteriormente questo pezzo da collezione. Cinturino in alligatore verde con chiusura ardiglione in oro bianco 18kt firmata Piaget. In ottime condizioni, completo di nostra certificazione di autenticità e un anno di nostra garanzia sul funzionamento. Spedizioni in tutto il mondo con corriere FedEx assicurato.",Watch Center,True
"Rolex GMT-Master II, Steel and Gold, Black Dial, Ref. 16713, Full Set 1992",Rolex,12900,https://watchcenter.ch/prodotto/rolex-gmt-master-ii-steel-and-gold-black-dial-ref-16713-full-set-1992/,https://watchcenter.ch/wp-content/uploads/2025/10/Senza-titolo-11-2.webp,"Rolex GMT Master II acciaio e oro, ref. 16713 del 1992. Cassa in acciaio da 40mm con ghiera girevole e corona di carica in oro 18kt. Quadrante nero con indici applicati luminescenti e datario a ore 3. La ghiera bidirezionale ha inserto nero. Vetro zaffiro. Movimento meccanico a carica automatica, secondi al centro. Bracciale Jubilee acciaio e oro con chiusura deployante in acciaio. In condizioni ottime, corredato da scatola e garanzia Rolex del 1992 , service Rolex del 2021 e un anno di nostra garanzia sul funzionamento. Spedizioni in tutto il mondo con corriere assicurato Fedex.",Watch Center,True
"Patek Philippe Calatrava 18kt Yellow Gold Ref. 3802, Automatic, Full Set 1991",Patek Philippe,17500,https://watchcenter.ch/prodotto/patek-philippe-calatrava-18kt-yellow-gold-ref-3802-automatic-full-set-1991/,https://watchcenter.ch/wp-content/uploads/2025/10/Senza-titolo-7-3.webp,"Elegante Patek Philippe Calatrava, ref. 3802 degli anni 90. Cassa da 33mm con bellissimo bracciale integrato tutto in oro 18kt. Quadrante bianco in porcellana con numeri romani neri, vetro zaffiro e ghiera con lavorazione clou de Paris. Movimento meccanico a carica automatica cal. 310SC. In perfette condizioni e completo di scatola e garanzia Patek Philippe del 1991 oltre ad un anno di nostra garanzia sul funzionamento. Spedizioni in tutto il mondo con corriere assicurato Fedex.",Watch Center,False
"Patek Philippe Ellipse 18kt Yellow Gold, Ref. 3788, Blue Dial with Original Certificate PP",Patek Philippe,12900,https://watchcenter.ch/prodotto/patek-philippe-ellipse-18kt-yellow-gold-ref-3788-blue-dial-with-original-certificate-pp/,https://watchcenter.ch/wp-content/uploads/2025/10/Senza-titolo-23-1.webp,"Raffinato ed elegante Patek Philippe Ellipse ref.3788 del 1996. Cassa in oro giallo 18kt con fondello a scatto. Quadrante blu con indici applicati e lancette in oro giallo, datario a ore 3. Movimento al quarzo, vetro zaffiro. Cinturino in coccodrillo nero con ardiglione in oro giallo 18kt, tutto Patek Philippe. In condizioni ottime, corredato di garanzia dorigine Patek Philippe e da un anno di nostra garanzia sul funzionamento. Spedizioni in tutto il mondo con corriere assicurato Fedex in 24/48 ore.",Watch Center,True
"Patek Philippe Nautilus Lady 18kt Yellow Gold, Ref. 4700, from the 1990s with Box and Extract PP",Patek Philippe,19500,https://watchcenter.ch/prodotto/patek-philippe-nautilus-lady-18kt-yellow-gold-ref-4700-from-the-1990s-with-box-and-extract-pp/,https://watchcenter.ch/wp-content/uploads/2025/10/Senza-titolo-5-2.webp,"Bellissimo Patek Philippe Nautilus da donna ref. 4700/51, orologio senza tempo per ogni giorno. Cassa in oro giallo 18kt con bracciale Nautilus integrato. Quadrante bianco con indici applicati in oro e datario a ore 3, lancette in oro giallo. Vetro zaffiro, movimento al quarzo calibro E19C. In ottime condizioni, corredato da scatola Patek Philippe ed estratto degli archivi in arrivo! Spedizioni in tutto il mondo con corriere assicurato Fedex in 24/48 ore.",Watch Center,True
"Vacheron Constantin Art Deco Tonneau Case, 18kt White Gold, from the year 1928",Vacheron Constantin,15900,https://watchcenter.ch/prodotto/vacheron-constantin-art-deco-tonneau-case-18kt-white-gold-from-the-year-1928/,https://watchcenter.ch/wp-content/uploads/2025/10/IMG_8205.webp,"Bellissimo e raro Vacheron Constantin Art Deco in oro bianco 18kt del 1928! Cassa tonneau da 26x37mm con fondello cernierato e decorato. Quadrante silver con numeri arabi applicati in oro bianco e bellissime lancette in oro bianco. Movimento a carica manuale con calibro RA994. Cinturino in pelle nera con ardiglione in oro bianco 18kt. Vetro minerale. In ottimo stato di conservazione, corredato dellEstratto degli Archivi Vacheron Constantin e da un anno di garanzia di negozio sul funzionamento. Spedizioni in tutto il mondo con corriere assicurato FedEx in 24/48h.",Watch Center,False
"Patek Philippe Vintage Calatrava 18kt WG, Ref. 3569, Blue Dial, Backwind Automatic, from the year 1980",Patek Philippe,16500,https://watchcenter.ch/prodotto/patek-philippe-vintage-calatrava-18kt-wg-ref-3569-blue-dial-backwind-automatic-from-the-year-1980/,https://watchcenter.ch/wp-content/uploads/2025/10/Senza-titolo-7-1.webp,"La referenza 3569 è caratterizzata dalla carica posteriore e fu prodotta dal 1969 al 1986. Il concetto alla base di un orologio con carica posteriore era geniale: renderlo facile da indossare sia per i destrimani che per i mancini. Molti di questi orologi erano splendidamente decorati a mano, come questo esemplare in oro bianco. Il bellissimo quadrante blu soleil esalta leleganza di questo raro Patek Philippe! Completo di estratto degli archivi che conferma la produzione nel 1980 e da nostra garanzia di funzionamento per un anno. Spedizioni in tutto il mondo con corriere FedEx assicurato.",Watch Center,True
"Patek Philippe Calatrava 18kt Yellow Gold, Ref. 5000J, Full Set 1997",Patek Philippe,18500,https://watchcenter.ch/prodotto/patek-philippe-calatrava-18-kt-yellow-gold-ref-5000j-full-set-1997/,https://watchcenter.ch/wp-content/uploads/2025/10/Senza-titolo-15.webp,"Interessante Patek Philippe Calatrava, ref. 5000 degli anni 90. Cassa in oro giallo 18 kt da 33mm con ghiera liscia. Quadrante nero opaco con numeri arabi applicati in oro giallo e traccia dei minuti interna dipinta. La particolarità di questa referenza sono i piccoli secondi a ore 4. Cinturino in coccodrillo nero originale e deployante in oro 18kt firmata Patek Philippe. Dal fondello a vista in vetro zaffiro è possibile vedere il movimento automatico calibro 240 PS ultrasottile, timbrato con il sigillo di Ginevra. In perfette condizioni, corredato di scatola e garanzia Patek Philippe del 1997 e un anno di garanzia di negozio sul funzionamento. Spedizioni in tutto il mondo con corriere assicurato Fedex.",Watch Center,True
"Cartier Vintage Gondole Jumbo Horizontal, “TV Screen”, 18kt YG, Manual-Winding, from the 70s",Cartier,29500,https://watchcenter.ch/prodotto/cartier-vintage-gondole-jumbo-horizontal-tv-screen-18kt-yg-manual-winding-form-the-70s/,https://watchcenter.ch/wp-content/uploads/2025/10/cartier-rr.webp,"Cartier lanciò la “Collezione Louis Cartier” nel 1972 per celebrare il trasferimento della sua manifattura dalla Francia alla Svizzera. Questa linea esclusiva era pensata per celebrare il ricco patrimonio di Cartier e comprendeva dodici modelli Cartier classici e contemporanei interamente in oro. Il più straordinario tra questi era il Gondole Jumbo. Fu lanciato in due versioni: verticale e orizzontale. Questo modello è quello orizzontale. Con le sue dimensioni di 38 x 35 mm, lorologio è decisamente imponente, tuttavia, nonostante le dimensioni piuttosto grandi e la forma audace, il quadrante del Gondole è classico Cartier in tutto e per tutto. Il quadrante bianco presenta i numeri romani dipinti di nero immediatamente riconoscibili, la minuteria interna dipinta e la semplice firma “Cartier” dipinta, la firma “Paris” alle ore 6 indica che lorologio ha ancora il quadrante originale, come quando è stato venduto nella leggendaria boutique del marchio in Place Vendôme a Parigi. La cassa è realizzata in oro giallo 18 carati ed è dotata di un bellissimo cinturino in alligatore bordeaux e fibbia Cartier in oro 18 carati. Pare siano stati prodotti solo 50-70 esemplari in oro giallo, il che aumenta la rarità di questo pezzo. Spedizioni in tutto il mondo con corriere assicurato FedEx.",Watch Center,False
"Cartier Love, 18kt Yellow Gold, Diamonds Bezel",Cartier,4950,https://watchcenter.ch/prodotto/cartier-love-18kt-yellow-gold-diamonds-bezel/,https://watchcenter.ch/wp-content/uploads/2025/10/Senza-titolo-4-1.webp,"Bellissimo Cartier Love in oro giallo 18 kt. Cassa da 23mm con ghiera di 18 diamanti e 6 iconiche viti della linea Love! Anche la corona di carica riprende la forma della vite. Quadrante argentè con grandi numeri romani e lancette in acciaio azzurrato. Movimento al quarzo di manifattura. Cinturino in coccodrillo azzurro con fibbia in oro giallo 18kt, tutto Cartier. In ottime condizioni, accompagnato da nostra garanzia sul funzionamento per un anno. Spedizioni in tutto il mondo con corriere assicurato Fedex in 24/48 ore.",Watch Center,True
"Rolex Vintage Precision Oversize, Ref. 9008, 18kt Yellow Gold, from the year 1952",Rolex,8400,https://watchcenter.ch/prodotto/rolex-vintage-precision-oversize-ref-9008-18kt-yellow-gold-from-the-year-1952/,https://watchcenter.ch/wp-content/uploads/2025/10/Senza-titolo-7.webp,"Rolex Precision Ref. 9008 realizzato negli anni 50. Cassa in oro giallo 18k da 36 mm, decisamente sovradimensionata per il periodo, con ghiera liscia e fondello inciso. Movimento meccanico a carica manuale calibro 1210 con secondi centrali. Quadrante bianco perlage e bellissimi indici a foglia e sottili applicati in oro giallo Cinturino in pelle marrone con ardiglione Rolex placcato oro. In ottime condizioni, corredato da un anno di garanzia di negozio sul funzionamento. Spedizioni in tutto il mondo con corriere assicurato Fedex.",Watch Center,False
"Jaeger-LeCoultre Vintage Memovox Ref. E855, Stainless Steel and Black Dial, Automatic, From the 1960s",Jaeger-LeCoultre,7950,https://watchcenter.ch/prodotto/jaeger-lecoultre-vintage-memovox-ref-e855-stainless-steel-and-black-dial-automatic-from-the-1960s/,https://watchcenter.ch/wp-content/uploads/2025/10/IMG_7934.webp,"Vintage Jaeger LeCoultre Memovox con funzione allarme, realizzato negli anni 60, ref. E855. Cassa in acciaio dal diametro di 37 mm con fondello avvitato. Movimento meccanico a carica automatica, vetro plexiglass. Bellissimo e raro quadrante nero in ottime condizioni! Finestra per lindicazione della data a ore 3, secondi centrali. Corredato da scatola originale JLC, nostra certificazione di autenticità e un anno di nostra garanzia sul funzionamento. Spedizioni in tutto il mondo con corriere assicurato Fedex.",Watch Center,False
"Rolex Vintage Day-Date Ref. 1803 18kt Yellow Gold, Blue Dial, From the year 1977",Rolex,10900,https://watchcenter.ch/prodotto/rolex-vintage-day-date-ref-1803-18kt-yellow-gold-blue-dial-from-the-year-1977/,https://watchcenter.ch/wp-content/uploads/2025/10/1.jpg,"Rolex Day Date Ref. 1803 realizzato nellanno 1977. Cassa in oro giallo 18kt con lunetta zigrinata. Bellissimo e raro quadrante blu con indici sottili in oro giallo. Movimento meccanico a carica automatica. Cinturino in alligatore marrone e fibbia Rolex. In ottime condizioni, corredato da nostra certificazione di autenticità e un anno di garanzia di negozio sul funzionamento. Spedizioni in tutto il mondo con corriere assicurato Fedex.",Watch Center,True
"Audemars Piguet Cobra 18kt White Gold, Black Diamonds Dial, Manual-Winding",Audemars Piguet,9900,https://watchcenter.ch/prodotto/audemars-piguet-cobra-18kt-white-gold-black-diamonds-dial-manual-winding/,https://watchcenter.ch/wp-content/uploads/2025/10/21111.jpg,"Un pezzo molto raro e interessante di Audemars Piguet, il cosiddetto Cobra, con quadrante nero diamanti! La cassa in oro bianco 18 carati di 27 mm di diametro è in ottime condizioni ed è impreziosita da un esclusivo bracciale in oro bianco 18 carati splendidamente rifinito. La ciliegina sulla torta sono i 12 indici di diamanti. Movimento meccanico a carica manuale calibro 2080, vetro zaffiro. Questo meraviglioso dress watch è completato da nostra certificazione di autenticità e un anno di nostra garanzia sul funzionamento. Spedizioni in tutto il mondo con corriere FedEx assicurato.",Watch Center,True
"Patek Philippe Nautilus Vintage Jumbo Ref. 3700 Steel and Gold, Black Dial, From the 1980s",Patek Philippe,89000,https://watchcenter.ch/prodotto/patek-philippe-nautilus-vintage-jumbo-ref-3700-steel-and-gold-black-dial-from-the-1980s/,https://watchcenter.ch/wp-content/uploads/2025/10/sito-1.jpg,"Meraviglioso Philippe Nautilus Jumbo Ref. 3700/1 in acciaio e oro, del 1981. Cassa acciaio e oro carré galbé diametro 40 mm con integrato bracciale Nautilus acciaio e oro con chiusura déployante, movimento meccanico a carica automatica. Meraviglioso quadrante nero opaco sigma. In ottime condizioni, corredato da Estratto degli Archivi Patek Philippe (in arrivo), oltre ad un anno di garanzia di negozio sul funzionamento. Spedizioni in tutto il mondo con corriere assicurato Fedex in 24/48 ore.",Watch Center,True
"Vacheron Constantin Vintage Platinum Wristwatch, Teardrop Lugs, Diamonds Salmon Dial, From the 1950s",Vacheron Constantin,19500,https://watchcenter.ch/prodotto/vacheron-constantin-vintage-platinum-wristwatch-teardrop-lugs-diamonds-salmon-dial-from-the-1950s/,https://watchcenter.ch/wp-content/uploads/2025/10/vach2-.jpg,"Rarissimo Vacheron Constantin solo tempo in platino degli anni 50. La cassa di 32mm è caratterizzata da fondo a scatto e delle bellissime anse a goccia. Il quadrante salmone con diamanti agli indici rende ancora più prestigioso questo orologio, bellissimo sia da uomo che da donna. Movimento meccanico a carica manuale cal.458/38. Cinturino in alligatore cioccolato con chiusura ardiglione. In condizioni ottime, completato da nostra certificazione di autenticità e nostra garanzia di funzionamento per un anno. Spedizioni assicurate in tutto il mondo con FedEx.",Watch Center,False
"Patek Philippe Vintage Calatrava 18kt Yellow Gold, Ref. 2568, From the year 1956",Patek Philippe,9900,https://watchcenter.ch/prodotto/patek-philippe-vintage-calatrava-18kt-yellow-gold-ref-2568-from-the-year-1956/,https://watchcenter.ch/wp-content/uploads/2025/09/00225.jpg,"Bellissimo Patek Philippe Calatrava in oro giallo 18kt ref. 2568, del 1956. Cassa in oro giallo di 33mm caratterizzata da delle particolati anse integrate sfaccettate. Quadrante argenté con indici applicati in oro giallo così come le lancette. Movimento meccanico a carica manuale cal. 23-300 con sigillo di Ginevra. Cinturino in pelle scamosciata cognac e chiusura ad ardiglione. In ottime condizioni, corredato da nostra certificazione di autenticità e da un anno di garanzia di negozio sul funzionamento. Spedizioni in tutto il mondo con corriere assicurato Fedex in 24/48 ore.",Watch Center,True
"Cartier Tank Française Chronoflex Date, Ref. 2653, Stainless Steel Full Set 2005, Service 2025",Cartier,4450,https://watchcenter.ch/prodotto/cartier-tank-francaise-chronoflex-date-ref-2653-stainless-steel-full-set-2005-service-2025/,https://watchcenter.ch/wp-content/uploads/2025/09/IMG_7665.jpg,"Cartier Tank Francaise Cronoflex Date in acciaio. Quadrante bianco con numeri romani neri, finestra del disco data a ore 12 e due contatori cronografici. Movimento al quarzo di manifattura. Cassa 2836, corona con zaffiro blu sfaccettato e pulsanti cronografici rettangolari. Bracciale integrato in acciaio con doppia chiusura deployante a scomparsa e cinturino in alligatore con chiusura deployante acciaio, tutto Cartier. In condizioni pari al nuovo, revisionato da Cartier a marzo 2025 e non più indossato. Completo anche di scatola e garanzia Cartier del 2005. Spedizioni in tutto il mondo con corriere assicurato Fedex in 24/48 ore.",Watch Center,False
"Rolex Vintage Datejust, 18kt Yellow Gold, Ref. 1601, from the year 1975",Rolex,12900,https://watchcenter.ch/prodotto/rolex-vintage-datejust-18kt-yellow-gold-ref-1601-from-the-year-1975/,https://watchcenter.ch/wp-content/uploads/2025/09/IMG_7656.jpg,"Bellissimo Rolex Datejust Ref. 1601 del 1975. Cassa in oro giallo 18kt del diametro di 36mm con lunetta zigrinata. Quadrante argenté T Swiss T in condizioni perfette! Secondi centrali, indici applicati e lancette in oro giallo, datario a ore 3. Meraviglioso bracciale Jubilee in oro giallo 18kt con terminali 53. Movimento a carica automatica calibro 1570. Lorologio è in ottime condizioni e viene venduto con nostra certificazione di autenticità e un anno di nostra garanzia sul funzionamento. Spedizioni in tutto il mondo con corriere assicurato Fedex in 24/48 ore.",Watch Center,True
"Rolex GMT-Master Ref. 16750, Pepsi Bezel, Full Set 1987",Rolex,15500,https://watchcenter.ch/prodotto/rolex-gmt-master-ref-16750-pepsi-bezel-full-set-1987/,https://watchcenter.ch/wp-content/uploads/2025/09/gj.jpg,"Rolex GMT Master acciaio, ref. 16750 del 1984. Dopo più di due decenni di produzione del 1675, Rolex introduce una nuova referenza, il 16750. Grazie al nuovo calibro 3075 viene introdotta sulla referenza la data quick-set. Quadrante nero lucido con indici bicchierini piacevolmente invecchiati e iconica ghiera bidirezionale con inserto Pepsi (rosso e blu). Bracciale Oyster Ref. 78360 con finali 580. In ottime condizioni, corredato da scatola e garanzia Rolex 1987 e un anno di nostra garanzia sul funzionamento. Questo orologio può essere acquistato direttamente nel nostro negozio a Lugano, in Svizzera, oppure online. Spedizioni in tutto il mondo con corriere assicurato Fedex in 24/48 ore.",Watch Center,True
"Jaeger-LeCoultre Vintage Reverso “Breveté S.G.D.G.” , Black Dial, from the year 1937",Jaeger-LeCoultre,9600,https://watchcenter.ch/prodotto/jaeger-lecoultre-vintage-reverso-brevete-s-g-d-g-black-dial-from-the-year-1937/,https://watchcenter.ch/wp-content/uploads/2025/08/2-1.jpg,"Jaeger LeCoultre Reverso del 1937! Bellissimo quadrante nero con indici luminosi. La cassa è caratterizzata dallincisione Breveté S.G.D.G.” che è labbreviazione di Sans garantie du gouvernement che si traduce in Senza garanzia del governo. Questo termine era usato dalla legge francese dal 1844 per designare un orologio assegnato solo al mercato francese e alle sue colonie. Fondello inciso, in cerca del signor M! Movimento meccanico a carica manuale. Cinturino in struzzo cognac originale JLC. In ottime condizioni, corredato da nostra certificazione di autenticità e un anno di nostra garanzia sul funzionamento. Spedizioni in tutto il mondo con corriere FedEx assicurato in 48/72h.",Watch Center,False
"Patek Philippe Annual Calendar Ref. 5205G, 18kt White Gold, Full Set 2014",Patek Philippe,36500,https://watchcenter.ch/prodotto/patek-philippe-annual-calendar-ref-5205g-18kt-white-gold-full-set-2014/,https://watchcenter.ch/wp-content/uploads/2025/08/3.jpg,"Patek Philippe calendario annuale automatico, Ref. 5205G. Cassa in oro bianco da 40 mm con fondello in vetro zaffiro. Movimento automatico cal. 324 S QA LU 24H. Bellissimo quadrante silver simmetrico con le tre finestre del calendario alle 10, 12 e 2 e indicatore della luna e delle 24h a ore 6. Indici e lancette in oro bianco, secondi centrali. Cinturino in alligatore nero e ardiglione in oro bianco 18 carati, tutto Patek Philippe. In condizioni ottime, corredato da scatola e garanzia dorigine Patek Philippe del 2014 e da un anno di nostra garanzia sul funzionamento. Spedizioni in tutto il mondo con corriere assicurato Fedex in 24/48 ore.",Watch Center,False
"Patek Philippe Vintage Chronograph 18kt Yellow Gold “Spider Lugs”, Ref. 1579, from year 1953",Patek Philippe,98500,https://watchcenter.ch/prodotto/patek-philippe-vintage-chronograph-18kt-yellow-gold-spider-lugs-ref-1579-from-year-1953/,https://watchcenter.ch/wp-content/uploads/2025/07/4-1.jpg,"Introdotta sul mercato nel 1943, la referenza 1579 rappresenta uno dei due soli cronografi mai realizzati da Patek Philippe con anse di forma (insieme alla referenza 591). In virtù di questo particolare, é stata soprannominata anse a ragno dai collezionisti. Caratteristica inusuale per lepoca era la sua cassa di dimensioni importanti, 36mm, che sembrava al polso anche più grande grazie appunto alla forma delle anse, oltre che allampia lunetta. La referenza 1579 viene generalmente divisa in due serie: la prima serie (1943-1949) é contraddistinta da quadranti con numeri arabi e indici a bastone abbinati a sfere a bastone oppure a foglia, la seconda serie (1950-1964) presenta invece numeri arabi e indici quadrati con sfere a foglia. Questo esemplare fa parte di questa seconda serie, con una cassa in oro giallo in ottime condizioni. Lorologio è accompagnato da estratto degli archivi e da service Patek Philippe eseguito nel 2007. Il cinturino in coccodrillo cognac e la fibbia originale PP in oro 18kt completano questo orologio meraviglioso di elevata importanza collezionistica! Questo orologio può essere acquistato direttamente nel nostro negozio a Lugano, in Svizzera, oppure online. Spedizioni in tutto il mondo con corriere assicurato Fedex in 24/48 ore.",Watch Center,False
"Patek Philippe Vintage Chronograph Ref. 533, 18kt Yellow Gold, Full Set 1947",Patek Philippe,105000,https://watchcenter.ch/prodotto/patek-philippe-vintage-chronograph-ref-533-18kt-yellow-gold-full-set-1947/,https://watchcenter.ch/wp-content/uploads/2025/07/4.jpg,"La referenza 533 di Patek Philippe è stata prodotta dal 1937 al 1957 in numero molto limitato. Si stima che la produzione totale sia di circa 150 esemplari, il che lo rende uno dei modelli cronografici più rari del marchio. Simile alla referenza 130 nellaspetto, la referenza 533 è dotata di una lunetta piatta e angolare rispetto a quella concava della referenza 130. Questo esemplare in condizioni eccezionali è in oro giallo, porta un quadrante argenté con indici e numeri arabi applicati in oro 18kt ed è completato da cinturino in alligatore nero e fibbia in oro giallo 18kt, tutto Patek Philippe. Ma a rendere davvero unico questo orologio è il meraviglioso corredo dorigine, scatola e garanzia del 1947 , lestratto degli archivi conferma ulteriormente lanno di produzione e di vendita. Spedizioni in tutto il mondo con corriere assicurato FedEx.",Watch Center,True
"Breitling Transocean Chrono-matic Chronograph, from the 1970s",Breitling,4850,https://watchcenter.ch/prodotto/breitling-transocean-chrono-matic-chronograph-from-the-1970s/,https://watchcenter.ch/wp-content/uploads/2025/07/Senza-titolo-4-2.jpg,"Bellissimo Breitling TransOcean vintage, anni 70. Particolare cassa in acciaio con corona di carica a sinistra e pulsanti cronografici a destra. Quadrante bluette con contatori bianchi a contrasto e lancette arancioni. Movimento meccanico a carica automatica, datario a ore 6. Bracciale integrato in acciaio con chiusura deployante, vetro plexiglass. In ottime condizioni, corredato da un anno di garanzia di negozio sul funzionamento.",Watch Center,False
"Rolex Rare Vintage Lady-Datejust 18kt White Gold, Ref.6917, Jubilee Diamonds Dial, from the year 1979",Rolex,9800,https://watchcenter.ch/prodotto/rolex-rare-vintage-lady-datejust-18kt-white-gold-ref-6917-jubilee-diamonds-dial-from-the-year-1979/,https://watchcenter.ch/wp-content/uploads/2025/07/IMG_7285.jpg,"Raro Rolex Lady Datejust ref. 6917 con cassa e bracciale in oro bianco 18kt del 1979! Cassa 26mm in oro bianco con lunetta zigrinata e fondello e corona avvitati. Bellissimo quadrante silver Jubilee con diamanti agli indici e datario a ore 3. A completare questo piccolo gioiello il raro bracciale Jubilee in oro bianco 18kt! In ottime condizioni, accompagnato da nostra certificazione di autenticità e un anno di nostra garanzia sul funzionamento. Questo orologio può essere acquistato direttamente nel nostro negozio a Lugano, in Svizzera, oppure online. Spedizioni in tutto il mondo con corriere assicurato Fedex in 24/48 ore.",Watch Center,False
"Patek Philippe Twenty~4 Automatic, 18kt Rose Gold, Like New, Full Set 2024",Patek Philippe,35900,https://watchcenter.ch/prodotto/patek-philippe-twenty4-automatic-18kt-rose-gold-like-new-full-set-2024/,https://watchcenter.ch/wp-content/uploads/2025/07/1-3.jpg,"Splendido Patek Philippe Twenty-4, ref. 7300/1200-010. Cassa in oro rosa 18 carati da 36 mm con fondello in vetro zaffiro. Lunetta con 160 diamanti (0,81 ct). Quadrante argentato con finitura satinata verticale e orizzontale (finitura “shantung”) con numeri applicati in oro rosa. Movimento a carica automatica cal. 324 S C, bracciale integrato in oro rosa 18 carati con doppia chiusura deployante. Come nuovo, con scatola e documenti originali Patek Philippe dellanno 2024. Spedizione in tutto il mondo tramite corriere assicurato Fedex in 24/48 ore.",Watch Center,True
"Rolex Daytona “SACO”, Orange Sapphire Bezel, Mother-of-Peal Diamonds Dial, Ref. 116578, Full Set 2019",Rolex,195000,https://watchcenter.ch/prodotto/rolex-daytona-saco-orange-sapphire-bezel-mother-of-peal-diamonds-dial-ref-116578-full-set-2019/,https://watchcenter.ch/wp-content/uploads/2025/07/Senza-titolo-15-1.jpg,"Rarissimo e speciale Rolex Daytona ref.116578 SACO del 2019. Quadrante madreperla bianca con 8 diamanti incastonati agli indici delle ore. Cassa in oro giallo da 40mm con una meravigliosa ghiera di 40 zaffiri arancio taglio baguette sulla lunetta. Vetro zaffiro, bracciale Oyster in oro giallo 18kt con chiusura deployante. Movimento meccanico a carica automatica con calibro 4130. Lorologio è in condizioni ottime, corredato di scatola e garanzia Rolex del 2019 e un anno di nostra garanzia sul funzionamento. Questo orologio può essere acquistato direttamente nel nostro negozio a Lugano, in Svizzera, oppure online. Spedizioni in tutto il mondo con corriere assicurato Fedex in 24/48 ore.",Watch Center,False
"Patek Philippe Golden Ellipse 18kt Yellow Gold Ref. 3948J, Full Set 1991",Patek Philippe,16900,https://watchcenter.ch/prodotto/patek-philippe-golden-ellipse-18kt-yellow-gold-ref-3948j-full-set-1991/,https://watchcenter.ch/wp-content/uploads/2025/07/DSC_7162.jpg,"Bellissimo Patek Philippe Golden Ellipse ref.3948J degli anni 90. La referenza 3948J è stata il primissimo Ellisse a presentare il quadrante sussidiario dei secondi e lelegante calibro 215 PS (petite seconds). La produzione di questa referenza è partita nel 1982 ed è stata portata avanti fino alla metà degli anni ’90. Presenta una cassa 27x32mm in oro giallo 18kt con fondello a scatto, un fantastico quadrante blu con indici in oro applicati e appunto i piccoli secondi a ore 6. Movimento meccanico carica manuale cal.215 PS, vetro minerale. Cinturino originale in coccodrillo nero con ardiglione in oro 18kt marchiato Patek Philippe. In ottime condizioni, lorologio è completo di scatola e garanzia dorigine Patek Philippe del 1991 e di nostra garanzia di funzionamento per un anno. Spedizioni in tutto il mondo con corriere assicurato Fedex in 24/48 ore.",Watch Center,True
"Patek Philippe Ellipse Lady 18kt yellow gold, Ref. 4698J, with Service PP",Patek Philippe,8900,https://watchcenter.ch/prodotto/patek-philippe-ellipse-lady-18kt-yellow-gold-ref-4698j-with-service-pp/,https://watchcenter.ch/wp-content/uploads/2025/07/IMG_7121.jpg,"Delizioso Patek Philippe Lady Ellipse ref. 4698J. Cassa 20x24mm in oro giallo 18kt con lunetta e anse in diamanti, quadrante blu con quattro diamanti e lancette in oro giallo lavorate. Cinturino in coccodrillo blu ed ardiglione in oro giallo. Movimento al quarzo, vetro zaffiro. In condizioni perfette, corredato da Service Patek Philippe 2023 e un anno di garanzia di negozio sul funzionamento. Spedizioni in tutto il mondo con corriere assicurato Fedex in 24/48 ore.",Watch Center,True
"Patek Philippe World Time 18kt Yellow Gold, Ref. 5110J, Full Set 2001",Patek Philippe,32500,https://watchcenter.ch/prodotto/patek-philippe-world-time-18kt-yellow-gold-ref-5110j-full-set-2001/,https://watchcenter.ch/wp-content/uploads/2025/07/020.jpg,"Elegante e raffinato Patek Philippe Ore del Mondo in oro giallo, ref. 5110J. Cassa da 37 mm con fondello in vetro zaffiro, ghiera liscia, quadrante bianco. Le funzioni includono lindicazione 24 ore e giorno/notte per i 24 fusi orari. Le lancette, nuove allepoca per Patek Philippe, si distinguono per il loro contorno a losanghe e si abbinano perfettamente agli indici interni applicati. Il centro del quadrante è caratterizzato da un bellissimo motivo a guilloché fatto a mano, ispirato alla passata maestria di Patek Philippe per gli orologi da tasca. Lora indicata alle dodici è lora locale, con le città a est sulla destra e le città a ovest sulla sinistra. Il fuso orario locale può essere facilmente modificato dal pulsante a ore 10. Quando si preme il pulsante, accadono tre cose contemporaneamente: la lancetta delle ore avanza di unora, mentre la città e i dischi delle ventiquattro ore si muovono in senso antiorario di un fuso orario. Il Patek Philippe Ref 5110 è stato realizzato dal 2000 al 2006. E stato il primo modello ore del mondo prodotto da Patek Philippe dopo la referenza 2523 e non è più in produzione. Il successore è la referenza 5130. In condizioni perfette, cinturino in pelle marrone con chiusura deployante in oro giallo. Corredato da scatola, garanzia dorigine Patek Philippe del 2001 e da un anno di nostra garanzia sul funzionamento. Questo orologio può essere acquistato direttamente nel nostro negozio a Lugano, in Svizzera, oppure online.",Watch Center,True
Audemars Piguet Art Deco Jewel Watch Platinum and Diamonds from ’20s with service AP 2025,Audemars Piguet,79000,https://watchcenter.ch/prodotto/audemars-piguet-art-deco-jewel-watch-platinum-and-diamonds-from-20s-with-service-ap-2025/,https://watchcenter.ch/wp-content/uploads/2025/07/Senza-titolo-4-1.jpg,"Incredibile Audemars Piguet Lady vintage degli anni 20. Questo bellissimo esemplare risulta essere un pregiato orologio e al contempo un elegante e preziosissimo bracciale. Quadrante silver con lancette e indici applicati in oro bianco. Movimento meccanico a carica manuale con corona di carica sul fondello. Bracciale in platino a maglie snodate di 3 diamanti, chiusura a gioiello e catenina di sicurezza. Probabilmente pezzo unico! In condizioni eccezionali, completato dalla sua scatola originale AP e da un service completo in fabbrica 07/2025. Spedizioni in tutto il mondo con corriere assicurato Fedex in 24/48 ore.",Watch Center,False
"Rolex Submariner Untouched James Bond Ref. 5508, 2 Lines Dial from 1958",Rolex,49000,https://watchcenter.ch/prodotto/rolex-submariner-untouched-james-bond-ref-5508-2-lines-dial-from-1958/,https://watchcenter.ch/wp-content/uploads/2025/07/Senza-titolo-16.jpg,"Rolex Submariner detto “James Bond”, Ref. 5508, del 1958. Cassa in acciaio 37mm, movimento meccanico a carica automatica calibro 1530, lunetta bidirezionale per il calcolo dei tempi di immersione, corona di carica di 6 mm, lancette Mercedes. Il quadrante a 2 scritte é vissuto e nello stato originale. Cinturino NATO. Questo affascinante esemplare mostra tutta letà, lusura e lutilizzo nel tempo, condizioni che raccontano la sua storia. Può essere acquistato direttamente nel nostro negozio a Lugano, in Svizzera, oppure online. Spedizioni in tutto il mondo con corriere assicurato Fedex in 24/48 ore.",Watch Center,False
"Trematic Triple calendar Moonphase, 18kt yellow gold, Felsa Bidynator",Other,5950,https://watchcenter.ch/prodotto/trematic-triple-calendar-moonphase-18kt-yellow-gold-felsa-bidynator/,https://watchcenter.ch/wp-content/uploads/2025/07/Senza-titolo-4.jpg,"Bellissimo Trematic tripla data e fasi lunari prodotto negli anni 50. Cassa 37 mm in oro con fondello avvitato. Quadrante silver bitonale con aperture per lindicazione del giorno e del mese a ore 12, datario panoramico con lancetta dedicata e fasi lunari a ore 6. Movimento meccanico a carica automatica con calibro Felsa Bidynator, secondi centrali. Cinturino in pelle con chiusura ardiglione, vetro plexiglass. In condizioni ottime, completo di un anno di garanzia di negozio sul funzionamento. Spedizioni in tutto il mondo con corriere assicurato Fedex in 24/48 ore.",Watch Center,False
"Patek Philippe Nautilus Vintage Jumbo Ref. 3700, Steel and Gold, Black Dial Retailed by Gübelin, with Extract",Patek Philippe,98500,https://watchcenter.ch/prodotto/patek-philippe-nautilus-vintage-jumbo-ref-3700-steel-and-gold-black-dial-retailed-by-gubelin-with-extract/,https://watchcenter.ch/wp-content/uploads/2025/07/IMG_7032.jpg,"Il mitico Patek Philippe Nautilus Jumbo Ref. 3700/1 in acciaio e oro, del 1979. Cassa acciaio e oro carré galbé diametro 40 mm con integrato bracciale Nautilus acciaio e oro con chiusura déployante, movimento meccanico a carica automatica. Meraviglioso quadrante nero opaco firmato Gübelin! In ottime condizioni, corredato di scatola originale ed Estratto degli Archivi Patek Philippe, oltre ad un anno di garanzia di negozio sul funzionamento. Spedizioni in tutto il mondo con corriere assicurato Fedex in 24/48 ore.",Watch Center,True
"Heuer Vintage Chronograph, Plated Rose Gold, from the 1960s",Heuer,5900,https://watchcenter.ch/prodotto/heuer-vintage-chronograph-plated-rose-gold-from-the-1960s/,https://watchcenter.ch/wp-content/uploads/2025/06/Senza-titolo-9.jpg,"Bellissimo e Raro Cronografo Heuer, risalente agli anni 60. Quadrante Beyer dorato due contatori. Cassa 33mm placcata oro rosa con fondello acciaio. Movimento meccanico a carica manuale, plexiglass. Cinturino in pelle marrone con chiusura ardiglione. In ottime condizioni, corredato da un anno di garanzia di negozio sul funzionamento. Spedizioni in tutto il mondo con corriere assicurato Fedex in 24/48 ore.",Watch Center,False
"Patek Philippe Perpetual Calendar Tonneau Platinum Case, Ref. 5040P, Full Set",Patek Philippe,55000,https://watchcenter.ch/prodotto/patek-philippe-perpetual-calendar-tonneau-platinum-case-ref-5040p-full-set/,https://watchcenter.ch/wp-content/uploads/2025/06/2-7.jpg,"Patek Philippe ha introdotto la referenza 5040 nel 1992 come primo modello di calendario perpetuo di forma tonneau. La cassa, ispirata agli anni Trenta, misura 35 mm x 42 mm e, in quanto cassa monoblocco, è ricavata da un unico pezzo di metallo. Il Calendario Perpetuo 5040 è stato prodotto fino al 2007 e durante questo periodo Patek ha proposto questa referenza in oro giallo, bianco e rosa, oltre che in platino. Il Patek Philippe Calendario Perpetuo 5040P è la versione in platino, la più rara e preziosa. Si stima che siano stati prodotti meno di 4.000 esemplari della referenza 5040 (in tutti i materiali). Altri tocchi di design significativi della referenza 5040 sono i numeri in stile Breguet e le lancette in stile Breguet, due dettagli che Patek solitamente riserva alle referenze speciali. Il 5040 è stato infatti il primo calendario perpetuo Patek Philippe (prodotto in serie) a presentare numeri Breguet sul quadrante. Cinturino in cuoio beige e secondo cinturino in coccodrillo nero con deployante Patek Philippe in platino. In ottime condizioni, corredato da scatola e garanzia Patek Philippe e da un anno di garanzia di negozio sul funzionamento. Spedizioni in tutto il mondo con Fedex.",Watch Center,True
"Patek Philippe World Time 18kt White Gold, Ref. 5230G, Full Set 2019",Patek Philippe,35900,https://watchcenter.ch/prodotto/patek-philippe-world-time-18kt-white-gold-ref-5230g-full-set-2019/,https://watchcenter.ch/wp-content/uploads/2025/06/4-2.jpg,"Elegante e raffinato Patek Philippe Ore del Mondo in oro bianco, Ref. 5230G. Cassa da 38.5 mm in oro bianco 18kt con fondello in vetro zaffiro, ghiera liscia, quadrante grigio. Le funzioni includono lindicazione 24 ore e giorno/notte per i 24 fusi orari. Il centro del quadrante è caratterizzato da un bellissimo motivo a guilloché fatto a mano, ispirato alla passata maestria di Patek Philippe per gli orologi da tasca. Lora indicata alle dodici è lora locale, con le città a est sulla destra e le città a ovest sulla sinistra. Il fuso orario locale può essere facilmente modificato dal pulsante a ore 10. Quando si preme il pulsante, accadono tre cose contemporaneamente: la lancetta delle ore avanza di unora, mentre la città e i dischi delle ventiquattro ore si muovono in senso antiorario di un fuso orario. In condizioni perfette, come nuovo, corredato da scatola e garanzia dorigine Patek Philippe 2019 e da un anno di nostra garanzia sul funzionamento. Spedizioni in tutto il mondo con corriere assicurato Fedex in 24/48 ore.",Watch Center,False
"Heuer Vintage Chronograph, Big Eyes Black Glossy Dial, Valjoux 23, from 50s",Heuer,6900,https://watchcenter.ch/prodotto/heuer-vintage-chronograph-big-eyes-black-glossy-dial-valjoux-23-from-50s/,https://watchcenter.ch/wp-content/uploads/2025/06/foto1-1.jpg,"Bellissimo Heuer cronografo prodotto negli anni 50. Cassa acciaio diametro 35 mm con fondello avvitato e tasti a pompa. Movimento meccanico a carica manuale calibro Valjoux 23. Bellissimo quadrante nero lucido con grafica dorata. Per i contatori di grandi dimensioni viene detto Big Eyes. In ottime condizioni, corredato da un anno di garanzia di negozio sul funzionamento. Spedizioni in tutto il mondo con corriere assicurato Fedex in 24/48 ore.",Watch Center,False
"Heuer Carrera, Ref. 1553, From 70s",Heuer,5950,https://watchcenter.ch/prodotto/heuer-carrera-ref-1553-from-70s/,https://watchcenter.ch/wp-content/uploads/2025/06/4-3.jpg,"Bellissimo Heuer Carrera, ref. 1553 degli anni 70. Cassa in acciaio di 38 mm con anse ricurve, pulsanti tondi del cronografo e fondello avvitato. Quadrante argento, indici applicati luminescenti, lancette luminescenti e arancioni per il cronografo. Apertura data a ore 6, piccoli secondi a ore 10 e minuti cronografici in numeri arabi a ore 3. In ottime condizioni, completo di un anno di garanzia di negozio sul funzionamento. Spedizioni in tutto il mondo con corriere assicurato Fedex in 24/48 ore.",Watch Center,False
"Patek Philippe Golden Ellipse 18kt Yellow Gold, Ref.3848, Blue Dial, Manual-Winding, from the 70s",Patek Philippe,17900,https://watchcenter.ch/prodotto/patek-philippe-golden-ellipse-18kt-yellow-gold-ref-3848-blue-dial-manual-winding-from-the-70s/,https://watchcenter.ch/wp-content/uploads/2025/06/1-9.jpg,"Bellissimo Patek Philippe Golden Ellipse ref.3848, anni 70. Cassa 27x32mm in oro giallo 18kt con fondello a scatto, un fantastico quadrante blu con indici in oro applicati e lancette in oro. Movimento meccanico carica manuale cal.215, vetro minerale. A rendere speciale questo pezzo è un meraviglioso bracciale/gioiello integrato in oro 18kt. In condizioni ottime, lorologio è completo di nostra certificazione di autenticità e nostra garanzia sul funzionamento. Spedizioni in tutto il mondo con corriere assicurato Fedex in 24/48 ore.",Watch Center,True
"Universal Genève Vintage Rare Compax 18kt Rose Gold, Ref. 12324, Fancy Lugs, from the 40s",Other,14900,https://watchcenter.ch/prodotto/universal-geneve-vintage-rare-compax-18kt-rose-gold-ref-12324-fancy-lugs-from-the-40s/,https://watchcenter.ch/wp-content/uploads/2025/06/1-1.jpg,"Raro e inusuale Universal Geneve Compax ref. 12324 degli anni 40. Cassa in oro rosa da 35 mm con meravigliose anse sfaccettate. Sono noti meno di 5 esemplari della referenza 12324 in tutto il mondo! Quadrante rosato con indici applicati in oro rosa come le lancette, mentre le lancette dei piccoli secondi e del cronografo sono in acciaio azzurrato. Movimento meccanico a carica manuale calibro 283, vetro plexiglass. In condizioni eccezionali, corredato da un anno di garanzia di negozio sul funzionamento. Spedizioni in tutto il mondo con corriere assicurato Fedex in 24/48 ore.",Watch Center,True
"Audemars Piguet Rare Octagonal Dress Watch 18kt WG and Diamonds, Automatic, Blue Dial, from the 90s",Audemars Piguet,18900,https://watchcenter.ch/prodotto/audemars-piguet-rare-octagonal-dress-watch-18kt-wg-and-diamonds-automatic-blue-dial-from-the-90s/,https://watchcenter.ch/wp-content/uploads/2025/06/1.jpg,Elegantissimo Audemars Piguet dress watch! La cassa in oro bianco 18 carati è di un insolita forma ottagonale ma con gli angoli ai punti cardinali! La ghiera è incastonata di diamanti e il meraviglioso quadrante blu ha 11 diamanti agli indici. Il bracciale integrato in oro bianco 18kt completa lestetica straordinaria di questo pezzo! Movimento meccanico a carica automatica calibro 2121 vetro zaffiro. Completato da nostra certificazione di autenticità e un anno di nostra garanzia sul funzionamento. Spedizioni in tutto il mondo con corriere FedEx assicurato.,Watch Center,False
"Patek Philippe Perpetual Calendar, 18kt White Gold, Ref. 5059, with Extract PP",Patek Philippe,37500,https://watchcenter.ch/prodotto/patek-philippe-perpetual-calendar-18kt-white-gold-ref-5059-with-extract-pp/,https://watchcenter.ch/wp-content/uploads/2025/05/2-19.jpg,"La ref. 5059 è stata introdotta nel 1998 ed è rimasta in produzione fino al 2006. Storicamente la Ref. 5050 e la Ref. 5059 sono i primi calendari perpetui Patek Philippe realizzati con secondi centrali dopo la ref. 2497/2438 degli anni Cinquanta. Sono stati realizzati meno di 1400 pezzi della Ref. 5059 tra oro giallo, bianco e rosa 18 carati e platino. Durante i suoi otto anni di vita, ne sono stati realizzati meno di 400 in oro bianco. Questo esemplare in oro bianco è in ottime condizioni, completato dal suo cinturino in alligatore nero e chiusura deployante in oro bianco 18kt, tutto Patek Philippe. Corredato da estratto degli archivi Patek Philippe che conferma la produzione nel 2001 e da nostra garanzia di funzionamento per un anno. Spedizioni in tutto il mondo con corriere FedEx assicurato.",Watch Center,False
"Omega Speedmaster Professional Moonwatch, Ref. 145.0022, from 1974",Omega,7950,https://watchcenter.ch/prodotto/omega-speedmaster-professional-moonwatch-ref-145-0022-from-1974/,https://watchcenter.ch/wp-content/uploads/2025/05/1-28.jpg,"Omega Speedmaster Moonwatch ref. 145.0022 degli anni 70. Cassa in acciaio da 42mm con fondello inciso. Quadrante nero al trizio e ghiera nera. Bracciale acciaio Speedmaster, movimento meccanico a carica manuale cal 861, vetro plexiglass. Bracciale 1171/1 con terminali 633. In condizioni ottime, corredato da un anno di nostra garanzia sul funzionamento. Spedizioni in tutto il mondo con corriere assicurato Fedex in 24/48 ore.",Watch Center,True
"Patek Philippe Annual Calendar Ref. 5035G, 18kt White Gold, with Original Warranty PP",Patek Philippe,24900,https://watchcenter.ch/prodotto/patek-philippe-annual-calendar-ref-5035g-18kt-white-gold-with-original-warranty-pp/,https://watchcenter.ch/wp-content/uploads/2025/05/3-17.jpg,"Patek Philippe calendario annuale automatico, Ref. 5035. Cassa in oro bianco da 37 mm, movimento automatico con sigillo di Ginevra, 35 rubini. Quadrante nero, numeri romani luminosi applicati, lancette luminose, secondi centrali, minuteria esterna, tre contatori per giorno e mese in inglese e indicazione delle 24 ore, apertura data a ore 6. Fondello a vite in vetro zaffiro. Cinturino in alligatore nero e ardiglione in oro bianco 18 carati, tutto Patek Philippe In condizioni ottime, corredato da garanzia dorigine Patek Philippe e da un anno di garanzia Watch Center sul funzionamento. Spedizioni in tutto il mondo con corriere assicurato Fedex in 24/48 ore.",Watch Center,True
"Patek Philippe Vintage Chronograph Ref. 130 18kt YG, Breguet Numerals, Retailed by Yard, from 1946",Patek Philippe,110000,https://watchcenter.ch/prodotto/patek-philippe-vintage-chronograph-ref-130-18kt-yg-breguet-numerals-retailed-by-yard-from-1946/,https://watchcenter.ch/wp-content/uploads/2025/05/4-5.jpg,"Lanciata nel 1934, la referenza 130 è dotata di movimento Valjoux modificato al cal. 13 ed è facilmente riconoscibile per le sue anse leggermente curve e allungate e per la lunetta sottile e concava. Il modello ebbe un grande successo e rimase in produzione almeno fino al 1964. Anche se è stato prodotto per quasi 30 anni, la produzione è stata piuttosto limitata, per un totale di circa 1.500 pezzi in oro giallo, oro rosa e acciaio. Questo esemplare è una versione unica in oro giallo 18 carati, ulteriormente impreziosita da un quadrante con splendidi numeri Breguet e il nome del rivenditore “Yard” sul quadrante. Pochissimi rivenditori hanno avuto il privilegio di imprimere il proprio nome sul quadrante degli orologi Patek Philippe, rendendo il presente segnatempo ancora più esclusivo. Per quanto ne sappiamo, il presente pezzo è lunico esemplare con questa configurazione del quadrante ad essere stato immesso sul mercato! Come è normale per un orologio venduto a un rivenditore americano, “HOX” è impresso sul movimento Cal. 13CH: il codice di importazione americano per gli orologi Patek Philippe. Fibbia Patek Philippe in oro giallo 18 carati su cinturino in pelle scamosciata marrone. In condizioni originali, lossidazione dei numeri Breguet è calda e affascinante! Viene fornito con lestratto degli archivi Patek Philippe e un anno di garanzia sul meccanismo. Spedizioni in tutto il mondo con corriere assicurato Fedex in 24/48 ore.",Watch Center,True
"Rolex Vintage Datejust Ref. 1601, Stainless Steel, Glossy Gilt Black Dial, from the year 1970",Rolex,8950,https://watchcenter.ch/prodotto/rolex-vintage-datejust-ref-1601-stainless-steel-glossy-gilt-black-dial-from-the-year-1970/,https://watchcenter.ch/wp-content/uploads/2025/05/prima-1.jpg,"Rolex Datejust Ref. 1601 del 1970. Cassa in acciaio con lunetta zigrinata in oro bianco del diametro di 36mm. Meraviglioso quadrante glossy nero con scritte argento in condizioni perfette!! Bracciale Jubilee ripiegato, vetro plexiglas. Movimento meccanico a carica automatica cal.1570. In ottime condizioni, è venduto con nostra certificazione di autenticità e un anno di garanzia sul funzionamento. Spedizioni in tutto il mondo con corriere assicurato Fedex.",Watch Center,False
"Rolex GMT Master Ref. 1675, Stainless Steel, Faded Bezel, from the year 1973",Rolex,15900,https://watchcenter.ch/prodotto/rolex-gmt-master-ref-1675-stainless-steel-faded-bezel-from-the-year-1973/,https://watchcenter.ch/wp-content/uploads/2025/05/1-ufficiale-1.jpg,"Rolex GMT Master Ref. 1675 prodotto nel 1973. Cassa in acciaio da 40mm e loriginale bracciale Jubilee ripiegato con terminali 55 in ottime condizioni. Quadrante matte Mark 2 e la tipica ghiera blu e rossa, ormai sbiadita con il passare degli anni che ha acquisito una sfumatura rosata delicata e particolare. Movimento automatico calibro 1570. Lorologio è accompagnato da un anno di garanzia di negozio sul funzionamento. Spedizioni in tutto il mondo con corriere assicurato Fedex.",Watch Center,False
"Omega Speedmaster Professional Moonwatch, Ref. 145.0022, Full Set 1993",Omega,6950,https://watchcenter.ch/prodotto/omega-speedmaster-professional-moonwatch-ref-145-0022-full-set-1993/,https://watchcenter.ch/wp-content/uploads/2025/05/1-30.jpg,"Omega Speedmaster Moonwatch ref. 145.0022.10. Cassa in acciaio da 42mm con fondello inciso. Quadrante nero al trizio e ghiera nera. Bracciale acciaio Speedmaster e secondo cinturino nato verde militare Omega. Movimento meccanico a carica manuale cal 861, vetro plexiglass. In condizioni ottime, corredato da scatola e garanzia omega del 1993 ed un anno di nostra garanzia sul funzionamento. Questo orologio può essere acquistato direttamente nel nostro negozio a Lugano, in Svizzera, oppure online. Spedizioni in tutto il mondo con corriere assicurato Fedex in 24/48 ore.",Watch Center,False
"Patek Philippe Perpetual Calendar Grand Complications, 18kt White Gold, Ref. 5940G, with Extract PP",Patek Philippe,59000,https://watchcenter.ch/prodotto/patek-philippe-perpetual-calendar-grand-complications-18kt-white-gold-ref-5940g-with-extract-pp/,https://watchcenter.ch/wp-content/uploads/2025/05/1-20.jpg,CHF 77000 Tax Free,Watch Center,False
"Patek Philippe Vintage Nautilus Jumbo Stainless Steel, Ref. 3700/1 from the year 1977",Patek Philippe,115000,https://watchcenter.ch/prodotto/patek-philippe-vintage-nautilus-jumbo-stainless-steel-ref-3700-1-from-the-year-1977/,https://watchcenter.ch/wp-content/uploads/2025/05/IMG_6104.jpg,"Patek Philippe Nautilus Jumbo Ref. 3700/1 realizzato nel 1977. Cassa acciaio 40 mm con integrato bracciale Nautilus acciaio con fibbia deployante. Movimento meccanico a carica automatica cal.28-255 C con secondi centrali. Quadrante Sigma antracite con datario a ore 3. In condizioni eccezionali, corredato di Estratto degli Archivi Patek Philippe e service 2024 in un laboratorio autorizzato Patek Philippe. Spedizioni in tutto il mondo con corriere assicurato Fedex in 24/48 ore.",Watch Center,False
"Omega Vintage Chronograph 18k Rose Gold, Cal. 320, Made in the year 1960",Omega,7900,https://watchcenter.ch/prodotto/omega-vintage-chronograph-18k-rose-gold-cal-320-made-in-the-year-1960-2/,https://watchcenter.ch/wp-content/uploads/2025/05/1-29.jpg,"Omega Vintage Chrono in oro rosa 18kt realizzato nel 1960. Movimento meccanico a carica manuale con il rinomato calibro 320! Meraviglioso quadrante silver tapisserie con applicati indici in oro, due contatori per piccoli secondi, minuti cronografici. Cassa tonda 34mm, pulsanti del cronografo rettangolari, fondello a scatto. Cinturino in pelle nera con ardiglione Omega placcato oro. In condizioni eccezionali e viene venduto accompagnato da un anno di garanzia di negozio sul meccanismo. Spedizioni in tutto il mondo con corriere assicurato Fedex in 24/48 ore.",Watch Center,True
"Rolex Vintage Day-Date Ref. 1803 18kt Yellow Gold, from the year 1975",Rolex,10900,https://watchcenter.ch/prodotto/rolex-vintage-day-date-ref-1803-18kt-yellow-gold-from-the-year-1975/,https://watchcenter.ch/wp-content/uploads/2025/05/6-1.jpg,"Rolex Day Date Ref. 1803 realizzato nellanno 1975. Cassa in oro giallo 18kt con lunetta zigrinata in condizioni perfette. Quadrante argenté con indici sottili in oro giallo. Movimento meccanico a carica automatica. Cinturino in pelle scamosciata arancio e fibbia Rolex. In ottime condizioni, corredato da nostra certificazione di autenticità e un anno di garanzia di negozio sul funzionamento. Spedizioni in tutto il mondo con corriere assicurato Fedex in 24/48 ore.",Watch Center,False
"Rolex Vintage Day-Date Ref. 1803 18kt Yellow Gold, Lemon “Wide Boy” Dial, from the year 1970",Rolex,8900,https://watchcenter.ch/prodotto/rolex-vintage-day-date-ref-1803-18kt-yellow-gold-lemon-wide-boy-dial-from-the-year-1970/,https://watchcenter.ch/wp-content/uploads/2025/05/3-23.jpg,"Rolex Day Date Ref. 1803 realizzato nellanno 1970. Cassa in oro giallo 18kt con lunetta zigrinata in condizioni perfette. Quadrante lemon con indici e lancette Wide Boy. Movimento meccanico a carica automatica. Cinturino in alligatore marrone e fibbia Rolex. In ottime condizioni, corredato da nostra certificazione di autenticità e un anno di garanzia di negozio sul funzionamento. Spedizioni in tutto il mondo con corriere assicurato Fedex in 24/48 ore.",Watch Center,True
"Rolex Submariner Date Steel and 18kt Gold, Ref. 16613, Purple Dial, from the year 1990",Rolex,10900,https://watchcenter.ch/prodotto/rolex-submariner-date-steel-and-18kt-gold-ref-16613-purple-dial-from-the-year-1990/,https://watchcenter.ch/wp-content/uploads/2025/05/3-20.jpg,"Rolex Submariner acciaio e oro, ref. 16613 del 1990. Cassa in acciaio da 40mm con ghiera girevole e corona di carica in oro 18kt. Quadrante blu virato ad un bellissimo viola intenso . La ghiera unidirezionale ha inserto blu. Vetro zaffiro. Movimento meccanico a carica automatica, secondi al centro. Bracciale Oyster acciaio e oro con chiusura deployante in acciaio. In condizioni ottime e corredato da nostra certificazione di autenticità a un anno di nostra garanzia sul funzionamento. Spedizioni in tutto il mondo con corriere assicurato Fedex in 24/48 ore.",Watch Center,False
"Rolex Daytona Zenith Steel and Gold Ref. 16523, Champagne Dial, from the year 1990",Rolex,15500,https://watchcenter.ch/prodotto/rolex-daytona-zenith-steel-and-gold-ref-16523-champagne-dial-from-the-year-1990/,https://watchcenter.ch/wp-content/uploads/2025/05/Senza-titolo-34-1.jpg,"Il Cosmograph Daytona ref. 16523 è la versione in acciaio e oro del primo cronografo automatico realizzato da Rolex, che sostituisce i modelli a carica manuale a partire dal 1988 e rimane in produzione fino al 2000. Cassa oyster acciaio diametro 40 mm L856XXX del 1990, lunetta fissa, corona e pulsanti in oro. Movimento meccanico a carica automatica Zenith El Primero calibro 4030, bracciale oyster acciaio e oro con chiusura deployante. Questo pezzo monta quadrante champagne con 6 rovesciato. Lorologio è in ottime condizioni, completo nostra certificazione di autenticità e da un anno di nostra garanzia sul funzionamento. Spedizioni in tutto il mondo con corriere assicurato Fedex in 24/48 ore.",Watch Center,True
"Patek Philippe World Time 18kt White Gold, Ref. 5110G, Full Set 2001",Patek Philippe,37900,https://watchcenter.ch/prodotto/patek-philippe-world-time-18kt-white-gold-ref-5110g-full-set-2001/,https://watchcenter.ch/wp-content/uploads/2025/05/FRONTALE.jpg,"Elegante e raffinato Patek Philippe Ore del Mondo in oro bianco, Ref. 5110G. Cassa da 37 mm in oro bianco 18kt con fondello in vetro zaffiro, ghiera liscia, quadrante bianco opalino. Le funzioni includono lindicazione 24 ore e giorno/notte per i 24 fusi orari. Le lancette, nuove allepoca per Patek Philippe, si distinguono per il loro contorno a losanghe e si abbinano perfettamente agli indici interni applicati. Il centro del quadrante è caratterizzato da un bellissimo motivo a guilloché fatto a mano, ispirato alla passata maestria di Patek Philippe per gli orologi da tasca. Lora indicata alle dodici è lora locale, con le città a est sulla destra e le città a ovest sulla sinistra. Il fuso orario locale può essere facilmente modificato dal pulsante a ore 10. Quando si preme il pulsante, accadono tre cose contemporaneamente: la lancetta delle ore avanza di unora, mentre la città e i dischi delle ventiquattro ore si muovono in senso antiorario di un fuso orario. Il Patek Philippe Ref 5110 è stato realizzato dal 2000 al 2006. E stato il primo modello ore del mondo prodotto da Patek Philippe dopo la referenza 2523 e non è più in produzione. Il successore è la referenza 5130. In condizioni perfette, cinturino in alligatore blu con chiusura deployante in oro bianco. Corredato da scatola, garanzia dorigine Patek Philippe del 2001 e da un anno di nostra garanzia sul funzionamento. Questo orologio può essere acquistato direttamente nel nostro negozio a Lugano, in Svizzera, oppure online. Spedizioni in tutto il mondo con corriere assicurato Fedex in 24/48 ore.",Watch Center,True
"Rolex Day-Date 36 Ref. 18248 Bark Finish, 18kt YG, Black Diamonds Dial, from the year 1994",Rolex,21500,https://watchcenter.ch/prodotto/rolex-day-date-36-ref-18248-bark-finish-18kt-yg-black-diamonds-dial-from-the-year-1994/,https://watchcenter.ch/wp-content/uploads/2025/04/1-10.jpg,"Meraviglioso Rolex Day Date ref.18248 in oro giallo. Questa referenza è caratterizzata dalla magnifica lavorazione a corteccia, eseguita a mano, della lunetta e dalla maglia centrale del bracciale President. Questo esemplare in oro giallo, è completato da un bellissimo quadrante nero con diamanti agli indici e lancette a bastone in oro giallo. In condizioni ottime come si può notare dai punzoni e il bracciale President 8723/8 in perfetto stato! Corredato da nostra certificazione di autenticità e nostra garanzia di funzionamento per un anno. Spedizioni in tutto il mondo con corriere assicurato FedEx in 24/48 ore.",Watch Center,True
"Rolex Vintage Red Submariner, Ref. 1680, from the year 1972",Rolex,24900,https://watchcenter.ch/prodotto/rolex-vintage-red-submariner-ref-1680-from-the-year-1972/,https://watchcenter.ch/wp-content/uploads/2025/04/2-14.jpg,"Con un periodo di produzione che va dal 1967 al 1979, alla fine degli anni 60 Rolex lancia sul mercato la Referenza 1680, il primo Submariner che indica la data sul quadrante. La prima versione del Submariner data è stata realizzata in acciaio, e per i primi anni di produzione il quadrante portava la scritta Submariner in rosso. Questo esemplare in acciaio porta un bellissimo quadrante Mark IV, caratterizzato, tra le altre cose, dalla profondità espressa prima in piedi e poi in metri. Movimento meccanico a carica automatica calibro 1570 revisionato nel nostro laboratorio, secondi centrali e datario a ore 3. Bracciale Oyster 93150 con terminali 580, chiusura déployante in acciaio. Lorologio si presenta in ottime condizioni, viene venduto con nostra certificazione di autenticità e un anno di garanzia di negozio sul funzionamento. Spedizioni in tutto il mondo con corriere assicurato Fedex in 24/48 ore.",Watch Center,False
"Rolex Day-Date 18kt White Gold, Ref. 18239 Blue Vignette Dial, Full Set 1999",Rolex,32500,https://watchcenter.ch/prodotto/rolex-day-date-18kt-white-gold-ref-18239-blue-vignette-dial-full-set-1999/,https://watchcenter.ch/wp-content/uploads/2025/04/polso-fuori-1.jpg,"I quadranti degradé con diamanti, denominati vignette, sono prodotti con la stessa lacca e la stessa tecnica utilizzata per i prestigiosi quadranti monocolore stella. Gli strati di lacca sono applicati in modo tale da esaltare la profondità e la ricchezza del gradiente. Il colore al centro appare molto vivace e accattivante e diventa gradualmente più scuro verso i bordi esterni. Dopo lapplicazione di ogni strato di lacca, il quadrante viene accuratamente asciugato e lucidato per arrivare ad ottenere la finitura lucida che li contraddistingue. I quadranti a vignetta sono più comuni sui Day-Date in oro giallo, ma molto raramente si vedono sui modelli in oro bianco! Lorologio è in condizioni perfette, sia la cassa ( seriale U700xxx) che loriginale bracciale President in oro bianco ref.8385 con terminali 55b e codice chiusura U9! Il corredo originale del 1999 è assolutamente completo : scatola, contro scatola, garanzia, libretti, calendario, tag e porta garanzia. Spedizioni in tutto il mondo con corriere FedEx assicurato.",Watch Center,False
"Rolex Submariner Date, Transitional Reference 168000, Tropical Marbled Dial, from the year 1986",Rolex,11900,https://watchcenter.ch/prodotto/rolex-submariner-date-transitional-reference-168000-tropical-marbled-dial-from-the-year-1986/,https://watchcenter.ch/wp-content/uploads/2025/04/IMG_5792-1.jpg,"Rolex Submariner 168000 dellanno 1986. Seriale 9274XXX. Questa referenza tradizionale è levoluzione del modello 16800, viene prodotto con limpiego del nuovo metallo anallergico 904L che contraddistinguerà tutta la produzione successiva della referenza 16610. Il bellissimo quadrante tropical, marmorizzato e con una calda patina, rende questo orologio estremamente affascinante. Bracciale Oyster 93150 con terminali 593. Completo di nostra certificato dautenticità e nostra garanzia di funzionamento per un anno. Spedizioni in tutto il mondo con corriere FedEx assicurato in 24/48h.",Watch Center,True
"Patek Philippe Perpetual Calendar Platinum Ref. 5140P, Blue Dial, with Exctract PP",Patek Philippe,54500,https://watchcenter.ch/prodotto/patek-philippe-perpetual-calendar-platinum-ref-5140p-blue-dial-with-exctract-pp/,https://watchcenter.ch/wp-content/uploads/2025/04/sito12-1.jpg,"Il Patek Philippe referenza 5140 è stato presentato per la prima volta nel 2006, come ultimo capitolo di uneredità di grandi calendari perpetui. È il seguito delliconico 3940, con il quale è stato stabilito uno standard per tutti i calendari perpetui moderni. Con le sue dimensioni contemporanee di 37,2 mm e il profilo slanciato abbinato a un movimento a micro-rotore sottile, è contemporaneo ma raffinato. Questo esemplare in platino è in ottime condizioni, completo di estratto degli archivi Patek Philippe che ne certifica la produzione nel 2010. Il bellissimo quadrante blu soleil si abbina perfettamente al materiale nobile e al cinturino in alligatore blu con chiusura deployante PP in platino. Spedizioni in tutto il mondo con corriere assicurato Fedex in 24/48 ore.",Watch Center,True
"Omega Vintage Speedmaster Ref. 2998-3, with Original Box and Tag",Omega,39900,https://watchcenter.ch/prodotto/omega-vintage-speedmaster-ref-2998-3-with-original-box-and-tag/,https://watchcenter.ch/wp-content/uploads/2025/04/polso-verde-1.jpg,"Lo Speedmaster nasce nel 1957. Due anni dopo, nel ’59, Omega realizzò la seconda generazione della famiglia di orologi, con lo stesso movimento della precedente – il mitico calibro 321 – ma con delle modifiche evidenti : le lancette Lollipop al posto di quelle Broad Arrow e la lunetta con la scala tachimetrica in alluminio nero e non più in acciaio. Proprio di questo modello si innamorò Walter Schirra – Wally, per gli amici – pilota della US Navy che acquistò lo Speedmaster CK 2998 in una gioielleria di Houston, qualche mese prima di partire per lo Spazio come pilota titolare della missione Mercury-Atlas 8, lanciata da Cape Canaveral il 3 ottobre 1962, a bordo della capsula Sigma 7. Durante quelle 9 ore e passa di volo, aveva al polso il suo Speedmaster. Lo aveva indossato a titolo personale, con l’intenzione di utilizzarlo come back-up per l’orologio di bordo. Anche se non fu una scelta ufficiale dell’agenzia spaziale, il CK 2998 funzionò perfettamente. Divenne così, di fatto, il primo Omega nello spazio e inaugurò la serie di esemplari utilizzati – poi su protocollo Nasa – per le esplorazioni spaziali. Questo bellissimo esemplare è in particolare una referenza 2998-3, perfettamente coevo in ogni sua componente e caratterizzato da una piacevolissima e calda patina del tempo. Completo della sua scatola originale e del suo tag! Lorologio viene completato da un documento Omega che ne dimostra lesamina fatta in fabbrica nel 2024, lavori poi non effettuati per mantenere loriginalità del pezzo. Spedizioni in tutto il mondo con corriere assicurato FedEx.",Watch Center,False
"Patek Philippe Octagonal Lady Watch 18kt Gold and Diamonds, Ref. 4581, Powder Pink Dial, Service PP 2025",Patek Philippe,17900,https://watchcenter.ch/prodotto/patek-philippe-octagonal-lady-watch-18kt-gold-and-diamonds-ref-4581-powder-pink-dial-service-pp-2025/,https://watchcenter.ch/wp-content/uploads/2025/04/sito1-1.jpg,"Prezioso ed elegante Patek Philippe Lady ref.4581. Cassa ottagonale 1922 in oro giallo 18kt con ghiera in diamanti! Meraviglioso bracciale gioiello integrato in oro giallo 18kt e diamanti! Quadrante rosa cipria con 12 diamanti agli indici e lancette intrecciate in oro. Movimento meccanico a carica manuale, vetro zaffiro. In condizioni ottime, corredato da service Patek Philippe del 2025! Spedizioni in tutto il mondo con corriere assicurato Fedex in 24/48 ore.",Watch Center,True
"Rolex Daytona 18kt White Gold, Ref. 116519, Sodalite Diamonds Dial, Full Set 2003",Rolex,52900,https://watchcenter.ch/prodotto/rolex-daytona-18kt-white-gold-ref-116519-sodalite-diamonds-dial-full-set-2003/,https://watchcenter.ch/wp-content/uploads/2025/04/3-9.jpg,"Rolex Cosmograph Daytona referenza 116519. Cassa in oro bianco del diametro di 40mm, lunetta fissa con scala tachimetrica. Il raro e particolare quadrante in sodalite con diamanti ne fa un importante pezzo da collezionismo. Movimento meccanico a carica automatica cal.4130. Cinturino in alligatore blu con chiusura deployante in oro bianco. L’orologio è in condizioni eccezionali, viene venduto completo di scatola e garanzia Rolex del 2003 e un anno di nostra garanzia sul funzionamento. Spedizioni in tutto il mondo con corriere assicurato Fedex in 24/48 ore.",Watch Center,False
"Vacheron Constantin 18kt Yellow gold and Diamonds-Set Cut-Cornered Rectangular Jewel-Watch, from 2000s",Vacheron Constantin,13900,https://watchcenter.ch/prodotto/vacheron-constantin-18kt-yellow-gold-and-diamonds-set-cut-cornered-rectangular-jewel-watch-from-2000s/,https://watchcenter.ch/wp-content/uploads/2025/04/1-18.jpg,"Originalissimo orologio Vacheron Constantin da donna in oro giallo 18kt degli anni 2000. Movimento meccanico a carica manuale, quadrante satinato dorato, cassa rettangolare con angoli tagliati, lunetta con diamanti incastonati, corona di carica sul fondello fissata da due viti, anse snodate a forma di U con diamanti incastonati! Cinturino in alligatore nero con fibbia in oro giallo 18 carati, tutto Vacheron Constantin. In ottime condizioni, accompagnato da un anno di garanzia sul movimento. Spedizioni in tutto il mondo con corriere assicurato Fedex in 24/48 ore.",Watch Center,True
"Patek Philippe Vintage Oversize Calatrava 18kt White Gold, Ref. 570, Box, Service and Extract from 1964",Patek Philippe,34900,https://watchcenter.ch/prodotto/patek-philippe-vintage-oversize-calatrava-18kt-white-gold-ref-570-box-service-and-extract-from-1964/,https://watchcenter.ch/wp-content/uploads/2025/04/1-13.jpg,"Raro Patek Philippe Calatrava oversize in oro bianco 18kt referenza 570, del 1964. Introdotta nel 1938, liconica referenza 570 è sostanzialmente una versione più grande (oversize) della referenza 96, prima referenza di Calatrava di Patek Philippe lanciata nel 1932. E stata una favorita tra i collezionisti grazie alla sua grande cassa, la ghiera liscia e un vivido design modernista. La referenza 570 era disponibile principalmente in metalli preziosi: oro giallo, rosa e bianco, platino e molto più raramente in acciaio inossidabile. Questo esemplare presenta una cassa di 36mm in oro bianco 18kt con ghiera liscia. Quadrante argento, indici in oro bianco applicati. Movimento meccanico a carica manuale calibro 27 SC. Si trova in perfette condizioni ed è corredato da scatola originale, Estratto degli Archivi, Service completo Patek Philippe del 2016 e da un anno di garanzia di negozio sul funzionamento. Spedizioni in tutto il mondo con corriere assicurato Fedex in 24/48 ore.",Watch Center,True
"Cartier Tank Francaise GM 18kt White Gold and Diamonds, Self-winding, with Box",Cartier,8400,https://watchcenter.ch/prodotto/cartier-tank-francaise-gm-18kt-white-gold-and-diamonds-self-winding-with-box/,https://watchcenter.ch/wp-content/uploads/2025/04/1-20.jpg,"Cartier Tank Francaise in oro bianco 18 kt, misura grande, ref. 2366. Cassa con due file di diamanti per lato e diamante in corona. Cinturino in alligatore nero con chiusura deployante regolabile a scomparsa in oro bianco 18kt, tutto Cartier! Quadrante bianco con numeri romani neri, lancette in acciaio azzurrato, datario a ore 6. Movimento automatico, vetro zaffiro. In ottime condizioni, corredato di scatola e libretti Cartier e da un anno di nostra garanzia sul funzionamento. Spedizioni in tutto il mondo con corriere assicurato Fedex.",Watch Center,True
"Audemars Piguet Royal Oak Offshore Chronograph, Ref. 26020ST, Full Set 2010 and AP service 2025",Audemars Piguet,24900,https://watchcenter.ch/prodotto/audemars-piguet-royal-oak-offshore-chronograph-ref-26020st-full-set-2010-and-ap-service-2025/,https://watchcenter.ch/wp-content/uploads/2025/04/1-14.jpg,"Audemars Piguet Royal Oak Offshore, ref.26020ST del 2010. Cronografo automatico con data a ore 3 e piccoli secondi a ore 12. Cassa di 42 mm in acciaio con ghiera acciaio e pulsanti e corona in caucciù. Cinturino in caucciù nero con deployante a scomparsa in acciaio. In condizioni pari al nuovo, corredato di scatola e garanzia Audemars Piguet del 2010 e un service completo AP 2025! Spedizioni in tutto il mondo con corriere assicurato Fedex in 24/48 ore.",Watch Center,True
"Patek Philippe Lady Ellipse 18kt Yellow Gold, Ref.4826, Manual Winding, Blue Dial, Full Set 1993",Patek Philippe,15900,https://watchcenter.ch/prodotto/patek-philippe-lady-ellipse-18kt-yellow-gold-ref-4826-manual-winding-blue-dial-full-set-1993/,https://watchcenter.ch/wp-content/uploads/2025/04/3-14.jpg,"Delizioso Patek Philippe Lady Ellipse ref.4826. Cassa 2328 in oro giallo 18kt, iconico quadrante blu con indici in oro applicati. Bracciale gioiello integrato in oro giallo 18kt, meraviglioso! Movimento meccanico a carica manuale, vetro zaffiro. In condizioni perfette, corredato da scatola e garanzia dorigine Patek Philippe del 1993 e da un anno di garanzia di negozio sul funzionamento. Spedizioni in tutto il mondo con corriere assicurato Fedex in 24/48 ore.",Watch Center,True
Rolex Dato-Compax Jean-Claude Killy Ref. 6036 Stainless Steel from the year 1952,Rolex,173000,https://watchcenter.ch/prodotto/rolex-dato-compax-jean-claude-killy-ref-6036-stainless-steel-from-the-year-1952/,https://watchcenter.ch/wp-content/uploads/2025/04/7-1.jpg,"Tra la metà degli anni 40 e i primi anni 60 la Rolex produce i primi orologi cronografici con la tripla data, detti Dato-Compax. ll termine Dato sta a indicare la presenza del datario completo. Infatti, le due finestre alle ore dodici mostrano il giorno della settimana e quello del mese e una lancetta a freccia dedicata indica il giorno del mese. La voce Compax indica invece i compassi (contatori) presenti alle ore 3 (dei minuti) e alle 6 (delle ore) per la funzione cronografica. Sono orologi antimagnetici meccanici, a carica manuale (calibro Valjoux 72C), con una cassa di 36 mm di diametro, realizzati in poche centinaia di pezzi in oro giallo, oro rosa e in acciaio. Tra il 1951 e il 1955 viene prodotta la referenza 6036, detta anche Jean-Claude Killy perché indossato dallo sciatore leggendario oro olimpico. Lorologio ha la cassa in due parti, i pulsanti cronografici sono cilindrici e i pin di regolazione sono sporgenti e tondi. Sul perimetro esterno del quadrante sono indicati i giorni del mese in un caratteristico blu scuro (con i numeri 6 e 9 ampi e aperti) e si osserva ancora il ribaltamento dei giorni del mese dall 8 al 24. Sul perimetro interno invece cè la scala dei secondi in nero . Le lancette centrali sono a lancia e gli indici delle ore sono piramidali. Il bellissimo quadrante è stato rinfrescato a livello professionale, un lavoro di altissima qualità! Un raro bracciale Oyster rivettato elastico depoca completa lestetica di questo meraviglioso ed importante orologio da collezionismo. Accompagnato da nostra certificazione di autenticità e un anno di nostra garanzia sul funzionamento. Spedizioni in tutto il mondo con corriere assicurato FedEx in 24/48h.",Watch Center,False
Vacheron Constantin Turnograph “Thunderbird” Ref. 6782 18kt Yellow Gold from the 1960s,Vacheron Constantin,19500,https://watchcenter.ch/prodotto/vacheron-constantin-turnograph-thunderbird-ref-6782-18kt-yellow-gold-from-the-1960s/,https://watchcenter.ch/wp-content/uploads/2025/03/1-13.jpg,"Il Vacheron Constantin ref.6782, conosciuto anche come thunderbird esiste in diverse versioni, ma il suo tratto distintivo è la lunetta graduata bidirezionale che lo rende unico e diverso da tutti gli altri Vacheron Constantin. Questa referenza è stata prodotta in circa 100 pezzi tra il 1963 e il 1970. Cassa in oro da 36mm con ghiera girevole con numeri rossi e neri laccati. Quadrante argentè con indici in oro applicati, data a ore 3. Movimento meccanico a carica automatica con secondi al centro cal.1072, vetro plexiglass. In condizioni perfette, corredato da estratto degli archivi Vacheron Constantin (in arrivo) oltre ad un anno di nostra garanzia sul funzionamento. Spedizioni in tutto il mondo con corriere assicurato Fedex in 24/48 ore.",Watch Center,False
"Patek Philippe Vintage Calatrava 18kt Yellow Gold, Ref. 3416, from 1962",Patek Philippe,10500,https://watchcenter.ch/prodotto/patek-philippe-vintage-calatrava-18kt-yellow-gold-ref-3416-from-1962/,https://watchcenter.ch/wp-content/uploads/2025/03/1-18.jpg,"Da quando loriginale Calatrava ref. 96 è stato lanciato negli anni Trenta, Patek Philippe ha realizzato molte varianti. Le caratteristiche che definiscono un Calatrava sono la funzione solo tempo e la forma circolare, proprio come lesempio che abbiamo qui: un bellissimo e pulito Calatrava ref. 3416 in oro giallo 18kt del 1962! Cassa di 33 mm con fondello a scatto. Quadrante silver con indici in oro giallo applicati, plexiglass. Movimento a carica manuale cal 23-300. Cinturino in alligatore nero con ardiglione in oro giallo 18kt PP. In ottime condizioni, revisionato in Patek nel 2024 e non più indossato, viene fornito inoltre con estratto di archivio Patek Philippe. Spedizioni in tutto il mondo con corriere assicurato Fedex in 24/48 ore.",Watch Center,True
"Rolex Vintage Turn-O-Graph, Ref. 6202, Golden Graphic, from the year 1953",Rolex,27900,https://watchcenter.ch/prodotto/rolex-vintage-turn-o-graph-ref-6202-golden-graphic-from-the-year-1953/,https://watchcenter.ch/wp-content/uploads/2025/03/2-14.jpg,Il Rolex Turn-o-graph Ref. 6202 è da considerarsi il primo vero sportivo di casa Rolex! In produzione dal 1953 al 1956 anticipa infatti i primi modelli Submariner e GMT Master. La cassa Oyster che garantiva limpermeabilità viene per la prima volta dotata di una ghiera girevole utile per misurare quegli intervalli di tempo che non richiedono laccuratezza di un cronografo. Il meraviglioso quadrante si distingue per la grafica dorata con minuterie chiusa e presenta un invecchiamento omogeneo ed estremamente piacevole! Il movimento a carica automatica è dotato del calibro A.296. Il bracciale Oyster rivettato completa questo bellissimo esemplare. Lorologio viene accompagnato da nostra certificazione di autenticità e un anno di nostra garanzia sul funzionamento. Spedizioni in tutto il mondo con corriere FedEx assicurato.,Watch Center,False
"Patek Philippe Lady Nautilus Stainless Steel Ref. 4700, Service PP 2025",Patek Philippe,19800,https://watchcenter.ch/prodotto/patek-philippe-lady-nautilus-stainless-steel-ref-4700-service-pp-2025/,https://watchcenter.ch/wp-content/uploads/2025/03/1-10.jpg,"Bellissimo Patek Philippe Nautilus da donna ref. 4700/1A, orologio senza tempo per ogni giorno. Cassa in acciaio con bracciale Nautilus integrato. Quadrante tappezzeria antracite con datario a ore 3, lancette luminose, indici a bastone in oro bianco e minuteria esterna. Vetro zaffiro, movimento al quarzo calibro E19C. In ottime condizioni, corredato da scatola e service completo Patek Philippe 2025! Questo orologio può essere acquistato direttamente nel nostro negozio a Lugano, in Svizzera, oppure online Spedizioni in tutto il mondo con corriere assicurato Fedex in 24/48 ore.",Watch Center,True
"Rolex Vintage Oyster Perpetual Ref. 1005, 18kt Rose Gold, from 1960",Rolex,7200,https://watchcenter.ch/prodotto/rolex-vintage-oyster-perpetual-ref-1005-18kt-rose-gold-from-1960/,https://watchcenter.ch/wp-content/uploads/2025/03/3-18.jpg,"Bellissimo Rolex Oyster Perpetual referenza 1005 in oro rosa del 1960. Cassa di 34 mm in oro rosa 18kt con fondello a vite. Lorologio monta un quadrante argenté in condizioni perfette con indici applicati in oro rosa. Movimento automatico, secondi centrali, plexiglass. Cinturino in coccodrillo marrone con chiusura ardiglione. In ottime condizioni, corredato da un anno di garanzia di negozio sul funzionamento. Spedizioni in tutto il mondo con corriere assicurato Fedex in 24/48 ore.",Watch Center,True
"Eberhard & Co. Monopusher Chronograph, Made in the 1928",Eberhard,7500,https://watchcenter.ch/prodotto/eberhard-co-monopusher-chronograph-made-in-the-1928/,https://watchcenter.ch/wp-content/uploads/2025/03/1-21.jpg,"Eberhard crono monopulsante del 1928, cassa in oro giallo 18 k. Quadrante argento con numeri arabi neri, movimento a carica manuale, cinturino di pelle. Modello molto raro, in ottime condizioni. Spedizioni in tutto il mondo con corriere assicurato Fedex in 24/48 ore.",Watch Center,False
"Patek Philippe Calatrava 18kt White Gold, Self-Winding, Ref. 3802, Full Set 1993",Patek Philippe,15900,https://watchcenter.ch/prodotto/patek-philippe-calatrava-18kt-white-gold-self-winding-ref-3802-full-set-1993/,https://watchcenter.ch/wp-content/uploads/2025/03/2-15.jpg,"Elegante Patek Philippe Calatrava, ref. 3802 degli anni 90. Cassa da 33mm in oro bianco 18kt e cinturino in coccodrillo nero con chiusura ad ardiglione PP oro bianco 18kt. Quadrante bianco in porcellana con numeri romani neri, vetro zaffiro. Ghiera con lavorazione clou de Paris. Movimento meccanico a carica automatica cal. 315 SC. In perfette condizioni, completo di scatola e garanzia Patek Philippe del 1993 e un anno di nostra garanzia sul funzionamento. Spedizioni in tutto il mondo con corriere assicurato Fedex in 24/48 ore.",Watch Center,False
"Heuer Chrono Vintage, 18kt Yellow Gold, Black Dial",Heuer,7900,https://watchcenter.ch/prodotto/heuer-chrono-vintage-18kt-yellow-gold-black-dial/,https://watchcenter.ch/wp-content/uploads/2025/03/2-5.jpg,"Heuer Chrono Vintage in oro giallo 18kt. Cassa in oro giallo diametro 35mm, quadrante nero con due contatori, piccoli secondi a ore 9, minuti cronografici a ore 3, lancette e numeri in oro giallo. Il quadrante è rinfrescato professionalmente. Vetro plexiglass, cinturino in alligatore nero. Lorologio è in buone condizioni, viene venduto con un anno di garanzia di negozio sul funzionamento. Spedizioni in tutto il mondo con corriere assicurato Fedex in 24/48 ore.",Watch Center,False
"Rolex Pre-Daytona Ref. 6234, Stainless Steel, Radium Dial, from the year 1956",Rolex,69000,https://watchcenter.ch/prodotto/rolex-pre-daytona-ref-6234-stainless-steel-radium-dial-from-the-year-1956/,https://watchcenter.ch/wp-content/uploads/2025/03/IMG_4762-1.jpg,"La produzione totale del Rolex Ref. 6234 nei 6 anni di presenza nei cataloghi, dal 1955 al 1961, è di circa 2300 pezzi in acciaio, 100 in oro 14kt e circa 40 in oro 18kt. Il movimento è il calibro 72 a carica manuale. Fondello con chiusura a vite, quadrante con indici applicati e lancette luminose. Dispone anche di una scala tachimetrica sullanello esterno e una scala telemetrica per le distanze sullanello interno. Essendo considerato il Nonno del Rolex Daytona, è particolare e caratteristica la sua resistenza magnetica, che aiuta a mantenere la massima precisione del segnatempo, cosa non presente in nessun altra referenza della famiglia. Questo bellissimo esemplare si trova in una stato di conservazione incredibile, il quadrante risulta addirittura ancora positivo al radio! Corredato di nostro certificato di autenticità di tutte le componenti e un anno di garanzia di negozio sul funzionamento. Spedizioni in tutto il mondo con corriere assicurato Fedex in 24/48 ore.",Watch Center,False
"Rolex Vintage Oversize, 18kt Yellow Gold, Ref. 4119, from the 1940s",Rolex,7900,https://watchcenter.ch/prodotto/rolex-vintage-oversize-18kt-yellow-gold-ref-4119-from-the-1940s/,https://watchcenter.ch/wp-content/uploads/2025/03/n2.webp,"Bellissimo Rolex vintage Oversize, ref. 4119, risalente agli anni 40. Cassa di 37,5mm in oro giallo 18kt con fondello a scatto. Quadrante avorio con numeri arabi applicati in oro rosa, come le lancette e piccoli secondi a ore 6. Movimento meccanico a carica manuale, plexiglass. Cinturino in pelle marrone con chiusura ardiglione Rolex. In ottime condizioni, corredato da un anno di garanzia di negozio sul funzionamento. Spedizioni in tutto il mondo con corriere assicurato Fedex in 24/48 ore.",Watch Center,False
"Eberhard & Co. Extra Fort Chronograph Oversize Ref. 1603, 18kt Rose Gold, from 50s",Eberhard,7900,https://watchcenter.ch/prodotto/eberhard-co-extra-fort-chronograph-oversize-ref-1603-18kt-rose-gold-from-50s/,https://watchcenter.ch/wp-content/uploads/2025/02/1-30.jpg,"Bellissimo Eberhard cronografo Extra Fort degli anni 50. Cassa in oro rosa 18kt da 39mm con fondello a scatto e lunetta liscia. Quadrante silver in condizioni eccezionali con indici e numeri arabi applicati in oro rosa. Movimento a carica manuale, cinturino di pelle e vetro plexiglass. Referenza 1603 dalle dimensioni generose, in ottime condizioni e corredato da scatola Eberhard e un anno di garanzia di negozio sul funzionamento. Spedizioni in tutto il mondo con corriere assicurato Fedex in 24/48 ore.",Watch Center,False
"Cartier La Dona De Cartier 18k Rose Gold with Diamonds, Full Set 2002",Cartier,7950,https://watchcenter.ch/prodotto/cartier-la-dona-de-cartier-18k-rose-gold-with-diamonds-full-set-2002/,https://watchcenter.ch/wp-content/uploads/2025/02/1-29.jpg,"Cartier La Dona De Cartier, Ref. 2896. Raffinato ed inusuale orologio da donna in oro rosa 18Kt e diamanti. Cassa curva trapezoidale, lunetta con 62 diamanti bianchi rotondi, corona con un diamante bianco sfaccettato ed invertito, vetro zaffiro. Quadrante argentè con numeri romani radiali, firma segreta a ore 7. Lancette in acciaio azzurrate, fondello avvitato. Cinturino in alligatore bordeaux con chiusura deployante in oro rosa 18kt. In condizioni perfette, questorologio è accompagnato da scatola e garanzia Cartier del 2002 e da un anno di nostra garanzia sul funzionamento. Quest orologio può essere acquistato direttamente nel nostro negozio a Lugano, in Svizzera, oppure online. Spedizioni in tutto il mondo con corriere assicurato Fedex in 24/48 ore.",Watch Center,True
"Rolex Day-Date 36 Ref. 18038, Rare Oman Khanjar Dial, Full Set 1981",Rolex,48500,https://watchcenter.ch/prodotto/rolex-day-date-36-ref-18038-rare-oman-khanjar-dial-full-set-1981/,https://watchcenter.ch/wp-content/uploads/2025/02/8-1.jpg,"Rolex Oyster Perpetual Day-Date Ref. 18038 del 1981. Cassa oro giallo 18k di 36 mm con fondello e corona avvitati. Movimento meccanico a carica automatica calibro 3055. Il bellissimo quadrante personalizzato con il Khanjar, simbolo nazionale dellOman, rende questorologio un raro pezzo da collezione. Questo simbolo fu introdotto dal defunto sultano Qaboos bin Said Al Said sulla bandiera del nuovo paese nel 1970. Il sultano usava regalare orologi personalizzati, un modo per manifestare la sua generosità e diffondere la sua influenza. Data e giorno in arabo completano la sua speciale provenienza. Lunetta zigrinata, vetro zaffiro e bracciale President in oro giallo 18kt. In ottime condizioni, viene venduto corredato da scatola e garanzia dorigine Rolex del 1981 e un service in Rolex 02/2025. Questo orologio può essere acquistato direttamente nel nostro negozio a Lugano, in Svizzera, oppure online. Spedizioni in tutto il mondo con corriere assicurato Fedex in 24/48 ore.",Watch Center,False
"Rolex Rolex Day-Date, Ref. 18238, 18kt YG, Onyx Dial, Full Set 1994",Rolex,48500,https://watchcenter.ch/prodotto/rolex-rolex-day-date-ref-18238-18kt-yg-onyx-dial-full-set-1994/,https://watchcenter.ch/wp-content/uploads/2025/02/2-29.jpg,"Rolex Oyster Perpetual Day-Date Ref. 18238 del 1994. Cassa oro giallo 18kt di 36 mm con fondello e corona avviatati. Movimento meccanico a carica automatica calibro 3155. Bellissimo e raro quadrante in onice dellepoca con aperture per lindicazione del giorno a ore 12 e per la data a ore 3, firmato T Swiss T alle ore 6. Lunetta zigrinata, vetro zaffiro e bracciale President in oro giallo 18kt. In ottime condizioni, viene venduto corredato da scatola e garanzia dorigine Rolex del 1994 e un anno di nostra garanzia sul funzionamento. Questo orologio può essere acquistato direttamente nel nostro negozio a Lugano, in Svizzera, oppure online. Spedizioni in tutto il mondo con corriere assicurato Fedex in 24/48 ore.",Watch Center,True
"Ulysse Nardin Vintage Chronograph Stainless Steel, Triple Calendar",Other,8500,https://watchcenter.ch/prodotto/ulysse-nardin-vintage-chronograph-stainless-steel-triple-calendar/,https://watchcenter.ch/wp-content/uploads/2025/02/2-26.jpg,"Bellissimo Ulysse Nardin Chronografo Triplo Calendario degli anni 50. Cassa in acciaio da 36 mm con fondello a vite. Quadrante argentè con datario panoramico in blu, giorno e mese sotto ore 12. Movimento meccanico manuale, lancette dei secondi cronografici rossa, vetro plexiglass. In ottime condizioni, corredato da un anno di garanzia di negozio sul funzionamento. Accettiamo tutte le carte di credito e bonifici bancari. Spedizioni in tutto il mondo con corriere assicurato Fedex in 24/48 ore.",Watch Center,False
"Rolex Vintage Square Chronograph 18kt Rose Gold, Ref. 3529, from year 1939",Rolex,39500,https://watchcenter.ch/prodotto/rolex-vintage-square-chronograph-18kt-rose-gold-ref-3529-from-year-1939/,https://watchcenter.ch/wp-content/uploads/2025/02/4-10.jpg,"Prodotta solo dal 1939 al 1942 circa, la referenza 3529 è stato in quell’epoca il più piccolo cronografo mai realizzato! Secondo le nostre ricerche ne furono prodotti meno di 70 esemplari, rendendo questo modello un’assoluta rarità! Le casse, realizzate principalmente in oro giallo o acciaio, vennero proposte anche in oro rosa, ma in quantità ancora più ridotte ecco perchè l’orologio proposto esprime una delle configurazioni più ricercate dai collezionisti, con cassa in oro rosa e quadrante argenté! Il bellissimo e originale quadrante bitonale è piacevolmente patinato e la cassa si può definire intonsa! Cinturino in alligatore e fibbia 18kt, tutto Rolex. Completo della nostra certificazione di autenticità e garanzia di funzionamento per un anno. Spedizioni in tutto il mondo con corriere FedEx assicurato.",Watch Center,False
"Rolex Extremely Rare “Gabus” 18kt Yellow Gold, Ref. 8206, “BASE 1 MILE” Dial",Rolex,110000,https://watchcenter.ch/prodotto/rolex-extremely-rare-gabus-18kt-yellow-gold-ref-8206-base-1-mile-dial/,https://watchcenter.ch/wp-content/uploads/2025/02/nuova-1.jpg,"Rarissimo esemplare di Rolex ref. 8206! Questa misteriosa (e inusuale per Rolex) referenza è stata verosimilmente prodotta tra il 1949 e il 1952 in 37pezzi in oro giallo e 37 pezzi in oro rosa. Il soprannome Gabus pare essere riconducibile ai due fratelli Gabus, proprietari dal 1940 della fabbrica Gabus Frerès SA a cui Rolex si affidava per la creazione della casse di questa referenza. Ma cè un ulteriore caratteristica che rende ancora più raro questo meraviglioso orologio! Solo 11 altri esemplari di Rolex Ref.8206 sono apparsi pubblicamente in asta dal 1992 ad oggi; di questi, solo 3 presentano una designazione del tachimetro BASE 1 MILE corrispondente al lotto qui offerto, mentre i restanti utilizzano BASE 1000! La cassa Carré-Galbé con anse scanalate, il movimento Valjoux 69, gli indici a triangolo e le lancette Alfa sono le inconfondibile caratteristiche di questa speciale referenza! Scatola originale Rolex e ardiglione Rolex in oro 18kt! Spedizioni in tutto il mondo con corriere FedEx assicurato.",Watch Center,False
"Audemars Piguet Perpetual Calendar Ref. 25717PT, Platinum Limited Edition of 70 pcs, Full Set 1991",Audemars Piguet,37900,https://watchcenter.ch/prodotto/audemars-piguet-perpetual-calendar-ref-25717pt-platinum-limited-edition-of-70-pcs-full-set-1991/,https://watchcenter.ch/wp-content/uploads/2025/02/4ap-1.jpg,"La referenza 25717PT è una versione limitata prodotta per celebrare il 700° anniversario della Confederazione svizzera nel 1991, come indicato dallincisione commemorativa sul fondello. E realizzato con una cassa in platino 950 e misura 33 mm. La cassa presenta una raffinata lunetta a gradini ed eleganti anse a goccia. Lincisione sul fondello indica che questo orologio è il numero 1X di 70 esemplari. Il nitido quadrante bianco presenta tre sottoregistri incassati che indicano il giorno, il mese e la data, mentre unapertura a ore 6 indica le fasi lunari. La classica disposizione del quadrante è accentuata da sottili indici a bastone, da eleganti lancette a spada azzurrate sui contatori e da unessenziale lancetta a bastone per lora. La referenza 25717PT è animata dal calibro 2003 a carica manuale, splendidamente rifinito. Nonostante Audemars Piguet abbia aggiunto al calibro di base il proprio modulo per il calendario perpetuo 2805 QP, il movimento riesce a mantenere un profilo incredibilmente sottile di soli 3,19 mm. Lorologio è pari al nuovo, viene fornito con il suo cinturino originale in alligatore nero e fibbia in platino AP, oltre ad un cinturino artigianale in struzzo grigio. Completo di scatola, garanzia e certificato di serie limitata di Audemars Piguet oltre che ha un anno di nostra garanzia di funzionamento. Spedizioni in tutto il mondo con corriere FedEx assicurato.",Watch Center,True
"Rolex Datejust 31mm 18kt Yellow Gold, Ref. 178278, Mother of Pearl Diamonds Dial, Full Set 2013",Rolex,24900,https://watchcenter.ch/prodotto/rolex-datejust-31mm-18kt-yellow-gold-ref-178278-mother-of-pearl-diamonds-dial-full-set-2013/,https://watchcenter.ch/wp-content/uploads/2025/02/1-11.jpg,"Bellissimo Rolex Datejust 31mm, ref. 178278. Cassa 31 mm in oro giallo 18kt con lunetta zigrinata, fondello e corona entrambi a vite, vetro zaffiro. Bracciale integrato President in oro giallo 18kt. Bellissimo quadrante madreperla con diamanti. Mai indossato, completo di scatola e garanzia Rolex del 2013 e da un anno di nostra garanzia sul funzionamento. Questo orologio può essere acquistato direttamente nel nostro negozio a Lugano, in Svizzera, oppure online. Spedizioni in tutto il mondo con corriere assicurato Fedex in 24/48 ore.",Watch Center,True
"Rolex Extremely Rare 18K Rose Gold “Ovettone” Ref. 6085, with Peacock Cloisonné Enamel Dial",Rolex,70000,https://watchcenter.ch/prodotto/rolex-extremely-rare-18k-rose-gold-ovettone-ref-6085-with-peacock-cloisonne-enamel-dial/,https://watchcenter.ch/wp-content/uploads/2025/02/1-10.jpg,"Questo Rolex ovettone ref. 6085 in oro rosa con ghiera godronata è stato prodotto nel 1950 ed è in condizioni originali, la corona super oyster la completa splendidamente. Tuttavia a rendere a dir poco unico questo orologio è lincredibile quadrante in smalto blu cloisonné raffigurante un pavone che fa la ruota! La lavorazione estremamente complessa e costosa di queste opere darte ha fatto si che fossero prodotti in quantità minime, e poterne vedere un esemplare in queste ottime condizioni è assolutamente uneccezione! La singolare certificazione del 1988 che lo accompagna, firmata da niente meno che André-Jean Heiniger, direttore generale Rolex per 50 anni dal 1948 al 1998, porta questo esemplare ad un livello tale da renderlo un pezzo unico! Lorologio è accompagnato anche da scatola Rolex e un expertise di Ravagnani, riconosciuto esperto Rolex, e da nostra garanzia di funzionamento per un anno. Spedizioni in tutto il mondo con corriere assicurato FedEx.",Watch Center,False
"Rolex Day-Date 36 18kt WG, Ref. 128239, Diamonds President and Blue Ombré Dial, Full Set 2022",Rolex,79500,https://watchcenter.ch/prodotto/rolex-day-date-36-18kt-wg-ref-128239-diamonds-president-and-blue-ombre-dial-full-set-2022/,https://watchcenter.ch/wp-content/uploads/2025/02/1-21.jpg,"Un vero gioiello questo Rolex Day Date!! Cassa 36 mm in oro bianco con ghiera zigrinata, ref. 128239. Meraviglioso quadrante blu ombré con 8 diamanti taglio brillante e 2 taglio baguette a ore 6 e a ore 9. Giorno della settimana a ore 12 e datario a ore 3. Movimento meccanico a carica automatica, secondi centrali, vetro zaffiro. A fare la differenza è il prestigioso bracciale President con maglia centrale in pavé di diamanti!! In condizioni pari al nuovo, corredato da scatola e garanzia Rolex del 2022! Spedizioni in tutto il mondo con corriere assicurato Fedex in 24/48 ore.",Watch Center,False
"Patek Philippe World Time, 18kt Rose Gold, Ref. 5130R",Patek Philippe,29500,https://watchcenter.ch/prodotto/patek-philippe-world-time-18kt-rose-gold-ref-5130r/,https://watchcenter.ch/wp-content/uploads/2025/02/1-24.jpg,"Elegante e raffinato Patek Philippe Ore del Mondo in oro rosa, ref. 5130R. Cassa da 39.5 mm in oro rosa con fondello in vetro zaffiro, ghiera liscia. Quadrante silver con centro taupe, indicazione del giorno e della notte e delle ore del mondo. Movimento meccanico a carica automatica calibro 240 HU. Cinturino in coccodrillo tortora con chiusura deployante in oro rosa. In condizioni ottime, corredato da estratto degli archivi Patek Philippe e da un anno di nostra garanzia sul funzionamento. Spedizioni in tutto il mondo con corriere assicurato Fedex in 24/48 ore.",Watch Center,True
"Audemars Piguet Star Wheel, 18kt Yellow Gold, Ref. 25720BA",Audemars Piguet,29500,https://watchcenter.ch/prodotto/audemars-piguet-star-wheel-18kt-yellow-gold-ref-25720ba/,https://watchcenter.ch/wp-content/uploads/2025/02/1-23.jpg,"Audemars Piguet Starwheel Ref. 25720BA. Inventate nel XVII secolo, le ore “erranti” sono un tipo di complicazione orologiera che visualizza le ore utilizzando un sistema di satelliti che gravitano lungo una scala dei minuti disposta a forma di arco. Dopo essere caduto in disuso nel corso del XX secolo, il sistema è stato riscoperto e reintrodotto da Audemars Piguet nel 1991 ed ha caratterizzato la collezione Starwheel fino ai primi anni 2000. La cassa a gradini in oro giallo 18kt misura 36 mm con anse corte e ritorte. Mentre la maggior parte del quadrante è occupata dai tre dischi in zaffiro e dalla minuteria bianca, il resto del quadrante è realizzato in oro giallo con una bella lavorazione fatta a mano sullo spazio che circonda i dischi. La ruota centrale è rifinita anchessa a mano. Il movimento finemente lavorato è il Calibro AP 2224, lo si può ammirare attraverso il fondello in zaffiro. E caratterizzato da finiture spazzolate sui ponti, teste delle viti lucide e perlage sulla platina. Il rotore è in oro 21 carati. Cinturino in alligatore verde con fibbia in oro giallo 18kt. In perfette condizioni, corredato da un anno di garanzia di negozio sul funzionamento. Spedizioni in tutto il mondo con corriere assicurato Fedex in 24/48 ore.",Watch Center,False
"Cartier Lady Pasha 18kt Yellow Gold with Diamond Set Bezel, Full Set",Cartier,13900,https://watchcenter.ch/prodotto/cartier-lady-pasha-18kt-yellow-gold-with-diamond-set-bezel-full-set/,https://watchcenter.ch/wp-content/uploads/2025/02/1-25.jpg,"Bellissimo Cartier Pasha lady in oro giallo 18kt, Ref. 2519. Cassa di 32 mm in oro giallo 18kt con fondello a vista chiuso da 8 viti, lunetta fissa in oro giallo con incastonatura di diamanti. Quadrante argentato con numeri romani in oro, datario tra ore 4 e ore 5, corona avvitata con diamante incastonato. Movimento meccanico a carica automatica, vetro zaffiro. Cinturino in alligatore bordeaux con deployante regolabile Cartier in oro giallo 18kt. In ottime condizioni, corredato da scatola e documenti originali Cartier e un anno di garanzia di negozio sul funzionamento. Questo orologio può essere acquistato direttamente nel nostro negozio a Lugano, in Svizzera, oppure online. Spedizioni in tutto il mondo con corriere assicurato Fedex in 24/48 ore.",Watch Center,False
"Rolex Stainless Steel “Bombay”, Ref. 6090, with Serpico Y Laino Guilloché dial, from the 50s",Rolex,12500,https://watchcenter.ch/prodotto/rolex-stainless-steel-bombay-ref-6090-with-serpico-y-laino-guilloche-dial-from-the-50s/,https://watchcenter.ch/wp-content/uploads/2025/02/zoom-in-1.jpg,"Tra il 1950 e il 1955 il Rolex Bombay riceve il nuovo cal. A.260, cambiando la propria referenza in 6090. Per la prima volta non è più disponibile la variante con i piccoli secondi alle sei. Viene prodotto in oro giallo e molto più esiguamente in acciaio. La particolare forma delle anse non permette il montaggio del bracciale, perciò lorologio viene fornito con un cinturino in cuoio corredato di fibbia originale Rolex. Questo bellissimo esemplare, già raro in quanto acciaio, diventa un pezzo pressoché unico con il suo meraviglioso quadrante guillochè bianco personalizzato per il concessionario Serpico Y Laino! In condizioni originali, corredato da nostra certificazione di autenticità e un anno di garanzia di negozio sul funzionamento. Spedizioni in tutto il mondo con corriere assicurato Fedex in 24/48 ore.",Watch Center,False
"Rolex Vintage Day-Date,18kt Rose Gold, Ref. 1803, Full Set 1966",Rolex,19900,https://watchcenter.ch/prodotto/rolex-vintage-day-date18kt-rose-gold-ref-1803-full-set-1966/,https://watchcenter.ch/wp-content/uploads/2025/02/3.jpg,"Questo straordinario Rolex Day-Date degli anni 60 racconta un pezzo di storia vera. E stato venduto infatti da un concessionario ufficiale della svizzera italiana e di conseguenza è dotato di calendario in italiano, così come la garanzia e il raro libretto dedicato al modello. Sul quadrante silver, in perfette condizioni, spiccano gli indici in oro rosa, detti “door-stop” per via degli indici a bastone più grandi e affusolati a ore 3, 6 e 9. Cinturino in lucertola marrone scuro con fibbia dellepoca in oro rosa 18kt! Lorologio viene fornito con il suo set completo e originale : scatola, scatola esterna, certificato di cronometria, libretti e garanzia originale dellanno 1966. Spedizione in tutto il mondo con corriere assicurato Fedex.",Watch Center,False
Rolex Day-Date 18kt White Gold – Ref. 18239 – Green Vignette Dial – Full Set 1991,Rolex,39500,https://watchcenter.ch/prodotto/rolex-day-date-18kt-white-gold-ref-18239-green-vignette-dial-full-set-1991/,https://watchcenter.ch/wp-content/uploads/2025/02/green3.jpg,"I quadranti degradé con diamanti, denominati vignette, sono prodotto con la stessa lacca e la stessa tecnica utilizzata per i prestigiosi quadranti monocolore stella. Gli strati di lacca sono applicati in modo tale da esaltare la profondità e la ricchezza del gradiente. Il colore al centro appare molto vivace e accattivante e diventa gradualmente più scuro verso i bordi esterni. Dopo lapplicazione di ogni strato di lacca, il quadrante viene accuratamente asciugato e lucidato per arrivare ad ottenere la finitura lucida che li contraddistingue. I quadranti a vignetta sono più comuni sui Day-Date in oro giallo, ma molto raramente si vedono sui modelli in oro bianco, e solitamente solo nella variante blu. Questo meraviglioso verde smeraldo rende quindi questa configurazione eccezionalmente rara! Lorologio è in condizioni perfette, sia la cassa ( seriale X436xxx) che loriginale bracciale President in oro bianco ref.8385 con terminali 55b e codice chiusura R7! Il corredo originale del 1991 è assolutamente completo : scatola, contro scatola, garanzia, libretti, calendario, tag e porta garanzia. Spedizioni in tutto il mondo con corriere FedEx assicurato.",Watch Center,True
"Patek Philippe Perpetual Calendar Chronograph Ref. 3970E, 2nd Series, with Extract PP, from 1990",Patek Philippe,149500,https://watchcenter.ch/prodotto/patek-philippe-perpetual-calendar-chronograph-ref-3970e-2nd-series-with-extract-pp-from-1990/,https://watchcenter.ch/wp-content/uploads/2025/01/6-1.jpg,"Il mitico Patek Philippe 3970 cronografo con calendario perpetuo, entra in produzione nel 1986 come successore delliconico 2499, che rimase in produzione dal 1951 al 1986. E stato prodotto in oro bianco, giallo, rosa e platino. La cassa misura 36 mm, ovvero 1,5 mm in meno rispetto a quella del 2499. La riduzione delle dimensioni è stata una mossa interessante da parte di Patek. Nel complesso, questo orologio rappresenta un momento di transizione per il marchio, in quanto si tratta di un pezzo moderno rilasciato dopo i grandi modelli dellera post-vintage come il 1518 e il 2499, che hanno entrambi raggiunto lo status di graal. Questo esemplare in oro giallo è un seconda serie (1987-1990), il look vintage è lo stesso del prima serie (lancette a foglia, indici delle ore rettangolari e un font più fine e aggraziato rispetto alle serie successive) ma, per la prima volta, presenta un fondello a vite impermeabile. Si stima una produzione di 450 esemplari complessivi per tutti i metalli! Completo di fibbia originale in oro giallo, di estratto degli archivi Patek Philippe e da nostra garanzia di funzionamento per un anno. Spedizioni in tutto il mondo con corriere assicurato Fedex in 24/48 ore.",Watch Center,True
"Patek Philippe Vintage Nautilus Jumbo Stainless Steel, Ref. 3700, Full Set 1981",Patek Philippe,195000,https://watchcenter.ch/prodotto/patek-philippe-vintage-nautilus-jumbo-stainless-steel-ref-3700-full-set-1981/,https://watchcenter.ch/wp-content/uploads/2025/01/box2.jpg,"La produzione della ref. 3700 è stata suddivisa in due serie principali: i primi esemplari (1976-1982) con ref. 3700/1, mentre gli esemplari successivi, dal 1982 al 1990, con referenza 3700/11. I primi esemplari del modello presentavano un bracciale leggermente più largo, di 16 mm. Questo bellissimo esemplare del 1981 porta il quadrante Type 7, caratterizzato da dai punti prima e dopo le sigma a ore 6, la scritta Patek Philippe Genève più alta e slanciata, le gambe della K non convergenti nello stesso punto, laccento di Genève staccato e la S di Swiss molto più arrotondata rispetto a tutti gli altri type. I quadranti Type 7 erano molto predisposti al viraggio, infatti questo esemplare tende ad bellissimo verde petrolio. Offerto in condizioni generali eccellenti, completo della rarissima scatola originale in sughero e della garanzia originale Patek Philippe del 1981! Può essere acquistato direttamente nel nostro negozio a Lugano, in Svizzera, oppure online. Spedizioni in tutto il mondo con corriere assicurato Fedex in 24/48 ore.",Watch Center,False
"Jaeger-LeCoultre Memovox Polaris II, Ref. E870 from 70s",Jaeger-LeCoultre,8500,https://watchcenter.ch/prodotto/jaeger-lecoultre-memovox-polaris-ii-ref-e870-from-70s/,https://watchcenter.ch/wp-content/uploads/2025/01/3-20.jpg,"Bellissimo Jaeger le Coultre Memovox Polaris II con funzione allarme. Progettato per i subaquei, è alimentato da calibro automatico Speedbeat di terza generazione e rappresenta perfettamente il design degli anni 70! Sono stati prodotti solo 1120 pezzi in totale in tre colori: grigio come questo esemplare, burgundy e azzurro. Cassa acciaio in tre corpi con finitura sabbiata, fondello a vite. Quadrante grigio firmato LeCoultre a ore 12, Automatic a ore 6 e con datario a ore 3. Movimento meccanico a carica automatica, cal.916. Cinturino in pelle grigio e chiusura ardiglione in acciaio. In ottime condizioni, corredato da un anno di nostra garanzia. Spedizioni in tutto il mondo con corriere assicurato Fedex in 24/48 ore.",Watch Center,False
Rolex Ref. 6062 with Star Dial “Stelline” – Triple Calendar with Moonphase from 1951,Rolex,475000,https://watchcenter.ch/prodotto/rolex-ref-6062-with-star-dial-stelline-triple-calendar-with-moonphase-from-1951/,https://watchcenter.ch/wp-content/uploads/2025/01/crono2.webp,"Bellissimo Rolex Ref. 6062 con liconico quadrante con indici a stella, dal quale prende il soprannome di “Stelline”. Questo è probabilmente il Rolex più iconico mai prodotto e, dato il suo breve periodo di produzione (1950 1953 circa), è oggi un modello estremamente raro e ricercato. Nel secondo dopo-guerra, verso la fine degli anni 40, lindustria orologera attraversò un periodo di forte crisi dettata soprattutto dalla difficoltà nellesportare le merci a cui conseguì una forta diminuzione del fatturato. Rolex decise di impiegare i migliori mastri orologiai nello sviluppo di nuove meccaniche sofisticate. Il design conosciuto dei vecchi Datejust e Bubbleback, forte della ormai collaudata cassa Oyster, abbracciò le nuove meccaniche su base cal. 655, per dare vita a un nuovo modello decisamente più sofisticato, con indicazione di un triplo calendario con fasi lunari, una novità assoluta per Rolex! Tuttavia, Rolex cessò presto la produzione di questa referenza, concentrandosi piuttosto sugli orologi-strumento (per lo più in acciaio) come lExplorer (1953), il Submariner (1953), il GMT (1955), ecc. Ci sono voluti più di 70 anni per rivedere un calendario con fasi lunari nella collezione Cellini contemporanea. Malgrado il fondello avvitato, limpermeabilità di questo modello era precaria ed è il motivo per cui molti quadranti si rovinarono con il passare degli anni. Ingenuamente molti di essi furono restaurati in tempi più moderni, impattando negativamente sulloriginalità e il valore collezionistico. Fortunatamente, lesemplare che proponiamo conserva una bellissima patina di invecchiamento non restaurata, molto omogenea e piacevole, che conferisce un vero vintage look. Anche la cassa, in oro giallo 18ct, è conservata in ottime condizioni considerata letà. Inoltre troviamo montato anche un bellissimo bracciale Rolex a maglia Jubilée originale dellepoca, che può eventualmente essere sostituito da un cinturino in pelle a piacimento. Spedizione in tutto il mondo con corriere Ferrari assicurato.",Watch Center,False
Audemars Piguet Royal Oak – Limited Edition Championship “Nick Faldo” – Tantalum – from the 90s,Audemars Piguet,17900,https://watchcenter.ch/prodotto/audemars-piguet-royal-oak-limited-edition-championship-nick-faldo-tantalum-from-the-90s/,https://watchcenter.ch/wp-content/uploads/2025/01/2-17.jpg,"Bellissimo ed estremamente raro Audemars Piguet Royal Oak Ref. 56175TT. Edizione speciale creata in omaggio alla famosa vittoria di Nick Faldo nei Masters e nei British Open del 1990. Edizione limitata a 2000 pezzi! Cassa in tantalio di 33 mm con lunetta in acciaio, bracciale Royal Oak integrato in tantalio e acciaio. Quadrante grigio con datario a ore 3, movimento al quarzo cal.2612. In ottime condizioni, viene fornito con il nostro certificato di autenticità e un anno di garanzia sul meccanismo. Spedizioni in tutto il mondo con corriere assicurato FedEx.",Watch Center,True
Cartier Panthère Lady 18kt White Gold from 90s,Cartier,16500,https://watchcenter.ch/prodotto/cartier-panthere-lady-18kt-white-gold-from-90s/,https://watchcenter.ch/wp-content/uploads/2025/01/cartier-1.jpg,"Cartier Panthere Lady in oro bianco 18kt anni 90. Quadrante bianco con numeri romani neri, lancette in acciaio blu, movimento al quarzo. Bracciale integrato in oro bianco 18kt con doppia chiusura deployante. In ottime condizioni, accompagnato da scatola, libretti Cartier e da un anno di nostra garanzia sul funzionamento. Spedizioni in tutto il mondo con corriere assicurato Fedex in 24/48 ore.",Watch Center,False
"Audemars Piguet Vintage Chronograph 18kt Yellow Gold, from the year 1943",Audemars Piguet,165000,https://watchcenter.ch/prodotto/audemars-piguet-vintage-chronograph-18kt-yellow-gold-from-the-year-1943/,https://watchcenter.ch/wp-content/uploads/2025/01/3-13.jpg,"“Raro” è una parola che difficilmente può descrivere i cronografi Audemars Piguet depoca. Infatti, tra il 1930 e il 1962 sono stati prodotti complessivamente poco più di trecento esemplari, dopodiché non saranno più realizzati orologi da polso con cronografo fino allera moderna. Una produzione così ridotta, unita alle scarse informazioni disponibili pubblicamente sullargomento, ha dato vita a un settore molto oscuro, fino alla recente pubblicazione da parte di Audemars Piguet “Audemars Piguet 20th Century Complicated Wristwatches”, che riunisce tutte le informazioni darchivio disponibili sui segnatempo complicati realizzati dalla manifattura nel secolo scorso. Lorologio in questione non ha un numero di referenza ma è descritto negli archivi Audemars Piguet come un orologio corrispondente alla foto numero 1517 “Lunette Monnaie” o lunetta a moneta. Audemars Piguet parla di 9 pezzi prodotti e documentati! Questo esemplare in oro giallo 18kt è in ottime condizioni. Cinturino in alligatore cognac e fibbia in oro giallo 18kt, tutto AP. Completato da certificato dautenticità Audemars Piguet, scatola originale e un anno di nostra garanzia sul funzionamento. Spedizioni in tutto il mondo con corriere FedEx assicurato.",Watch Center,False
"Patek Philippe Flyback Chronograph Annual Calendar, Ref. 5905/1A, Olive Green Dial, Full Set 2024",Patek Philippe,53000,https://watchcenter.ch/prodotto/patek-philippe-flyback-chronograph-annual-calendar-ref-5905-1a-olive-green-dial-full-set-2024/,https://watchcenter.ch/wp-content/uploads/2025/01/1-14.jpg,"La Ref. 5905 è disponibile per la prima volta in acciaio, combina il cronografo flyback a carica automatica con calendario annuale. Cassa di 42mm con fondo cassa in cristallo di zaffiro e corona a vite. Movimento meccanico a carica automatica, calibro CH 28-520 QA 24H. Meraviglioso quadrante verde oliva, indici applicati in oro con rivestimento luminescente. Bracciale integrato con doppia chiusura deployante. In condizioni ottime! Corredato di scatola e garanzia Patek Philippe 2024. Questo orologio può essere acquistato direttamente nel nostro negozio a Lugano, in Svizzera, oppure online. Spedizioni in tutto il mondo con corriere assicurato Fedex in 24/48 ore.",Watch Center,False
"Rolex Vintage Daytona Ref. 6265, 18kt yellow gold, with Expertise, from 1979",Rolex,159000,https://watchcenter.ch/prodotto/rolex-vintage-daytona-ref-6265-18kt-yellow-gold-with-expertise-from-1979/,https://watchcenter.ch/wp-content/uploads/2025/01/56z-1.jpg,"La referenza 6265 viene presentata da Rolex nel 1969, insieme alla referenza 6263. Vengono prodotte principalmente in acciaio, per entrambe le referenze circa 24000 pezzi nei quasi 20 anni di produzione, e solo il 10% è in oro 18kt o 14kt. Le novità rispetto alle referenze precedenti sono il calibro 727 e le casse impermeabili fino a 50 metri. Questo rarissimo esemplare in oro giallo 18kt è del 1979. Cassa in tre corpi, ghiera in oro giallo con scala tachimetrica base 200, corona a vite e pulsanti cronografici a vite. Quadrante champagne con contatori neri e lancette a bastone. Movimento meccanico manuale, cronografia con ruota a colonna, calibro 727. A completarlo il bellissimo bracciale Oyster rivettato in oro 18kt. In perfette condizioni, corredato da expertise di Valter Barocco confermante lautenticità di tutte le componenti e un anno di nostra garanzia sul funzionamento. Spedizioni in tutto il mondo con corriere assicurato Fedex in 24/48 ore.",Watch Center,False
Vacheron Constantin Vintage Collection 18kt Pink Gold from Fifties,Vacheron Constantin,8900,https://watchcenter.ch/prodotto/vacheron-constantin-vintage-collection-18kt-pink-gold-from-fifties-2/,https://watchcenter.ch/wp-content/uploads/2025/01/2-19.jpg,"Raffinato Vacheron Constantin vintage anni 50. Cassa di 35 mm in oro rosa 18 kt con particolari anse lavorate. Quadrante silver con applicati numeri in oro rosa come le lancette. Piccoli secondi a ore 6. In condizioni ottime, corredato da un anno di garanzia di negozio sul funzionamento. Spedizioni in tutto il mondo con corriere assicurato Fedex in 24/48 ore.",Watch Center,False
Vacheron Constantin Lady 18kt Yellow Gold from 90s,Vacheron Constantin,9800,https://watchcenter.ch/prodotto/vacheron-constantin-lady-18kt-yellow-gold-from-90s/,https://watchcenter.ch/wp-content/uploads/2025/01/2-18.jpg,"Vacheron Constantin Lady in oro giallo 18kt degli anni 90. Questo elegantissimo modello in oro giallo 18kt ha una fine lavorazione sia sulla cassa che sul bracciale. Quadrante oro con indici applicati e lancette in oro. Movimento meccanico a carica manuale. Bracciale integrato in oro giallo 18kt con chiusura a gioiello, un modello davvero unico. In ottime condizioni, è accompagnato da un anno di garanzia di negozio sul funzionamento. Spedizioni in tutto il mondo con corriere assicurato Fedex in 24/48 ore.",Watch Center,False
"Patek Philippe World Time, 18kt Rose Gold, Ref. 5230R, Full Set 2019",Patek Philippe,38900,https://watchcenter.ch/prodotto/patek-philippe-world-time-18kt-rose-gold-ref-5230r-full-set-2019/,https://watchcenter.ch/wp-content/uploads/2025/01/1-15.jpg,"Elegante e raffinato Patek Philippe Ore del Mondo in oro rosa, Ref. 5230R. Cassa da 38.5 mm in oro rosa 18kt con fondello in vetro zaffiro, ghiera liscia, quadrante grigio. Le funzioni includono lindicazione 24 ore e giorno/notte per i 24 fusi orari. Il centro del quadrante è caratterizzato da un bellissimo motivo a guilloché fatto a mano, ispirato alla passata maestria di Patek Philippe per gli orologi da tasca. Lora indicata alle dodici è lora locale, con le città a est sulla destra e le città a ovest sulla sinistra. Il fuso orario locale può essere facilmente modificato dal pulsante a ore 10. Quando si preme il pulsante, accadono tre cose contemporaneamente: la lancetta delle ore avanza di unora, mentre la città e i dischi delle ventiquattro ore si muovono in senso antiorario di un fuso orario. In condizioni perfette, come nuovo, corredato da scatola e garanzia dorigine Patek Philippe 2019 e da un anno di nostra garanzia sul funzionamento. Spedizioni in tutto il mondo con corriere assicurato Fedex in 24/48 ore.",Watch Center,True
"Patek Philippe Nautilus Lady Stainless Steel and 18kt Yellow Gold, Ref. 3900, Black Dial, from 1988",Patek Philippe,28500,https://watchcenter.ch/prodotto/patek-philippe-nautilus-lady-stainless-steel-and-18kt-yellow-gold-ref-3900-black-dial-from-1988/,https://watchcenter.ch/wp-content/uploads/2025/01/1-16.jpg,"Bellissimo Patek Philippe Nautilus Lady in acciaio e oro giallo, Ref. 3900 del 1988. Cassa 33 mm con bracciale acciaio oro integrato con chiusura deployante. Meraviglioso quadrante antracite con indici applicati in oro giallo. Movimento al quarzo E23 SC, vetro zaffiro. In ottime condizioni, corredato di scatola originale ed Estratto degli Archivi Patek Philippe, oltre ad un anno di nostra garanzia di negozio sul funzionamento. Spedizioni in tutto il mondo con corriere assicurato Fedex in 24/48 ore.",Watch Center,True
"Rolex Cosmograph Daytona 18kt Yellow Gold, “Paul Newman” Dial, New 2024",Rolex,48500,https://watchcenter.ch/prodotto/rolex-cosmograph-daytona-18kt-yellow-gold-paul-newman-dial-new-2024/,https://watchcenter.ch/wp-content/uploads/2024/12/1-16.jpg,"Rolex Cosmograph Daytona ref.126508 nuovo. Cassa Oyster, 40 mm, oro giallo 18kt. Carrure monoblocco, fondello e corona entrambi a vite, vetro zaffiro. Bellissimo e ricercato quadrante Paul Newman con dettagli rossi! Lunetta monoblocco in oro 18kt con scala tachimetrica incisa. Bracciale Oyster integrato con chiusura deployante in oro giallo 18kt. Il Cosmograph Daytona è dotato del nuovo calibro 4131. Nuovo, mai indossato. Completo di scatola e garanzia originale Rolex datata dicembre 2024. Spedizioni in tutto il mondo con corriere assicurato Fedex in 24/48 ore.",Watch Center,True
"Rolex Vintage Datejust Ref. 6105, Steel and Gold, from the year 1951",Rolex,8900,https://watchcenter.ch/prodotto/rolex-vintage-datejust-ref-6105-steel-and-gold-from-the-year-1951/,https://watchcenter.ch/wp-content/uploads/2024/12/2-20.jpg,"Il Rolex ref. 6105 è il primo Datejust mosso dal calibro A.296. Esteticamente molto simile ai modelli che lo hanno preceduto, era disponibile sia in oro 18kt che nella combinazione Rolesor acciaio/oro. La cassa è in due corpi, caratterizzata dalla lunetta millerighe. Il bracciale Jubilee è previsto unicamente per il modello in oro, mentre la versione acciaio/oro veniva fornita di cinturino in cuoio. Questo esemplare è in ottime condizioni, con una bellissimo quadrante patinato e datario rosso. Completato da nostra certificazione di autenticità e un anno di nostra garanzia sul funzionamento. Spedizioni in tutto il mondo con corriere assicurato FedEx in 24/48h.",Watch Center,False
"Movado Vintage Chronograph Stainless Steel, Black Dial, Cal.95, from the 50s",Movado,8900,https://watchcenter.ch/prodotto/movado-vintage-chronograph-stainless-steel-black-dial-cal-95-from-the-50s/,https://watchcenter.ch/wp-content/uploads/2024/12/1-24.jpg,"Movado cronografo prodotto negli anni 50. Cassa acciaio diametro 35 mm con fondello avvitato e tasti a pompa. Movimento meccanico a carica manuale con funzione cronografo a tre contatori, calibro 95. Meraviglioso quadrante nero professionalmente rinfrescato con numeri arabi stampati. In ottime condizioni, corredato da un anno di garanzia di negozio sul funzionamento. Spedizioni in tutto il mondo con corriere assicurato Fedex in 24/48 ore.",Watch Center,False
"Ulysse Nardin Chrono Vintage 18kt Yellow Gold, NOS, Ref. 7500, from 1946, with Certificate",Other,12900,https://watchcenter.ch/prodotto/ulysse-nardin-chrono-vintage-18kt-yellow-gold-nos-ref-7500-from-1946-with-certificate/,https://watchcenter.ch/wp-content/uploads/2024/12/2-18.jpg,"Ulysse Nardin Chrono Vintage in condizioni pari al nuovo, Ref. 7500, anni 40. Cassa in oro giallo diametro 37mm, quadrante argenté con tre contatori, piccoli secondi a ore 9, minuti cronografici a ore 3 e ore cronografiche a ore 6, lancette e numeri in oro giallo. Movimento Valjoux. Vetro plexiglass, cinturino in alligatore marrone. Lorologio è in condizioni perfette e non è mai stato lucidato. Viene venduto con un anno di garanzia di negozio sul funzionamento. Spedizioni in tutto il mondo con corriere assicurato Fedex in 24/48 ore.",Watch Center,False
"Ulysse Nardin Vintage Chronograph Cushion Shape, 18kt Yellow Gold, Black Dial, from the 20s",Other,8500,https://watchcenter.ch/prodotto/ulysse-nardin-vintage-chronograph-cushion-shape-18kt-yellow-gold-black-dial-from-the-20s/,https://watchcenter.ch/wp-content/uploads/2024/12/2-10.jpg,"Ulysse Nardin Chrono Vintage anni 20. Cassa in oro giallo forma cushion con fondello a scatto. Bellissimo quadrante nero patinato con due contatori, piccoli secondi a ore 9, minuti cronografici a ore 3. Vetro plexiglass, cinturino in pelle marrone. Lorologio è in condizioni originali. Viene venduto con un anno di garanzia di negozio sul funzionamento. Spedizioni in tutto il mondo con corriere assicurato Fedex in 24/48 ore.",Watch Center,True
"Patek Philippe Calatrava “Riccio” Ref. 1491, 18kt Rose Gold",Patek Philippe,24500,https://watchcenter.ch/prodotto/patek-philippe-calatrava-riccio-ref-1491-18kt-rose-gold/,https://watchcenter.ch/wp-content/uploads/2024/12/front-3.jpg,"Liconico Patek Philippe Calatrava Ref.1491. Il soprannome di “Riccio” si deve alla forma delle anse, che ricordano il ricciolo di una ciocca di capelli. Fra gli appassionati è invalsa l’opinione che la referenza 1491, in produzione tra il 1940 e il 1958, rappresenti uno degli orologi più attrattivi e seducenti mai realizzati da Patek Philippe. La versione in oro rosa è inoltre indiscutibilmente la più rara. Lorologio è in ottime condizioni, corredato da nostra certificazione di autenticità e da un anno di nostra garanzia sul funzionamento. Questo orologio può essere acquistato direttamente nel nostro negozio a Lugano, in Svizzera, oppure online. Spedizioni in tutto il mondo con corriere assicurato Fedex in 24/48 ore.",Watch Center,False
"Patek Philippe Golden Ellipse Lady, Ref. 4931J, 18kt YG and Diamonds Set",Patek Philippe,19800,https://watchcenter.ch/prodotto/patek-philippe-golden-ellipse-lady-ref-4931j-18kt-yg-and-diamonds-set/,https://watchcenter.ch/wp-content/uploads/2024/12/front-4.jpg,"Bellissimo Patek Philippe Golden Ellipse Lady in oro giallo 18kt. Cassa ovale con ghiera di 27 diamanti più uno in corona per un totale di 1,40CT. Fondello chiuso da 4 viti, particolari anse formate da due cerchi che si incrociano con sistema facilitato per il cinturino in coccodrillo con ardiglione in oro giallo 18kt. Quadrante in madreperla con 12 diamanti, vetro zaffiro. Movimento meccanico a carica manuale calibro 16-250. Orologio in ottime condizioni, corredato da estratto degli archivi Patek Philippe e da un anno di nostra garanzia sul funzionamento. Questo orologio può essere acquistato direttamente nel nostro negozio a Lugano, in Svizzera, oppure online. Spedizioni in tutto il mondo con corriere assicurato Fedex in 24/48 ore.",Watch Center,False
"Vacheron Constantin Vintage Collection, 18kt Pink Gold from fifties",Vacheron Constantin,13500,https://watchcenter.ch/prodotto/vacheron-constantin-vintage-collection-18kt-pink-gold-from-fifties/,https://watchcenter.ch/wp-content/uploads/2024/12/1-21.jpg,"Bellissimo Vacheron Constantin vintage anni 50. Cassa di 32 mm in oro rosa 18 kt con particolari anse lavorate. Meraviglioso quadrante argenté con applicati indici in oro rosa come le lancette. Piccoli secondi a ore 6, movimento meccanico a carica manuale. Cinturino in coccodrillo nero e fibbia in oro rosa 18kt Vacheron Constantin, vetro plexiglass. In condizioni ottime, corredato da un anno di garanzia di negozio sul funzionamento. Spedizioni in tutto il mondo con corriere assicurato Fedex in 24/48 ore.",Watch Center,True
"Gübelin Vintage Triple Calendar and Moonphase Ipsomatic, 18kt Yellow Gold, from 50s",Other,13600,https://watchcenter.ch/prodotto/gubelin-vintage-triple-calendar-and-moonphase-ipsomatic-18kt-yellow-gold-from-50s/,https://watchcenter.ch/wp-content/uploads/2024/12/3-11.jpg,"Bellissimo Gubelin Vintage triplo calendario e fasi lunari degli anni 50. Cassa in oro 18kt di 37 mm con fondello avvitato. Perfetto quadrante silver con numeri romani e indici applicati in oro, giorno e mese a ore 12, datario panoramico con lancetta dedicata e fasi lunari a ore 6. Movimento meccanico a carica automatica con secondi centrali, stesso calibro del famoso Rolex 6062! Cinturino in alligatore color petrolio con chiusura ardiglione. In condizioni eccezionali, corredato da un anno di garanzia di negozio sul funzionamento. Spedizioni in tutto il mondo con corriere assicurato Fedex in 24/48 ore.",Watch Center,False
"Omega The Museum Edition N1, 1938 Pilot’s watch, with Papers",Omega,5900,https://watchcenter.ch/prodotto/omega-the-museum-edition-n1-1938-pilots-watch-with-papers/,https://watchcenter.ch/wp-content/uploads/2024/12/1-3.jpg,"Questa prima Museum Edition è stata realizzata come una moderna riproduzione di un pezzo molto particolare degli anni Trenta, lorologio da pilota CK 2042. Loriginale è un orologio vintage da collezione molto apprezzato, che negli ultimi anni ha raggiunto cifre molto importanti nelle aste. Animato dal movimento a carica manuale Calibro 26.5 SOBT2 e caratterizzato da una cassa sovradimensionata di 40 mm con lunetta girevole, questo orologio ha una presenza sorprendente combinata con uno splendido stile art-deco. Questa è la riedizione, lorologio da pilota Museum Edition No.1 1938, referenza 5700.50.07, il primo pezzo da museo di Omega. Fedele e amorevolmente reinterpretato, questo orologio ha mantenuto le dimensioni, le misure, la lunetta e la disposizione delloriginale, con un quadrante e lancette accuratamente reimpostati. Omega ha aggiunto un eccellente e affidabile movimento automatico con classificazione cronometro al posto delloriginale, una discreta impermeabilità di 50 metri e un moderno Super-Luminova nello stesso stile del radium originale. Lorologio è in condizioni ottime! Completo della cintura-gadget, certificato di serie limitata e garanzia originale oltre ad un anno di nostra garanzia sul funzionamento. Spedizioni in tutto il mondo con corriere assicurato Fedex in 24/48 ore.",Watch Center,False
"Patek Philippe Vintage Chronograph Ref. 1463 Tasti Tondi, 18kt YG, from the year 1948",Patek Philippe,175000,https://watchcenter.ch/prodotto/patek-philippe-vintage-chronograph-ref-1463-tasti-tondi-18kt-yg-from-the-year-1948/,https://watchcenter.ch/wp-content/uploads/2024/12/2-21.jpg,"Negli anni Trenta, Patek Philippe introdusse i suoi primi orologi da polso cronografici con le referenze 130 e 530. Poco dopo, nel 1940, lillustre marchio presentò il suo primo (e unico nel XX secolo) cronografo impermeabile, la referenza 1463. La sfida di creare un cronografo impermeabile risiedeva nei pulsanti, ed è per questo che i pulsanti del 1463 differiscono da quelli del 130 e del 530. Questi pulsanti rotondi sono caratterizzati da affascinanti estremità decorative che hanno ispirato il soprannome di “tasti tondi” da parte dei collezionisti moderni. In linea con il suo design straordinariamente robusto, il Tasti Tondi ref. 1463 non solo presenta un pulsante più grande e più decorativo rispetto ai suoi predecessori, ma anche un fondello a vite, un grande passo avanti rispetto al fondello a scatto che lo ha preceduto e succeduto per quasi 60 anni nella linea di cronografi Patek Philippe. Prodotto fino al 1979 circa, il Tasti Tondi ref. 1463 è stato prodotto in meno di 750 esemplari. Questo esemplare, in oro giallo, presenta una cassa spettacolare con anse spesse e marchi profondi. Il quadrante, con indici e numeri romani, è perfetto. Cinturino in alligatore cioccolato con fibbia in oro giallo 18kt, tutto Patek Philippe. Lorologio è corredato da un estratto darchivio che riporta la produzione del 1948 e la vendita del 1949.",Watch Center,True
"Movado Vintage Chronograph 18kt Rose Gold, from 1950, Cal.95",Movado,12900,https://watchcenter.ch/prodotto/movado-vintage-chronograph-18kt-rose-gold-from-1950-cal-95/,https://watchcenter.ch/wp-content/uploads/2024/12/1-22.jpg,"Bellissimo Movado cronografo prodotto negli anni 50. Cassa in oro rosa 18kt da 35 mm con fondello avvitato e tasti a pompa. La cassa è firmata dal famoso cassista Francois Borgel (FB Vacuum). Movimento meccanico a carica manuale con funzione cronografo a tre contatori, calibro 95. Bellissimo quadrante argenté originale con numeri arabi e indici applicati. In ottime condizioni, corredato da un anno di garanzia di negozio sul funzionamento. Spedizioni in tutto il mondo con corriere assicurato Fedex in 24/48 ore.",Watch Center,False
"Patek Philippe Vintage Calatrava 18kt yellow gold, Ref. 3514 from the year 1966",Patek Philippe,14900,https://watchcenter.ch/prodotto/patek-philippe-vintage-calatrava-18kt-yellow-gold-ref-3514-from-the-year-1966/,https://watchcenter.ch/wp-content/uploads/2024/11/1-18.jpg,"Bellissimo Patek Philippe Calatrava in oro giallo 18 kt, ref.3514 del 1966. Cassa in oro giallo di 34 mm con fondo a vite. Quadrante argentè con indici applicati in oro giallo, piccoli secondi a ore 6, lancette in oro giallo, datario a ore 3. Movimento meccanico automatico con calibro 27-460, vetro plexiglass. In condizioni ottime, corredato da Estratto degli Archivi Patek Philippe e da un anno di nostra garanzia sul funzionamento. Spedizioni in tutto il mondo con corriere assicurato Fedex in 24/48 ore.",Watch Center,False
"Patek Philippe Calatrava 18kt White Gold Ref. 5107G, Full Set 2003 and Service 2024",Patek Philippe,24900,https://watchcenter.ch/prodotto/patek-philippe-calatrava-18kt-white-gold-ref-5107g-full-set-2003-and-service-2024/,https://watchcenter.ch/wp-content/uploads/2024/11/4-7.jpg,"Con le sue linee pure, il Calatrava è riconosciuto come la vera essenza dell’orologio da polso tondo e come uno dei simboli dello stile Patek Philippe. Questo esemplare è cassa in oro bianco 18k di 37mm, con fondello in vetro zaffiro, ref. 5107G. Movimento meccanico a carica automatica. Calibro 315 SC. Quadrante opalino con indici applicati in oro e secondi centrali. Cinturino in alligatore nero lucido con ardiglione in oro bianco 18kt. Lorologio è in perfette condizioni, completo di scatola e garanzia Patek Philippe del 2003 con relativo scontrino dacquisto e da un service completo Patek Philippe 11/2024! Può essere acquistato direttamente nel nostro negozio a Lugano, in Svizzera, oppure online. Spedizioni in tutto il mondo con corriere assicurato Fedex in 24/48 ore.",Watch Center,True
"Patek Philippe Vintage Date Ref. 3445, 18kt Yellow Gold, with Patek Philippe Extract",Patek Philippe,14900,https://watchcenter.ch/prodotto/patek-philippe-vintage-date-ref-3445-18kt-yellow-gold-with-patek-philippe-extract/,https://watchcenter.ch/wp-content/uploads/2024/11/prima-5.jpg,"Patek Philippe vintage date ref. 3445. Cassa tonda in oro giallo 18 kt di 35 mm con fondello a vite, quadrante argenté con applicati indici in oro giallo, piccoli secondi a ore 6 e datario a ore 3. Cinturino in coccodrillo nero con ardiglione in oro giallo 18 kt. In condizioni eccellenti, corredato da Estratto degli Archivi Patek Philippe e un anno di garanzia di negozio sul funzionamento. Spedizioni in tutto il mondo con corriere assicurato Fedex in 24/48 ore.",Watch Center,False
"TAG Heuer Monaco Calibre 12, “Exclusive Swiss Limited Edition”, Only 250 Pcs, Green Dial",Tag Heuer,11900,https://watchcenter.ch/prodotto/tag-heuer-monaco-calibre-12-exclusive-swiss-limited-edition-only-250-pcs-green-dial/,https://watchcenter.ch/wp-content/uploads/2024/11/prima-6.jpg,"Questo bellissimo e raro Tag Heuer Monaco Cronografo, ref. CAW211L, si ispira agli orologi Monaco dei primi anni 70, riproponendo loriginale cassa quadrata. Cassa di 39mm con lunetta fissa in acciaio, speciale quadrante verde dedicato a questa serie limitata e numerata di soli 250 pezzi prodotti in esclusiva per i concessionari svizzeri! Cinturino in alligatore nero con chiusura deployante. Calibro 12 a carica automatica. L’orologio è in ottime condizioni, viene venduto accompagnato da nostra certificazione di autenticità e un anno di garanzia sul funzionamento. Spedizioni in tutto il mondo con corriere assicurato Fedex in 24/48 ore.",Watch Center,True
"Zenith El Primero Platinum, UNIQUE PIECE, ref. 40.2042.4052, New and Full Set",Zenith,143000,https://watchcenter.ch/prodotto/zenith-el-primero-platinum-unique-piece-ref-40-2042-4052-new-and-full-set/,https://watchcenter.ch/wp-content/uploads/2024/11/1-23.jpg,"Unico al mondo! El Primero Striking 10th PIECE UNIQUE ref. 40.2042.4052\67, prodotto nel 2011. Cassa in platino di 42mm con fondello in vetro zaffiro e tasti della cronografia a pompa. Quadrante argento con indici geometrici applicati e finestrella della data ad ore 6. Sul perimetro del quadrante, serigrafata in rosso, troviamo la scala dei decimi di secondo e i subcontatori a contrasto cromatico con il quadrante ed indicano rispettivamente: ad ore 3 i secondi cronografici, ad ore 6 i 60 minuti, ad ore 9 i secondi continui. Al centro la lancetta rossa dei decimi di secondo. Movimento a carica automatica cal.4052. Pezzo unico realizzato in platino 950 e completo di garanzia, certificati, box e contro scatola originali! Accettiamo tutte le carte di credito e bonifici bancari. Spedizioni in tutto il mondo con corriere assicurato Fedex in 24/48 ore.",Watch Center,False
"Rolex Vintage Daytona Ref. 6240 MINT condition from 1966, with service Rolex",Rolex,105000,https://watchcenter.ch/prodotto/rolex-vintage-daytona-ref-6240-mint-condition-from-1966-with-service-rolex/,https://watchcenter.ch/wp-content/uploads/2024/11/1-15.jpg,CHF 4000 Tax Free,Watch Center,True
"Rolex Daytona Platinum Ref. 116506, Ice Blue Dial, Like New, Full Set 2022",Rolex,95000,https://watchcenter.ch/prodotto/rolex-daytona-platinum-ref-116506-ice-blue-dial-like-new-full-set-2022/,https://watchcenter.ch/wp-content/uploads/2024/11/2-16.jpg,"Liconico e ricercato Rolex Cosmograph Daytona Ref.116506 in platino! Cassa in platino del diametro di 40mm, lunetta fissa in ceramica cioccolato con scala tachimetrica. Bellissimo quadrante blu ghiaccio, colore dedicato da Rolex esclusivamente ai modelli in platino! Movimento meccanico a carica automatica calibro 4130, vetro zaffiro, pulsanti del cronografo e corona avvitati. Bracciale Oyster con chiusura deployante in platino. L’orologio è come nuovo e viene venduto completo di scatola e garanzia Rolex del 2022. Lorologio è disponibile online o nel nostro negozio a Lugano. Spedizioni in tutto il mondo con corriere assicurato Fedex in 24/48 ore.",Watch Center,True
"Breguet Classique Lady 18kt Yellow Gold, Diamonds Bezel, Manual-Winding",Breguet,7900,https://watchcenter.ch/prodotto/breguet-classique-lady-18kt-yellow-gold-diamonds-bezel-manual-winding/,https://watchcenter.ch/wp-content/uploads/2024/11/front-2.jpg,"Splendido Breguet Classique Lady con diamanti! La cassa in oro giallo 18kt è un segnatempo straordinario che unisce leleganza classica dellorologeria Breguet alla raffinatezza di un orologio da gioielleria. La cassa di 19 mm con lunetta incastonata di diamanti combina liconico design a moneta del marchio con un quadrante argentato guilloché, numeri romani e lancette Breguet azzurrate. Movimento a carica manuale e vetro zaffiro. Cinturino in pelle nera con fibbia in oro 18 carati. Viene fornito con il nostro certificato di autenticità e un anno di garanzia sul meccanismo.",Watch Center,False
"Audemars Piguet Royal Oak Offshore Chronograph, “Lady Tapisserie”, Ref. 26231OR, NEW",Audemars Piguet,74900,https://watchcenter.ch/prodotto/audemars-piguet-royal-oak-offshore-chronograph-lady-tapisserie-ref-26231or-new/,https://watchcenter.ch/wp-content/uploads/2024/11/LATERALE-1.jpg,"Bellissimo Royal Oak Cronografo Lady OffShore, ref. 26231OR del 2023. Cassa in oro rosa 18 carati di 37mm, con lunetta incastonata da 32 diamanti taglio brillante. Quadrante azzurro con motivo Lady Tapisserie, indici applicati e lancette Royal Oak in oro rosa con rivestimento luminescente. Cinturino in caucciù azzurro con fibbia ad ardiglione in oro rosa 18 carati e sistema di cinturini intercambiabili. Cinturino supplementare in caucciù beige. Movimento meccanico a carica automatica calibro 2385. Nuovo, mai indossato e accompagnato da scatola e garanzia dorigine Audemars Piguet del 2023. Spedizioni in tutto il mondo con corriere assicurato Fedex in 24/48 ore.",Watch Center,False
"Patek Philippe Nautilus Chronograph Ref. 5980/1A, Full Set 2008",Patek Philippe,91900,https://watchcenter.ch/prodotto/patek-philippe-nautilus-chronograph-ref-5980-1a-full-set-2008/,https://watchcenter.ch/wp-content/uploads/2024/11/2n-1.jpg,"Il ricercatissimo Patek Philippe Nautilus cronografo in acciaio ref. 5980/1A. La ref. 5980 è stata lanciata nel 2006, lanno in cui Patek Philippe ha celebrato il trentesimo anniversario delliconico design Nautilus. Complicazione vitale di un orologio sportivo, lorologio attuale è dotato della funzione cronografo e del famoso quadrante secondario occhio di bue. Questo design è entrato nel cuore dei collezionisti mostrando le ore nella parte interna del quadrante e i minuti sullanello esterno. Movimento meccanico a carica automatica con data calibro CH 28-520 C. Singolo contatore di 60 minuti e 12 ore. Lancetta dei secondi di scansione (lancetta del cronografo). Quadrante degradè nero-blu, indici applicati con rivestimento luminescente. Bracciale in acciaio con doppia chiusura dèployante. Lorologio è in condizioni eccellenti, è venduto accompagnato dal certificato di origine Patek Philippe del 2008, manuale, libretto e scatola. Spedizioni in tutto il mondo con corriere assicurato Fedex in 24/48 ore.",Watch Center,True
"Rolex Vintage Collection, Steel and Gold Square Case, Serpico y Laino Dial, Ref. 3535, from 1940",Rolex,12500,https://watchcenter.ch/prodotto/rolex-vintage-collection-steel-and-gold-square-case-serpico-y-laino-dial-ref-3535-from-1940/,https://watchcenter.ch/wp-content/uploads/2024/11/3-16.jpg,"Rarissimo Rolex di forma del 1940 ref.3535. Cassa quadrata di 25mm, in acciaio e oro rosa 18k. Meraviglioso quadrante nero con numeri arabi personalizzato per lo storico concessionario Serpico y Laino. Lancette in oro e in acciaio azzurrato per i secondi centrali. Movimento meccanico a carica manuale, vetro minerale. Cinturino in pelle con ardiglione in acciaio Rolex. In perfette condizioni! Corredato da un anno di garanzia di negozio sul funzionamento. Spedizioni in tutto il mondo con corriere assicurato Fedex in 24/48 ore.",Watch Center,False
"Patek Philippe In-line Perpetual Calendar Grand Complications Platinum Ref. 5236P, “Salmon Dial”, New 2024",Patek Philippe,110000,https://watchcenter.ch/prodotto/patek-philippe-in-line-perpetual-calendar-grand-complications-platinum-ref-5236p-salmon-dial-new-2024/,https://watchcenter.ch/wp-content/uploads/2024/10/quadrante-1.jpg,"Patek Philippe calendario perpetuo in linea Ref.5236P. Cassa in platino da 41.3mm con diamante a ore 6 e fondello in vetro zaffiro. Bellissimo quadrante opalino dorato in oro rosa, indici sfaccettati a bastone in oro bianco, color antracite. Modulo aggiuntivo coperto da tre brevetti, indica il giorno, la data e il mese in un’unica grande finestrella a ore 12, completata da due finestrelle rotonde per il ciclo degli anni bisestili e l’indicazione giorno/notte, oltre che da una finestrella per le fasi lunari. Movimento automatico cal. 31‑260 PS QL. Cinturino in alligatore cioccolato con chiusura deployante in platino. Lorologio è nuovo, mai indossato e completo di scatola e garanzia Patek Philippe del 2024. E acquistabile online o nella nostra boutique a Lugano. Spedizioni in tutto il mondo con corriere assicurato FedEx in 24/48h.",Watch Center,True
"Rolex GMT-Master II “Pepsi” Bezel, NOS, Full Set 2004",Rolex,17500,https://watchcenter.ch/prodotto/rolex-gmt-master-ii-pepsi-bezel-nos-full-set-2004/,https://watchcenter.ch/wp-content/uploads/2024/10/prima-6.jpg,"Il mitico Rolex GMT Master II Pepsi Ref.16710. Due fusi orari, secondi al centro, movimento automatico, lunetta girevole bidirezionale blu e rossa per il secondo fuso orario. Bracciale in acciaio maglia Oyster. Quadrante nero con indici luminosi, vetro zaffiro con apertura per la data con lente ciclope a ore 3. Questo orologio è in condizioni pari al nuovo, mai indossato e accompagnato da scatola, libretti, tag e garanzia Rolex del 2004, oltre ad un anno di garanzia Watch Center sul funzionamento. Spedizioni in tutto il mondo con corriere assicurato Fedex in 24/48 ore.",Watch Center,True
"Patek Philippe Vintage Collection Ref. 2406 18K Yellow Gold, made in 1949",Patek Philippe,16500,https://watchcenter.ch/prodotto/patek-philippe-vintage-collection-ref-2406-18k-yellow-gold-made-in-1949/,https://watchcenter.ch/wp-content/uploads/2024/10/prima-7.jpg,"Patek Philippe Ref. 2406 realizzato nel 1949. Cassa oro giallo 18ct, quadrante champagne con applicati indici oro giallo, piccolo quadrante dei secondi a ore 6, movimento meccanico a carica manuale. In ottime condizioni, corredato da Estratto degli Archivi Patek Philippe e un anno di garanzia di negozio sul funzionamento. Spedizioni in tutto il mondo con corriere assicurato Fedex in 24/48 ore.",Watch Center,False
"Vacheron Constantin Vintage 222 Jumbo Ref.44018, 18kt Yellow Gold, from the year 1985, with Extract VC",Vacheron Constantin,89000,https://watchcenter.ch/prodotto/vacheron-constantin-vintage-222-jumbo-ref-44018-18kt-yellow-gold-from-the-year-1985-with-extract-vc/,https://watchcenter.ch/wp-content/uploads/2024/10/prima-3.jpg,"Rarissimo e meraviglioso Vacheron Constantin 222 jumbo in oro giallo del 1985, Ref. 44018. La collezione venne presentata nel 1977 in occasione del 222° compleanno della maison e segna l’ingresso di Vacheron Constantin nel settore dell’orologeria sportiva e rimase in produzione solo fino al 1985. La cassa di 37mm e di soli 7mm di questo iconico orologio pensato da Jorg Hysek disegna quella che sarà una linea destinata a segnare la storia dell’orologeria moderna. Questo esemplare si trova in condizioni eccezionali! Il quadrante champagne, unico colore dedicato alla versione oro dalla maison, rende linsieme elegante e raffinato. Accompagnato dallestratto degli archivi Vacheron Constantin a confermare la produzione nel 1985. Lorologio può essere acquistato direttamente nel nostro negozio a Lugano, in Svizzera, oppure online. Spedizioni in tutto il mondo con corriere assicurato Fedex in 24/48 ore.",Watch Center,True
"Audemars Piguet Vintage Classic 18kt White Gold Automatic, from 70s",Audemars Piguet,16800,https://watchcenter.ch/prodotto/audemars-piguet-vintage-classic-18kt-white-gold-automatic-from-70s/,https://watchcenter.ch/wp-content/uploads/2024/10/2-17.jpg,"Elegante e raro Audemars Piguet Calatrava anni 70. Cassa 35mm in oro bianco 18kt con fondello avvitato. Quadrante silver con indici applicati in oro bianco, datario a ore 3 e secondi al centro. Movimento meccanico a carica automatica, vetro plexiglass. Cinturino in pelle cuoio Hermes con chiusura ardiglione. In condizioni ottime, corredato da un anno di garanzia di negozio sul funzionamento. Spedizioni in tutto il mondo con corriere assicurato Fedex in 24/48 ore.",Watch Center,False
Rolex Vintage Daytona ref.6265 “Small Sigma” Silver Dial from 1971,Rolex,66500,https://watchcenter.ch/prodotto/rolex-vintage-daytona-ref-6265-small-sigma-silver-dial-from-1971/,https://watchcenter.ch/wp-content/uploads/2024/10/1-9.jpg,"Iconico Rolex Daytona a carica manuale ref.6265. La referenza 6265 è caratterizzata dalla lunetta acciaio, i pulsanti cronografici avvitati e il calibro 727. Questo esemplare del 1971 porta un bellissimo quadrante silver con contatori neri a contrasto e le sigma a ore 6. I quadranti Sigma possono essere trovati su orologi Rolex dallinizio degli anni 70 fino allultima parte del decennio. Presentano due segni σ che circondano la firma T SWISS T appena sotto le ore 6 del quadrante, T si riferisce alluso del trizio come luminescenza sul quadrante, mentre le sigma indicano che gli indici applicati e le lancette sono realizzati in oro 18 carati. Movimento meccanico 727, bracciale Oyster ripiegato ref.7835 con terminali 257. In condizioni eccezionali, completo di nostra certificazione di autenticità e un anno di garanzia sul funzionamento. Può essere acquistato direttamente nel nostro negozio a Lugano, in Svizzera, oppure online. Spedizioni in tutto il mondo con corriere assicurato Fedex in 24/48 ore.",Watch Center,False
"Rolex Daytona Ref. 116528, 18kt YG, Tahitian Mother Of Pearl Dial, Full Set 2001, Like New",Rolex,52900,https://watchcenter.ch/prodotto/rolex-daytona-ref-116528-18kt-yg-tahitian-mother-of-pearl-dial-full-set-2001-like-new/,https://watchcenter.ch/wp-content/uploads/2024/10/4-5.jpg,"Rolex Cosmograph Daytona ref.116528 del 2001. Cassa Oyster, 40 mm, in oro giallo 18kt. Carrure monoblocco, fondello e corona entrambi a vite, vetro zaffiro. Bellissimo e raro quadrante in madreperla scura di Tahiti con applicati numeri romani in oro giallo. Lunetta monoblocco in oro 18kt con scala tachimetrica incisa. Bracciale Oyster integrato con chiusura deployante in oro giallo 18kt. Il Cosmograph Daytona è dotato del calibro 4130, un movimento meccanico cronografo a carica automatica interamente sviluppato e prodotto da Rolex. Completo di scatola e controscatola originali, libretti e garanzia originale Rolex datata 2001. Spedizioni in tutto il mondo con corriere assicurato Fedex in 24/48 ore.",Watch Center,False
"Rolex Vintage Submariner Date Ref. 1680, from the year 1979",Rolex,12900,https://watchcenter.ch/prodotto/rolex-vintage-submariner-date-ref-1680-from-the-year-1979/,https://watchcenter.ch/wp-content/uploads/2024/10/3-4.jpg,"Con un periodo di produzione che va dal 1967 al 1979, alla fine degli anni 60 Rolex lancia sul mercato la Referenza 1680, il primo Submariner che indica la data sul quadrante. La prima versione del Submariner data è stata realizzata in acciaio, e per i primi anni di produzione il quadrante portava la scritta Submariner in rosso mentre dal 1976 al 1979 avevano scritta bianca. Questo esemplare in acciaio porta un bellissimo quadrante Mark 2, prodotto da Beyeler e caratterizzato da una grafica più piena rispetto al Mark 1 e al Mark 3. La patina calda e omogenea dei pallettoni è molto piacevole. Ghiera Mark 3 con una leggera scoloritura. Movimento meccanico a carica automatica calibro 1575 revisionato nel nostro laboratorio, secondi centrali e datario a ore 3. Bracciale Oyster 93750 con finali 580. Lorologio si presenta in ottime condizioni, viene venduto corredato da nostra certificazione di autenticità e un anno di garanzia sul funzionamento. Spedizioni in tutto il mondo con corriere assicurato Fedex in 24/48 ore.",Watch Center,True
"Rolex Daytona Ref. 16520 “Winner Rolex at Daytona 24h” Year 1993, Full Set",Rolex,125000,https://watchcenter.ch/prodotto/rolex-daytona-ref-16520-winner-rolex-at-daytona-24h-year-1993-full-set/,https://watchcenter.ch/wp-content/uploads/2024/10/1lem-1.jpg,"Ciò che contraddistingue questo straordinario orologio è lincisione “WINNER Rolex 24 at Daytona 1993” sul retro della cassa. La “24 Ore di Daytona” è una delle competizioni automobilistiche più impegnative al mondo. Ogni anno, squadre di piloti di fama mondiale si recano a Daytona Beach, in Florida, per partecipare alla gara di resistenza di 24 ore. La “24 Ore di Daytona” fu inaugurata negli anni 60, quando la mitica gara esisteva già sulle spiagge della città dal 1903. Ma fu solo nel 1991 che Rolex divenne lo sponsor ufficiale della gara. La manifattura decise di offrire ai membri della squadra vincitrice un orologio da polso Daytona con inciso il loro nome e la data della vittoria. Questo orologio rappresenta due simboli molto importanti nella storia di Rolex: il motorsport e il marchio Daytona, che ha preso il posto del nome precedente: Cosmograph. Accompagnato dalla garanzia e dalla documentazione originali, questo orologio rappresenta il sostegno incondizionato di Rolex agli sport motoristici e il suo impegno nellindustria delle corse. Questo pezzo in particolare è stato donato alla squadra vincitrice dellanno 1993. P. J. Jones, Rocky Moran e Mark Dismore (team interamente amaricano) hanno portato la Toyota Eagle Mk III (98) alla vittoria dopo 698 giri. In ottime condizioni ed è completo di tutto il corredo con cui veniva consegnato.",Watch Center,True
"Rolex Military Submariner “James Bond” Ref. 6538, Big Crown and Red Triangle Bezel, from 1958",Rolex,119000,https://watchcenter.ch/prodotto/rolex-military-submariner-james-bond-ref-6538-big-crown-and-red-triangle-bezel-from-1958/,https://watchcenter.ch/wp-content/uploads/2024/10/2-20.jpg,"Questo bellissimo Rolex Submatiner Ref.6538, oltre ad essere raro in quanto tale, racconta un autentico pezzo di storia. Lincisione sul fondello E.R.P.M. F. MEERHOLTZ 30-7-1958 F.E.S.V. ci dice che è stato rilasciato a un agente federale degli Stati Uniti nel 1958 che ha prestato servizio presso lExtramural Research Program Management (E.R.P.M.), che era una joint venture tra lesercito degli Stati Uniti, la marina degli Stati Uniti e lUSAF. Il loro compito principale era quello di valutare le conseguenze e gli effetti di un potenziale attacco biochimico al suolo degli Stati Uniti durante la Guerra Fredda. F.E.S.V. è lacronimo di Federal Emergency Salvage Vessel, ununità speciale per il salvataggio in caso di disastro. Il quadrante grafica oro 4 scritte e la lunetta red triangle non devono passare in secondo piano, la referenza 6538 infatti è la prima ad ottenere la certificazione COSC, anche grazie alla caratteristica corona sovradimensionata, ed è inoltre lesatta referenza indossata da James Bond. Bracciale Oyster rivettato in ottimo stato. Completo di nostra certificazione di autenticità e un anno di garanzia sul funzionamento.",Watch Center,True
"Patek Philippe Twenty-4, Ref. 4910/1200A, Stainless Steel, Blue Dial, Full Set 2024",Patek Philippe,13800,https://watchcenter.ch/prodotto/patek-philippe-twenty-4-ref-4910-1200a-stainless-steel-blue-dial-full-set-2024/,https://watchcenter.ch/wp-content/uploads/2024/10/2-19.jpg,"Bellissimo Patek Philippe Twenty-4, ref. 4910 /1200A-001. Cassa acciaio rettangolare incastonata con 36 diamanti, circa 0,47 carati, quadrante blu. Movimento al quarzo di manifattura, bracciale integrato in acciaio con doppia chiusura deployante. Come nuovo, corredato di scatola e garanzia Patek Philippe 2024. Spedizioni in tutto il mondo con corriere assicurato Fedex in 24/48 ore.",Watch Center,False
"Rolex Prince Aerodynamic Ref. 3361, 18kt Pink gold, Made in 1946",Rolex,17500,https://watchcenter.ch/prodotto/rolex-prince-aerodynamic-ref-3361-18kt-pink-gold-made-in-1946/,https://watchcenter.ch/wp-content/uploads/2024/09/1-16.jpg,"Rolex Prince Aerodynamic Ref. 3361 realizzato nel 1946. Questa referenza è stata presentata la prima volta nel 1939 in occasione dellesposizione Nazionale Svizzera a Zurigo. Cassa rettangolare curva, asimmetrica, in oro rosa 18k, quadrante silver con applicati indici piramidali in oro rosa, Movimento meccanico a carica manuale. In ottime condizioni, corredato da un anno di garanzia di negozio sul funzionamento. Spedizioni in tutto il mondo con corriere assicurato Fedex in 24/48 ore.",Watch Center,False
"Rolex Antimagnetique Chronograph, Stainless Steel, Ref. 3484",Rolex,19500,https://watchcenter.ch/prodotto/rolex-antimagnetique-chronograph-stainless-steel-ref-3484/,https://watchcenter.ch/wp-content/uploads/2024/09/4-7.jpg,"Rolex vintage cronografo anti magnetico, ref. 3484, prodotto nel 1939. Bellissimo e raro orologio in acciaio con cassa tonda da 33 mm e bottoni del cronografo rettangolari. Movimento meccanico manuale con 17 pietre, quadrante argentato con numeri arabi, lancette in oro, scale esterne telemetrica e tachimetrica. Due contatori, per i 30 minuti e per i secondi costanti. In condizioni eccezionali, corredato del nostro certificato di autenticità e da un anno di garanzia di negozio sul funzionamento. Spedizioni in tutto il mondo con corriere assicurato Fedex in 24/48 ore.",Watch Center,False
"Rolex 1920s 18kt Gold Cushion Rolex Oyster Ref. 678, 20 World’s Records",Rolex,7400,https://watchcenter.ch/prodotto/rolex-1920s-18kt-gold-cushion-rolex-oyster-ref-678-20-worlds-records/,https://watchcenter.ch/wp-content/uploads/2024/09/4-3.jpg,"Bellissimo Rolex Oyster del 1928. La cassa cushion misura 32 mm con anse di 18 mm e presenta corona Oyster Patent. Il fondello interno è firmato Rolex, 20 Worlds Records, RWCLtd. (Rolex Watch Company Limited) e numerata. Il movimento a carica manuale di alta qualità è firmato Rolex, Ultra Prima, svizzero, numerato, con 15 rubini. ll quadrante champagne è dotato di indici applicati in oro con secondi sussidiari e lancette a lancia in oro. Il quadrante è firmato Rolex Oyster alle 12 e Swiss alle 6. Dopo la fine della Prima Guerra Mondiale, il commercio mondiale riprese e gli orologi Rolex furono inviati allestero, in particolare nei paesi tropicali caldi e umidi dellImpero Britannico. Molti degli orologi furono trovati arrugginiti allarrivo dopo un lungo viaggio umido! Hans Wilsdorf (cofondatore di Rolex) era determinato a produrre un orologio “impermeabile” e fu così che pochi anni dopo fu prodotto il Rolex Oyster, nel 1926, con una cassa “a tre corpi” (il fronte e il retro si avvitano alla carrure). Un design iconico che divenne probabilmente lorologio da polso impermeabile più venduto. Lorologio viene accompagnato da nostra certificazione di autenticità e un anno di garanzia sul funzionamento. Spedizioni in tutto il mondo con corriere assicurato FedEx in 24/48 ore.",Watch Center,False
"Patek Philippe Aquanaut Ref. 5165, Full Set 2007",Patek Philippe,52900,https://watchcenter.ch/prodotto/patek-philippe-aquanaut-ref-5165-full-set-2007/,https://watchcenter.ch/wp-content/uploads/2024/09/2-13.jpg,"Patek Philippe Aquanaut Ref. 5165A, full set del 2007. La referenza 5165 combina il formato vintage da 38mm con le caratteristiche estetiche delle referenze più moderne aggiornato proprio nel 2007, in occasione del decimo anniversario del modello. Disponibile in catalogo solo per un breve periodo di cinque anni, è una delle referenze Aquanaut più limitate dei tempi moderni. Movimento meccanico a carica automatica calibro 324 S C con punzone di Ginevra. Datario a ore 3. Secondi al centro. Quadrante Decor nero/grigio, numeri arabi in oro applicati con rivestimento luminescente. Cinturino in composite “Tropical”, polimero nero con doppia deployante Aquanaut. In ottime condizioni, corredato di scatola e garanzia dorigine Patek Philippe del 2007, service PP nel 1026 e nel 2021 e un anno di garanzia di negozio sul funzionamento. Spedizioni in tutto il mondo con corriere assicurato Fedex in 24/48 ore.",Watch Center,True
"Rolex GMT Master Ref.1675 Long E Dial, from 1972",Rolex,21900,https://watchcenter.ch/prodotto/rolex-gmt-master-ref-1675-long-e-dial-from-1972/,https://watchcenter.ch/wp-content/uploads/2024/09/2-15.jpg,"Bellissimo e raro Rolex GMT Master Ref. 1675 prodotto nel 1972. Ciò che rende importante questo pezzo è il raro quadrante Long E. Si tratta infatti della prima produzione, Mark I. Quadrante nero con apertura data a ore 3, lunetta blu e rossa. Bellissimo anche il bracciale jubilee americano rivettato del 4/71. Lorologio è accompagnato da un anno di garanzia di negozio sul funzionamento. Spedizioni in tutto il mondo con corriere assicurato Fedex in 24/48 ore.",Watch Center,False
"Rolex New Cosmograph Daytona 18kt YG, Ref. 126518LN, “Paul Newman” Dial, Full set 2024",Rolex,39500,https://watchcenter.ch/prodotto/rolex-new-cosmograph-daytona-18kt-yg-ref-126518ln-paul-newman-dial-full-set-2024/,https://watchcenter.ch/wp-content/uploads/2024/09/1-14.jpg,"Magnifico Rolex Daytona ref.126518LN nuovo del 2024. Cassa Oyster, 40 mm, oro giallo 18kt. Carrure monoblocco, fondello e corona entrambi a vite, vetro zaffiro. Bellissimo quadrante nero con contatori oro a contrasto denominato Paul Newman. Lunetta monoblocco Cerachrom in ceramica nera con scala tachimetrica incisa. Cinturino Oysterflex in caucciù nero con chiusura deployante in oro giallo. Il Cosmograph Daytona è dotato del calibro 4131, un movimento meccanico cronografo a carica automatica interamente sviluppato e prodotto da Rolex. Questo esemplare è nuovo, mai indossato ed è completo di scatola e controscatola originali, libretti e garanzia originale Rolex del 2024. Spedizioni in tutto il mondo con corriere assicurato Fedex in 24/48 ore.",Watch Center,True
"Audemars Piguet Royal Oak Medium Size, Ref. 14486ST, with Extract AP",Audemars Piguet,35000,https://watchcenter.ch/prodotto/audemars-piguet-royal-oak-medium-size-ref-14486st-with-extract-ap/,https://watchcenter.ch/wp-content/uploads/2024/09/3-2.jpg,"Audemars Piguet Royal Oak, Ref. 14486ST introdotta nel 1988. Cassa in acciaio diametro 36 mm, corona avvitata, quadrante grigio con indici delle ore applicate, indicazione della data a ore 3. Il quadrante di questa particolare referenza si distingue per il datario che presenta un ampio spazio tra la finestra e il bordo del quadrante. Ciò è dovuto allutilizzo di un movimento diverso. Altra caratteristica è la lunetta spessa, facilmente visibile rispetto a qualsiasi altro Royal Oak di medie dimensioni e le viti si trovano vicino al bordo esterno. Vetro zaffiro, cinturino integrato in acciaio con chiusura déployante, movimento meccanico a carica automatica calibro 2131. In ottime condizioni, accompagnato da estratto dei registri AP che riporta come anno di produzione il 1991 e un anno di nostra garanzia sul funzionamento. Questo orologio può essere acquistato direttamente nel nostro negozio a Lugano, in Svizzera, oppure online. Spedizione assicurata in tutto il mondo con corriere Fedex in 24/48 ore",Watch Center,True
"Audemars Piguet Royal Oak 37MM Stainless Steel, 15450ST, Silver Dial, Full Set 2020",Audemars Piguet,39900,https://watchcenter.ch/prodotto/audemars-piguet-royal-oak-37mm-stainless-steel-15450st-silver-dial-full-set-2020/,https://watchcenter.ch/wp-content/uploads/2024/09/lato-1.jpg,"Audemars Piguet Royal Oak in acciaio, ref. 15450ST del 2020. Cassa in acciaio inossidabile 37mm, vetro zaffiro con trattamento antiriflesso, corona avvitata. Quadrante silver con motivo «Grande Tapisserie», indici applicati e lancette Royal Oak in oro bianco con rivestimento luminescente. Datario a ore 3. Bracciale acciaio integrato con doppia chiusura deployante. Movimento meccanico a carica automatica calibro 3120. In perfette condizioni, è accompagnato da scatola e garanzia dorigine Audemars Piguet del 2020 estesa fino al 2025. Spedizioni in tutto il mondo con corriere assicurato Fedex in 24/48 ore.",Watch Center,False
"Audemars Piguet Royal Oak “Jumbo”, Stainless Steel, Ref. 5402ST, C serial, from 1979",Audemars Piguet,85000,https://watchcenter.ch/prodotto/audemars-piguet-royal-oak-jumbo-stainless-steel-ref-5402st-c-serial-from-1979/,https://watchcenter.ch/wp-content/uploads/2024/09/4-5.jpg,"Stupendo Audemars Piguet Royal Oak Jumbo Ref. 5402, Seriale C, risalente alla fine degli anni 70. Cassa in acciaio con diametro 39 mm e corona avvitata. Quadrante Grand Tapisserie Decor color antracite con un iniziale viraggio tropicale, indici delle ore applicate, logo AP a ore 12 e indicazione della data a ore 3. Firmato SWISS quindi conserva il quadrante originale di quando è stato prodotto e non SWISS MADE come i quadranti di fornitura. Vetro zaffiro, bracciale in acciaio con chiusura déployante firmata AP, movimento meccanico a carica automatica cal. 2121. Lorologio è stato revisionato completamente nel 2021 in Audemars Piguet e conserva tutte le sue parti originali (ad eccezione delle lancette che sono state sostituite durante il servizio). Lorologio è completo di sua scatola dorigine Audemars Piguet, il certificato di autenticità ed è in garanzia Audemars Piguet per 2 anni a seguito del servizio completo. Accettiamo tutti i tipi di carte di credito o bonifici bancari. Spedizione assicurata in tutto il mondo con corriere Fedex in 24/48 ore.",Watch Center,False
"Rolex Sea-Dweller Ref. 1665, rare transitional caseback",Rolex,24900,https://watchcenter.ch/prodotto/rolex-sea-dweller-ref-1665-rare-transitional-caseback/,https://watchcenter.ch/wp-content/uploads/2024/08/1-14.jpg,"Bellissimo Rolex Sea-Dweller Great white ref. 1665 del 1982. Raro fondello transizionale MK3 con grafica simile al Rolex ref. 16660, ma comunque bombato e con referenza 1665 incisa internamente. Coevo sugli ultimi esemplari alla fine della produzione. Cassa in acciaio da 40 mm fondo a vite. Bracciale Oyster Ref. 91350 con terminali 585 e deployante codice H. Quadrante MK4 nero con indici pallettoni, apertura per la data a ore 3. Lunetta unidirezionale graduata per il calcolo dei tempi di decompressione, valvola dellelio sulla cassa a ore 9. Movimento meccanico a carica automatica. Bracciale Rolex Oyster in acciaio. Seriale 7.2M . In ottime condizioni. Accompagnato da un anno di garanzia di negozio sul meccanismo. Spedizioni in tutto il mondo con corriere assicurato Fedex in 24/48 ore.",Watch Center,False
"Cartier Tonneau Paris 18kt Yellow Gold, Manual Winding, From the 90s",Cartier,12900,https://watchcenter.ch/prodotto/cartier-tonneau-paris-18kt-yellow-gold-manual-winding-from-the-90s/,https://watchcenter.ch/wp-content/uploads/2024/08/4-11.jpg,"Cartier Tonneau Paris realizzato negli anni 90. Cassa di forma tonneau curva, in oro giallo 18k con cabochon zaffiro cabochon sulla corona di carica. Vetro zaffiro bombato, quadrante guilloche silver con dipinti numeri romani neri e lancette in acciaio azzurrato. Cinturino in pelle blu con chiusura ardiglione. Movimento meccanico a carica manuale. In ottime condizioni, corredato da nostra certificazione di autenticità e un anno di garanzia sul funzionamento. Spedizioni in tutto il mondo con corriere assicurato Fedex in 24/48 ore.",Watch Center,False
"IWC Da Vinci Perpetual Calendar and Chronograph, 18kt Gold Ref. 3750, Full Set",IWC,14900,https://watchcenter.ch/prodotto/iwc-da-vinci-perpetual-calendar-and-chronograph-18kt-gold-ref-3750-full-set/,https://watchcenter.ch/wp-content/uploads/2024/08/2-16.jpg,"IWC Da Vinci Calendario Perpetuo, ref.3750. Cassa in oro giallo 18kt, movimento meccanico a carica automatica, cronografo a pulsanti tondi, calendario perpetuo con indicazione delle fasi lunari. Cristallo Hesalite, quadrante bianco con applicati indici a bastone, indicazione del mese, della data e dei giorni della settimana, apertura per le fasi lunari e per lindicazione dellanno di 4 cifre fino a 2499. Corredato di scatola e garanzia IWC e un anno di nostra garanzia sul funzionamento. Spedizioni in tutto il mondo con corriere assicurato Fedex in 24/48 ore.",Watch Center,True
"Patek Philippe Rectangular Shape in Rose Gold, Ref. 2404, made in 1951",Patek Philippe,19500,https://watchcenter.ch/prodotto/patek-philippe-rectangular-shape-in-rose-gold-ref-2404-made-in-1951/,https://watchcenter.ch/wp-content/uploads/2024/08/1-15.jpg,"Rarissimo Patek Philippe di forma, Ref. 2404. Cassa in oro rosa 18 kt rettangolare, anse a sbalzo curvate ed arrotondate, fondello a scatto. Quadrante argenté con applicati indici in oro rosa a piramide e a dardo, contatore per i piccoli secondi, lancette baton in oro rosa. Cinturino in coccodrillo nero con fibbia originale firmata AW in oro 18kt. Le ultime tre cifre della cassa sono riportate anche allinterno della carrure. In ottime condizioni, accompagnato dallestratto degli archivi Patek Philippe. Spedizioni in tutto il mondo con corriere assicurato Fedex in 24/48 ore.",Watch Center,False
"Rolex Daytona Zenith, Ref. 16518, 18kt Yellow gold from 1991, with Rolex Service 2022",Rolex,31900,https://watchcenter.ch/prodotto/rolex-daytona-zenith-ref-16518-18kt-yellow-gold-from-1991-with-rolex-service-2022/,https://watchcenter.ch/wp-content/uploads/2024/08/quadrante-1.jpg,"Rolex Daytona ref. 16518 prodotto nel 1991. Cassa 40 mm in oro giallo 18kt con cinturino in coccodrillo marrone e deployante Rolex in oro. Movimento automatico Zenith El Primero calibro 4030, quadrante bianco con numeri arabi applicati in oro giallo. In condizioni perfette, corredato da service Rolex 2022 e un anno di nostra garanzia sul funzionamento. Questo orologio può essere acquistato direttamente nel nostro negozio a Lugano, in Svizzera, oppure online. Spedizioni in tutto il mondo con corriere assicurato Fedex in 24/48 ore.",Watch Center,False
"Rolex Vintage Submariner Ref. 5513, Meter First Dial, Ghost Bezel, from the year 1968",Rolex,15900,https://watchcenter.ch/prodotto/rolex-vintage-submariner-ref-5513-meter-first-dial-ghost-bezel-from-the-year-1968/,https://watchcenter.ch/wp-content/uploads/2024/07/prima-3.jpg,"Il Rolex Submariner 5513 vede la luce nel 1962, quando va ad affiancare la ref. 5512 proponendosi come una versione più economica priva del certificato di cronometro. Esteticamente molto simile al Submariner 5512, ha una carriera lunghissima che termina solamente nel 1989. Questo bellissimo esemplare è contraddistinto da un bellissimo quadrante Matt Meter Firts con una patina leggera e molto omogenea. Cassa seriale 1752XXX in ottime condizioni, bracciale Oyster ref.7206 con terminali 80 e clasp 4.67. La ghiera ghost grigio/azzurra completa lestetica vintage ma pulita di questo bellissimo orologio. Corredato di nostra certificazione di autenticità e da un anno di garanzia di negozio sul funzionamento. Spedizioni in tutto il mondo con corriere assicurato Fedex in 24/48 ore.",Watch Center,True
"Audemars Piguet Royal Oak Jumbo Vintage Ref. 5402BA 18kt Yellow Gold, Box and Extract AP 1981",Audemars Piguet,105000,https://watchcenter.ch/prodotto/audemars-piguet-royal-oak-jumbo-vintage-ref-5402ba-18kt-yellow-gold-box-and-extract-ap-1981/,https://watchcenter.ch/wp-content/uploads/2024/07/IMG_9736.jpg,"Meraviglioso Audemars Piguet Royal Oak Jumbo Ref. 5402BA risalente ai primi anni 80. Cassa in oro giallo 18kt da 39 mm con fondello inciso e ghiera e corona avvitata in oro giallo. Quadrante Grand Tapisserie grigio con indici delle ore applicati, logo AP a ore 12 e indicazione della data a ore 3. Firmato SWISS . Vetro zaffiro, bracciale integrato in oro 18kt con chiusura déployante, movimento meccanico a carica automatica cal. 2121. Lorologio è in condizioni eccezionali, completamente coevo. E stato revisionato dal nostro laboratorio specializzato ed è accompagnato da scatola originale ed estratto dei registri AP oltre che da nostra garanzia di buon funzionamento per 1 anno. Questo orologio può essere acquistato direttamente nel nostro negozio a Lugano, in Svizzera, oppure online. Spedizione assicurata in tutto il mondo con corriere Fedex in 24/48 ore",Watch Center,True
"Audemars Piguet Royal Oak Jumbo First Series Steel and Gold Ref. 5402SA, from 1980",Audemars Piguet,69000,https://watchcenter.ch/prodotto/audemars-piguet-royal-oak-jumbo-first-series-steel-and-gold-ref-5402sa-from-1980/,https://watchcenter.ch/wp-content/uploads/2024/07/estr2-1.jpg,"Audemars Piguet Royal Oak Jumbo Ref. 5402SA risalente agli anni 80. Cassa in acciaio diametro 39 mm con ghiera e corona avvitata in oro giallo. La ghiera originale è stata successivamente impreziosita da 64 diamanti. Quadrante Grand Tapisserie grigio con indici delle ore applicati, logo AP a ore 12 e indicazione della data a ore 3. Firmato SWISS. Vetro zaffiro, bracciale in acciaio e oro con chiusura déployante, movimento meccanico a carica automatica cal. 2121. Lorologio è stato revisionato dal nostro laboratorio e si presenta in condizioni ottime. Accompagnato da scatola, certificato di autenticità Audemars Piguet e da nostra garanzia di buon funzionamento per 1 anno. Questo orologio può essere acquistato direttamente nel nostro negozio a Lugano, in Svizzera, oppure online. Spedizione assicurata in tutto il mondo con corriere Fedex in 24/48 ore",Watch Center,False
"Audemars Piguet Royal Oak Perpetual Calendar Ref. 25820ST, Yves Klein Blue Dial, Full Set 2002",Audemars Piguet,195000,https://watchcenter.ch/prodotto/audemars-piguet-royal-oak-perpetual-calendar-ref-25820st-yves-klein-blue-dial-full-set-2002/,https://watchcenter.ch/wp-content/uploads/2024/07/YVES-KLEIN-1.jpg,"Bellissimo e raro Audemars Piguet Royal Oak calendario perpetuo in acciaio, ref. 25820ST. Cassa a tre corpi di 39 mm con fondello in vetro zaffiro. Raro quadrante blu elettrico Yves Klein con lancette a bastone luminescenti e indici applicati in oro bianco. Quadrante ausiliario per le fasi lunari a ore 6, data a ore 3, giorno a ore 9 e indicatore del mese e dellanno bisestile a ore 12. Movimento meccanico a carica automatica calibro 2120/2802. In condizioni ottime, viene fornito con la scatola rotore ottagonale in pelle verde e garanzia originale Audemars Piguet 2002 oltre a un anno di nostra garanzia sul funzionamento. Spedizioni in tutto il mondo con corriere assicurato Fedex in 24/48 ore.",Watch Center,True
"Jaeger-LeCoultre Vintage Memovox Stainless Steel, Amazing Enamel “Starry Sky” Dial, from the 60s",Jaeger-LeCoultre,8950,https://watchcenter.ch/prodotto/jaeger-lecoultre-vintage-memovox-stainless-steel-amazing-enamel-starry-sky-dial-from-the-60s/,https://watchcenter.ch/wp-content/uploads/2024/07/4sky.jpg,"Meraviglioso Jaeger le Coultre Memovox con funzione allarme, realizzato negli anni 60. Cassa acciaio diametro 37 mm, movimento meccanico a carica automatica. La particolarità di questo esemplare è il pazzesco quadrante in smalto blu con applicate delle scaglie doro! Leffetto cielo stellato è incredibile! Lorologio è in ottime condizioni e viene corredato da nostra certificazione di autenticità e da un anno di nostra garanzia sul funzionamento. Può essere acquistato direttamente nel nostro negozio a Lugano, in Svizzera, oppure online. Spedizioni in tutto il mondo con corriere assicurato Fedex in 24/48 ore.",Watch Center,True
"Rolex Daytona Pink Beach, 18kt white gold, Ref. 116519, with Rolex Service 2024",Rolex,49900,https://watchcenter.ch/prodotto/rolex-daytona-pink-beach-18kt-white-gold-ref-116519-with-rolex-service-2024/,https://watchcenter.ch/wp-content/uploads/2024/06/1-12.jpg,"Bellissimo e raro Rolex Cosmograph Daytona Beach oro bianco 18kt, Ref. 116519. Cassa in oro bianco del diametro di 40mm, quadrante in madreperla rosa, lunetta fissa con scala tachimetrica. Cinturino in lucertola rosa con chiusura deployante in oro bianco 18kt. L’orologio è in ottime condizioni, viene venduto con service Rolex del 2024. Movimento meccanico a carica automatica, vetro zaffiro, pulsanti del cronografo avvitati. Spedizioni in tutto il mondo con corriere assicurato Fedex in 24/48 ore.",Watch Center,True
"Rolex Submariner Vintage Ref. 5513 Tropical Gilt Spider Dial, from 1965",Rolex,39500,https://watchcenter.ch/prodotto/rolex-submariner-vintage-ref-5513-tropical-gilt-spider-dial-from-1965/,https://watchcenter.ch/wp-content/uploads/2024/06/6.webp,"Il Rolex Submariner 5513 vede la luce nel 1962, quando va ad affiancare la ref. 5512 proponendosi come una versione più economica priva del certificato di cronometro. Esteticamente molto simile al Submariner 5512, ha una carriera lunghissima che termina solamente nel 1989. Questo bellissimo esemplare è contraddistinto da un meraviglioso quadrante gilt virato ad un marrone caldo e bronzato, oltre che ad una finitura spider. Cassa seriale 1204XXX in ottime condizioni, bracciale Oyster ref.7206 con terminali 80 e clasp II.65. Orologio bellissimo, corredato di Expertise di Valter Barocco e da un anno di garanzia di negozio sul funzionamento. Spedizioni in tutto il mondo con corriere assicurato Fedex in 24/48 ore.",Watch Center,False
"Rolex Vintage Submariner Date Ref.16800, Matt “Pallettoni” Dial, Ghost Bezel, Full Set 1984",Rolex,16400,https://watchcenter.ch/prodotto/rolex-vintage-submariner-date-ref-16800-matt-pallettoni-dial-ghost-bezel-full-set-1984/,https://watchcenter.ch/wp-content/uploads/2024/06/2-7.jpg,"Nel 1979 la ref. 1680 è sostituita dal nuovo Rolex Submariner ref. 16800, dotato per la prima volta del vetro in zaffiro e del nuovo movimento cal. 3035 con scatto rapido del datario. Altra novità è la ghiera girevole unidirezionale, che garantisce maggiore sicurezza in caso di spostamenti accidentali. Inizialmente il quadrante è di tipo matt con indici a pallettoni, sostituito attorno alla metà degli anni 80 con la più moderna versione a bicchierini. Questo bellissimo esemplare porta un quadrante opaco di transizione con una patina del tempo piacevole ed omogenea. La lunetta ghost aumenta il fascino rendendo lorologio nellinsieme ancora più armonioso. Completato dal suo bracciale Oyster ref.93150 con terminali 593. Lorologio è corredato della sua scatola e garanzia dorigine Rolex del 1984 e da un anno della nostra garanzia sul funzionamento. Spedizioni in tutto il mondo con corriere FedEx assicurato in 24/48h.",Watch Center,True
"Jaeger-LeCoultre Memovox Vintage, Steel and Gold, Automatic, ref. E855, from 60s",Jaeger-LeCoultre,5250,https://watchcenter.ch/prodotto/jaeger-lecoultre-memovox-vintage-steel-and-gold-automatic-ref-e855-from-60s/,https://watchcenter.ch/wp-content/uploads/2024/06/1-17.jpg,"Bellissimo Jaeger le Coultre Memovox con funzione allarme, realizzato negli anni 60. Cassa acciaio diametro 37 mm con ghiera zigrinata in oro giallo 18kt. Il quadrante silver con indici applicati in oro è in perfette condizioni, con datario a ore 3 e disco centrale con indicazione della sveglia. Movimento meccanico a carica automatica con secondi centrali, vetro plexiglass. Completo di cinturino in pelle nera e fibbia acciaio tutto JLC. In ottime condizioni, corredato da nostra certificazione di autenticità e un anno di nostra garanzia sul funzionamento. Questo orologio può essere acquistato direttamente nel nostro negozio a Lugano, in Svizzera, oppure online. Spedizioni in tutto il mondo con corriere assicurato Fedex in 24/48 ore.",Watch Center,False
"Vacheron Constantin Vintage Lady Watch/Jewel, 18kt Rose Gold, from the 60s",Vacheron Constantin,9500,https://watchcenter.ch/prodotto/vacheron-constantin-vintage-lady-watch-jewel-18kt-rose-gold-from-the-60s/,https://watchcenter.ch/wp-content/uploads/2024/06/polso-vac-1.jpg,"Delizioso Vacheron Constantin Lady vintage. Questo bellissimo modello in oro rosa 18kt, è sia un elegante bracciale sia un minuscolo orologio. Quadrante bianco con indici applicati e lancette in oro. Movimento meccanico a carica manuale cal.1005, uno dei più piccoli calibri al mondo! Bellissimo bracciale piatto e lineare con chiusura a gioiello, un modello davvero unico! In ottime condizioni, è accompagnato da nostra certificazione di autenticità e un anno di garanzia di negozio sul funzionamento. Spedizioni in tutto il mondo con corriere assicurato Fedex in 24/48 ore.",Watch Center,True
"IWC Da Vinci Perpetual Calendar, Ref. 3750, Stainless Steel, Black Dial, Full Set 2002",IWC,11900,https://watchcenter.ch/prodotto/iwc-da-vinci-perpetual-calendar-ref-3750-stainless-steel-black-dial-full-set-2002/,https://watchcenter.ch/wp-content/uploads/2024/06/1-15.jpg,"Bellissimo IWC Da Vinci Perpetual, Ref. 3750.33. Cassa in acciaio, movimento meccanico a carica automatica, cronografo a pulsanti tondi, calendario perpetuo con indicazione delle fasi lunari. Cristallo Hesalite, quadrante nero con applicati indici a bastone, indicazione del mese, della data e dei giorni della settimana, apertura per le fasi lunari e per lindicazione dellanno di 4 cifre fino a 2499. Bracciale acciaio integrato con doppia chiusura deployante. In condizioni perfette, corredato di scatola e garanzia IWC del 2002 e da un anno di garanzia di negozio sul funzionamento. Spedizioni in tutto il mondo con corriere assicurato Fedex in 24/48 ore.",Watch Center,True
"Audemars Piguet Royal Oak Jumbo First Series, Steel and 18kt YG, Ref. 5402SA, from 70s",Audemars Piguet,59000,https://watchcenter.ch/prodotto/audemars-piguet-royal-oak-jumbo-first-series-steel-and-18kt-yg-ref-5402sa-from-70s/,https://watchcenter.ch/wp-content/uploads/2024/06/frontale-2.jpg,"Audemars Piguet Royal Oak Jumbo Ref. 5402SA risalente alla fine degli anni 70. Cassa in acciaio diametro 39 mm con ghiera e corona avvitata in oro giallo. Quadrante Grand Tapisserie grigio con indici delle ore applicati, logo AP a ore 12 e indicazione della data a ore 3. Firmato SWISS MADE. Vetro zaffiro, bracciale in acciaio e oro con chiusura déployante, movimento meccanico a carica automatica cal. 2121. Lorologio è stato revisionato dal nostro laboratorio e si presenta in condizioni ottime. Accompagnato da nostra certificazione di autenticità e da nostra garanzia di buon funzionamento per 1 anno. Questo orologio può essere acquistato direttamente nel nostro negozio a Lugano, in Svizzera, oppure online. Spedizione assicurata in tutto il mondo con corriere Fedex in 24/48 ore",Watch Center,False
"Cartier Tank Americaine Chronograph 18kt White Gold, with Cartier Box",Cartier,11500,https://watchcenter.ch/prodotto/cartier-tank-americaine-chronograph-18kt-white-gold-with-cartier-box/,https://watchcenter.ch/wp-content/uploads/2024/06/PRIMA-2.jpg,"Cartier Tank Americaine Cronografo in oro bianco 18kt. Movimento al quarzo Chronoreflex, quadrante bianco con numeri romani neri e datario panoramico a ore 12. Corona con zaffiro blu sfacettato. Bellissimo bracciale integrato in oro bianco 18kt con deployante a scomparsa! In ottime condizioni, completato da scatola Cartier e da un anno di nostra garanzia sul funzionamento. Spedizioni in tutto il mondo con corriere assicurato Fedex in 24/48 ore.",Watch Center,True
"Rolex Day-Date Bark Finish Ref.1807, 18kt White Gold, Gray Dial, from the year 1967",Rolex,32000,https://watchcenter.ch/prodotto/rolex-day-date-bark-finish-ref-1807-18kt-white-gold-gray-dial-from-the-year-1967/,https://watchcenter.ch/wp-content/uploads/2024/06/Senza-titolo-17.jpg,"Meraviglioso e raro Rolex Day Date ref.1807 in oro bianco. La referenza 1807 è caratterizzata dalla magnifica lavorazione a corteccia, eseguita a mano, della lunetta e dalla maglia centrale del bracciale President. Entra in produzione solo nel 1963 per restarci fino al 1977. Questo esemplare in oro bianco, versione estremamente più rara di quella in oro giallo, è completato da un bellissimo quadrante grigio con indici e lancette a bastone in oro bianco. Lorologio è caratterizzato da punzoni sul fondello, ansa e deployante che denotano la produzione per il mercato francese. In ottime condizioni, corredato da nostra certificazione di autenticità e nostra garanzia di funzionamento per un anno. Spedizioni in tutto il mondo con corriere assicurato FedEx in 24/48 ore.",Watch Center,False
"Audemars Piguet Millenary Lady, Diamond-Set 18K Yellow Gold, Full Set, Special Price",Audemars Piguet,29900,https://watchcenter.ch/prodotto/audemars-piguet-millenary-lady-diamond-set-18k-yellow-gold-full-set-special-price/,https://watchcenter.ch/wp-content/uploads/2024/06/3-9.jpg,CHF 56900 Tax Free,Watch Center,False
"Rolex Daytona 18kt White Gold, Ref. 116519, Meteorite Dial, Full Set 2007",Rolex,38900,https://watchcenter.ch/prodotto/rolex-daytona-18kt-white-gold-ref-116519-meteorite-dial-full-set-2007/,https://watchcenter.ch/wp-content/uploads/2024/06/quadranti.jpg,"Bellissimo e raro Rolex Daytona Ref.116519 con quadrante in meteorite. Cassa 40 mm in oro bianco 18kt con fondello, pulsanti e corona a vite. Tutti i quadranti meteorite Rolex provengono dalla fornitura, ora terminata, di materiale recuperata dal meteorite in Namibia. Ora che è diventata zona protetta, dal meteorite e dal suo campo di detriti non può più essere asportato materiale. Per questo motivo, il quadrante meteorite ha una grande importanza per i collezionisti più appassionati del marchio. Questo esemplare è in ottime condizioni, completato, oltre che dal cinturino originale in pelle color cuoio, da un cinturino in caucciù nero con cuciture rosse in abbinamento alle lancette Racing. Corredato di scatola e garanzia Rolex del 2007 e da un anno di nostra garanzia sul funzionamento. Spedizioni in tutto il mondo con corriere assicurato Fedex in 24/48 ore.",Watch Center,True
Heuer Vintage Monte-Carlo Stopwatch from 60s,Heuer,3950,https://watchcenter.ch/prodotto/heuer-vintage-monte-carlo-stopwatch-from-60s/,https://watchcenter.ch/wp-content/uploads/2024/05/1-16.jpg,"Nel 1958, Heuer introdusse il cronometro da cruscotto Monte Carlo a 12 ore, in sostituzione dellAutavia. Mentre lAutavia utilizzava i tradizionali CONTATORI per i minuti (a ore 12) e le ore (a ore 6), il Monte Carlo presenta un contatore numerico di 12 ore in una finestra nella parte inferiore del quadrante. Heuer annunciava con orgoglio che il nuovo registro centrale (per i minuti) e il disco saltante (per le ore) assicuravano la più grande leggibilità mai trovata in un cronometro. Questa versione del Monte Carlo ha 2 pulsanti e quadrante nero con grafica bianca in ottimo stato di conservazione! Forniamo un anno di garanzia sul funzionamento di questo speciale strumento, oltre alla nostra certificazione di autenticità. Spedizioni in tutto il mondo con corriere assicurato Fedex in 24/48 ore.",Watch Center,False
"Rolex Sky-Dweller Stainless Steel, Ref. 336934 Mint Green Dial, New, Full Set 2024",Rolex,26900,https://watchcenter.ch/prodotto/rolex-sky-dweller-stainless-steel-ref-336934-mint-green-dial-new-full-set-2024/,https://watchcenter.ch/wp-content/uploads/2024/05/1-14.jpg,"Il rivoluzionario e nuovissimo Rolex Sky-Dweller in acciaio, ref.326934. Cassa Oyster di 42 mm con bracciale Jubilee integrato e il nuovo e bellissimo quadrante verde menta! Lorologio da viaggiatore per eccellenza, visualizzazione di 2 fusi orari contemporaneamente, quello del luogo sul quadrante principale e quello del luogo dorigine sul contatore decentrato. La rivoluzione di questo bellissimo Rolex sta nel calendario annuale, con la visualizzazione del mese con le finestre in corrispondenza delle 12 ore e il datario a ore 3. La ghiera zigrinata girevole permette la regolazione dei due fusi e della data con un unica posizione della corona, infatti sono le tre diverse posizioni in rotazione della ghiera che ne cambiano la funzione regolatrice. Lorologio è nuovo, mai indossato, corredato di scatola e garanzia Rolex del 05/2024. Spedizioni in tutto il mondo con corriere assicurato Fedex in 24/48 ore.",Watch Center,True
"Rolex Dato-Compax “Jean-Claude Killy” Ref. 6036, 18kt Yellow Gold, from the year 1953",Rolex,530000,https://watchcenter.ch/prodotto/rolex-dato-compax-jean-claude-killy-ref-6036-18kt-yellow-gold-from-the-year-1953/,https://watchcenter.ch/wp-content/uploads/2024/05/frontale-quadrante-1.jpg,"Tra la metà degli anni 40 e i primi anni 60 la Rolex produce i primi orologi cronografici con la tripla data, detti Dato-Compax. ll termine Dato sta a indicare la presenza del datario completo. Infatti, le due finestre alle ore dodici mostrano il giorno della settimana e quello del mese, una lancetta a freccia rossa al centro mostra il giorno del mese. La voce Compax indica invece i compassi (contatori) presenti alle ore 3 (dei minuti) e alle 6 (delle ore) per la funzione cronografica. Sono orologi antimagnetici meccanici, a carica manuale (calibro Valjoux 72C), con una cassa di 36 mm di diametro, realizzati in poche centinaia di pezzi in oro giallo, oro rosa e in acciaio. Tra il 1951 e il 1955 viene prodotta la referenza 6036, detta anche Jean-Claude Killy perché indossato dallo sciatore leggendario oro olimpico. Lorologio ha la cassa in due parti, i pulsanti cronografici sono cilindrici e i pin di regolazione sono sporgenti e tondi. Sul perimetro esterno del quadrante sono indicati i giorni del mese in un caratteristico blu scuro (con i numeri 6 e 9 ampi e aperti) e si osserva ancora il ribaltamento dei giorni del mese dall 8 al 24. Sul perimetro interno invece cè la scala dei secondi in nero. Le lancette centrali sono a lancia e gli indici delle ore sono piramidali. La patina del bellissimo quadrante originale è omogenea ed estremamente piacevole. Cinturino in pelle nera e ardiglione Rolex in oro 18kt. Questo meraviglioso ed importante orologio da collezionismo viene completato con nostra certificazione di autenticità e un anno di nostra garanzia sul funzionamento. Spedizioni in tutto il mondo con corriere assicurato FedEx in 24/48h.",Watch Center,False
"Rolex GMT-Master 18kt Yellow Gold, Ref. 1675, Brown Nipple Dial, from 1977",Rolex,39500,https://watchcenter.ch/prodotto/rolex-gmt-master-18kt-yellow-gold-ref-1675-brown-nipple-dial-from-1977/,https://watchcenter.ch/wp-content/uploads/2024/05/IMG_5492.jpg,"Il Rolex GMT in oro nasce nel 1955 e resta in produzione fino al 1959 con la referenza 6542/8. E proprio nel 1959 che Rolex presenta, così come per lacciaio, la referenza 1675 che resterà in produzione fino al 1980. Questo esemplare in condizioni eccezionali è stato prodotto nel 1977. Cassa 40mm in oro giallo 18kt, ghiera bidirezionale con inserto marrone. Bellissimo quadrante marrone con bicchierini a cono denominato Nipple Dial, lancette Mercedes. Movimento meccanico a carica automatica cal.1570. A completarlo il bellissimo e inusuale bracciale President a scomparsa in oro giallo 18kt. Lorologio è accompagnato da nostra certificazione di autenticità e un anno di garanzia di negozio sul funzionamento. Spedizioni in tutto il mondo con corriere assicurato Fedex in 24/48 ore.",Watch Center,True
"Audemars Piguet Royal Oak Perpetual Calendar Steel and Yellow Gold, Ref. 25654SA, Mother of Pearl Dial",Audemars Piguet,180000,https://watchcenter.ch/prodotto/audemars-piguet-royal-oak-perpetual-calendar-steel-and-yellow-gold-ref-25654sa-mother-of-pearl-dial/,https://watchcenter.ch/wp-content/uploads/2024/05/prima-3.jpg,"Rarissimo Audemars Piguet Royal Oak calendario perpetuo in acciaio e oro giallo, ref. 25654SA! Questa importante referenza ha sostituito la 25554 nel 1987, restando in produzione fino al 1998. Fonti ufficiali dichiarano che degli 851 esemplari prodotti, solamente 72 sono in acciaio e oro, versione ancora più rara dellacciaio e delloro! Fonti ufficiose riducono a soli 6 esemplari al mondo i pezzi con quadrante madreperla! Quadrante ausiliario per le fasi lunari a ore 6, data a ore 3, giorno a ore 9 e indicatore del mese a ore 12. Movimento meccanico a carica automatica calibro 2120/2800. In condizioni eccezionali, viene fornito con certificato di autenticità AP e un anno di nostra garanzia sul funzionamento. Spedizioni in tutto il mondo con corriere assicurato Fedex in 24/48 ore.",Watch Center,False
"Rolex “Il Texano” Ref. 5100 18kt Yellow Gold, Quartz Beta 21, from 1970",Rolex,26900,https://watchcenter.ch/prodotto/rolex-il-texano-ref-5100-18kt-yellow-gold-quartz-beta-21-from-1970/,https://watchcenter.ch/wp-content/uploads/2024/04/Senza-titolo-3-1.jpg,"Nel 1969 nasce il leggendario movimento Beta 21, pronto a proiettare l’orologeria svizzera nel XX secolo. Nel 1970, Rolex presenta alla Fiera di Basilea il simbolo del lusso futuristico più sfrenato: la referenza 5100. La linea del bracciale richiama un President reinterpretato secondo i canoni spigolosi degli anni ’70, mentre il disegno e lo spessore della cassa sono in realtà dovuti al movimento interno, progettato per diversi marchi e dunque non adattabile alla famosa cassa Oyster. Prodotto in edizione limitatissima, per garantire l’esclusività di questo capolavoro: solamente 1000 pezzi! Tutti i 1000 modelli vennero venduti in prevendita, ancor prima dell’inizio della produzione! Queste caratteristiche portarono il pubblico a conferirgli un soprannome che rappresentasse la sua opulenza e sfacciataggine. “Per permettersi un orologio del genere e sfoggiare la sua tracotanza, bisogna di certo essere dei miliardari petrolieri texani!” deve aver pensato chi per primo soprannominò questo Rolex “Il Texano“. La maison decise di offrire agli acquirenti dell’orologio più lussuoso del mondo l’iscrizione al più esclusivo dei club: il “Rolex Quartz Club“. Creato ad hoc per l’occasione, l’iscrizione era automatica all’acquisto di un Quartz ref.5100. Per i pochissimi fortunati il Club garantiva l’entrata illimitata presso la sede centrale di Ginevra con tour privato e firma nel Registro d’Oro di Rolex. Lesemplare che offriamo è in ottime condizioni, il quadrante dorato è in perfetto equilibrio con la cassa e il bracciale che preservano le loro forma autentiche. Viene completato con nostra certificazione di autenticità e un anno di garanzia sul funzionamento. Spedizioni in tutto il mondo con corriere assicurato FedEx in 24/48h.",Watch Center,True
"Rolex Submariner Date Transitional Reference 168000, from 1987",Rolex,10900,https://watchcenter.ch/prodotto/rolex-submariner-date-transitional-reference-168000-from-1987/,https://watchcenter.ch/wp-content/uploads/2024/04/1-13.jpg,"Rolex Submariner 168000 dellanno 1987. Seriale R248XXX. Questa referenza tradizionale è levoluzione del modello 16800, viene prodotto con limpiego del nuovo metallo anallergico 904L che contraddistinguerà tutta la produzione successiva della referenza 16610. Quadrante bicchierini Swiss T &lt; 25. Completo di scatola originale Rolex, expertise e nostra garanzia di funzionamento per un anno. Spedizioni in tutto il mondo con corriere FedEx assicurato in 24/48h.",Watch Center,True
"Jaeger-LeCoultre Vintage Futurematic Ref. E502, Stainless Steel, from the 50s",Jaeger-LeCoultre,8900,https://watchcenter.ch/prodotto/jaeger-lecoultre-vintage-futurematic-ref-e502-stainless-steel-from-the-50s/,https://watchcenter.ch/wp-content/uploads/2024/04/RISERVA.jpg,"Il Jaeger LeCoultre Futurematic presenta numerosi miglioramenti tecnici che lo hanno reso l’orologio automatico più preciso al momento del suo lancio nel 1951. È il primo orologio da polso senza corona di carica, la cui assenza gli conferisce unestetica perfettamente circolare. Con le sue lancette Dauphine e gli indici applicati, questo segnatempo emana un’eleganza distinta. Il contatore della riserva di carica a ore 9 fa eco a quello dei piccoli secondi situato a ore 3, conferendo al quadrante un effetto perfettamente bilanciato. Dotato del Calibro Jaeger-LeCoultre 497 a carica automatica, l’orologio monta un elegante cinturino in pelle di alligatore nero JLC. In condizioni perfette (new old stock), viene completato da nostra certificazione di autenticità e da un anno di nostra garanzia di funzionamento. Spedizioni in tutto il mondo con corriere assicurato Fedex in 24/48 ore.",Watch Center,True
"Patek Philippe Golden Lady Ellipse, 18kt Yellow Gold and Diamonds, Ref. 4882, Manual-Winding from 1991",Patek Philippe,12600,https://watchcenter.ch/prodotto/patek-philippe-golden-lady-ellipse-18kt-yellow-gold-and-diamonds-ref-4882-manual-winding/,https://watchcenter.ch/wp-content/uploads/2024/04/1-9.jpg,"Bellissimo Patek Philippe Lady Ellipse ref. 4882. Cassa 2328 in oro giallo 18kt, con lunetta e anse in diamanti, fondo a scatto e zaffiro cabochon in corona. Iconico quadrante blu con 4 diamanti alle 12, 3, 6 e 9 Movimento meccanico carica manuale, vetro zaffiro. Cinturino in alligatore nero con ardiglione in oro giallo 18kt, tutto Patek Philippe In ottime condizioni, corredato da estratto degli archivi e un anno di garanzia Watch Center sul funzionamento. Spedizioni in tutto il mondo con corriere assicurato Fedex in 24/48 ore.",Watch Center,True
"Patek Philippe Amazing Chronograph Pocket Watch “Eberhard-Milan”, from the 20s, Full Set",Patek Philippe,21900,https://watchcenter.ch/prodotto/patek-philippe-amazing-chronograph-pocket-watch-eberhard-milan-from-the-20s-full-set/,https://watchcenter.ch/wp-content/uploads/2024/04/frontale-con-scatola.jpg,"Orologio da tasca Patek Philippe cronografo in oro giallo 18kt degli anni 20! Cassa di 47.5 mm con monopulsante cronografico in corona che si attiva o disattiva slittando la levetta a ore 11. Bellissimo quadrante bianco con numeri Breguet personalizzato per Eberhard Milan! Piccoli secondi a ore 6 e contatore dei minuti cronografici a ore 12. Lancette in acciaio azzurrato. Lorologio è in condizioni eccezionali, è stato incredibilmente conservato tutto il corredo dellepoca , scatola e garanzia dorigine Patek Philippe, oltre che vetro e molla di ricambio! Viene inoltre fornito con un anno di nostra garanzia sul funzionamento. Questo orologio può essere acquistato direttamente nel nostro negozio a Lugano, in Svizzera, oppure online. Spedizioni in tutto il mondo con corriere assicurato Fedex in 24/48 ore.",Watch Center,True
"Rolex Vintage Daytona Ref. 6263, Floating Big Red Dial, from year 1979",Rolex,92500,https://watchcenter.ch/prodotto/rolex-vintage-daytona-ref-6263-floating-big-red-dial-from-year-1979/,https://watchcenter.ch/wp-content/uploads/2024/04/ambientata-1.jpg,"Rolex Daytona Ref. 6263 in acciaio del 1979. Cassa seriale 6.1M. Inserto ghiera nero, riporta la scala tachimetrica graduata per velocità fino a 200 Km/h. Bellissimo quadrante silver con scritta rossa Big Red Daytona. Calibro 727 numerato, a carica manuale. Lintero movimento è stato revisionato dal nostro laboratorio specializzato e viene garantito per la durata di un anno. Questo orologio può essere acquistato direttamente nel nostro negozio a Lugano, in Svizzera, oppure online. Spedizioni in tutto il mondo con corriere assicurato Fedex in 24/48 ore.",Watch Center,True
"Patek Philippe Ref. 5004G, Grand Complications Split Seconds Chronograph & Perpetual Calendar, Full Set",Patek Philippe,340000,https://watchcenter.ch/prodotto/patek-philippe-split-seconds-perpetual-calendar-ref-5004g-18kt-white-gold-full-set/,https://watchcenter.ch/wp-content/uploads/2024/04/nuova2-3.jpg,"La referenza 5004, prodotta dal 1994 al 2012, unisce la complicazione del calendario perpetuo con la doppia cronografia detta funzione rattrapante (funzione cronografica con due lancette dei secondi sovrapposte, utilizzata per misurare due tempi diversi), una maestria tecnica che spiega il numero limitatissimo di pezzi prodotti ed in circolazione. Realizzato in pochissimi pezzi in acciaio e in tutti i metalli preziosi: oro giallo, rosa e bianco, oltre che in platino. Rimanendo complessivamente una referenza rara in qualsiasi metallo, poiché la produzione totale è di poche centinaia di pezzi, si ritiene che tra tutti gli esemplari in metallo prezioso prodotti, loro bianco sia il più raro, il che rende questo esemplare un pezzo molto ricercato dai collezionisti. Bellissimo quadrante grigio opaline con numeri arabi applicati. Il calibro CHR 27-70 Q a carica manuale è di soli 30 mm ed offre una riserva di carica di 60 ore. La cassa, di 36,5 mm, risulta una misura molto sobria ed elegante rispetto a quella del suo moderno successore, il 5204, di 40,2 mm. Cinturino in alligatore nero con chiusura deployante in oro bianco 18kt, tutto Patek Philippe. Lorologio è in condizioni perfette, completo del secondo fondello in oro bianco 18kt, pin di regolazione, scatola e garanzia Patek Philippe del 2005. Spedizioni in tutto il mondo con corriere assicurato FedEx in 24/48h.",Watch Center,True
"Patek Philippe World Time 18kt Rose Gold, Ref. 5130R, NOS, Full Set 2014",Patek Philippe,36900,https://watchcenter.ch/prodotto/patek-philippe-world-time-18kt-rose-gold-ref-5130r-nos-full-set-2014/,https://watchcenter.ch/wp-content/uploads/2024/04/prima-1.jpg,"Elegante e raffinato Patek Philippe Ore del Mondo in oro rosa, ref.5130R. Cassa da 39.5 mm in oro rosa con fondello in vetro zaffiro, ghiera liscia. Quadrante silver con centro taupe, indicazione del giorno e della notte e delle ore del mondo. Movimento meccanico a carica automatica calibro 240 HU. Bracciale in coccodrillo marrone con chiusura deployante in oro rosa. In condizioni perfette, pari al nuovo e mai indossato, corredato da scatola, garanzia dorigine Patek Philippe del 2014. Un anno di nostra garanzia di negozio sul funzionamento. Spedizioni in tutto il mondo con corriere assicurato Fedex in 24/48 ore.",Watch Center,True
"Rolex Explorer Limited Edition “Milan Club” 150 pcs, New Old Stock",Rolex,39900,https://watchcenter.ch/prodotto/rolex-explorer-limited-edition-milan-club-150-pcs-new-old-stock/,https://watchcenter.ch/wp-content/uploads/2024/04/instagram-1.jpg,"Rolex Explorer ref. 114270, edizione limitata Milan Club di 150 pezzi commissionata a Rolex nel 2007. Cassa 36 mm in acciaio con bracciale Oyster, lunetta liscia, quadrante nero con stemma dell A.C. Milan, indici e numeri arabi applicati e secondi al centro. Fondello inciso con le coppe delle tre competizioni vinte dal club nel 2007. Orologio è nuovo, mai indossato, sono ancora presenti le plastiche protettive. Corredato da scatola e garanzia dorigine Rolex e da garanzia di negozio di un anno sul funzionamento. Spedizioni in tutto il mondo con corriere assicurato Fedex in 24/48 ore.",Watch Center,False
"Gérald Genta Donald Duck Disney 24mm Steel and Gold , MOP dial, Vintage Octogon from the 1990s",Other,4950,https://watchcenter.ch/prodotto/gerald-genta-donald-duck-disney-24mm-steel-and-gold-mop-dial-vintage-octogon-from-the-1990s/,https://watchcenter.ch/wp-content/uploads/2024/04/Senza-titolo-1.jpg,"Raro e divertente orologio Gerald Genta Disney Donald Duck ref. G3699.7. Cassa ottagonale di 24 mm in acciaio e oro giallo 18kt. Bellissimo quadrante madreperla con Donald Duck che segna le ore con le braccia. Movimento al quarzo, vetro zaffiro. Cinturino in pelle di coccodrillo blu con fibbia in acciaio o oro, tutto Gerald Genta. In ottime condizioni, viene fornito con un anno di garanzia di negozio sul meccanismo. Spedizioni in tutto il mondo con corriere assicurato Fedex in 24/48 ore.",Watch Center,False
"Rolex Prince “Ram’s Horn” Ref. 3937, 18kt yellow Gold, from year 1946",Rolex,8950,https://watchcenter.ch/prodotto/rolex-prince-rams-horn-ref-3937-18kt-yellow-gold-from-year-1946/,https://watchcenter.ch/wp-content/uploads/2024/04/1-3.jpg,"Rolex Prince Rams Horn, Ref. 3937, fabbricato nel 1946. Cassa rettangolare con anse a ricciolo dette appunto corno dariete. Quadrante champagne con applicati indici e numeri romani in oro, piccoli secondi a ore 6, lancette dorate a foglia. Movimento meccanico a carica manuale. Cinturino in lucertola nera. In condizioni ottime, accompagnato da un anno di garanzia di negozio sul funzionamento. Spedizioni in tutto il mondo con corriere assicurato Fedex in 24/48 ore.",Watch Center,True
Patek Philippe Nautilus Jumbo Ref. 3700 MK1 Batons Dial – Extremely Rare,Patek Philippe,164000,https://watchcenter.ch/prodotto/patek-philippe-nautilus-jumbo-ref-3700-mk1-batons-dial-extremely-rare/,https://watchcenter.ch/wp-content/uploads/2024/04/corredo3-1.jpg,"La produzione della ref. 3700 è stata suddivisa in due serie principali: i primi esemplari (1976-1982) con ref. 3700/1, mentre gli esemplari successivi, dal 1982 al 1990, con referenza 3700/11. I primi esemplari del modello presentavano un bracciale leggermente più largo, di 16 mm, mentre gli esemplari successivi si assottigliavano a 14 mm. I primissimi esemplari presentavano inoltre quadranti con minuteria esterna a piccoli bastoni, laccento della seconda E di Genéve attaccato alla lettera e la scritta σ SWISS σ applicata sulla parte inferiore del quadrante. Tutti gli esemplari successivi presentano la classica minuteria esterna punteggiata. Offerto in condizioni generali eccellenti, completo della rarissima scatola originale in sughero e dellestratto degli Archivi Patek Philippe. Può essere acquistato direttamente nel nostro negozio a Lugano, in Svizzera, oppure online. Spedizioni in tutto il mondo con corriere assicurato Fedex in 24/48 ore.",Watch Center,True
"Ulysse Nardin Vintage Triple Calendar Moonphase, Stainless Steel, from 60s",Other,6900,https://watchcenter.ch/prodotto/ulysse-nardin-vintage-triple-calendar-moonphase-stainless-steel-from-60s/,https://watchcenter.ch/wp-content/uploads/2024/04/1-14.jpg,"Un bellissimo Ulysse Nardin vintage tripla data e fasi lunari degli anni 60 in condizioni eccezionali! Cassa in acciaio di 35 mm con fondello a scatto. Quadrante argentè con datario panoramico blu, finestra di giorno e mese sotto ore 12 e fasi lunari a ore 6. Movimento automatico, secondi centrali, vetro plexiglass. In condizioni originali! Corredato da un anno di garanzia di negozio sul funzionamento. Spedizioni in tutto il mondo con corriere assicurato Fedex in 24/48 ore.",Watch Center,False
Rolex GMT Master Ref. 1675 Amazing Gilt Dial,Rolex,26900,https://watchcenter.ch/prodotto/rolex-gmt-master-ref-1675-amazing-gilt-dial/,https://watchcenter.ch/wp-content/uploads/2024/03/1-18.jpg,"Bellissimo e raro Rolex GMT Master Ref. 1675 prodotto nel 1965 (numero di cassa 1378XXX). Ciò che rende questo pezzo unico, è il raro quadrante che monta: si tratta infatti di un quadrante gilt che ritroviamo su pochi esemplari di questi anni, le quali caratteristiche principali sono la finitura lucida, minuteria aperta e grafica dorata. A completare la bellezza di questo quadrante, cè una leggera puntinatura talmente omogenea da sembrare voluta. Bellissimo anche il bracciale jubilee ripiegato del 4/65. In ottime condizioni, accompagnato da un anno di garanzia di negozio sul funzionamento. Spedizioni in tutto il mondo con corriere assicurato Fedex in 24/48 ore.",Watch Center,False
Patek Philippe Vintage Calatrava ref. 2509 18kt Rose Gold from 50s,Patek Philippe,34500,https://watchcenter.ch/prodotto/patek-philippe-vintage-calatrava-ref-2509-18kt-rose-gold-from-50s/,https://watchcenter.ch/wp-content/uploads/2024/03/prima-foto-10.jpg,"Bellissimo Patek Philippe vintage Calatrava ref. 2509 del 1954. Prodotta tra il 1950 e la fine degli anni Sessanta, la referenza 2509 è la gemella della referenza 2508. La differenza tra i due modelli è che lo 08 ha i secondi centrali, mentre lo 09 ha i secondi alle 6. Cassa in oro rosa 18kt di 35 mm con fondello avvitato e caratteristico coperchio interno antipolvere. Il meraviglioso quadrante opaline è in condizioni eccezionali, con indici lunghi applicati in oro rosa. Movimento a carica manuale con calibro 12-400, vetro plexiglass. Cinturino in coccodrillo marrone con chiusura ardiglione in oro PP. In condizioni ottime, corredato da Estratto degli Archivi Patek Philippe e un anno di nostra garanzia sul funzionamento. Spedizioni in tutto il mondo con corriere assicurato Fedex in 24/48 ore.",Watch Center,False
Omega Vintage Cosmic Triple Calendar and Moon phase stainless steel ref.2471/1 from 1946,Omega,6400,https://watchcenter.ch/prodotto/omega-vintage-cosmic-triple-calendar-and-moon-phase-stainless-steel-ref-2471-1-from-1946/,https://watchcenter.ch/wp-content/uploads/2024/03/IMG_8859.webp,"Omega Cosmic in acciaio ref. 2471/1 degli anni 40. Cassa in acciaio da 35 mm con fondello a scatto. Bellissimo quadrante bitonale argentè con giorno e mese a ore 12 e fasi lunari e piccoli secondi a ore 6. Datario panoramico con lancetta dedicata in acciaio azzurrato. In condizioni originali, corredato da nostra certificazione di autenticità e un anno di nostra garanzia sul funzionamento. Spedizioni in tutto il mondo con corriere assicurato Fedex in 24/48 ore.",Watch Center,True
"Rolex Vintage Day-Date ref.1803 18kt Yellow Gold, Rare Sigma Diamond Dial, from 1966",Rolex,13900,https://watchcenter.ch/prodotto/rolex-vintage-day-date-ref-1803-18kt-yellow-gold-rare-sigma-diamond-dial-from-1966/,https://watchcenter.ch/wp-content/uploads/2024/03/3-7.jpg,"Bellissimo e raro Rolex Oyster Perpetual Day Date Ref. 1803 del 1966. Cassa in oro giallo 18k di 36mm con lunetta zigrinata. Questo raro quadrante champagne con indici in diamanti e sigma a ore 6 è in condizioni perfette! Movimento meccanico a carica automatica cal. 1556. Cinturino in lucertola beige con ardiglione Rolex placcato oro, vetro plexiglass. In condizioni eccezionali, corredato di un anno garanzia di negozio sul funzionamento. Spedizioni in tutto il mondo con corriere assicurato Fedex in 24/48 ore.",Watch Center,False
"Rolex Vintage Daytona Ref. 6265 Sigma Black Dial, from 1976",Rolex,73500,https://watchcenter.ch/prodotto/rolex-vintage-daytona-ref-6265-sigma-black-dial-from-1976/,https://watchcenter.ch/wp-content/uploads/2024/03/Senza-titolo-6-1.jpg,"Iconico Rolex Daytona a carica manuale ref.6265. La referenza 6265 è caratterizzata dalla lunetta acciaio, i pulsanti cronografici avvitati e il calibro 727. Questo esemplare del 1976 porta un bellissimo quadrante nero con le sigma a ore 6. I quadranti Sigma possono essere trovati su orologi Rolex dallinizio degli anni 70 fino allultima parte del decennio, presentano due segni σ che circondano la firma T SWISS T appena sotto le ore 6 del quadrante (T si riferisce alluso del trizio come luminescenza sul quadrante). Pertanto, i quadranti Rolex Sigma indicano che gli indici e le lancette applicati sono realizzati in oro 18 carati. Movimento meccanico 727, bracciale Oyster blindato ref.78350 con terminali 557. In condizioni eccezionali, completo di nostra certificazione di autenticità e un anno di garanzia sul funzionamento. Può essere acquistato direttamente nel nostro negozio a Lugano, in Svizzera, oppure online. Spedizioni in tutto il mondo con corriere assicurato Fedex in 24/48 ore.",Watch Center,False
"Audemars Piguet Royal Oak Lady 18kt Yellow Gold, from 90s",Audemars Piguet,13900,https://watchcenter.ch/prodotto/audemars-piguet-royal-oak-lady-18kt-yellow-gold-from-90s/,https://watchcenter.ch/wp-content/uploads/2024/03/prima-foto-7.jpg,"Audemars Piguet Royal Oak Lady anni 90. Cassa in oro giallo 18kt da 26mm. Quadrante dorato con indici in oro applicati e datario a ore 3. Movimento quarzo, vetro zaffiro. Bracciale Royal Oak integrato in oro 18kt con chiusura deployante a scomparsa. In condizioni ottime, corredato da nostra certificazione di autenticità e un anno di garanzia di negozio sul movimento. Questo orologio può essere acquistato direttamente nel nostro negozio a Lugano, in Svizzera, oppure online. Spedizioni in tutto il mondo con corriere assicurato Fedex in 24/48 ore.",Watch Center,True
"Heuer Carrera, Ref. 1153, from the 1970s",Heuer,5900,https://watchcenter.ch/prodotto/heuer-carrera-ref-1153-from-70s/,https://watchcenter.ch/wp-content/uploads/2024/03/prima-foto-12.jpg,"Bellissimo Heuer Carrera, ref. 1153 degli anni 70. Cassa in acciaio di 38 mm con anse ricurve, pulsanti tondi del cronografo e corona a sinistra. Quadrante grigio con doppi indici applicati luminescenti, lancette luminescenti e arancione per i secondi cronografici. Apertura data a ore 6, minuti cronografici a ore 3 e ore cronografiche a ore 9. Movimento meccanico a carica manuale, cal.12. In ottime condizioni, completo di un anno di garanzia di negozio sul funzionamento. Spedizioni in tutto il mondo con corriere assicurato Fedex in 24/48 ore.",Watch Center,False
"Vacheron Constantin Amazing Art Decò Lady Watch, Platinum, Onyx and Diamonds, from 20s",Vacheron Constantin,9600,https://watchcenter.ch/prodotto/vacheron-constantin-amazing-art-deco-lady-watch-platinum-onyx-and-diamonds-from-20s/,https://watchcenter.ch/wp-content/uploads/2024/03/vach-lady.jpg,"Elegante e raffinato orologio da donna Vacheron Constantin Art Decò anni 20! Cassa ovale in platino cesellata a mano e firmata Vacheron Constantin, 4 diamanti segnano le anse. Il quadrante romboidale, con numeri arabi e lancette in acciaio azzurrato, è ritagliato in una lastra in onice e contornato da una ghiera in platino con 22 diamanti! Il meccanismo meccanico a carica manuale è anchesso di forma ovoidale e impreziosisce ulteriormente questo incredibile orologio! Cinturino in raso nero con chiusura ardiglione. In condizioni originali ed accompagnato da nostra certificazione dautenticità e un anno di garanzia sul funzionamento. Spedizioni in tutto il mondo con corriere assicurato Fedex in 24/48 ore.",Watch Center,True
"Heuer Autavia Chronograph Ref.11063V, Tachymeter Scale, Calibre 12",Heuer,5950,https://watchcenter.ch/prodotto/heuer-autavia-chronograph-ref-11063v-tachymeter-scale-calibre-12/,https://watchcenter.ch/wp-content/uploads/2024/03/prima-foto-11.jpg,"Heuer Autavia cronografo ref.11063V del 1984 circa. Cassa in acciaio di 42 mm con fondello avvitato. Quadrante nero con contatori a contrasto, dettagli rossi e datario a ore 6. Ghiera unidirezionale con scala tachimetrica. Movimento meccanico a carica automatica calibro 12. Bracciale acciaio integrato, vetro minerale. In condizioni ottime, completo di un anno di garanzia di negozio sul funzionamento. Spedizioni in tutto il mondo con corriere assicurato Fedex in 24/48 ore.",Watch Center,False
Patek Philippe Vintage Nautilus ref. 3800 18kt Yellow Gold from 1987 with Extract PP,Patek Philippe,89000,https://watchcenter.ch/prodotto/patek-philippe-vintage-nautilus-ref-3800-18kt-yellow-gold-from-1987-with-extract-pp/,https://watchcenter.ch/wp-content/uploads/2024/03/frontale-13.jpg,"Splendido Patek Philippe Nautilus ref.3800 in oro giallo 18kt del 1987. Cassa 37 mm in tre corpi in oro giallo con bracciale Nautilus sempre in oro giallo e chiusura deployante in oro bianco 18kt. Quadrante tapisserie nero con applicati gli indici in oro, datario a ore 3. Movimento meccanico a carica automatica calibro 335 SC, vetro zaffiro. In condizioni eccezionali, accompagnato da Estratto degli Archivi Patek Philippe e un anno di garanzia di negozio sul funzionamento. Spedizioni in tutto il mondo con corriere assicurato Fedex in 24/48 ore.",Watch Center,False
"Rolex 18kt White Gold ref.1803, Jubilee Bracelet, from 1964",Rolex,24900,https://watchcenter.ch/prodotto/rolex-18kt-white-gold-ref-1803-jubilee-bracelet-from-1964/,https://watchcenter.ch/wp-content/uploads/2024/03/frontal-1.jpg,"Bellissimo Rolex Oyster Perpetual Day Date Ref. 1803 del 1964. Cassa in oro bianco 18k di 36mm con lunetta zigrinata. Quadrante argentè con calendario in italiano! Movimento meccanico a carica automatica cal. 1556. Lorologio è completato dal suo prezioso bracciale Jubilee in oro bianco 18kt! In condizioni eccezionali, corredato di un anno garanzia di negozio sul funzionamento. Spedizioni in tutto il mondo con corriere assicurato Fedex in 24/48 ore.",Watch Center,False
"Audemars Piguet Royal Oak ref. 14790, Amazing Honey Tropical Dial, Full Set 2000 from 125th",Audemars Piguet,105000,https://watchcenter.ch/prodotto/audemars-piguet-royal-oak-ref-14790-amazing-honey-tropical-dial-full-set-2000-from-125th/,https://watchcenter.ch/wp-content/uploads/2024/03/Senza-titolo-6tt-1.jpg,"Audemars Piguet Royal Oak, Referenza 14790ST. Cassa in acciaio diametro 36 mm, corona avvitata. Lincredibile quadrante petite tapisserie che nasceva del classico colore grigio antracite (finale di referenza /01, le scritte bianche sul quadrante tradiscono il suo colore dorigine) è virato ad uno spettacolare e perfettamente omogeneo miele dorato! Vetro zaffiro, bracciale integrato in acciaio inossidabile con chiusura déployante a scomparsa, movimento meccanico a carica automatica cal 2225. In condizioni davvero ottime, completo di libretto, scatola, tag, garanzia Audemars Piguet e certificazione che lorologio ha lasciato la manifattura nel 2000, anno della ricorrenza dei suoi 125 anni! Questo orologio può essere acquistato direttamente nel nostro negozio a Lugano, in Svizzera, oppure online. Spedizione assicurata in tutto il mondo con corriere Fedex in 24/48 ore",Watch Center,False
"Rolex Amazing Vintage Chronograph Pre-Daytona, ref. 6238 Stainless Steel, Black Dial",Rolex,180000,https://watchcenter.ch/prodotto/rolex-amazing-vintage-chronograph-pre-daytona-ref-6238-stainless-steel-black-dial/,https://watchcenter.ch/wp-content/uploads/2024/03/PRIMA-FOTO-9.jpg,"Il cronografo con referenza 6238, denominato Pre-Daytona è stato introdotto sul mercato nel 1962 e prodotto fino al 1967. E il primo cronografo moderno realizzato dalla Rolex in soli 3600 esemplari circa, in tre versioni: acciaio, oro giallo 14k e oro giallo 18k, un vero e proprio “antenato” del Daytona. Cassa Oyster con fondello a vite, lunetta liscia, scala tachimetrica sul quadrante, vetro bombato Tropic 2, pulsanti a pompa, sono le caratteristiche principali del modello 6238. Questo esemplare in acciaio è particolarmente raro in quanto monta il quadrante nero, se ne stima infatti una produzione totale di circa 700 pezzi. In condizioni eccezionali, corredato da expertise di Valter Barocco e un anno di nostra garanzia sul funzionamento. Può essere acquistato direttamente nel nostro negozio a Lugano, in Svizzera, oppure online. Spedizioni in tutto il mondo con corriere assicurato Fedex in 24/48 ore.",Watch Center,False
"Rolex Daytona Zenith, Ref. 16518, Black Diamonds Dial, 18kt Yellow Gold, Full Set from 2000",Rolex,42900,https://watchcenter.ch/prodotto/rolex-daytona-zenith-ref-16518-black-diamonds-dial-18kt-yellow-gold-full-set-from-2000/,https://watchcenter.ch/wp-content/uploads/2024/03/prima-fotomn.jpg,"Rolex Daytona ref.16518 prodotto nel 2000. Cassa 40 mm in oro giallo 18kt con cinturino in coccodrillo marrone e deployante Rolex in oro. Movimento automatico Zenith El Primero calibro 4030, quadrante nero con diamanti e numeri arabi. In condizioni perfette, corredato da scatola e garanzia Rolex del 2000, e un anno di nostra garanzia di negozio sul meccanismo. Spedizione in tutto il mondo con corriere assicurato Fedex in 24/48 ore.",Watch Center,False
"Rolex Submariner Date Blue Dial ref. 16618, with Box and Service Rolex",Rolex,28900,https://watchcenter.ch/prodotto/rolex-submariner-date-blue-dial-ref-16618-with-box-and-service-rolex/,https://watchcenter.ch/wp-content/uploads/2024/03/2144.jpg,"Rolex Submariner Date Ref. 16618, del 1990. Cassa 40 mm in oro 18kt con lunetta unidirezionale in oro 18kt con inserto blu. Bellissimo quadrante blu con indici applicati e datario a ore3. Bracciale Oyster oro 18kt con chiusura deployante. In condizioni ottime, è accompagnato da scatola e service Rolex del 2011 oltre che da un anno di nostra garanzia sul funzionamento. Spedizioni in tutto il mondo con corriere assicurato Fedex in 24/48 ore.",Watch Center,False
"Rolex Explorer II Ref. 16570, “Chicchi di Mais” Porcelain Polar Dial, Full Set 1995",Rolex,12500,https://watchcenter.ch/prodotto/rolex-explorer-ii-ref-16570-chicchi-di-mais-porcelain-polar-dial-full-set-1995/,https://watchcenter.ch/wp-content/uploads/2024/03/frontale-6.jpg,"Rolex Explorer II, ref. 16570 del 1995. Cassa 40 mm e bracciale oyster in acciaio. La particolarità di questo esemplare è il quadrante in porcellana con indici al trizio contornati di nero, Polar Dial, virati ad una patina color crema soprannominata dai collezionisti Chicchi di Mais. Questo particolare quadrante con i suoi viraggi così caratteristici verrà dismesso nel 1998 circa quando Rolex passerà alla luminescenza Luminova. Lorologio è in ottime condizioni, corredato da scatola e garanzia Rolex del 1995 e da un anno di nostra garanzia sul funzionamento. Può essere acquistato direttamente nel nostro negozio a Lugano, in Svizzera, oppure online. Spedizioni in tutto il mondo con corriere assicurato Fedex in 24/48 ore.",Watch Center,True
"Omega Speedmaster Professional Moonwatch, Full Set 2019",Omega,5900,https://watchcenter.ch/prodotto/omega-speedmaster-professional-moonwatch-full-set-2019/,https://watchcenter.ch/wp-content/uploads/2024/03/2-3.jpg,"Omega Speedmaster Moonwatch ref. 31130423001006. Cassa in acciaio da 42mm con fondello in vetro zaffiro. Quadrante nero e ghiera nera. Movimento meccanico a carica manuale cal 1863, vetro plexiglass. In condizioni perfette, corredato da scatola e garanzia omega del 2019 ed un anno di nostra garanzia sul funzionamento. Questo orologio può essere acquistato direttamente nel nostro negozio a Lugano, in Svizzera, oppure online. Spedizioni in tutto il mondo con corriere assicurato Fedex in 24/48 ore.",Watch Center,True
"Jaeger-LeCoultre Amazing Vintage Reverso for Cartier from 40s, Stainless Steel, Manual Winding",Cartier,19500,https://watchcenter.ch/prodotto/jaeger-lecoultre-amazing-vintage-reverso-for-cartier-from-40s-stainless-steel-manual-winding/,,"Questo è lorologio graal per i collezionisti Cartier e Reverso Jaeger LeCoultre! Una grande collaborazione fatta tra i due marchi negli anni 40! La cassa in acciaio è in ottime condizioni, le sue forme originali sono intatte e i numeri e le incisioni perfettamente conservate. Il quadrante originale con firma Cartier e Swiss al 6 è in condizioni immacolate, così come gli indici e le lancette applicate in oro. Il movimento a carica manuale JLC è stato revisionato nel nostro laboratorio specializzato e funziona perfettamente. Cinturino JLC in struzzo rosso con fibbia Cartier in oro 18kt, vetro minerale. Questo meraviglioso orologio è accompagnato dal nostro certificato di autenticità e da un anno di garanzia sul meccanismo. Spedizioni in tutto il mondo con corriere assicurato Fedex in 24/48 ore.",Watch Center,True
"Rolex GMT-Master 18kt Yellow Gold, ref. 1675, Black Nipple Dial, from 1979",Rolex,32300,https://watchcenter.ch/prodotto/rolex-gmt-master-18kt-yellow-gold-ref-1675-black-nipple-dial-from-1979/,https://watchcenter.ch/wp-content/uploads/2024/03/1-16.jpg,"Il Rolex GMT in oro nasce nel 1955 e resta in produzione fino al 1959 con la referenza 6542/8. E proprio nel 1959 che Rolex presenta, così come per lacciaio, la referenza 1675 che resterà in produzione fino al 1980. Questo esemplare in condizioni eccezionali è stato prodotto nel 1979. Cassa 40mm in oro giallo 18kt, ghiera bidirezionale con inserto nero. Quadrante nero con bicchierini a cono denominato Nipple Dial, lancette Mercedes. Movimento meccanico a carica automatica cal.1570. A completarlo il bellissimo bracciale Jubilee a scomparsa in oro giallo 18kt. Lorologio è accompagnato da nostra certificazione di autenticità e un anno di garanzia di negozio sul funzionamento. Spedizioni in tutto il mondo con corriere assicurato Fedex in 24/48 ore.",Watch Center,True
"Rolex Vintage Stainless Steel Bubbleback Ref. 3134, Black Dial, From the year 1941",Rolex,10800,https://watchcenter.ch/prodotto/rolex-vintage-stainless-steel-bubbleback-ref-3134-black-dial-from-the-year-1941/,https://watchcenter.ch/wp-content/uploads/2023/12/1-247.jpg,"Questo è uno degli orologi su cui è stata costruita la reputazione stellare del marchio Rolex, incarna due degli sviluppi perfezionati da Rolex: la cassa impermeabile e il meccanismo a carica automatica. E noto come bubbleback, il meccanismo a carica automatica era notevolmente più spesso di un tradizionale meccanismo a carica manuale e, piuttosto che compromettere laspetto della cassa, Rolex ha creato uno spazio per il movimento allinterno del fondello bombato. Questo bellissimo esemplare del 1941, referenza 3134, è completamente in acciaio ed è caratterizzato dalla lunetta liscia e dai secondi centrali. Il meraviglioso quadrante nero opaco presenta grandi numeri arabi e indici bianchi alle ore e più centralmente lindicazione delle ore pomeridiane in rosso! Cinturino in pelle nera con chiusura ardiglione in acciaio Rolex. In ottime condizioni, corredato da nostra certificazione di autenticità e un anno di garanzia sul funzionamento. Spedizioni in tutto il mondo con corriere assicurato Fedex in 24/48 ore.",Watch Center,False
"Patek Philippe Vintage Calatrava, 18kt yellow gold Ref. 2449 retailed by Hausmann, from 1951",Patek Philippe,14900,https://watchcenter.ch/prodotto/patek-philippe-vintage-calatrava-18kt-yellow-gold-ref-2449-retailed-by-hausmann-from-1951/,https://watchcenter.ch/wp-content/uploads/2023/12/1-192.jpg,"Bellissimo Patek Philippe Calatrava in oro giallo 18 kt ref.2449, del 1951. Cassa in oro giallo di 35mm con ghiera liscia. Quadrante beige con indici applicati in oro giallo, piccoli secondi a ore 6, lancette in oro giallo. Movimento meccanico manuale cal 12-120 PS, vetro plexiglass. Il quadrante è stato personalizzato per il rivenditore Hausmann! Cinturino in alligatore marrone e ardiglione in oro 18kt, tutto Patek Philippe! In ottime condizioni, corredato da Estratto degli Archivi Patek Philippe e da un anno di garanzia di negozio sul funzionamento. Spedizioni in tutto il mondo con corriere assicurato Fedex in 24/48 ore.",Watch Center,True
"Ulysse Nardin Rectangular Silver watch, from the 1920s",Other,3950,https://watchcenter.ch/prodotto/ulysse-nardin-rectangular-silver-watch-from-20s/,https://watchcenter.ch/wp-content/uploads/2023/12/Senza-titolo-20.jpg,"Bellissimo Ulysse Nardin in argento degli anni 20. Cassa rettangolare in argento di 2631 mm, quadrante argentè con grandi numeri arabi neri. Piccoli secondi a ore 6, lancette in acciaio azzurrato. Movimento meccanico manuale, vetro minerale. In ottime condizioni, corredato da una revisione Ulysse Nardin del 1989 e da un anno di garanzia di negozio sul funzionamento. Accettiamo tutte le carte di credito e bonifici bancari. Spedizioni in tutto il mondo con corriere assicurato FedEx in 24/48 ore.",Watch Center,False
Patek Philippe Gondolo Tonneau 18K Yellow Gold made in 1914,Patek Philippe,19500,https://watchcenter.ch/prodotto/patek-philippe-gondolo-tonneau-18k-yellow-gold-made-in-1914/,https://watchcenter.ch/wp-content/uploads/2023/12/frontale-61.jpg,"Raffinato e raro Patek Philippe Gondolo Tonneau realizzato nel 1914. Cassa tonneau oro giallo 18k, vetro bombato, quadrante bicolore sabbia e argento con numeri arabi, movimento meccanico a carica manuale. In perfette condizioni, corredato da Estratto degli Archivi Patek Philippe e da un anno di garanzia di negozio sul funzionamento. Spedizioni in tutto il mondo con corriere assicurato Fedex in 24/48 ore.",Watch Center,False
"Heuer Vintage Chronograph, Stainless Steel, Two Tone Dial from 1949",Heuer,7900,https://watchcenter.ch/prodotto/heuer-vintage-chronograph-stainless-steel-two-tone-dial-from-1949/,https://watchcenter.ch/wp-content/uploads/2023/12/1-227.jpg,"Heuer cronografo prodotto negli anni 40. Cassa acciaio diametro 33 mm con fondello a scatto. Movimento meccanico a carica manuale con funzione cronografo a due contatori. Bellissimo quadrante due toni con numeri arabi neri. In perfette condizioni, corredato da un anno di garanzia di negozio sul funzionamento. Spedizioni in tutto il mondo con corriere assicurato Fedex in 24/48 ore.",Watch Center,False
"Longines Vintage Chronograph Ref. 5967, Cal. 30CH, 18kt YG. with Extract , from 50s",Longines,8900,https://watchcenter.ch/prodotto/longines-vintage-chronograph-ref-5967-mov-30ch-18-kt-yg-with-extract-from-50s/,https://watchcenter.ch/wp-content/uploads/2023/12/1-218.jpg,"Cronografo Longines vintage ref. 5967 degli anni 50, molto raro e ricercato. Cassa in oro giallo 18kt di 38 mm, con fondo a scatto. Quadrante beige con bellissima patina del tempo, indici a triangolo e numeri arabi applicati, contatori del cronografo a ore 3 e a ore 9. Movimento a carica manuale con limportante e rinomato calibro 30CH. In ottime condizioni, corredato di Estratto degli Archivi Longines e da un anno di garanzia di negozio sul funzionamento. Spedizioni in tutto il mondo con corriere assicurato Fedex in 24/48 ore.",Watch Center,False
Gübelin 18k Yellow Gold Vintage Square Triple Date Moonphase,Other,14900,https://watchcenter.ch/prodotto/gubelin-18k-yellow-gold-vintage-square-triple-date-moonphase/,https://watchcenter.ch/wp-content/uploads/2023/12/1-191.jpg,"Molto raffinato e raro Gubelin, del 1950 circa. Cassa quadrata in oro 18kt da 32mm con fondello in acciaio. Quadrante argento opaco con indici in oro in rilievo, datario panoramuci in blu con lancetta centrale, aperture per i giorni della settimana, i mesi e le fasi lunari. Secondi al centro, lancette Dauphine in oro, disco fasi lunari azzurro smaltato Movimento meccanico a carica automatica. Anse in pieno stile anni 50, vetro plastica bombato. In ottime condizioni,corredato da un anno di garanzia di negozio sul funzionamento. Spedizioni in tutto il mondo con corriere assicurato Fedex in 24/48 ore.",Watch Center,False
"Blancpain Flyback Chronograph Leman, Ref. 2185, Full Set 2004",Blancpain,7900,https://watchcenter.ch/prodotto/blancpain-flyback-chronograph-leman-ref-2185-full-set-2004/,https://watchcenter.ch/wp-content/uploads/2023/12/frontale-64.jpg,"Blancpain Leman Cronografo, ref.2185. Cassa acciaio diametro 38 mm con integrato bracciale acciaio. Quadrante nero con grandi cifre arabe luminose. Dispone di un cronografo con funzione flyback che permette il riavvio immediato del cronografo con una semplice pressione del pulsante invece della necessità di fermare e poi azzerare. Finestra con visualizzazione della data a ore 6. In ottime condizioni, corredato da scatola e garanzia Blancpain del 2004 e da un anno di nostra garanzia sul funzionamento. Questo orologio può essere acquistato direttamente nel nostro negozio a Lugano, in Svizzera, oppure online. Spedizioni in tutto il mondo con corriere assicurato Fedex in 24/48 ore.",Watch Center,False
"Piaget Piaget Pocket Dress Watch Ref. 964, from the 1960s, 18K Rose Gold",Piaget,4950,https://watchcenter.ch/prodotto/piaget-pocket-dress-watch-ref-964-made-in-60s-18k-rose-gold/,https://watchcenter.ch/wp-content/uploads/2023/12/Senza-titolo-2-3.jpg,"Bellissimo Piaget da tasca extra-sottile ref.964, realizzato negli anni 60. Cassa in oro rosa 18k stile Disco Volante da 42mm. Quadrante rosato con indici applicati in oro rosa. Movimento meccanico a carica manuale calibro 9P. In condizioni ottime, accompagnato da un anno di garanzia di negozio sul funzionamento. Spedizioni in tutto il mondo con corriere assicurato Fedex in 24/48 ore.",Watch Center,False
Rolex Oyster Perpetual Datejust Bark Finish 18kt Yellow Gold Ref. 1607 from 1962,Rolex,12900,https://watchcenter.ch/prodotto/rolex-oyster-perpetual-datejust-bark-finish-18kt-yellow-gold-ref-1607-from-1962/,https://watchcenter.ch/wp-content/uploads/2023/12/ab-1.jpg,"Rarissimo Rolex Oyster Perpetual Datejust Ref. 1607 del 1962! Questa rara referenza è caratterizzata dalla finitura bark della lunetta. Quadrante argenté in condizioni perfette con indici applicati in oro giallo e datario a ore 3. Movimento meccanico a carica automatica cal.1565 con secondi centrali. Cinturino in alligatore marrone e ardiglione Rolex! In condizioni eccezionali, viene accompagnato da nostro certificato di autenticità e un anno di garanzia sul funzionamento. Accettiamo tutte le carte di credito e bonifici bancari. Spedizioni in tutto il mondo con corriere assicurato Fedex in 24/48 ore.",Watch Center,False
"Rolex Vintage Chronograph Ref. 3055 called Piccolino 18kt Yellow Gold, 200 pcs, from 40s",Rolex,24000,https://watchcenter.ch/prodotto/rolex-piccolino-vintage-chronograph-ref-305518-kt-yellow-gold/,https://watchcenter.ch/wp-content/uploads/2023/12/3-101.jpg,"Rarissimo Rolex Cronografo vintage denominato Piccolino. Cassa antimagnetica di 30 mm in oro giallo 18 kt, ref. 3055, prodotto negli anni 40. Molto elegante e raro orologio di piccole dimensioni, si ritiene prodotto solo in 20 pezzi al mondo in oro rosa e 200 in oro giallo! Orologio a tre corpi, con ghiera liscia applicata e anse curve, pulsanti ovaloidi. Quadrante avorio opaco con applicati indici a bastone in oro giallo18 kt. Contatori dei piccoli secondi e dei 30 minuti e scala telemetrica e tachimetrica esterne. Lancette in oro giallo e lancette cronografiche in acciaio azzurrato, movimento a carica manuale con calibro Valjoux 69. In condizioni originali, corredato di un anno di garanzia di negozio sul funzionamento ed Expertise di Valter Barocco a conferma dellautenticità di tutte le componenti. Spedizioni in tutto il mondo con corriere assicurato Fedex in 24/48 ore.",Watch Center,False
"Chanel Mademoiselle Privé Ref. H3389 18kt White Gold and Diamonds, Full set",Other,19900,https://watchcenter.ch/prodotto/chanel-mademoiselle-prive-ref-h3389-18kt-white-gold-and-diamonds-full-set/,https://watchcenter.ch/wp-content/uploads/2023/12/1-182.jpg,"Bellissimo e speciale Chanel Mademoiselle Privè ref.H3389. Cassa in oro bianco 18 kt da 37mm con 60 diamanti taglio brillante (~1 carato) e corona in onice taglio cabochon. Quadrante blu con anello in vetro zaffiro con 12 indici di diamanti taglio brillante Cupola superiore in avventurina e minuteria Lancetta delle ore con punta a forma di luna, lancetta dei minuti a forma di cometa. Cinturino in satin nero e fibbia ad ardiglione in oro bianco 18 carati con 80 diamanti taglio brillante (~0,49 carati). Movimento meccanico a carica automatica, vetro zaffiro. Orologio pari al nuovo, corredato di scatola e garanzia Chanel. Prezzo di listino € 27000! Spedizioni in tutto il mondo con corriere assicurato Fedex in 24/48 ore.",Watch Center,False
Longines Vintage Chronograph 18kt Rose Gold Ref. 5966 caliber 30CH,Longines,7500,https://watchcenter.ch/prodotto/longines-vintage-chronograph-18kt-rose-gold-ref-5966-caliber-30ch/,https://watchcenter.ch/wp-content/uploads/2023/12/1-129.jpg,"Bellissimo Cronografo Longines vintage anni 50, ref.5966. Cassa in oro rosa 18 kt di 37,5 mm con fondello a scatto. Quadrante bianco con indici romboidali e numeri arabi applicati professionalmente rinfrescato, contatori del cronografo a ore 3 e a ore 9. Movimento a carica manuale con limportante e rinomato calibro CH30. In ottime condizioni, corredato da scatola Longines e da un anno di garanzia di negozio sul funzionamento. Spedizioni in tutto il mondo con corriere assicurato Fedex in 24/48 ore.",Watch Center,True
Rolex Datejust Ovettone Ref. 6305 Stainless Steel from 1954,Rolex,8900,https://watchcenter.ch/prodotto/rolex-datejust-ovettone-ref-6305-stainless-steel-from-1954/,https://watchcenter.ch/wp-content/uploads/2023/12/2-203.jpg,"Rolex Datejust Ovettone ref. 6305 in acciaio, del 1954. La ref. 6305 presenta per la prima volta una nuova cassa in tre corpi mantenendo però invariato il movimento, che rimane il consueto cal. A.296, e la combinazione lunetta zigrinata in oro bianco su cassa acciaio. Questo esemplare ha la particolarità di avere una cassa Upside Down. Quadrante bianco ristampato professionalmente con la scritta Datejust rossa, secondi centrali, datario rosso a ore 3. Movimento a carica automatica, vetro plexiglass. Cinturino in pelle marrone con fibbia Rolex in acciaio. In ottime condizioni, corredato da un anno di garanzia di negozio sul funzionamento. Spedizioni in tutto il mondo con corriere assicurato Fedex in 24/48 ore.",Watch Center,False
"Rolex Vintage Daytona Ref. 6263 – R Serial , Full Set 1987",Rolex,260000,https://watchcenter.ch/prodotto/rolex-daytona-ref-6263-r-serial-full-set/,https://watchcenter.ch/wp-content/uploads/2023/12/Senza-titolo-26-1.jpg,"Bellissimo Rolex Daytona Ref. 6263 seriale R del 1987 (ultimo anno di produzione dei Daytona a carica manuale). La referenza 6263 è stata introdotta sul mercato nel 1969 ed è rimasta in produzione fino al 1987 circa, per la maggior parte in acciaio, solo pochi pezzi sono stati prodotti in oro giallo e ancora meno sono rimasti nelle loro condizioni originali, come questo magnifico esemplare. Il quadrante champagne è perfettamente conservato, il materiale luminescente è presente e intatto in ogni indice e virato ad un piacevole ed omogeneo color crema così come nelle lancette. La cassa e il bracciale sono caratterizzati da una calda ossidazione che aumenta il fascino di questo pezzo spettacolare e dimostra come questo orologio sia rimasto intatto per molto tempo, quello che i collezionisti amano definire una Safe Queen! Non è mai stato lucidato, è possibile quindi rimuovere chimicamente lossidazione per riavere la cassa e il bracciale in condizioni pari al nuovo. Lorologio è completato infatti dal suo bracciale Oyster rivettato in oro 18kt referenza 7205 e terminali 71. La clasp K9 è anch’essa coeva. Viene fornito con la controscatola, scatola e garanzia Rolex dal 1987 e un anno di nostra garanzia sul funzionamento a seguito di un servizio meccanico completo. Spedizioni in tutto il mondo con corriere assicurato Fedex in 24/48 ore.",Watch Center,True
"Rolex Vintage Chronograph Ref. 2508, 18kt Yellow Gold, Black Dial, from the 40s",Rolex,48000,https://watchcenter.ch/prodotto/rolex-vintage-chronograph-ref-2508-black-dial-18kt-yellow-gold-from-40s/,https://watchcenter.ch/wp-content/uploads/2023/12/1-154.jpg,"Bellissimo e rarissimo Rolex Cronografo ref. 2508, in oro giallo 18kt realizzato negli anni 40. Cassa 36mm con fondello a scatto e pulsanti rettangolari. Movimento meccanico a carica manuale cal. Valjoux 22. Perfetto quadrante multiscala nero originale e professionalmente restaurato, Due contatori per minuti cronografici a ore 3 e per i piccoli secondi a ore 9. Cinturino in coccodrillo bordeaux con ardiglione Rolex in oro 18kt. L’orologio si presenta in condizioni ottime, sia dal punto di vista estetico che meccanico, viene venduto accompagnato da un anno di garanzia di negozio sul meccanismo. Spedizioni in tutto il mondo con corriere assicurato Fedex in 24/48 ore.",Watch Center,False
Rolex Oyster Perpetual Yellow Gold Ref. 6565 Amazing Guilloche Dial from year 1955,Rolex,18500,https://watchcenter.ch/prodotto/rolex-oyster-perpetual-yellow-gold-ref-6565-amazing-guilloche-dial-from-year-1955/,https://watchcenter.ch/wp-content/uploads/2023/12/1honey-1.jpg,"Vintage Rolex Oyster Perpetual ref.6565 degli anni 50. Cassa 34mm in oro giallo 14kt con ghiera godronata e fondo e corona avvitati, vetro plexiglass. Movimento meccanico a carica automatica cal.1030. La particolarità di questo pezzo è il meraviglioso quadrante guilloché color crema in condizioni eccezionali! Indici applicati e lancette in oro giallo, cinturino in pelle marrone e ardiglione Rolex. Lorologio è in condizioni ottime, viene corredato da nostra certificazione di autenticità e un anno di nostra garanzia sul funzionamento. Spedizioni in tutto il mondo con corriere assicurato Fedex in 24/48 ore.",Watch Center,False
Corum 18K Yellow Gold 10 Gr. Ingot 999.9 Mechanical,Other,5700,https://watchcenter.ch/prodotto/corum-lady-18-kt-yellow-gold-special-price/,https://watchcenter.ch/wp-content/uploads/2023/12/1-240.jpg,"Particolarissimo Corum Lingotto da donna. Il quadrante di questo orologio è un lingotto da 10gr in oro 24kt emesso dalla banca svizzera UBS racchiuso in una cassa rettangolare di 2136 mm in oro giallo 18kt. Movimento meccanico a carica manuale e bracciale di design oro giallo 18kt. In ottime condizioni, corredato da un anno di garanzia di negozio sul funzionamento. Spedizioni in tutto il mondo con corriere assicurato Fedex in 24/48 ore.",Watch Center,False
"Audemars Piguet Royal Oak “JUMBO” Extra-thin ref. 15202ST, Full Set",Audemars Piguet,69500,https://watchcenter.ch/prodotto/audemars-piguet-royal-oak-jumbo-extra-thin-ref-15202st-stainless-steel-full-set/,https://watchcenter.ch/wp-content/uploads/2023/12/frontale-21.jpg,"Audemars Piguet Royal Oak Jumbo Extrapiatto in acciaio ref. 15202ST. Cassa in acciaio inossidabile 39mm, vetro e fondello in vetro zaffiro, corona avvitata. Quadrante bianco con motivo Petite Tapisserie, indici applicati e lancette Royal Oak in oro bianco con rivestimento luminescente. Datario a ore 3. Bracciale acciaio integrato con doppia chiusura deployante marchiata Audemars Piguet. Movimento meccanico a carica automatica calibro 2121. In ottime condizioni, viene fornito con scatola e garanzia dorigine Audemars Piguet del 2003, service AP nel 2011 e un anno di garanzia di negozio sul funzionamento. Durante il service AP nel 2011 è stato trattenuto il quadrante blu con cui nasceva ed è stato montato il quadrante bianco attuale. Spedizioni in tutto il mondo con corriere assicurato Fedex in 24/48 ore.",Watch Center,False
Rolex Vintage and Untouched Submariner ref. 5513 Gilt Dial from year 1964,Rolex,32500,https://watchcenter.ch/prodotto/rolex-vintage-and-untouched-submariner-ref-5513-gilt-dial-from-year-1964/,https://watchcenter.ch/wp-content/uploads/2023/12/4.webp,"Il Rolex Submariner 5513 vede la luce nel 1962, quando va ad affiancare la ref. 5512 proponendosi come una versione più economica priva del certificato di cronometro. Esteticamente molto simile al Submariner 5512, ha una carriera lunghissima che termina solamente nel 1989. Questo affascinante esemplare del 1964 mostra tutta letà, lusura e lutilizzo nel tempo. Bellissimo il quadrante gilt tropicale e la lunetta scolorita, tutto in maniera piacevole e uniforme. Lorologio viene corredato da nostro certificato di autenticità e un anno di garanzia sul funzionamento. Accettiamo tutte le carte di credito e bonifici bancari. Spedizioni in tutto il mondo con corriere assicurato Fedex in 24/48 ore.",Watch Center,False
Rolex Extremely rare Reference 8171 Triple Date Moonphase so called “Padellone”,Rolex,230000,https://watchcenter.ch/prodotto/rolex-extremely-rare-reference-8171-triple-date-moonphase-so-called-padellone/,https://watchcenter.ch/wp-content/uploads/2023/12/Senza-titolo-5-1.jpg,"Nato nel 1949, la referenza 8171 fu uno dei primi Rolex vintage con grandi complicazioni. E stato prodotto fino al 1952, in soli 1000 esemplari, in oro giallo, oro rosa e acciaio. Viene soprannominato Padellone per la sua grande cassa diametro 38mm. La referenza 8171 è uno dei più leggendari orologi da polso mai realizzati e ricercati dai collezionisti. Questo esemplare ha cassa oro giallo 18k diametro 38 mm, movimento automatico, quadrante silver rinfrescato professionalmente con applicati indici a bastone, aperture con l’indicazione del giorno e del mese a ore 12, secondi a ore 6 con fase lunare. In condizioni eccezionali, corredato da scatola Rolex, expertise di Valter Barocco e un anno di garanzia di negozio sul funzionamento. Spedizioni in tutto il mondo con corriere assicurato Fedex in 24/48 ore.",Watch Center,False
"Rolex Daytona Zenith Ref. 16518, White Diamonds Dial, 18kt Yellow gold, Full Set 1995",Rolex,42900,https://watchcenter.ch/prodotto/rolex-daytona-zenith-ref-16518-white-diamonds-dial-18kt-yellow-gold-full-set-1995/,https://watchcenter.ch/wp-content/uploads/2023/12/3-91.jpg,"Rolex Daytona ref.16518 del 1995. Cassa 40 mm in oro giallo 18kt con cinturino in jeans e deployante Rolex in oro. Movimento automatico Zenith El Primero calibro 4030, quadrante bianco con diamanti e numeri arabi. In condizioni perfette, corredato da scatola e garanzia Rolex del 1995, da service Rolex nel 2018, più cinturino Rolex in coccodrillo marrone. Accettiamo tutti i tipi di carta di credito o bonifico bancario. Spedizione in tutto il mondo con corriere assicurato Fedex in 24/48 ore.",Watch Center,False
Rolex Vintage Oversize Stainless Steel ref.3675 from 1938,Rolex,19800,https://watchcenter.ch/prodotto/rolex-vintage-oversize-stainless-steel-ref-3675-from-1938/,https://watchcenter.ch/wp-content/uploads/2023/12/3-1.webp,"Bellissimo Rolex vintage Oversize, ref.3675, risalente al 1938. Cassa di 37,5mm in acciaio con fondello a scatto. Quadrante argentè con numeri romani applicati in oro rosa, come le lancette e piccoli secondi a ore 6. Movimento meccanico a carica manuale, plexiglass. Cinturino in lucertola bordeaux con chiusura ardiglione Rolex in acciaio. In ottime condizioni, corredato da un anno di garanzia di negozio sul funzionamento. Spedizioni in tutto il mondo con corriere assicurato Fedex in 24/48 ore.",Watch Center,False
Rolex Day Date Platinum Ref. 118366 Baguette Bezel and Diamonds Dial Full set,Rolex,54900,https://watchcenter.ch/prodotto/rolex-day-date-platinum-ref-118366-baguette-bezel-and-diamonds-dial-full-set/,https://watchcenter.ch/wp-content/uploads/2023/12/diamanti-set-completo-1.jpg,"Bellissimo e prestigioso Rolex Day Date ref. 118366. Cassa Oyster 36 mm in platino con fondello e corona a vite. Importante ghiera in platino con incastonati 24 diamanti taglio baguette. Quadrante silver con 8 diamanti taglio brillante e 2 taglio baguette a ore 6 e a ore 9. Giorno della settimana a ore 12 e datario a ore 3. Movimento meccanico a carica automatica, secondi centrali, vetro zaffiro. Bellissimo ed elegante bracciale President in platino con chiusura deployante a scomparsa. In condizioni eccezionali, corredato da scatola e garanzia Rolex del 2011 e da un anno di garanzia di negozio sul funzionamento. Spedizioni in tutto il mondo con corriere assicurato Fedex in 24/48 ore.",Watch Center,False
"Audemars Piguet “Jumbo” Stainless Steel Ref. 5402ST, D serial from 1981",Audemars Piguet,95000,https://watchcenter.ch/prodotto/audemars-piguet-jumbo-stainless-steel-ref-5402st-d-serial-from-1981/,https://watchcenter.ch/wp-content/uploads/2023/12/prima-22.jpg,"Audemars Piguet Royal Oak Jumbo Ref. 5402, Seriale D, risalente allinizio degli anni 80. Cassa in acciaio con diametro 39 mm e corona avvitata. Quadrante Grand Tapisserie Decor color antracite perfetto, indici delle ore applicate, logo AP a ore 12 e indicazione della data a ore 3. Firmato SWISS essendo il quadrante originale di quando è stato prodotto e non SWISS MADE come i quadranti di fornitura. Vetro zaffiro, bracciale in acciaio con chiusura déployante firmata AP, movimento meccanico a carica automatica cal. 2121. Lorologio è in condizioni ottime ed è corredato di scatola e certificato dautenticità Audemars Piguet che ne conferma la produzione nel 1981. Spedizione assicurata in tutto il mondo con corriere Fedex in 24/48 ore.",Watch Center,False
"Zenith El Primero 18kt Gold, Limited Edition 700th Swiss Confederation, Full Set",Zenith,9900,https://watchcenter.ch/prodotto/zenith-el-primero-18kt-gold-limited-edition-700th-swiss-confederation-full-set/,https://watchcenter.ch/wp-content/uploads/2023/12/11.jpg,"Bellissimo e raro Zenith El Primero cronografo, ref. 30.0220.400. Questa referenza è stata prodotta in serie limitata di 900 pezzi per la commemorazione dei 700 anni della Confederazione Elvetica, Cassa di 40 mm in oro giallo 18 kt con quadrante bianco in porcellana, indici applicati in oro giallo, tre contatori cronografici, datario tra ore 4 e ore 5. Fondello in oro con incisione dedicata. Movimento automatico con calibro Zenith El Primero 400, vetro zaffiro. Cinturino in coccodrillo nero con chiusura ardiglione Zenith in oro giallo 18kt. In condizioni ottime, corredato da scatola e garanzia Zenith dorigine e da un anno di nostra garanzia sul funzionamento. Spedizioni in tutto il mondo con corriere assicurato Fedex in 24/48 ore.",Watch Center,False
Rolex Submariner Date Ref. 16610 Unpolished Full Set 1997,Rolex,16900,https://watchcenter.ch/prodotto/rolex-submariner-date-ref-16610-unpolished-full-set-1997/,https://watchcenter.ch/wp-content/uploads/2023/12/prima-28.jpg,"Bellissimo Rolex Submariner Date, ref. 16610 del 1997. Cassa in acciaio da 40 mm seriale T e bracciale oyster in acciaio. Quadrante nero con indici applicati e datario a ore 3, ghiera nera unidirezionale. In condizioni eccellenti e mai lucidato, conserva ancora il bollino verde Rolex originale sul fondello! Completo di controscatola, scatola, libretti, ancora e garanzia Rolex del 1997 oltre ad un anno di garanzia di negozio sul funzionamento. Spedizioni in tutto il mondo con corriere assicurato Fedex in 24/48 ore.",Watch Center,False
Rolex Daytona Zenith Stainless Steel ref.16520 W series Full Set from 1996,Rolex,52900,https://watchcenter.ch/prodotto/rolex-daytona-zenith-stainless-steel-ref-16520-w-series-full-set-from-1996/,https://watchcenter.ch/wp-content/uploads/2023/12/frontale22-1.jpg,"Cosmograph Daytona ref. 16520 in acciaio del 1996. Questo modello è il primo cronografo automatico realizzato da Rolex, che andava a sostituire i precedenti modelli a carica manuale a partire dal 1988 ed è rimasto in produzione fino al 2000. Lesemplare presenta una cassa Oyster in acciaio di 40 mm, seriale W del 1996 e un quadrante bianco a cinque scritte. Bracciale oyster acciaio con chiusura deployante. Movimento meccanico a carica automatica Zenith El Primero. Lorologio è in condizioni eccezionali, da considerarsi quasi un NOS, completo di scatola, libretti e garanzia Rolex del 1996 e un anno di garanzia di negozio sul funzionamento. Spedizioni in tutto il mondo con corriere assicurato Fedex in 24/48 ore.",Watch Center,False
Jaeger-LeCoultre Pre Reverso Staybrite Steel from 1945,Jaeger-LeCoultre,4900,https://watchcenter.ch/prodotto/jaeger-lecoultre-pre-reverso-staybrite-steel-from-1945/,https://watchcenter.ch/wp-content/uploads/2023/12/4-36.jpg,"Raro e bellissimo Le Coultre Pre-Reverso del 1945, cassa acciaio staybrite, movimento meccanico a carica manuale, quadrante bianco con indici applicati in smalto blu. Lorologio è in ottime condizioni, corredato da un anno di garanzia di negozio sul funzionamento. Spedizioni in tutto il mondo con corriere assicurato Fedex in 24/48 ore.",Watch Center,False
Rolex Cellini Danaos ref.4233 18kt Yellow Gold Manual Winding from 90s,Rolex,4950,https://watchcenter.ch/prodotto/rolex-ref-4233-18kt-yellow-gold-manual-winding-from-90s/,https://watchcenter.ch/wp-content/uploads/2023/12/prima-foto-28.jpg,"Rolex Cellini Danaos ref. 4233 anni 90. Cassa di 33 mm in oro giallo 18kt con fondo a scatto. Bellissimo quadrante bianco con numeri arabi. Movimento a carica manuale calibro 1602, vetro zaffiro. Cinturino in coccodrillo nero originale Rolex. In ottime condizioni, corredato da un anno di nostra garanzia sul funzionamento. Questo orologio può essere acquistato direttamente nel nostro negozio a Lugano, in Svizzera, oppure online. Spedizioni in tutto il mondo con corriere assicurato Fedex in 24/48 ore.",Watch Center,False
Vacheron Constantin Vintage Collection 18kt yellow gold Ref.4714 from 40s,Vacheron Constantin,9500,https://watchcenter.ch/prodotto/vacheron-constantin-vintage-collection-18k-yellow-gold-ref-4714-from-40s/,https://watchcenter.ch/wp-content/uploads/2023/12/1-1.jpg,"Vintage Vacheron Constantin ref.4714 realizzato negli anni 40. Cassa oro giallo 18kt diametro 34 mm, vetro plastica. Bellissimo quadrante silver con lavorazione geometrica tono su tono, indici applicati in oro giallo 18kt, movimento meccanico a carica manuale. Questo orologio è in condizioni eccezionali, viene venduto con un anno di garanzia di negozio sul funzionamento. Spedizioni in tutto il mondo con corriere assicurato Fedex in 24/48 ore.",Watch Center,False
Zenith Sub-Sea Diver Steel ref. A3635 from 70s,Zenith,6950,https://watchcenter.ch/prodotto/zenith-sub-sea-diver-steel-ref-a3635-from-70s/,https://watchcenter.ch/wp-content/uploads/2023/12/3-142.jpg,"Zenith Sub-Sea Diver ref. A3635 degli anni 70, estremamente raro e difficile da trovare. Cassa in acciaio da 40 mm, bellissimo quadrante grigio con bellissimo viraggio “tropical”, datario tra le 4 e le 5. Lunetta interna rotante, graduata dalla corona in alto a sinistra. Bracciale originale Zenith Gay Freres in acciaio. Lorologio è in condizioni eccezionali, completo di un anno di garanzia di negozio sul funzionamento. Spedizioni in tutto il mondo con corriere assicurato Fedex in 24/48 ore.",Watch Center,False
Audemars Piguet Huitieme Chronograph 18kt Rose Gold from 90s,Audemars Piguet,11900,https://watchcenter.ch/prodotto/audemars-piguet-huitieme-chronograph-18k-rose-gold-from-90s/,https://watchcenter.ch/wp-content/uploads/2023/12/2-188.jpg,"Audemars Piguet cronografo Huitieme ref. 25644 degli anni 90. Cassa di 40 mm in oro rosa 18 kt con fondello a scatto. Quadrante bianco perlato con indici applicati in oro rosa, tre contatori e datario a ore 3. Movimento automatico con calibro 2126. Cinturino in coccodrillo bordeaux con fibbia in oro rosa AP. In ottime condizioni, corredato di scatola Audemars Piguet, libretto distruzioni e un anno di garanzia di negozio sul funzionamento. Spedizioni in tutto il mondo con corriere assicurato Fedex in 24/48 ore.",Watch Center,False
Rolex Prince Rare Prince Jump Hour Doctor’s watch Ref. 1491HS From the 1930s,Rolex,37500,https://watchcenter.ch/prodotto/rolex-rare-prince-doctors-watch-jump-hour-ref-1491hs-from-30s/,https://watchcenter.ch/wp-content/uploads/2023/12/JUMP.webp,"Introdotto nel 1928, lelegante Rolex Prince in stile Art Déco fu pubblicizzato come Lorologio delluomo che si distingue. Il modello è diventato noto come doctor watch grazie al grande quadrante dei secondi, ideale per misurare la frequenza cardiaca. La referenza 1491 in acciaio e oro 18kt si distingue per i lati sciancrati ed è chiamato Brancard. Insieme alle sue grandi ed eleganti dimensioni questo Prince deve la sua rarità allindicazione delle ore nella finestra alle 12 che vede le ore saltare invece di scorrere con la lancetta, il quadrante principale infatti presenta solo la lancetta dei minuti. Movimento a carica manuale, vetro minerale. In ottime condizioni, accompagnato da expertise di Valter Barocco e un anno di garanzia di negozio sul funzionamento. Spedizioni in tutto il mondo con corriere assicurato Fedex in 24/48 ore.",Watch Center,False
Rolex GMT Master Ref. 1675 Black dial 18kt yellow gold from 1971,Rolex,39500,https://watchcenter.ch/prodotto/rolex-gmt-master-ref-1675-black-dial-18kt-yellow-gold-from-1971/,https://watchcenter.ch/wp-content/uploads/2023/12/corredo-3.jpg,"Il Rolex GMT in oro nasce nel 1955 e resta in produzione fino al 1959 con la referenza 6542/8. E proprio nel 1959 che Rolex presenta, così come per lacciaio, la referenza 1675 che resterà in produzione fino al 1980. Questo bellissimo esemplare è prodotto nel 1971. Cassa 40mm in oro giallo 18kt, ghiera bidirezionale con inserto nero. Quadrante nero con bicchierini denominato Nipple Dial con lancette Mercedes. A completarlo il bracciale Oyster rivettato ref.7206 in oro giallo 18kt. Lorologio è accompagnato da expertise di Valter Barocco che conferma lautenticità di tutte le componenti e un anno di garanzia di negozio sul funzionamento. Spedizioni in tutto il mondo con corriere assicurato Fedex in 24/48 ore.",Watch Center,False
"Audemars Piguet Royal Oak DayDate Moon Phases, Stainless Steel, Ref. 25594ST",Audemars Piguet,38000,https://watchcenter.ch/prodotto/audemars-piguet-royal-oak-daydate-moon-phases-stainless-steel-ref-25594st/,https://watchcenter.ch/wp-content/uploads/2023/12/1-159.jpg,"Audemars Piguet Royal Oak Day Date Moon phases, Referenza 25594ST anni 90. Cassa in acciaio diametro 36 mm, corona avvitata. Quadrante bianco Clous de Paris in condizioni eccezionali con indici delle ore applicate, contatore del giorno a ore 9 e della data a ore 3, fasi lunari a ore 6. Vetro zaffiro, bracciale integrato in acciaio con chiusura déployante nascosta, movimento meccanico a carica automatica. Perfette condizioni e accompagnato da un anno di nostra garanzia sul movimento. Spedizione assicurata in tutto il mondo con corriere Fedex in 24/48 ore",Watch Center,False
Jaeger-LeCoultre Memovox Reveil 18 kt yellow gold from 60s,Jaeger-LeCoultre,7900,https://watchcenter.ch/prodotto/jaeger-lecoultre-memovox-reveil-18-kt-yellow-gold-from-60s/,https://watchcenter.ch/wp-content/uploads/2023/12/2-210.jpg,"Jaeger Le-Coultre Memovox con funzione réveil, anni 60, Cassa in oro giallo da 37mm, quadrante dorato con datario a ore 3 e disco interno per indicazione della sveglia. Movimento meccanico a carica automatica, cinturino di struzzo JLC. In ottime condizioni, revisionato dal nostro laboratorio e accompagnato da un anno di garanzia di negozio sul funzionamento. Accettiamo tutte le carte di credito e bonifici bancari. Spedizioni in tutto il mondo con corriere assicurato Fedex in 24/48 ore.",Watch Center,False
Heuer Chronograph Triple Date in Steel from 50s,Heuer,9900,https://watchcenter.ch/prodotto/heuer-chronograph-triple-date-in-steel-from-50s/,https://watchcenter.ch/wp-content/uploads/2023/12/4-51.jpg,"Raro cronografo Heuer prodotto negli anni 50. Cassa acciaio diametro 35 mm con pulsanti squadrati e fondello a scatto. Movimento meccanico a carica manuale con funzione cronografo e tripla data. Quadrante silver con indici applicati, aperture per lindicazione del giorno e del mese a ore 12. In perfette condizioni, con un anno di garanzia di negozio sul funzionamento. Spedizioni in tutto il mondo con corriere assicurato Fedex in 24/48 ore.",Watch Center,False
"Patek Philippe Nautilus Ref. 3800, 18kt Yellow Gold and Stainless Steel, Blue Patina Dial, from year 1984",Patek Philippe,58000,https://watchcenter.ch/prodotto/patek-philippe-ref-3800-18kt-yellow-gold-and-stainless-steel-blue-patina-dial-from-year-1984/,https://watchcenter.ch/wp-content/uploads/2023/12/2-138.jpg,"Patek Philippe Nautilus ref.3800 in oro giallo e acciaio del 1984. Cassa 37 mm in tre corpi in acciaio e oro giallo con bracciale Nautilus sempre in oro giallo ed acciaio e chiusura deployante. Quadrante tapisserie nero con splendido viraggio blu! Movimento meccanico a carica automatica, vetro zaffiro. In condizioni perfette, accompagnato da scatola, Estratto degli Archivi Patek Philippe e in più un anno di nostra garanzia sul funzionamento. Spedizioni in tutto il mondo con corriere assicurato Fedex in 24/48 ore.",Watch Center,True
"Rolex Daytona Ref. 6263, Rare Tropical Brown Counters, from year 1974, with Service Rolex",Rolex,135000,https://watchcenter.ch/prodotto/rolex-daytona-ref-6263-rare-tropical-brown-counters-with-service-rolex/,https://watchcenter.ch/wp-content/uploads/2023/12/prima-34.jpg,"Bellissimo Rolex Daytona vintage Ref. 6263 in acciaio prodotto nel 1974. Rarissimo quadrante silver con contatori neri virati ad un caldo ed omogeneo marrone, lancette a bastone. Movimento meccanico manuale, cronografia con ruota a colonna, calibro 727. Cassa in tre corpi, ghiera fermavetro con inserto nero e scala tachimetrica base 200, corona a vite e pulsanti cronografici cilindrici a vite. In condizioni eccezionali! Corredato da revisione meccanica Rolex del 2016. Spedizioni in tutto il mondo con corriere assicurato Fedex in 24/48 ore.",Watch Center,True
Rolex Oyster-perpetual Datejust Ref. 6605 Stainless Steel and 18kt Rose Gold,Rolex,8400,https://watchcenter.ch/prodotto/rolex-oyster-perpetual-datejust-ref-6605-stainless-steel-and-18kt-rose-gold/,https://watchcenter.ch/wp-content/uploads/2023/12/2-207.jpg,"Vintage Rolex Oyster-perpetual Datejust ref. 6605 del 1957 Cassa in acciaio Oyster con diametro 35mm, lunetta in oro rosa. Movimento a carica automatica con cronometro certificato ufficialmente. Quadrante beige con indici a bastone e finestra data a ore 3. Corona in oro 18kt, cinturino in pelle bordeaux con chiusura ad ardiglione in oro 18kt. In ottime condizioni, corredato da un anno di garanzia di negozio sul funzionamento. Spedizioni in tutto il mondo con corriere assicurato Fedex in 24/48 ore.",Watch Center,False
"Audemars Piguet Extremely rare Royal Oak Ref. 25594ST Yves Klein Dial, Full Set",Audemars Piguet,85000,https://watchcenter.ch/prodotto/audemars-piguet-extremely-rare-royal-oak-ref-25594st-electric-blue-dial-full-set/,https://watchcenter.ch/wp-content/uploads/2023/12/frontale-46.jpg,"Affascinato dal cielo fin da giovane, un famoso pittore francese dedicò molto tempo allo sviluppo della tonalità perfetta di blu oltremare vibrante perché riteneva che racchiudesse la qualità dello spazio. Questo colore di blu elettrico, brevettato, divenne il tema centrale dei suoi dipinti. Quando Audemars Piguet ha messo in commercio alcuni Royal Oak con un colore blu simile, i collezionisti hanno subito attribuito loro il suo nome. Questa ref. 25594ST combina il vibrante colore blu del quadrante con la versione di medie dimensioni delliconico Royal Oak. Con i suoi 36 mm, è la misura perfetta per coloro che preferiscono dimensioni leggermente più modeste rispetto al classico Royal Oak Jumbo. Presenta unindicazione del giorno e della data nei contatori a ore 3 e 9 e lindicazione delle fasi lunari a ore 6. Lorologio è in condizioni eccezionali, completo di scatola e garanzia dorigine Audemars Piguet del 2000 e service AP nel 2020! Accettiamo tutti i tipi di carte di credito o bonifici bancari. Spedizione assicurata in tutto il mondo con corriere Fedex in 24/48 ore.",Watch Center,True
"IWC Ingenieur SL Quartz Lady 18kt Yellow Gold, Ref. 6703",IWC,4800,https://watchcenter.ch/prodotto/iwc-ingenieur-sl-quartz-lady-18kt-yellow-gold-ref-6703/,https://watchcenter.ch/wp-content/uploads/2023/12/Senza-titolo-4-1.webp,"IWC Ingenieur SL Quartz da donna, ref. 6703 degli anni 90. Cassa in oro 18kt da 30 mm con fondo avvitato, lunetta fissa e anse snodate. Quadrante bianco con indici applicati in oro e datario a ore 3. Vetro zaffiro, movimento al quarzo di manifattura. Cinturino IWC in alligatore nero e fibbia IWC in oro 18kt. In perfette condizioni, corredato da un anno di garanzia di negozio sul funzionamento. Spedizioni in tutto il mondo con corriere assicurato FedEx in 24/48 ore.",Watch Center,False
"Rolex Vintage Daytona Ref. 6264 from 1971, “Light Blue Daytona” Dial",Rolex,129000,https://watchcenter.ch/prodotto/rolex-vintage-daytona-ref-6264-from-1971-light-blue-daytona-dial/,https://watchcenter.ch/wp-content/uploads/2023/12/frontale-67.jpg,"Bellissimo Rolex Daytona Ref. 6264 in condizioni originali! Questa referenza è stata prodotta solo tra il 1970 e il 1972 in sostituzione della referenza 6241 da cui differisce per il calibro che passa dal Valjoux 722 al 727. Questo bellissimo esemplare ha una cassa in acciaio con seriale 2.7M (prodotta nel 1971). Pulsanti a pompa e lunetta in acrilico perfettamente coevi. È dotato di movimento a carica manuale Valjoux 727, e bracciale Oyster rivettato con terminali 57. Corredato da expertise di Valter Barocco e da nostra garanzia di negozio di un anno sul funzionamento. Spedizioni in tutto il mondo con corriere assicurato Fedex in 24/48 ore.",Watch Center,True
Rolex Vintage Ref. 6581 White Honeycomb Dial,Rolex,13500,https://watchcenter.ch/prodotto/rolex-vintage-ref-6581-white-honeycomb-dial/,https://watchcenter.ch/wp-content/uploads/2023/12/1-196.jpg,"Rolex Oyster vintage collection, ref. 6581 del 1954. Cassa Oyster 34 mm in acciaio, con fondello e corona avvitata. Bellissimo e raro quadrante bianco a nido dape (honeycomb) in condizioni eccezionali! Vetro plexiglass, movimento meccanico a carica automatica cal.1030. In condizioni ottime, corredato di un anno di garanzia di negozio sul funzionamento e nostra certificazione di autenticità. Spedizioni in tutto il mondo con corriere assicurato Fedex in 24/48 ore.",Watch Center,False
"Rolex Daytona Beach Yellow, 18kt white gold, Ref. 116519, Full Set 2006",Rolex,65000,https://watchcenter.ch/prodotto/rolex-daytona-beach-yellow-18kt-white-gold-ref-116519-full-set/,https://watchcenter.ch/wp-content/uploads/2023/12/Senza-titolo-36.webp,"Bellissimo e raro Rolex Cosmograph Daytona Beach oro bianco 18kt, Ref.116519. Cassa in oro bianco del diametro di 40mm, quadrante in madreperla gialla, lunetta fissa con scala tachimetrica. Cinturino in lucertola gialla con chiusura deployante in oro bianco 18kt. L’orologio è in ottime condizioni, viene venduto completo di scatola e garanzia Rolex del 2006 e un anno di garanzia di negozio sul funzionamento. Movimento meccanico a carica automatica, vetro zaffiro, pulsanti del cronografo avvitati. Spedizioni in tutto il mondo con corriere assicurato Fedex in 24/48 ore.",Watch Center,False
Movado Vintage Chronograph Stainless Steel from 1950 Cal.95,Movado,7300,https://watchcenter.ch/prodotto/movado-vintage-chronograph-stainless-steel-from-1950-cal-95/,https://watchcenter.ch/wp-content/uploads/2023/12/2-214.jpg,"Movado cronografo prodotto negli anni 50. Cassa acciaio diametro 35 mm con fondello avvitato e tasti a pompa. Movimento meccanico a carica manuale con funzione cronografo a tre contatori, calibro 95. Bellissimo quadrante bianco professionalmente rinfrescato con numeri arabi e indici applicati. In ottime condizioni, corredato da un anno di garanzia di negozio sul funzionamento. Spedizioni in tutto il mondo con corriere assicurato Fedex in 24/48 ore.",Watch Center,False
"Rolex Day Date 18K Pink Gold, Ref. 1803, made in 1960, with Expertise",Rolex,25500,https://watchcenter.ch/prodotto/rolex-day-date-ref-1803-18k-pink-gold-made-in-1960-with-expertise/,https://watchcenter.ch/wp-content/uploads/2023/12/2525.jpg,"Bellissimo e raro Rolex Day Date, Ref. 1803 realizzato nellanno 1960. Cassa in oro rosa 18kt con lunetta zigrinata in condizioni perfette. Quadrante argentè con meravigliose lancette a foglia e indici in oro rosa, movimento meccanico a carica automatica. In condizioni eccezionali, corredato di expertise che certifica loriginalità di tutte le componenti e un anno di garanzia di negozio sul funzionamento. Spedizioni in tutto il mondo con corriere assicurato Fedex in 24/48 ore.",Watch Center,True
Heuer Autavia GMT Vintage Ref. 2446C,Heuer,16500,https://watchcenter.ch/prodotto/heuer-autavia-gmt-vintage-ref-2446c/,https://watchcenter.ch/wp-content/uploads/2023/12/2-178.jpg,"Bellissimo e raro Heuer Autavia GMT ref.2446C della fine degli anni 60. Cassa in acciaio di 40 mm con fondello a pressione. Magnifico quadrante Mark I con T Swiss nel contatore a ore 6 e particolari rossi negli indici, bellissima patina del tempo. Ghiera bidirezionale pepsi e vetro plexiglass. Movimento meccanico a carica manuale Valjoux 724. In condizioni ottime, corredato da un anno di garanzia di negozio sul funzionamento. Spedizioni in tutto il mondo con corriere assicurato Fedex in 24/48 ore.",Watch Center,False
Longines Vintage Chronograph 18kt Rose Gold Caliber 30CH,Longines,9500,https://watchcenter.ch/prodotto/longines-vintage-chronograph-18kt-rose-gold-caliber-30ch/,,"Cronografo Longines vintage, molto raro e ricercato, cassa in oro rosa 18 kt di 36 mm, ref.6595-13 Quadrante beige con indici a triangolo e numeri arabi applicati, contatori del cronografo a ore 3 e a ore 9. Movimento a carica manuale con limportante e rinomato calibro CH30. In ottime condizioni, corredato dallEstratto degli archivi Longines e da un anno di garanzia di negozio sul funzionamento. Spedizioni in tutto il mondo con corriere assicurato Fedex in 24/48 ore.",Watch Center,True
"Franck Muller Crazy Hours “Color Dreams” Ref. 5850 CH D, Full Set, Special Price",Other,29000,https://watchcenter.ch/prodotto/franck-muller-crazy-hours-color-dreams-ref-5850-ch-d-full-set-special-price/,https://watchcenter.ch/wp-content/uploads/2023/12/1-163.jpg,CHF 43200 Tax Free,Watch Center,False
Patek Philippe Rare Vintage Chronograph ref.130 18kt Yellow Gold from 1947,Patek Philippe,65500,https://watchcenter.ch/prodotto/patek-philippe-rare-vintage-chronograph-ref-130-18kt-yellow-gold-from-1947/,https://watchcenter.ch/wp-content/uploads/2023/12/130.jpg,"Lanciata nel 1934, la referenza 130 è dotata di movimento Valjoux modificato al cal. 13 ed è facilmente riconoscibile per le sue anse leggermente curve e allungate e per la lunetta sottile e concava. Il modello ebbe un grande successo e rimase in produzione almeno fino al 1964. Anche se è stato prodotto per quasi 30 anni, la produzione è stata piuttosto limitata, per un totale di circa 1.500 pezzi in oro giallo, oro rosa e acciaio. Questa è una bellissima versione in oro giallo 18 carati con quadrante beige dorato, prodotta nel 1953. Numeri romani e indici a bastone applicati in oro giallo, minuteria esterna e scala tachimetrica, due quadranti secondari per il registro dei 30 minuti e dei piccoli secondi. Movimento meccanico punzonato con il sigillo di Ginevra, 23 rubini. Cinturino in coccodrillo marrone con ardiglione PP in oro 18kt. In perfette condizioni, viene completato da estratto dagli archivi Patek Philippe e un anno di garanzia Watch Center sul meccanismo. Questo orologio può essere acquistato direttamente nel nostro negozio a Lugano, in Svizzera, oppure online. Spedizioni in tutto il mondo con corriere assicurato Fedex in 24/48 ore.",Watch Center,True
Omega Cloisonne Enamel Dial Air Force from 50s,Omega,23000,https://watchcenter.ch/prodotto/omega-cloisonne-enamel-dial-air-force-from-50s/,https://watchcenter.ch/wp-content/uploads/2023/12/1clois.jpg,"Rarissimo Omega Referenza 2498/2 realizzato negli anni 50 con meraviglioso quadrante smalto cloisonne policromo, di produzione successiva, raffigurante una flotta di aerei in volo e una mappa della costa. Cassa placcata oro, diametro 37 mm e movimento meccanico a carica manuale. Corredato di nostra certificazione di autenticità e un anno di garanzia di negozio sul funzionamento. Spedizioni in tutto il mondo con corriere assicurato Fedex in 24/48 ore.",Watch Center,False
"Cartier Pasha Seatimer Date, Ref. 2790, Stainless Steel",Cartier,5300,https://watchcenter.ch/prodotto/cartier-pasha-seatimer-date-ref-2790-stainless-steel/,https://watchcenter.ch/wp-content/uploads/2023/12/1-137.jpg,"Cartier Pasha Seatimer in acciaio, ref. 2790. Cassa 40 mm con lunetta girevole graduata. Movimento meccanico a carica automatica, quadrante silver con grandi numeri arabi neri, lancetta centrale dei secondi, vetro zaffiro e datario tra ore 4 e ore 5. Bracciale Cartier in acciaio con doppia chiusura deployante. In ottime condizioni, corredato da un anno di garanzia di negozio sul funzionamento. Spedizioni in tutto il mondo con corriere assicurato Fedex in 24/48 ore.",Watch Center,False
"Marvin Vintage Chronograph, Stainless Steel, Glossy Black Dial from 50s",Other,7500,https://watchcenter.ch/prodotto/marvin-vintage-chronograph-stainless-steel-glossy-black-dial-from-50s/,https://watchcenter.ch/wp-content/uploads/2023/12/4-58.jpg,"Bellissimo Marvin cronografo prodotto negli anni 50. Cassa acciaio diametro 37 mm con fondello a scatto. Movimento meccanico a carica manuale con funzione cronografo Valjoux 22. Bellissimo quadrante nero lucido con numeri arabi e grafica dorata, stato di conservazione perfetto! Piccoli secondi a ore 9, minuti cronografici a ore 3 e alle 6 le ore. Scala tachimetrica esterna. In condizioni eccezionali, corredato da un anno di nostra garanzia sul funzionamento. Questo orologio può essere acquistato direttamente nel nostro negozio a Lugano, in Svizzera, oppure online. Spedizioni in tutto il mondo con corriere assicurato Fedex in 24/48 ore.",Watch Center,False
Audemars Piguet Royal Oak Jubilée Ref. 14802ST Grey Dial with Box Certificate and Service AP,Audemars Piguet,85000,https://watchcenter.ch/prodotto/audemars-piguet-royal-oak-jubilee-ref-14802st-grey-dial-with-box-certificate-and-service-ap/,https://watchcenter.ch/wp-content/uploads/2023/12/set-1.jpg,"Il primo Royal Oak (Ref. 5402) fu disegnato da Gerald Genta e commercializzato a partire dal 1972. Dopodiché nel 1992, in occasione del ventesimo anniversario, Audemars Piguet produsse unedizione limitata di 1000 pezzi, meglio conosciuta come il Royal Oak Jubilée (Ref. 14802). 20 di essi erano in platino, circa 280 in oro giallo e i rimanenti 700 in acciaio. È anche il primo Royal Oak Jumbo (39mm) con fondello in zaffiro che permette di intravvedere lintero movimento extra-piatto (cal. 2121) e soprattutto il rotore in oro giallo 21K, numerato in corrispondenza alla serie limitata dellorologio. Questo bellissimo Royal Oak è in condizioni perfette ed è completo di scatola originale in legno dalla forma ottagonale che richiama il design della ghiera e riporta il numero dellorologio. È inoltre accompagnato da tag, dal certificato dautenticità Audemars Piguet, service AP nel 2019 e da nostra garanzia sul meccanismo per 1 anno. Meraviglioso pezzo da collezione! Spedizioni in tutto il mondo con corriere assicurato Fedex in 24/48 ore.",Watch Center,False
"Rolex Day Date 18kt yellow gold, Ref. 18238, Degrade Diamond dial",Rolex,28500,https://watchcenter.ch/prodotto/rolex-day-date-18kt-yellow-gold-ref-18238-degrade-diamond-dial/,https://watchcenter.ch/wp-content/uploads/2023/12/1-166.jpg,"Importante Rolex Day Date ref, 18238. Cassa 36 mm in oro giallo 18 kt con ghiera zigrinata, bellissimo quadrante degrade nero/rosso con 8 diamanti taglio brillante e 2 taglio baguette. Indicazione del giorno a ore 12 e della data a ore 3. Movimento automatico calibro 3155 con secondi centrali. Bracciale President in oro giallo 18 kt con deployante a scomparsa. In condizioni ottime, corredato di un anno di garanzia di negozio sul funzionamento. Spedizioni in tutto il mondo con corriere assicurato Fedex in 24/48 ore.",Watch Center,False
Baume & Mercier Chronograph 18kt Pink Gold Case made in the 1950’s,Other,10800,https://watchcenter.ch/prodotto/baume-mercier-chronograph-18k-pink-gold-case-made-in-the-1950s/,https://watchcenter.ch/wp-content/uploads/2023/12/1-210.jpg,"Baume & Mercier Cronografo con cassa di forma squadrata in oro rosa 18kt , realizzato negli anni anni 50. Movimento meccanico a carica manuale, quadrante nero con due contatori del cronografo, pulsanti del cronografo quadrati. Estremamente raro da trovare. Accompagnato da un anno di garanzia di negozio sul meccanismo. Spedizioni in tutto il mondo con corriere assicurato Fedex in 24/48 ore.",Watch Center,False
"Rolex Submariner Date Purple Dial with Service Rolex, Ref. 16618 from year 1993",Rolex,39500,https://watchcenter.ch/prodotto/rolex-submariner-date-purple-dial-with-service-rolex-18kt-yellow-gold-ref-16618-from-year-1993/,https://watchcenter.ch/wp-content/uploads/2023/12/1-fuori-1.jpg,"Rolex Submariner Ref. 16618, del 1993. Cassa 40 mm in oro giallo 18kt con lunetta unidirezionale in oro 18kt con inserto blu. Bellissimo quadrante blu virato al viola, estremamente raro! Bracciale Oyster oro 18kt con chiusura deployante. In condizioni ottime, è accompagnato da scatola e service Rolex del 2020. Spedizioni in tutto il mondo con corriere assicurato Fedex in 24/48 ore.",Watch Center,False
Patek Philippe Nautilus Stainless Steel Ref. 3700/1 from 1978,Patek Philippe,129000,https://watchcenter.ch/prodotto/patek-philippe-nautilus-stainless-steel-ref-3700-1-from-1978/,https://watchcenter.ch/wp-content/uploads/2023/12/box-e-service-1.jpg,"Il mitico Patek Philippe Nautilus Jumbo Ref. 3700/1 realizzato nel 1978. Cassa acciaio carré galbé diametro 40 mm con integrato bracciale Nautilus acciaio con fibbia deployante. Movimento meccanico a carica automatica cal.28-255 C con secondi centrali. Quadrante Sigma antracite con datario a ore 3. In condizioni eccezionali, corredato di scatola ed Estratto degli Archivi Patek Philippe, expertise di Valter Barocco e da un anno di garanzia di negozio sul funzionamento. Spedizioni in tutto il mondo con corriere assicurato Fedex in 24/48 ore.",Watch Center,False
Omega Vintage Chronograph Ref. 2466 in 18k yellow gold made in the 50s,Omega,6950,https://watchcenter.ch/prodotto/omega-vintage-chronograph-ref-2466-in-18k-yellow-gold-made-in-the-50s/,https://watchcenter.ch/wp-content/uploads/2023/12/2-216.jpg,"Omega Vintage Chrono ref. 2466, in oro giallo 18kt realizzato negli anni 50. Movimento meccanico a carica manuale. Quadrante color avorio con applicati indici in oro, tre contatori per piccoli secondi, minuti cronografici e ore. Cassa tonda 38mm, due pulsanti del cronografo rettangolari, fondello a scatto. Spedizioni in tutto il mondo con corriere assicurato Fedex in 24/48 ore.",Watch Center,False
Universal Genève Vintage Tri-Compax Chronograph Stainless Steel Ref. 222’100,Other,10900,https://watchcenter.ch/prodotto/universal-geneve-vintage-tri-compax-chronograph-stainless-steel-ref-222100/,https://watchcenter.ch/wp-content/uploads/2023/12/2-194.jpg,"Bellissimo e raro Univeresal Geneve Tri-Compax in acciaio, ref. 222100 degli anni sessanta. Tipica cassa stile Bombay di 36 mm con anse ricurve e fondello a vite. Quadrante silver con finitura tessuto a trama verticale, distintiva lancetta rossa del datario panoramico con fasi lunari a ore 12, indicatore del giorno a ore 10 e del mese a ore 2. Movimento meccanico a carica manuale con calibro 281. In nome Tri-Compax sta ad indicare le tre complicazioni che caratterizzano questo famoso orologio: il cronografo, il triplo calendario e le fasi lunari. Complicazioni che vengono regolate con i pulsanti incassati sul lato sinistro della cassa. In condizioni eccezionali! Corredato da un anno di garanzia di negozio sul funzionamento. Accettiamo tutte le carte di credito e bonifici bancari. Spedizioni in tutto il mondo con corriere assicurato Fedex in 24/48 ore.",Watch Center,False
"Omega Seamaster 300 Ref. 165.024 , from 60s",Omega,9800,https://watchcenter.ch/prodotto/omega-seamaster-300-ref-165-024-from-60s/,https://watchcenter.ch/wp-content/uploads/2023/12/2-197.jpg,"Bellissimo e iconico Omega Seamaster 300, ref.165.024, anni 60. Cassa 41 mm in acciaio con fondello a vite. Quadrante nero con grandi lancette luminescenti. Movimento automatico cal.552, vetro plexiglass. Cinturino in pelle con chiusura ardiglione. Accettiamo tutte le carte di credito e i bonifici bancari. Spedizioni in tutto il mondo con corriere assicurato Fedex in 24/48 ore.",Watch Center,False
"Omega Vintage Chronograph Stainless Steel, Black Dial",Omega,5900,https://watchcenter.ch/prodotto/omega-vintage-chronograph-stainless-steel-black-dial/,https://watchcenter.ch/wp-content/uploads/2023/12/2-221.jpg,"Omega cronografo vintage degli anni 50. Cassa in acciaio di 36 mm con fondello a vite. Bellissimo quadrante nero opaco con grafica oro ristampato professionalmente nel passato, lancette ed indici applicati dorati. Movimento meccanico manuale, vetro plexiglass. In ottime condizioni, corredato da un anno di garanzia di negozio sul funzionamento. Spedizioni in tutto il mondo con corriere assicurato Fedex in 24/48 ore.",Watch Center,False
Rolex Datejust Steel and Pink Gold made in 1950 Ref. 6075,Rolex,9500,https://watchcenter.ch/prodotto/rolex-datejust-steel-and-pink-gold-made-in-1950-ref-6075-with-rolex-service/,https://watchcenter.ch/wp-content/uploads/2023/12/2-199.jpg,"Rolex Datejust Ref. 6075. Elegante e raro, cassa acciaio tipica dellOvone con corona Super Oyster, lunetta godronata in oro rosa 18kt, quadrante rosato con applicati indici baton , secondi centrali ed apertura per la data con numeri arabi rossi, cinturino coccodrillo marrone. Movimento automatico. In ottime condizioni, accompagnato un anno di garanzia di negozio sul funzionamento. Spedizioni in tutto il mondo con corriere assicurato Fedex in 24/48 ore.",Watch Center,False
"Patek Philippe Twenty-4, Ref. 4910 Stainless Steel White Dial Full Set and Service PP",Patek Philippe,11900,https://watchcenter.ch/prodotto/patek-philippe-ref4910-stainless-steel-white-dial-full-set-and-service-pp/,,"Bellissimo Patek Philippe Twenty-4, ref. 4910 . Cassa acciaio rettangolare incastonata con 36 diamanti, circa 0,45 carati, quadrante bianco con 10 diamanti e il 12 e il 6 in numeri romani in oro bianco. Movimento al quarzo di manifattura, bracciale integrato in acciaio con doppia chiusura deployante. In ottime condizioni, corredato di scatola e garanzia Patek Philippe e da revisione Patek Philippe 12/2022! Spedizioni in tutto il mondo con corriere assicurato Fedex in 24/48 ore.",Watch Center,True
Rolex Day Date Superlative Chronometer 18K yellow gold with Expertise,Rolex,12500,https://watchcenter.ch/prodotto/rolex-day-date-superlative-chronometer-18k-yellow-gold-with-expertise/,https://watchcenter.ch/wp-content/uploads/2023/12/prima-30.jpg,"Estremamente raro da trovare questo Rolex Day Date Ref. 6611, prodotto solo per pochi anni, il primo Day Date con la prestigiosa certificazione “Superlative Chronometer Officially Certified”. Cassa in oro giallo 18 kt con chiusura ad ardiglione originale Rolex. Quadrante silver con applicati indici baton in oro giallo, apertura per la data e per il giorno della settimana, lancette a lancia in oro giallo. In condizioni eccezionali, molto raro. Accompagnato da Expertise di Valter Barocco e da un anno di garanzia sul meccanismo. Spedizioni in tutto il mondo con corriere assicurato Fedex in 24/48 ore.",Watch Center,False
Rolex Bubbleback ref. 6085 18kt yellow Gold Serpico Y Laino Dial from 50s,Rolex,12500,https://watchcenter.ch/prodotto/rolex-bubbleback-ref-6085-18kt-yellow-gold-serpico-y-laino-dial-from-50s/,https://watchcenter.ch/wp-content/uploads/2023/12/QUADRANTE-QUADRATA-1-1.jpg,"Rolex Big Bubbleback / Ovone Ref. 6085, anni 50. Raro orologio vintage Oyster Ovone con movimento meccanico a carica automatica. Cassa in oro giallo del diametro di 34mm con lunetta godronata e fondello avvitato. Quadrante champagne con una bellissima patina del tempo personalizzato per lo storico concessionario Serpico y Laino. Numeri arabi e indici in oro applicati. Cinturino in coccodrillo blu e fibbia Rolex. In ottime condizioni, accompagnato da nostra certificazione di autenticità e un anno di nostra garanzia sul meccanismo. Questo orologio può essere acquistato direttamente nel nostro negozio a Lugano, in Svizzera, oppure online. Spedizioni in tutto il mondo con corriere assicurato Fedex in 24/48 ore.",Watch Center,False
Vacheron Constantin Lady ref. 222 Stainless Steel and 18kt Gold Full Set from 80s,Vacheron Constantin,11900,https://watchcenter.ch/prodotto/vacheron-constantin-lady-ref-222-stainless-steel-and-18kt-gold-full-set-from-80s/,https://watchcenter.ch/wp-content/uploads/2023/12/vacheron-lady1-1.jpg,"La collezione Vacheron Constantin 222 venne presentata nel 1977 in occasione del 222° compleanno della maison e segna l’ingresso di Vacheron Constantin nel settore dell’orologeria sportiva. Jorg Hysek disegna quella che sarà una linea destinata a segnare la storia dell’orologeria moderna. Il modello fu prodotto all’inizio in una versione da 37 mm per poi essere reinterpretato anche con diametri più ridotti (34 mm e 24 mm) e in diverse varianti di metalli. L’unico comune denominatore era l’iconica Croce di Malta, posizionata nell’angolo in basso a destra della cassa. Il 222 rimase in produzione fino al 1985. Questo esemplare nella misura lady da 24mm è in condizioni eccezionali! Incredibilmente ben conservato tanto da essere completo anche di scatola e garanzia dorigine! Lorologio può essere acquistato direttamente nel nostro negozio a Lugano, in Svizzera, oppure online. Spedizioni in tutto il mondo con corriere assicurato Fedex in 24/48 ore.",Watch Center,True
"Franck Muller Cintree Curvex 18kt Rose Gold and Diamonds, Ref. 7502",Other,11900,https://watchcenter.ch/prodotto/franck-muller-18kt-rose-gold-and-diamonds-ref-7502-manual-winding/,https://watchcenter.ch/wp-content/uploads/2023/12/prima-foto-26.jpg,CHF 23900 Tax Free,Watch Center,False
Patek Philippe Chronometro Gondolo et Labouriau pocket watch 18kt pink gold from 1912,Patek Philippe,13900,https://watchcenter.ch/prodotto/patek-philippe-chronometro-gondolo-et-labouriau-pocket-watch-18kt-pink-gold-from-1912/,https://watchcenter.ch/wp-content/uploads/2023/12/1-193.jpg,"Bellissimo Chronometro Gondolo Patek Philippe, orologio da taschino in oro rosa 18kt dei primi del 900, realizzato per Gondolo e Labouriau Relojoeiros, Rio de Janeiro. Cassa a quattro corpi di 54mm, bassine. Raro quadrante in smalto bianco con numeri romani radiali, lancette in acciaio dorato, traccia minuti esterna con indici arabi neri di 5 minuti. Piccoli secondi a ore 6. Lorologio è in ottime condizioni, viene venduto corredato da estratto degli archivi Patek Philippe oltre ad un anno di garanzia di negozio sul funzionamento. Spedizioni in tutto il mondo con corriere assicurato Fedex in 24/48 ore.",Watch Center,False
"Rolex Prince Brancard Ref. 571, Stainless Steel, from 1940",Rolex,13500,https://watchcenter.ch/prodotto/rolex-prince-brancard-ref-571stainless-steel-from-1940/,https://watchcenter.ch/wp-content/uploads/2023/12/PRINCE.jpg,"Rolex Prince Brancard, Ref. 571, fabbricato nel 1940.La famiglia dei Prince, introdotta negli anni 20 da Wilsdorf, segna un periodo di grandi cambiamenti ed evoluzioni estetiche, gli orologi di forma sono una novità e suscitano subito un grande fascino per la loro indiscussa eleganza. Questo esemplare presenta una cassa rettangolare curva, tipica delle linea Brancard, nella rara versione in acciaio. Il quadrante silver in due toni con dipinti indici a bastone, piccoli secondi a ore 6 e lancette dorate e in condizioni perfette! Movimento meccanico a carica manuale, vetro minerale. Cinturino Rolex in stampa cocco marrone e ardiglione Rolex acciaio. In condizioni ottime, accompagnato da nostra certificazione di autenticità e un anno di garanzia di negozio sul funzionamento. Spedizioni in tutto il mondo con corriere assicurato Fedex in 24/48 ore.",Watch Center,False
Blancpain Fifty Fathoms 1000 Diver Stainless Steel from 60s,Blancpain,11900,https://watchcenter.ch/prodotto/blancpain-fifty-fathoms-1000-diver-stainless-steel-from-60s/,https://watchcenter.ch/wp-content/uploads/2023/12/3-122.jpg,"Blancpain Fifty Fathoms 1000 Diver degli anni 60. Cassa in acciaio inossidabile del diametro di 43 x 50 mm con quadrante nero opaco, lancette e indici luminosi, datario a ore 3, secondi al centro e ghiera girevole in bachelite. Questo orologio bellissimo orologio è stato il primo prodotto per i sub: anti-urto, super impermeabile e antimagnetico era una novità assoluta nel mondo dellorologeria! In ottime condizioni, accompagnato da un anno di garanzia di negozio sul funzionamento. Spedizioni in tutto il mondo con corriere assicurato Fedex in 24/48 ore.",Watch Center,False
Rolex Precision “Metropolitan” Ref. 8952 – 14kt Yellow Gold – from the 50s,Rolex,7900,https://watchcenter.ch/prodotto/rolex-precision-metropolitan-ref-8952-14kt-yellow-gold-made-in-50s/,https://watchcenter.ch/wp-content/uploads/2023/12/3-138.jpg,"Rolex Precision Metropolitan Ref. 8952 realizzato negli anni 50. Cassa in oro giallo 14k da 35 mm con ghiera godronata e fondello a scatto. Movimento meccanico a carica manuale calibro 1210 con secondi centrali. Quadrante bianco con bellissimo perlage e indici applicati in oro giallo. Cinturino in pelle marrone con ardiglione Rolex placcato oro. In ottime condizioni, corredato da un anno di garanzia di negozio sul funzionamento. Spedizioni in tutto il mondo con corriere assicurato Fedex in 24/48 ore.",Watch Center,False
Patek Philippe Lady Calatrava 18kt White Gold Moon Phase Diamonds Dial Full Set 2003,Patek Philippe,21900,https://watchcenter.ch/prodotto/patek-philippe-lady-calatrava-18kt-white-gold-moon-phase-diamonds-dial-full-set-2003/,https://watchcenter.ch/wp-content/uploads/2023/12/primaprimalady-1.jpg,"Bellissimo Patek Philippe Calatrava Lady in oro bianco 18kt. Cassa da 29mm con fondello a scatto. Quadrante ardesia con 12 diamanti agli indici, piccoli secondi e indicazione delle fasi lunari, vetro zaffiro. Movimento meccanico a carica manuale calibro 16-250. Cinturino in alligatore grigio con chiusura deployante in oro bianco 18kt, tutto Patek Philippe Orologio è in ottime condizioni, corredato di scatola e garanzia dorigine Patek Philippe del 2003 e da un anno di nostra garanzia sul funzionamento. Spedizioni in tutto il mondo con corriere assicurato Fedex in 24/48 ore.",Watch Center,False
Jaeger-LeCoultre World Time Automatic Steel and Gold from 60s,Jaeger-LeCoultre,8500,https://watchcenter.ch/prodotto/jaeger-lecoultre-world-time-automatic-steel-and-gold-from-60s/,https://watchcenter.ch/wp-content/uploads/2023/12/1-220.jpg,"Bellissimo Jaeger le Coultre Memovox con funzione allarme e ore del mondo, realizzato negli anni 60. Cassa acciaio diametro 37 mm con ghiera zigrinata in oro giallo 18kt. Il quadrante silver con indici applicati in oro è in perfette condizioni, con datario a ore 3 e disco centrale delle città con indicazione della sveglia. Movimento meccanico a carica automatica con secondi centrali, vetro plexiglass. Completo del bracciale JLC in struzzo e di cinturino in acciaio e placcato oro Jaeger LeCoultre. In ottime condizioni, corredato da nostra certificazione di autenticità e un anno di garanzia Watch Center sul funzionamento. Questo orologio può essere acquistato direttamente nel nostro negozio a Lugano, in Svizzera, oppure online. Spedizioni in tutto il mondo con corriere assicurato Fedex in 24/48 ore.",Watch Center,False
Rolex Ref. 16800 MK1 Pallettoni Dial Bucherer Pre-Owned Certified 2022,Rolex,13400,https://watchcenter.ch/prodotto/rolex-ref-16800-mk1-pallettoni-dial-bucherer-pre-owned-certified-2022/,https://watchcenter.ch/wp-content/uploads/2023/12/1-nuova-1.jpg,"Rolex Submariner Date ref.16800 del 1982. La prima parte di produzione di questa referenza che segna linizio del vetro zaffiro sul modello Submariner è caratterizzata da quadrante opaco con indici pallettoni. In particolare questo esemplare porta la primissima versione, definita Mark 1, in perfetto stato di conservazione. Lorologio è stato ricondizionato da Bucherer, rivenditore Rolex, che ne certifica lautenticità e il perfetto funzionamento. Può essere acquistato direttamente nel nostro negozio a Lugano, in Svizzera, oppure online. Spedizioni in tutto il mondo con corriere assicurato Fedex in 24/48 ore.",Watch Center,False
Rolex Ref 16570 White dial full set 2002 Unpolished,Rolex,11900,https://watchcenter.ch/prodotto/rolex-ref-16570-white-dial-full-set-2002-unpolished/,https://watchcenter.ch/wp-content/uploads/2023/12/1-204.jpg,"Rolex Explorer II, ref. 16570 del 2002. Cassa 40 mm e bracciale oyster in acciaio. Quadrante bianco, datario ad ore 3 e freccia per lindicazione delle 24 ore sulla ghiera esterna. Lorologio non è mai stato lucidato, corredato da scatola e garanzia Rolex del 2002 e da un anno di garanzia Watch Center sul funzionamento. Può essere acquistato direttamente nel nostro negozio a Lugano, in Svizzera, oppure online. Spedizioni in tutto il mondo con corriere assicurato Fedex in 24/48 ore.",Watch Center,True
"Audemars Piguet Royal Oak DayDate Moonphases, stainless steel, Ref. 25594ST, Full Set 1992",Audemars Piguet,42900,https://watchcenter.ch/prodotto/audemars-piguet-moon-phases-stainless-steel-ref-25594st-full-set-1992/,https://watchcenter.ch/wp-content/uploads/2023/12/GUF.jpg,"Audemars Piguet Royal Oak DayDate Moon phases, Ref.25594ST del 1992. Cassa in acciaio di 36 mm, corona avvitata. Quadrante bianco in perfette condizioni con indici delle ore applicate, contatore del giorno a ore 9 e della data a ore 3, fasi lunari a ore 6. Vetro zaffiro, bracciale integrato in acciaio con chiusura déployante nascosta, movimento meccanico a carica automatica. Completo di libretti, scatola e garanzia dorigine AP del 1992 e un anno di nostra garanzia sul movimento. Accettiamo tutti i tipi di carte di credito o bonifici bancari. Spedizione assicurata in tutto il mondo con corriere Fedex in 24/48 ore.",Watch Center,True
Patek Philippe ref. 3710 “Comet” Full Set 2002 Like New,Patek Philippe,95000,https://watchcenter.ch/prodotto/patek-philippe-ref-3710-comet-full-set-2002-like-new/,https://watchcenter.ch/wp-content/uploads/2023/12/3-INSTA-1.jpg,"Patek Philippe Nautilus Jumbo in acciaio, ref. 3710. Questa referenza, prodotta solo in acciaio, è stata introdotta nel 1998 ed è rimasta in produzione fino al 2005/2006. E la prima referenza Nautilus ad avere una complicazione oltre il datario, la riserva di carica. Il quadrante nero senza la classica lavorazione a righe orizzontali è ulteriormente caratterizzato dallindicazione della riserva di carica a ore 12, detta cometa. Bracciale acciaio integrato con doppia chiusura deployante. Movimento meccanico a carica automatica calibro 330 SC IZR. In condizioni pari al nuovo, corredato di scatola e garanzia Patek Philippe del 2002 e da un anno di garanzia di negozio sul funzionamento. Spedizioni in tutto il mondo con corriere assicurato Fedex in 24/48 ore.",Watch Center,False
"IWC Da Vinci Chronograph Moonphase 18kt Yellow Gold, Ref. 3736",IWC,5950,https://watchcenter.ch/prodotto/iwc-da-vinci-chronograph-moonphase-18kt-yellow-gold-ref-3736/,https://watchcenter.ch/wp-content/uploads/2023/12/3-144.jpg,"IWC Da Vinci Lady Ref. 3736. Cassa oro giallo 18k da 29mm con fondello a scatto. Movimento al quarzo di manifattura cal.630, cronografo a pulsanti tondi con indicazione delle fasi lunari a ore 12. Vetro zaffiro, quadrante bianco con applicati indici in oro giallo, indicazione della data tra ore 4 e ore 5. Cinturino in coccodrillo nero e ardiglione in oro 18kt tutto iWC. In condizioni ottime, corredato da un anno di garanzia di negozio sul funzionamento. Spedizioni in tutto il mondo con corriere assicurato Fedex in 24/48 ore.",Watch Center,False
Breitling Old Navitimer Chronomat Chrono-Matic Ref. 8806 “UAE” from 70s,Breitling,8900,https://watchcenter.ch/prodotto/breitling-old-navitimer-chronomat-chrono-matic-ref-8806-uae-from-70s/,https://watchcenter.ch/wp-content/uploads/2023/12/prima-31.jpg,"Con il Navitimer Chrono-Matic ref. 8806, Breitling lancia, nel 1973, il loro calibro automatico 12 nella tradizionale cassa ad anse affusolate con diametro di 40/41 mm; naturalmente modificato con corona a sinistra per le impostazioni. Il Navitimer ref. 8806 dispone di contatori delle ore e dei minuti «Big Eyes», ma senza sottoquadrante dei secondi funzionanti a ore 6, dove è collocato il datario. I quadranti normalmente presentano accenti rossi sia sui quadranti stessi che sul regolo calcolatore, con i loghi «Twin Jet» per i Navitimer distribuiti da Breitling, in questo caso per questo rarissimo pezzo al loro posto troviamo lo stemma delle forze armate degli Emirati Arabi Uniti (UAE)! Cinturino in pelle marrone forato e fibbia in acciaio Breitling. Questo orologio è in ottime condizioni e viene corredato da un anno di garanzia di negozio sul funzionamento. Accettiamo tutte le carte di credito e bonifici bancari. Spedizioni in tutto il mondo con corriere assicurato Fedex in 24/48 ore.",Watch Center,False
"Rolex Daytona Floating White Porcelain Dial, Ref. 16528, L serial, Full Set 1990",Rolex,129000,https://watchcenter.ch/prodotto/rolex-daytona-floating-white-porcelain-dial-ref-16528-l-serial-full-set-1990/,https://watchcenter.ch/wp-content/uploads/2023/12/IMG_6985.jpg,"Fantastico Rolex Daytona 16528 del 1990 in oro 18kt con meccanica Zenith. Questo esemplare monta il rarissimo quadrante 3D porcellanato floating Daytona con 6 rovesciato, in perfetto stato di conservazione. Si pensa che questo primissimo quadrante MK1 sia stato prodotto a cavallo tra il 1987 e 1988 in circa 100 esemplari per ogni versione di Daytona (Ref. 16520, 16523, 16528). Cassa con seriale L243XXX del 1989 e ghiera 400. Bracciale Oyster 78668 con finali 103 e chiusura N5. Movimento El Primero a carica automatica, cal. 4030. In condizioni ottime, corredato di scatola, libretti e garanzia Rolex del 1990 e un anno di garanzia di negozio sul funzionamento. Spedizioni in tutto il mondo con corriere assicurato Fedex in 24/48 ore.",Watch Center,False
"Rolex Lady Pearlmaster ref. 80339 18kt WG, Diamonds Bezel, Mother of Pearl dial, Full Set 2003",Rolex,22500,https://watchcenter.ch/prodotto/rolex-lady-datejust-pearlmaster-18kt-white-gold-pave-bezel-mother-of-pearl-dial-full-set-2003/,https://watchcenter.ch/wp-content/uploads/2023/12/IMG_4800-1.jpg,"Meraviglioso Rolex Datejust Pearlmaster collection, ref. 80339, cassa 29 mm in oro bianco 18 kt. Più di un orologio, il Pearlmaster è un vero e proprio gioiello. Disponibile esclusivamente in oro giallo, bianco o Everose 18 ct., prodotti nella fonderia Rolex, unisce le caratteristiche curve dei modelli Pearlmaster a quadranti e lunette molto preziosi. Questo esemplare in condizioni perfette ha una lunetta full pavè di diamanti e un bellissimo quadrante madreperla con cifre romane in oro bianco. Bracciale integrato Pearlmaster in oro bianco 18kt con chiusura deployante a scomparsa. Completo di scatola e garanzia Rolex del 2003, oltre ad un anno di garanzia di negozio sul funzionamento. Spedizioni in tutto il mondo con corriere assicurato Fedex in 24/48 ore.",Watch Center,False
Rolex Vintage Red Submariner Ref.1680 from 1972 with Service Rolex,Rolex,24900,https://watchcenter.ch/prodotto/rolex-vintage-red-submariner-ref-1680-from-1972-with-service-rolex/,https://watchcenter.ch/wp-content/uploads/2023/12/1-171.jpg,"Con un periodo di produzione che va dal 1967 al 1979, alla fine degli anni 60 Rolex lancia sul mercato la Referenza 1680, il primo Submariner che indica la data sul quadrante. La prima versione del Submariner data è stata realizzata in acciaio, e per i primi anni di produzione il quadrante portava la scritta Submariner in rosso. Questo esemplare in acciaio porta un bellissimo quadrante Mark V, caratterizzato, tra le altre cose, dalla profondità espressa prima in piedi e poi in metri. Movimento meccanico a carica automatica calibro 1570, secondi centrali e datario a ore 3. Bracciale con chiusura déployante in acciaio. Lorologio si presenta in ottime condizioni, viene venduto corredato da revisione Rolex del 2016 e un anno di garanzia di negozio sul funzionamento. Spedizioni in tutto il mondo con corriere assicurato Fedex in 24/48 ore.",Watch Center,False
Patek Philippe Chronometro Gondolo et Labouriau pocket watch 18kt pink gold from 1904 with Original Box,Patek Philippe,16900,https://watchcenter.ch/prodotto/patek-philippe-chronometro-gondolo-et-labouriau-pocket-watch-18kt-pink-gold-from-1904-with-original-box/,https://watchcenter.ch/wp-content/uploads/2023/12/2-176.jpg,"Bellissimo Chronometro Gondolo Patek Philippe, orologio da taschino in oro rosa 18kt dei primi del 900, realizzato per Gondolo e Labouriau Relojoeiros, Rio de Janeiro. Cassa a quattro corpi di 51mm, bassine. Perfetto e e raro quadrante in smalto bianco con numeri romani radiali, lancette in acciaio dorato, traccia minuti esterna con indici arabi neri di 5 minuti. Piccoli secondi a ore 6. Lorologio è in ottime condizioni, viene venduto corredato dalla scatola originale dellepoca ed estratto degli archivi Patek Philippe oltre ad un anno di garanzia di negozio sul funzionamento. Spedizioni in tutto il mondo con corriere assicurato Fedex in 24/48 ore.",Watch Center,True
"Vacheron Constantin Patrimony Ultra Flat, Yellow Gold 18K, Ref. 6115 from the 1960s",Vacheron Constantin,5900,https://watchcenter.ch/prodotto/vacheron-constantin-patrimony-ultra-flat-yellow-gold-18k-ref-6115-from-the-1960s/,https://watchcenter.ch/wp-content/uploads/2023/12/2-126.jpg,"Bellissimo Vacheron Constantin Patrimony referenza 6115, ultra piatto, super raffinato ed elegante con una cassa in oro giallo 18kt dallo spessore di soli 5mm! Quadrante champagne sigma con indici in oro 18kt applicati. Il cinturino è in pelle di lucertola nero con chiusura ad ardiglione. Movimento meccanico a carica manuale calibro 1003, dotato di punzone di Ginevra come garanzia di origine, di qualità di precisione e di durata. In condizioni perfette, è accompagnato dalla nostra garanzia di negozio di 1 anno sul funzionamento. Spedizioni in tutto il mondo con corriere assicurato Fedex in 24/48 ore.",Watch Center,False
Audemars Piguet “Gstaad Classic” Limited Edition 250 pcs Titanium with AP Service 2023,Audemars Piguet,21500,https://watchcenter.ch/prodotto/audemars-piguet-gstaad-classic-limited-edition-250-pcs-titanium-with-ap-service-2023/,https://watchcenter.ch/wp-content/uploads/2023/12/1-180.jpg,"Raro Audemars Piguet Jules Gstaad Classic, ref.26558TI. Questo cronografo fa parte di una serie di orologi creati per commemorare lAudemars Piguet Gstaad Classic, un prestigioso raduno di auto depoca che si svolge ogni due anni sulle strade tortuose delle Alpi svizzere. Lorologio presenta un quadrante antracite con indici in numeri arabi applicati in oro rosa, lancette in oro rosa e pulsante del cronografo in oro rosa a ore 2. Sul vetro del fondello è stampata la scritta GSTAAD CLASSIC, a testimonianza della collaborazione con il famoso rally automobilistico. Il singolo pulsante del cronografo in oro rosa imita forse un cronografo con stop-timer come quello utilizzato sui classici cronometri da corsa. Completo di service Audemars Piguet nel 2023. Questo orologio può essere acquistato direttamente nel nostro negozio a Lugano, in Svizzera, oppure online. Spedizioni in tutto il mondo con corriere assicurato Fedex in 24/48 ore.",Watch Center,False
"Patek Philippe Vintage Calatrava 18kt Yellow Gold, Ref. 570, Two-Tone Dial, from 1945",Patek Philippe,34000,https://watchcenter.ch/prodotto/patek-philippe-vintage-calatrava-18kt-yellow-gold-ref-570-two-tone-dial-from-1945/,https://watchcenter.ch/wp-content/uploads/2023/12/5701.jpg,"Raro Patek Philippe Calatrava in oro giallo 18kt, referenza 570, del 1945. Introdotta nel 1938, liconica referenza 570 è sostanzialmente una versione più grande (oversize) della referenza 96, prima referenza di Calatrava di Patek Philippe lanciata nel 1932. E stata una favorita tra i collezionisti grazie alla sua grande cassa, la ghiera liscia e un vivido design modernista. La referenza 570 era disponibile principalmente in metalli preziosi: oro giallo, rosa e bianco, platino e molto più raramente in acciaio inossidabile. Questo esemplare del 1945 presenta una cassa di 35mm in oro giallo 18kt con ghiera liscia. Quadrante argento bicolore, indici in oro giallo applicati, piccoli secondi sussidiari a ore 6 e lancette in oro giallo. Movimento meccanico a carica manuale calibro 12-120. Si trova in perfette condizioni ed è corredato da Estratto degli Archivi Patek Philippe e da un anno di garanzia di negozio sul funzionamento. Spedizioni in tutto il mondo con corriere assicurato Fedex in 24/48 ore.",Watch Center,True
"Audemars Piguet Royal Oak Offshore Camo 44mm ref.26400SO, Full Set, with Service AP",Audemars Piguet,39900,https://watchcenter.ch/prodotto/audemars-piguet-royal-oak-offshore-chronograph-camo-steel-44mm-26400so-full-set-with-service/,https://watchcenter.ch/wp-content/uploads/2023/12/prima-24.jpg,"Particolare Audemars Piguet Royal Oak Offshore Camo cronografo in acciaio ref. 26400SO.OO.A054CA.01 . Cassa in acciaio di 44mm, vetro e fondello in vetro zaffiro con trattamento antiriflesso, caratteristica lunetta ottagonale in ceramica color kaki scuro, cosí come la corona e i pulsanti del cronografo avvitati abbinati. Quadrante color champagne/beige con motivo Méga Tapisserie, contatori e finestrella data a contrasto, color nero, indici applicati e lancette Royal Oak in oro bianco con rivestimento luminescente. Cinturino in gomma mimetica con fibbia ad ardiglione AP in acciaio. Cinturino supplementare in gomma color verde militare. Movimento automatico calibro 3126/3840. Lorologio è in ottime condizioni, completo di scatola e garanzia Audemars Piguet e revisione AP del 2018. Spedizioni in tutto il mondo con corriere assicurato Fedex in 24/48 ore.",Watch Center,False
"Rolex Vintage Chronograph Ref. 6234, Stainless Steel, from year 1957",Rolex,53000,https://watchcenter.ch/prodotto/rolex-vintage-chronograph-ref-6234-steel-made-in-1957/,https://watchcenter.ch/wp-content/uploads/2023/12/1-153.jpg,"Rolex cronografo Ref.6234. La produzione totale, nei 6 anni di presenza nei cataloghi dal 1955 al 1961, è di circa 2300 pezzi in acciaio, 100 in oro 14kt e circa 40 in oro 18kt. Movimento calibro 72 a carica manuale. Fondello con chiusura a vite, quadrante con indici applicati e lancette luminose. Contatore dei secondi a ore 9, contatore 30 minuti a ore 3 e contatore 12 ore a ore 6. Dispone anche di una scala tachimetrica sullanello esterno e una scala telemetrica per le distanze sullanello interno. Essendo considerato il Nonno del Rolex Daytona, è particolare e caratteristica la sua resistenza magnetica, che aiuta a mantenere la massima precisione del segnatempo, cosa non presente in nessun altra referenza della famiglia. Corredato di nostro certificato di autenticità di tutte le componenti e un anno di garanzia di negozio sul funzionamento. Spedizioni in tutto il mondo con corriere assicurato Fedex in 24/48 ore.",Watch Center,False
"Patek Philippe Pocket Watch Gondolo et Labouriau 18kt YG from 1911, “Ernesto Dos Anjos”, Full Set",Patek Philippe,26500,https://watchcenter.ch/prodotto/patek-philippe-chronometro-gondolo-et-labouriau-pocket-watch-18kt-yellow-gold-from-1911-ernesto-dos-anjos-full-set/,https://watchcenter.ch/wp-content/uploads/2023/12/primalab.jpg,"Bellissimo Chronometro Gondolo Patek Philippe, orologio da tasca in oro giallo 18kt del 1911, realizzato per Gondolo e Labouriau Relojoeiros, Rio de Janeiro. Cassa a quattro corpi di 56mm, bassine. Speciale e raro quadrante in smalto bianco personalizzato Ernesto Dos Anjos con numeri romani radiali, lancette in acciaio dorato, traccia minuti esterna con indici arabi neri di 5 minuti. Piccoli secondi a ore 6. Anche il fondello esterno è inciso con le iniziali EA, come riportato nella garanzia dorigine! Lorologio è in condizioni perfette, viene venduto corredato da scatola e garanzia dorigine Patek Philippe, molla originale di scorta ed un anno di garanzia di negozio sul funzionamento. Spedizioni in tutto il mondo con corriere assicurato Fedex in 24/48 ore.",Watch Center,False
"Heuer Vintage Chronograph Stainless Steel, Black Dial, From the 1940s",Heuer,4950,https://watchcenter.ch/prodotto/heuer-vintage-chronograph-stainless-steel-black-dial-from-the-1940s/,https://watchcenter.ch/wp-content/uploads/2023/12/1-241.jpg,"Heuer cronografo prodotto negli anni 40. Cassa acciaio diametro 32 mm con fondello a scatto. Movimento meccanico a carica manuale con funzione cronografo. Bellissimo quadrante nero con numeri arabi silver. Piccoli secondi a ore 9, minuti cronografici a ore 3. Scala tachimetrica esterna. In perfette condizioni, corredato da un anno di garanzia di negozio sul funzionamento. Spedizioni in tutto il mondo con corriere assicurato Fedex in 24/48 ore.",Watch Center,False
Blancpain Vintage Fifty Fathoms “No Radiation” Diver from 60s,Blancpain,37000,https://watchcenter.ch/prodotto/blancpain-fifty-fathoms-no-radiation-diver-from-60s-extremely-rare/,https://watchcenter.ch/wp-content/uploads/2023/12/2-148.jpg,"Lo storico e raro Blancpain Fifty Fathoms No Radiation Diver degli anni 60! E stato il primo orologio da polso con lunetta girevole e movimento automatico. Lanciato nel 1953 in collaborazione con lélite dei sommozzatori francesi, Lunità militare aveva bisogno di un orologio da polso affidabile, durevole, leggibile e resistente allacqua. Per coincidenza, lamministratore delegato di Blancpain, Jean-Jacques Fiechter, aveva una grande passione per le immersioni e accettò subito la sfida. Questi primi orologi Fifty Fathoms erano dotati inizialmente di luminescenza al radio, che permetteva di ottenere un bagliore costante in ambienti bui per aiutare la leggibilità. Il Blancpain Fifty Fathoms, soprannominato “No Rad”, risale ai primi anni 60 ed è forse uno degli orologi subacquei depoca più collezionabili! Ciò è dovuto al grande simbolo “No Radiations” che si trova nella metà inferiore del quadrante. Si scoprì infatti che il radio utilizzato per la luminescenza dei primi orologi da polso aveva proprietà distruttive per il corpo umano e molti marchi si convertirono rapidamente al trizio, un materiale molto più sicuro con un bagliore altrettanto efficace. In risposta, Blancpain utilizzò questo simbolo per indicare chiaramente che i suoi orologi erano sicuri da indossare. Questo esemplare, in ottimo stato di conservazione, è accompagnato da nostra certificazione di autenticità e un anno di garanzia di negozio sul funzionamento. Spedizioni in tutto il mondo con corriere assicurato Fedex in 24/48 ore.",Watch Center,False
"Patek Philippe Vintage Calatrava Ref. 2526, 18kt Yellow Gold, Mark I Enamel Dial from year 1955",Patek Philippe,75000,https://watchcenter.ch/prodotto/patek-philippe-vintage-calatrava-ref-2526-18kt-yellow-gold-mark-i-enamel-dial-from1955/,https://watchcenter.ch/wp-content/uploads/2023/12/2-133.jpg,"Rarissimo Patek Philippe Calatrava in oro giallo 18kt, referenza 2526, del 1955. Introdotta nel 1952, liconica referenza 2526 rappresenta la prima grande innovazione in casa Patek Philippe, viene infatti equipaggiata dal primo movimento automatico, il famosissimo calibro 12-600. Per coronare il lancio del suo primo orologio automatico, la Patek optò per la realizzazione su una base d’argento di un quadrante in smalto di un inimitabile bianco crema. All’epoca la realizzazione di questi quadranti in smalto (unito alla necessità di forarne la delicata superficie, così da applicarvi gli indici) portò a una proporzione di circa 9 pezzi su 10 da scartare. Per ovviare alla difficoltà nella realizzazione, in seguito la Patek decise che gli indici sarebbero stati semplicemente incollati. Ciò ha comportato la classificazione di questi quadranti in Prima serie o Mark I (ovvero con indici applicati) e Seconda serie o Mark II(indici incollati), con i collezionisti che bramano in particolar modo la prima tipologia di quadranti di cui questo bellissimo esemplare è fornito! Lorologio è in ottime condizioni ed è corredato da Estratto degli Archivi Patek Philippe e da un anno di garanzia di negozio sul funzionamento. Spedizioni in tutto il mondo con corriere assicurato Fedex in 24/48 ore.",Watch Center,False
"Rolex “Kermit” Green Bezel Ref. 16610LV, Full Set 2005",Rolex,21000,https://watchcenter.ch/prodotto/rolex-kermit-green-bezel-ref-16610lv-full-set-2005/,https://watchcenter.ch/wp-content/uploads/2023/12/front-10.jpg,"Rolex Submariner Kermit, ref. 16610LV. Cassa da 40 mm e bracciale oyster in acciaio , quadrante nero e ghiera verde, edizione limitata prodotta dal 2004 al 2009 per il 50° anniversario dalla nascita del modello Submariner. In condizioni ottime, completo di scatola e garanzia Rolex del 2005 e da un anno di nostra garanzia sul funzionamento. Spedizioni in tutto il mondo con corriere assicurato Fedex in 24/48 ore.",Watch Center,True
Audemars Piguet Classique “Royal Oak inspired” Skeleton Ref. 4122BA Self-Winding from 1980,Audemars Piguet,29900,https://watchcenter.ch/prodotto/audemars-piguet-classique-royal-oak-inspired-skeleton-ref-4122ba-self-winding-from-1980/,https://watchcenter.ch/wp-content/uploads/2023/12/PRIMA-5.jpg,"Rarissimo Audemars Piguet Classique scheletrato ref. 4122BA del 1980. Cassa in oro 18kt caratterizzata da una forma ottagonale che richiama chiaramente il Royal Oak. Quadrante scheletrato che mostra il bellissimo movimento attraverso il vetro minerale così come il fondello a vista che mostra il rotore in oro 21K. Lorologio monta un cinturino in coccodrillo nero originale con fibbia ad ardiglione in oro giallo 18k AP originale. Il movimento è a carica automatica calibro 2120. Lesemplare è in condizioni eccezionali, mostra anche una leggera ossidazione che conferma lottima conservazione e viene fornito con la scatola originale Audemars Piguet lEstratto dArchivio. e un service completo AP 2023. Questo orologio può essere acquistato direttamente nel nostro negozio a Lugano, in Svizzera, oppure online. Spedizioni in tutto il mondo con corriere assicurato Fedex in 24/48 ore.",Watch Center,True
Audemars Piguet Classique “Royal Oak inspired” Skeleton with Green Enamel Lunette,Audemars Piguet,34900,https://watchcenter.ch/prodotto/audemars-piguet-classique-royal-oak-inspired-skeleton-with-green-enamel-lunette/,https://watchcenter.ch/wp-content/uploads/2023/12/2laterale-1.jpg,"Rarissimo Audemars Piguet Classique scheletrato ref. 4222BA del 1982. Cassa in oro 18kt caratterizzata da una forma ottagonale, che richiama chiaramente il Royal Oak, impreziosita da una speciale lunetta in smalto verde. Quadrante scheletrato che mostra il bellissimo movimento attraverso il vetro minerale così come il fondello a vista. Intorno al quadrante cè una lunetta fissa incastonata con un prezioso smalto verde. Lorologio monta un cinturino in pelle nera originale con fibbia ad ardiglione in oro giallo 18k AP originale. Il movimento è a carica manuale calibro 2003_SQ. Lesemplare è in condizioni eccezionali e viene fornito con la scatola originale Audemars Piguet e lEstratto dArchivio, oltre ad un anno di garanzia di negozio sul funzionamento. Spedizioni in tutto il mondo con corriere assicurato Fedex in 24/48 ore.",Watch Center,True
IWC Big Pilot Perpetual Calendar Titanium Limited Edition 50pcs for Cellini Jewelers,IWC,29000,https://watchcenter.ch/prodotto/iwc-perpetual-calendar-titanium-limited-edition-50pcs-for-cellini-jewelers/,https://watchcenter.ch/wp-content/uploads/2023/12/3-96.jpg,"Realizzato nel 2006 per la gioielleria newyorkese Cellini, il Big Pilot’s Watch Perpetual Calendar «Cellini» di IWC esiste in soli 50 esemplari! E il primo orologio Big Pilot’s ad avere una cassa in titanio. La qualità sopraffina dei materiali garantisce la leggerezza e la portabilità del modello. A oggi resta l’unico modello Big Pilot Perpetual Calendar in titanio mai prodotto! Cassa da 46 mm numerata sul lato sinistro e fondello in vetro zaffiro. Quadrante nero con grandi numeri arabi e i quattro contatori del calendario. Cinturino in alligatore nero con chiusura deployante in titanio. Lorologio è completo di scatola e garanzia dorigine IWC in bianco, service IWC nel 2016, file di aggiornamento e un secondo cinturino in alligatore marrone! Lorologio è disponibile online o nel nostro negozio a Lugano. Spedizione assicurata in tutto il mondo con corriere Fedex in 24/48 ore.",Watch Center,False
Audemars Piguet Starwheel 18kt Yellow Gold Ref. 25720BA from year 1992 Box and Extract AP,Audemars Piguet,27000,https://watchcenter.ch/prodotto/audemars-piguet-star-wheel-18kt-yellow-gold-ref-25720ba-from-year-1992-box-and-extract-ap/,https://watchcenter.ch/wp-content/uploads/2023/12/frontale0-1.jpg,"Audemars Piguet Starwheel Ref.25720BA. Inventate nel XVII secolo, le ore “erranti” sono un tipo di complicazione orologiera che visualizza le ore utilizzando un sistema di satelliti che gravitano lungo una scala dei minuti disposta a forma di arco. Dopo essere caduto in disuso nel corso del XX secolo, il sistema è stato riscoperto e reintrodotto da Audemars Piguet nel 1991 ed ha caratterizzato la collezione Starwheel fino ai primi anni 2000. La cassa a gradini in oro giallo 18kt misura 36 mm con anse corte e ritorte. Mentre la maggior parte del quadrante è occupata dai tre dischi in zaffiro e dalla minuteria bianca, il resto del quadrante è realizzato in oro giallo con una bella lavorazione fatta a mano sullo spazio che circonda i dischi. La ruota centrale è rifinita anchessa a mano. Il movimento finemente lavorato è il Calibro AP 2224, lo si può ammirare attraverso il fondello in zaffiro. E caratterizzato da finiture spazzolate sui ponti, teste delle viti lucide e perlage sulla platina. Il rotore è in oro 21 carati. Cinturino in alligatore nero con fibbia in oro giallo 18kt. In perfette condizioni, corredato di scatola ed estratto degli archivi Audemars Piguet e un anno di garanzia di negozio sul funzionamento. Spedizioni in tutto il mondo con corriere assicurato Fedex in 24/48 ore.",Watch Center,True
Breitling Old Chronomat Chrono-Matic Ref. 8808 from 70s,Breitling,9600,https://watchcenter.ch/prodotto/breitling-old-chronomat-chrono-matic-ref-8808-from-70s-perfect-condition/,https://watchcenter.ch/wp-content/uploads/2023/12/2-198.jpg,"Bellissimo cronografo Breitling vintage con regolo calcolatore. Il Chronomat con il suo regolo calcolatore rotante è stato brevettato per la prima volta nel 1941 offrendo uno strumento ingegneristico e matematico per il polso. Sta diventando sempre più raro trovare esempi corretti dei pezzi degli ultimi anni 70 come questa ref 8808! Cassa da 41 mm in acciaio inossidabile con lunetta girevole interna con regolo calcolatore con riferimenti rossi, quadrante nero con contatori bianco/argento e indici a bastone applicati, datario rosso. Movimento calibro 12 con microrotore a carica automatica, plexiglass. Cinturino in pelle marrone e fibbia in acciaio, originale Breitling. Questo orologio è in ottime condizioni, corredato da un anno di garanzia di negozio sul funzionamento. Accettiamo tutte le carte di credito e bonifici bancari. Spedizioni in tutto il mondo con corriere assicurato Fedex in 24/48 ore.",Watch Center,False
Jaeger-LeCoultre Reveil 18 kt yellow gold Retailed for Turler from 60s,Jaeger-LeCoultre,7900,https://watchcenter.ch/prodotto/jaeger-lecoultre-reveil-18-kt-yellow-gold-retailed-for-turler-from-60s/,https://watchcenter.ch/wp-content/uploads/2023/12/Prima-foto-27.jpg,"Jaeger Le-Coultre Vintage Memovox con funzione réveil, anni 60, Cassa in oro giallo da 37mm con bellissimo quadrante silver personalizzato per il concessionario Turler! Datario a ore 3 e disco interno per indicazione della sveglia. Movimento meccanico a carica automatica, cinturino di struzzo JLC con ardiglione JLC. Il fondello porta una personalizzazione che è possibile rimuovere su richiesta. In ottime condizioni, revisionato dal nostro laboratorio e accompagnato da un anno di garanzia di negozio sul funzionamento. Spedizioni in tutto il mondo con corriere assicurato Fedex in 24/48 ore.",Watch Center,False
Patek Philippe Nautilus Ref. 3800 Stainless Steel Full Set from 1995 Service 2021,Patek Philippe,63900,https://watchcenter.ch/prodotto/patek-philippe-nautilus-ref-3800-stainless-steel-full-set-from-1995-service-2021/,https://watchcenter.ch/wp-content/uploads/2023/12/prima-33.jpg,"Fantastico Patek Philippe Nautilus ref.3800 in acciaio del 1995. Cassa di 37mm in tre corpi in acciaio con bracciale in acciaio integrato con chiusura deployante. Quadrante nero con indici applicati in oro bianco, datario a ore 3. Movimento meccanico a carica automatica calibro 330 SC, vetro zaffiro. Lorologio è stato revisionato in Patek nel 2021, da quel momento non è più stato indossato, si trova quindi in condizioni perfette, come nuovo. E infatti accompagnato da garanzia di revisione fino al 2023 e presenta inoltre il corredo originale con scatola, libretti e garanzia Patek Philippe del 1995. Spedizioni in tutto il mondo con corriere assicurato Fedex in 24/48 ore.",Watch Center,True
"Audemars Piguet Royal Oak Day-Date, Steel and Gold, from 90s",Audemars Piguet,21500,https://watchcenter.ch/prodotto/audemars-piguet-steel-and-gold-from-90s/,https://watchcenter.ch/wp-content/uploads/2023/12/3-106.jpg,"Audemars Piguet Royal Oak Day-Date, Referenza 25572SA . Cassa in acciaio con ghiera in oro giallo 18kt diametro 36 mm, corona avvitata. Quadrante grigio tapisserie con indici delle ore applicate, contatore del giorno a ore 9 e della data a ore 3. Vetro zaffiro, bracciale integrato in acciaio e oro giallo 18kt con chiusura déployante, movimento meccanico a carica automatica. Ottime condizioni, accompagnato da nostra certificazione di autenticità e un anno di nostra garanzia sul movimento. Questo orologio può essere acquistato direttamente nel nostro negozio a Lugano, in Svizzera, oppure online. Spedizione assicurata in tutto il mondo con corriere Fedex in 24/48 ore",Watch Center,False
Patek Philippe Vintage Calatrava 18kt White Gold ref.3416 from 1959,Patek Philippe,14500,https://watchcenter.ch/prodotto/patek-philippe-vintage-calatrava-18kt-white-gold-ref-3416-from-60s/,https://watchcenter.ch/wp-content/uploads/2023/12/laterale-37.jpg,"Da quando loriginale Calatrava ref. 96 è stato lanciato negli anni Trenta, Patek Philippe ha realizzato molte varianti. Le caratteristiche che definiscono un Calatrava sono la funzione solo tempo e la forma circolare, proprio come lesempio che abbiamo qui: un bellissimo e pulito Calatrava ref.3416 in oro bianco 18kt del 1959! Cassa di 33 mm con fondello a scatto. Quadrante silver con indici in oro bianco applicati, plexiglass. Movimento a carica manuale cal 23-300. Cinturino in alligatore nero con ardiglione in oro bianco 18kt PP. In ottime condizioni, viene fornito con estratto di archivio Patek Philippe e un anno di nostra garanzia sul funzionamento. Spedizioni in tutto il mondo con corriere assicurato Fedex in 24/48 ore.",Watch Center,False
Franck Muller Casablanca Pride of Portugal Limited Edition 20 pcs Full Set,Other,19500,https://watchcenter.ch/prodotto/franck-muller-casablanca-pride-of-portugal-limited-edition-20-pcs-full-set/,https://watchcenter.ch/wp-content/uploads/2023/12/estr-13.jpg,"Bellissima edizione limitata di 20 pezzi al mondo realizzata nel 2008. Cassa cintrée curvex in acciaio rivestito di grandi dimensioni. Quadrante nero con lancette e grandi numeri arabi bianchi in Luminova, datario a ore 6, movimento automatico. Cinturino in gomma nera con doppia chiusura deployante Franck Muller in acciaio, vetro zaffiro bombato. In ottime condizioni, corredato di scatola e garanzia Franck Muller e un anno di garanzia di negozio sul funzionamento. Spedizioni in tutto il mondo con corriere assicurato Fedex in 24/48 ore.",Watch Center,False
Vacheron Constantin Ultra-Thin White Gold Ref. 4667 from 1965,Vacheron Constantin,9400,https://watchcenter.ch/prodotto/vacheron-constantin-ultra-thin-white-gold-ref-4667-from-1965/,https://watchcenter.ch/wp-content/uploads/2023/12/1-217.jpg,"Stupendo Vacheron & Constantin ultra piatto Ref. 4667, un classico vintage senza tempo, semplice ed essenziale, leleganza infatti è il suo punto forte. Cassa ultra sottile in oro bianco 18k con spessore di soli 6mm e un diametro di 32mm. Quadrante silver con indici applicati in oro bianco e piccoli secondi a ore 6, movimento meccanico a carica manuale. Cinturino in alligatore blu. In condizioni pari al nuovo, corredato da un anno di garanzia di negozio sul funzionamento. Spedizioni in tutto il mondo con corriere assicurato Fedex in 24/48 ore.",Watch Center,False
"Patek Philippe Pocket Watch Ref. 689 made in 1947, Platinum and Diamonds",Patek Philippe,19500,https://watchcenter.ch/prodotto/patek-philippe-pocket-watch-ref-689-made-in-1947-platinum-and-diamonds/,https://watchcenter.ch/wp-content/uploads/2023/12/Senza-titolo-21.webp,"Bellissimo e raro Patek Philippe da tasca degli anni 40. Cassa in platino da 43mm con fondello a scatto. Meraviglioso quadrante silver con applicati indici in diamanti. Movimento meccanico a carica manuale calibro 17140. In condizioni ottime ed originali, accompagnato da estratto degli archivi Patek Philippe e da un anno di garanzia di negozio sul funzionamento. Spedizioni in tutto il mondo con corriere assicurato Fedex in 24/48 ore.",Watch Center,False
Rolex Extremely rare Oversize 18kt Rose Gold made in 1915 with Expertise,Rolex,165000,https://watchcenter.ch/prodotto/rolex-an-extremely-rare-oversize-18k-rose-gold-made-in-1915-with-expertise/,https://watchcenter.ch/wp-content/uploads/2023/12/prima-21.jpg,"Rarissimo Rolex Oversize realizzato in pochi esemplari nel 1915. Cassa rettangolare curvata oro rosa 18kt , cinturino pelle con chiusura ardiglione Rolex. Quadrante argentè con grandi numeri romani. Questo magnifico pezzo è stato pubblicato in diversi libri, è accompagnato da due cinturini extra originali Rolex ed un poster che lo raffigura, oltre che dalla perizia di Valter Barocco, la meravigliosa scatola originale Rolex dellepoca e da un anno di garanzia di negozio sul funzionamento. Spedizioni in tutto il mondo con corriere assicurato Fedex in 24/48 ore.",Watch Center,False
Rolex Pocket Watch Stainless Steel Ref. 2852 from the 1960s,Rolex,5400,https://watchcenter.ch/prodotto/rolex-pocket-watch-stainless-steel-ref-2852-from-60s/,https://watchcenter.ch/wp-content/uploads/2023/12/1-141.jpg,"Raro e particolare Rolex da tasca realizzato negli anni 60. Cassa acciaio diam. 46 mm , quadrante silver con numeri romani e piccoli secondi a ore 6, lancette in acciaio azzurrato. In ottime condizioni, con un anno di garanzia di negozio sul funzionamento. Spedizioni in tutto il mondo con corriere assicurato Fedex in 24/48 ore.",Watch Center,False
"Audemars Piguet Royal Oak Chronograph Brown Dial Ref. 26300ST , Full Set 2011",Audemars Piguet,46900,https://watchcenter.ch/prodotto/audemars-piguet-royal-oak-chronograph-brown-dial-ref-26300st-full-set-2011/,https://watchcenter.ch/wp-content/uploads/2023/12/1-56.jpg,"Audemars Piguet Royal Oak chrono in acciaio ref. 26300ST. Per la referenza 26300ST lintera produzione è stata di soli 3600 esemplari dal 2009 fino al 2012. Cassa di 39 mm a tre corpi, bellissimo quadrante marrone con lancette della cronografica arancioni e indici delle ore applicati. Contatori cronografici a ore 3 e 9, piccoli secondi a ore 6 e finestra della data tra ore 4 e 5. Movimento meccanico a carica automatica con calibro 2385. Bracciale Royal Oak integrato con chiusura deployante a scomparsa. In condizioni pari al nuovo, viene fornito con scatola e garanzia Audemars Piguet del 2011 e da un anno di nostra garanzia sul funzionamento. Spedizioni in tutto il mondo con corriere assicurato Fedex in 24/48 ore.",Watch Center,True
"Patek Philippe Art Deco Watch 18kt White Gold Curved Hinged Case, from the 20s",Patek Philippe,39500,https://watchcenter.ch/prodotto/patek-philippe-18kt-white-gold-curved-hinged-case-art-deco-watch-from-20s/,https://watchcenter.ch/wp-content/uploads/2023/12/2IMG_6857.jpg,"Bellissimo e raro Patek Philippe Art Deco di forma, in oro bianco 18kt degli anni 20, referenza 42. Cassa ricurva da 25x33mm con fondello firmato e cernierato. Quadrante silver con numeri Breguet applicati in oro bianco, piccoli secondi a ore 6. Movimento a carica manuale con calibro 9, cinturino in pelle marrone con chiusura ardiglione. Vetro minerale. In cottimo stato di conservazione, corredato dellEstratto degli Archivi Patek Philippe e da un anno di garanzia di negozio sul funzionamento. Spedizioni in tutto il mondo con corriere assicurato FedEx in 24/48h.",Watch Center,False
Rolex Vintage Daytona Ref. 6265 Amazing Tropical Brown Dial from 1971,Rolex,200000,https://watchcenter.ch/prodotto/rolex-vintage-daytona-ref-6265-amazing-tropical-brown-dial-from-1971/,https://watchcenter.ch/wp-content/uploads/2023/12/fr2ontale-1.jpg,"Rolex vintage Daytona ref. 6265 in acciaio prodotto nel 1971. Incredibile quadrante nero perfettamente virato al marrone! Movimento meccanico manuale, cronografia con ruota a colonna, calibro 727. Cassa in tre corpi, ghiera fissa in acciaio con scala tachimetrica base 200, corona a vite e pulsanti cronografici cilindrici a vite. Completato da un bellissimo bracciale Oyster rivettato ref.7205 con finali 71. In condizioni ottime, con nostra certificazione di autenticità e un anno di garanzia sul funzionamento. Spedizioni in tutto il mondo con corriere assicurato Fedex in 24/48 ore.",Watch Center,True
"Rolex Daytona Zenith, 18kt Gold, “6 inverted” Dial, Ref. 16528, Full Set 1993 and Services",Rolex,62500,https://watchcenter.ch/prodotto/rolex-zenith-18-kt-yellow-gold-6-inverted-ref-16528-full-set-1993-and-services/,https://watchcenter.ch/wp-content/uploads/2023/12/1-149.jpg,"Il mitico Rolex Daytona movimento Zenith, oro giallo 18kt, ref.16528. Cassa di 40 mm con fondello a vite seriale X, prodotto nel secondo semestre del 1991. Quadrante bianco con 6 invertito, pulsanti e corona a vite, bracciale Oyster in oro 18kt con chiusura deployante. Movimento automatico cal 4030 Zenith El Primero, vetro zaffiro. In condizioni eccezionali, corredato da scatola e garanzia Rolex del 1993 e da tre revisioni Rolex, nel 2006, nel 2018 e nel 12/2022. Questo orologio può essere acquistato direttamente nel nostro negozio a Lugano, in Svizzera, oppure online. Spedizioni in tutto il mondo con corriere assicurato Fedex.",Watch Center,False
"Audemars Piguet Royal Oak Stainless Steel, Ref. 6005ST, with Extract AP, from year 1979",Audemars Piguet,25000,https://watchcenter.ch/prodotto/audemars-piguet-stainless-steel-ref-6005st-from-1979/,https://watchcenter.ch/wp-content/uploads/2023/12/frontale-58.jpg,"Audemars Piguet Royal Oak, referenza 6005ST. Cassa in acciaio in 3 corpi rettangolare 32x41mm extra sottile. Quadrante tapisserie grigio, lancette ed indici applicati. Movimento di manifattura al quarzo, lorologio è dotato di una funzione particolare infatti la lancetta dei minuti è regolata da un pulsante nella corona. Vetro zaffiro, bracciale integrato in acciaio con chiusura deployante a scomparsa. In condizioni ottime, corredato da estratto degli archivi Audemars Piguet e un anno di nostra garanzia sul funzionamento. Questo orologio può essere acquistato direttamente nel nostro negozio a Lugano, in Svizzera, oppure online. Spedizioni in tutto il mondo con corriere assicurato Fedex in 24/48 ore.",Watch Center,False
Rolex Submariner Vintage Ref. 5513 Pallettoni Gilt Dial from 1967,Rolex,28000,https://watchcenter.ch/prodotto/rolex-submariner-vintage-ref-5513-pallettoni-gilt-dial-from-1967/,https://watchcenter.ch/wp-content/uploads/2023/12/frontale2-4.jpg,"Il Rolex Submariner 5513 vede la luce nel 1962, quando va ad affiancare la ref. 5512 proponendosi come una versione più economica priva di certificato di cronometro. Esteticamente molto simile al Submariner 5512, ha una carriera lunghissima che termina solamente nel 1989. Cassa in acciaio da 38 mm con fondello a vite e ghiera graduata bidirezionale. Quadrante nero gilt con pallettoni e minuteria aperta, secondi centrali. Movimento meccanico a carica automatica, vetro plexiglass. In condizioni ottime, corredato da expertise di Valter Barocco e un anno di garanzia di negozio sul funzionamento. Spedizioni in tutto il mondo con corriere assicurato Fedex in 24/48 ore.",Watch Center,False
Patek Philippe Ref. 3800 Steel and Gold Amazing Green Patina Dial from year 1982,Patek Philippe,88000,https://watchcenter.ch/prodotto/patek-philippe-ref-3800-steel-and-gold-amazing-green-patina-dial-from-year-1982/,https://watchcenter.ch/wp-content/uploads/2023/12/foto-sole.jpg,"Patek Philippe Nautilus ref.3800 in oro giallo e acciaio del 1982. Cassa 37 mm in tre corpi in acciaio e oro giallo con bracciale Nautilus sempre in oro giallo ed acciaio e chiusura deployante. Ha un favoloso quadrante che nel corso degli anni è diventato verde. Il colore del quadrante è difficile da descrivere, è semplicemente affascinante in sotto ogni tipo di luce. Le condizioni del quadrante sono inoltre perfette, non presenta alcun segno o ammaccatura. Al buio è bluastro, mentre alla luce del sole si vede la bellissima patina verde. Movimento meccanico a carica automatica, vetro zaffiro. In condizioni perfette, accompagnato da Estratto degli Archivi Patek Philippe e in più un anno di nostra garanzia sul funzionamento. Spedizioni in tutto il mondo con corriere assicurato Fedex in 24/48 ore.",Watch Center,True
Girard Perregaux Chronograph Rattrapante Ferrari Ref. 9015 Platinum Full Set Limited Edition 50 pcs,Other,17500,https://watchcenter.ch/prodotto/girard-perregaux-chronograph-rattrapante-ferrari-ref-9015-platinum-full-set-limited-edition-50-pcs/,https://watchcenter.ch/wp-content/uploads/2023/12/2-158.jpg,"Bellissimo e raro Girard Perregaux cronografo rattrapante Ferrari in platino, ref. 9015, prodotto in serie limitata e numerata di 50 pezzi. Cassa in platino di 38 mm, quadrante silver con logo Ferrari a ore 12 e indici applicati in oro bianco. Movimento di produzione speciale per Ferrari a carica automatica. Cinturino in alligatore blu e fibbia in acciaio, tutto GP. In condizioni pari al nuovo, corredato di scatola e garanzia G.Perregaux in bianco ed estratto degli archivi GP confermante la produzione nel 1994, oltre ad un anno di garanzia di negozio sul meccanismo. Spedizione in tutto il mondo con Fedex corriere assicurato in 24/48 ore.",Watch Center,False
"Rolex Vintage Chronograph Ref.3055, called “Piccolino”, 18kt Rose Gold, 20 pcs, from 30s",Rolex,38000,https://watchcenter.ch/prodotto/rolex-piccolino-vintage-chronograph-ref-305518-kt-rose-gold/,https://watchcenter.ch/wp-content/uploads/2023/12/2-147.jpg,"Rarissimo Rolex Cronografo vintage denominato Piccolino. Cassa antimagnetica di 30 mm in oro rosa 18 kt, ref. 3055, prodotto alla fine degli anni 30. Orologio di piccole dimensioni, prodotto solo in 20 pezzi al mondo in oro rosa e 200 in oro giallo! Cassa a tre corpi,con ghiera liscia applicata e anse curve. Quadrante beige opaco con applicati indici a bastone in oro rosa 18 kt, come le bellissime lancette lancia. Contatori dei piccoli secondi e dei 30 minuti cronografici, scala telemetrica e tachimetrica esterne. Movimento a carica manuale con calibro Valjoux 69, 17 pietre. In condizioni originali, corredato di expertise di Valter Barocco che ne certifica loriginalità delle componenti e un anno di garanzia di negozio sul funzionamento. Spedizioni in tutto il mondo con corriere assicurato Fedex in 24/48 ore.",Watch Center,False
Rolex Vintage Red Submariner Ref. 1680 from the year 1971,Rolex,21900,https://watchcenter.ch/prodotto/rolex-vintage-red-submariner-ref-1680-from-1971/,https://watchcenter.ch/wp-content/uploads/2023/12/frontale-59.jpg,"Con un periodo di produzione che va dal 1967 al 1979, alla fine degli anni 60 Rolex lancia sul mercato la Referenza 1680, il primo Submariner che indica la data sul quadrante. La prima versione del Submariner data è stata realizzata in acciaio, e per i primi anni di produzione il quadrante portava la scritta Submariner in rosso. Questo esemplare in acciaio porta un bellissimo quadrante Mark IV, caratterizzato, tra le altre cose, dalla profondità espressa prima in piedi e poi in metri. Movimento meccanico a carica automatica calibro 1570 revisionato nel nostro laboratorio, secondi centrali e datario a ore 3. Bracciale con chiusura déployante in acciaio. Lorologio si presenta in ottime condizioni, viene venduto corredato da Expertise di Valter Barocco, scatola Rolex e un anno di garanzia di negozio sul funzionamento. Spedizioni in tutto il mondo con corriere assicurato Fedex in 24/48 ore.",Watch Center,False
Rolex Sea-Dweller Ref. 1665 Mark IV from 1975,Rolex,22900,https://watchcenter.ch/prodotto/rolex-sea-dweller-ref-1665-mark-iv-from-1975/,https://watchcenter.ch/wp-content/uploads/2023/12/1-173.jpg,"Rolex Sea-Dweller ref.1665 del 1975. Cassa in acciaio da 40 mm fondo a vite inciso. Bracciale Oyster Ref. 91350 con terminali 585. Quadrante MK4 nero con indici pallettoni, apertura per la data a ore 3. Lunetta unidirezionale graduata per il calcolo dei tempi di decompressione, valvola dellelio sulla cassa a ore 9. Movimento meccanico a carica automatica, vetro plexiglass. In ottime condizioni. Accompagnato da un anno di garanzia di negozio sul meccanismo. Spedizioni in tutto il mondo con corriere assicurato Fedex in 24/48 ore.",Watch Center,False
Rolex Day Date Degrade Diamonds dial 18kt yellow gold Ref. 18038 from 1988,Rolex,22500,https://watchcenter.ch/prodotto/rolex-day-date-degrade-diamonds-dial-18kt-yellow-gold-ref-18038-from-1988/,https://watchcenter.ch/wp-content/uploads/2023/12/1-176.jpg,"Rolex Day Date referenza 18038. Cassa 36mm in oro giallo 18kt con ghiera zigrinata, bellissimo quadrante degrade burgundy con 8 diamanti taglio brillante e 2 taglio baguette. Indicazione del giorno a ore 12 e della data a ore 3. Movimento automatico calibro 3055 con secondi centrali. Cinturino in coccodrillo marrone con ardiglione Rolex. In condizioni ottime, corredato di un anno di garanzia di negozio sul funzionamento. Spedizioni in tutto il mondo con corriere assicurato Fedex in 24/48 ore.",Watch Center,False
"Patek Philippe Perpetual Calendar Tonneau Case 18kt Pink Gold, Ref. 5040R with Box and Extract PP",Patek Philippe,44000,https://watchcenter.ch/prodotto/patek-philippe-18kt-pink-gold-ref-5040-from-1994/,https://watchcenter.ch/wp-content/uploads/2023/12/estratto1-1.jpg,"Patek Philippe ha introdotto la referenza 5040 nel 1992 come primo modello di calendario perpetuo di forma tonneau. La cassa, ispirata agli anni Trenta, misura 35 mm x 42 mm e, in quanto cassa monoblocco, è ricavata da un unico pezzo di metallo. Il Calendario Perpetuo 5040 è stato prodotto fino al 2007 e durante questo periodo Patek ha proposto questa referenza in oro giallo, bianco e rosa, oltre che in platino. Il Patek Philippe Calendario Perpetuo 5040R è la versione in oro rosa 18 carati. Si stima che siano stati prodotti meno di 4.000 esemplari della referenza 5040 (in tutti i materiali).Altri tocchi di design significativi della referenza 5040 sono i numeri in stile Breguet e le lancette in stile Breguet, due dettagli che Patek solitamente riserva alle referenze speciali. Il 5040 è stato infatti il primo calendario perpetuo Patek Philippe (prodotto in serie) a presentare numeri Breguet sul quadrante. Cinturino in coccodrillo nero con deployante Patek Philippe in oro rosa completano questo bellissimo orologio. In ottime condizioni, corredato da pin, scatola, estratto degli archivi Patek Philippe e da un anno di garanzia di negozio sul funzionamento. Spedizioni in tutto il mondo con Fedex.",Watch Center,True
"Rolex GMT Master Ref. 1675, Long E Dial, Stunning Faded Bezel, from 1972",Rolex,22900,https://watchcenter.ch/prodotto/rolex-gmt-master-ref-1675-long-e-dial-stunning-faded-bezel-from-1972/,https://watchcenter.ch/wp-content/uploads/2023/12/pepsi-fade.jpg,"Stupendo Rolex GMT Master Ref. 1675 prodotto nel 1972. Lorologio presenta una cassa in acciaio da 40mm, contenente quello che rende davvero speciale questo pezzo, ossia il raro quadrante Long E che appartiene alla prima produzione Mark I e la tipica ghiera blu e rossa, ormai sbiadita con il passare degli anni che ha acquisito una sfumatura delicata e particolare. Unaltra cosa interessante è il bracciale Oyster rivettato del 4/71. Movimento automatico calibro 1570. Lorologio è accompagnato da un anno di garanzia di negozio sul funzionamento. Spedizioni in tutto il mondo con corriere assicurato Fedex in 24/48 ore.",Watch Center,False
"Cartier Ballon Bleu Ultraflat 18kt Rose Gold, 40mm, Full Set 2015",Cartier,17500,https://watchcenter.ch/prodotto/cartier-ballon-bleu-ultraflat-18kt-rose-gold-40mm-full-set/,https://watchcenter.ch/wp-content/uploads/2023/12/Senza-titolo-4-1.jpg,"Ballon Bleu Ultrapiatto di Cartier, 40 mm, ref. W6920089. Cassa in oro rosa 18 carati, corona scanalata ornata di uno zaffiro blu a forma di cabochon. Quadrante grigio guilloché e laccato, numeri romani, lancette a forma di gladio dacciaio azzurrato. Vetro zaffiro, cinturino in coccodrillo marrone con chiusura deployante in oro rosa, datario a finestrella a ore 3. Movimento meccanico a carica manuale. In condizioni ottime, corredato di scatola e garanzia Cartier del 2015 e da un anno di garanzia di negozio sul funzionamento. Spedizioni in tutto il mondo con corriere assicurato Fedex in 24/48 ore.",Watch Center,False
Audemars Piguet ref. 25730ST Cosmos Blue Dial with Box and Service AP,Audemars Piguet,34900,https://watchcenter.ch/prodotto/audemars-piguet-ref-25730st-cosmos-blue-dial-with-box-and-service-ap/,https://watchcenter.ch/wp-content/uploads/2023/12/ambientata-1.jpg,"Audemars Piguet Royal Oak Dual Time, Referenza 25730ST degli anni 2000. Cassa in acciaio diametro 36 mm con corona avvitata. Quadrante blu Cosmos in condizioni eccezionali con indici delle ore applicate, datario panoramico a ore 3, riserva di carica a ore 9 e secondo fuso orario a ore 6. Vetro zaffiro, bracciale integrato in acciaio con chiusura déployante nascosta, movimento meccanico a carica automatica. In ottime condizioni e accompagnato da scatola e service AP nel 2022. Lorologio è disponibile online o nel nostro negozio a Lugano. Spedizione assicurata in tutto il mondo con corriere Fedex in 24/48 ore",Watch Center,False
Rolex Vintage Datejust Ref. 6605 Steel and White Gold bezel,Rolex,8500,https://watchcenter.ch/prodotto/rolex-vintage-datejust-ref-6605-steel-and-white-gold-bezel/,https://watchcenter.ch/wp-content/uploads/2023/12/1-219.jpg,"Rolex Datejust ref. 6605, lunetta in oro bianco. Cassa in acciaio Oyster con diametro 35mm, lunetta in oro bianco 18kt. Movimento a carica automatica con cronometro certificato ufficialmente. Quadrante argentato con indici a bastone e finestra data a ore 3. Cinturino in cocco marrone con chiusura ad ardiglione. Orologio Vintage, corredato da un anno di garanzia di negozio sul funzionamento. Spedizioni in tutto il mondo con corriere assicurato Fedex in 24/48 ore.",Watch Center,False
Rolex “Kermit” Green Bezel ref. 16610LV New Old Stock Full Set 2005,Rolex,24900,https://watchcenter.ch/prodotto/rolex-kermit-green-bezel-ref-16610lv-new-old-stock-full-set-2005/,https://watchcenter.ch/wp-content/uploads/2023/12/INSTAGRAM-3.jpg,"Rolex Submariner Kermit ghiera verde, ref. 16610LV. Cassa da 40mm e bracciale oyster in acciaio, quadrante nero e ghiera verde, edizione limitata prodotta dal 2004 al 2009 per il 50° anniversario dalla nascita del modello Submariner. In condizioni pari al nuovo, new old stock, completo di scatola e garanzia Rolex del 2005 e da un anno di nostra garanzia sul funzionamento. Spedizioni in tutto il mondo con corriere assicurato Fedex in 24/48 ore.",Watch Center,True
Rolex GMT Master Ref. 1675 Long E Dial Faded Fuchsia Bezel,Rolex,35900,https://watchcenter.ch/prodotto/rolex-gmt-master-ref-1675-long-e-dial-faded-fuchsia-bezel/,https://watchcenter.ch/wp-content/uploads/2023/12/1-6.jpg,"Fantastico Rolex GMT Master Ref. 1675 in acciaio prodotto nel 1968. La particolarità di questo pezzo è sicuramente il raro quadrante Long E, della prima produzione Mark I, oltre alla splendida ghiera sbiadita virata al fucsia e allazzurro con il passare degli anni. Lorologio è completo di bracciale Oyster rivettato in acciaio ref. 7206, terminali 58. Il movimento automatico cal. 1570 è stato revisionato dal nostro laboratorio specializzato e il funzionamento è garantito dalla nostra garanzia di negozio di un anno, così come lautenticità. Spedizioni in tutto il mondo con corriere assicurato Fedex in 24/48 ore.",Watch Center,True
Rolex Day Date 18kt yellow gold Brown Degrade Diamonds dial Ref. 18038 from 1978,Rolex,22500,https://watchcenter.ch/prodotto/rolex-day-date-18kt-yellow-gold-brown-degrade-diamonds-dial-ref-18038-from-1978/,https://watchcenter.ch/wp-content/uploads/2023/12/2-163.jpg,"Rolex Day Date referenza 18038. Cassa 36 mm in oro giallo 18 kt con ghiera zigrinata con fondo avvitato. Bellissimo quadrante degrade bruno con 8 diamanti taglio brillante e 2 taglio baguette. Indicazione del giorno a ore 12 e della data a ore 3. Movimento automatico calibro 3055 con secondi centrali. Cinturino in marrone con ardiglione Rolex placcato oro. In condizioni ottime, corredato da un anno di garanzia di negozio sul funzionamento. Spedizioni in tutto il mondo con corriere assicurato Fedex in 24/48 ore.",Watch Center,False
Rolex Datejust Ref. 16030 Stainless Steel Ducks Unlimited Dial from 1980,Rolex,13700,https://watchcenter.ch/prodotto/rolex-datejust-ref-16030-stainless-steel-ducks-unlimited-dial-from-1980/,https://watchcenter.ch/wp-content/uploads/2023/12/1-194.jpg,"Bellissimo Rolex Oyster Perpetual Datejust Ref. 16030 del 1980. Cassa in acciaio da 36mm con ghiera zigrinata e bracciale Jubilee in acciaio. Movimento meccanico a carica automatica, vetro plexiglass. Quello che rende davvero interessante questo pezzo è il quadrante argentè ad indici applicati personalizzato Ducks Unlimited. Ducks Unlimited è unorganizzazione no profit americana 501 dedicata alla conservazione delle zone umide e degli habitat montani associati per uccelli acquatici, altri animali selvatici e persone. In ottime condizioni è venduto con un anno di garanzia di negozio sul funzionamento. Spedizioni in tutto il mondo con corriere assicurato Fedex in 24/48 ore.",Watch Center,False
Blancpain Villeret Chronograph Stainless Steel Ref. 1185 from the 1990s,Blancpain,5900,https://watchcenter.ch/prodotto/blancpain-villeret-chronograph-stainless-steel-ref-1185-from-90s/,https://watchcenter.ch/wp-content/uploads/2023/12/Senza-titolo-22.jpg,"Blancpain Villeret cronografo, ref.1185-1127-55, degli anni 90. Cassa 34 mm, quadrante bianco con numeri romani e datario a ore 6. Movimento meccanico a carica automatica calibro 1185, vetro zaffiro. Cinturino in alligatore nero con ardiglione in acciaio, tutto Blancpain. In ottime condizioni, corredato da scatola Blancpain e da un anno di garanzia di negozio sul funzionamento. Spedizioni in tutto il mondo con corriere assicurato Fedex in 24/48 ore.",Watch Center,False
"Rolex Vintage Submariner Ref. 5512, 4 Lines Dial, with Service from year 1968",Rolex,22000,https://watchcenter.ch/prodotto/rolex-vintage-submariner-ref-5512-4-lines-dial-with-service-from-year-1968/,https://watchcenter.ch/wp-content/uploads/2023/12/1-177.jpg,"La nascita del Rolex Submariner ref. 5512 coincide con lintroduzione delle spallette a protezione della corona di carica, una importante innovazione che contraddistinguerà tutti i modelli Submariner a venire. Impermeabile fino a 200m-660ft, il Rolex 5512 monta una inedita corona di carica da 7mm di diametro. Resta in produzione dal 1959 fino al 1978, passando per numerose evoluzioni tecniche e stilistiche. Il modello qui presentato è stato realizzato nellanno 1968, presenta un quadrante con 4 scritte e grandi pallettoni lievemente invecchiati. Movimento meccanico a carica automatica calibro 1570, lunetta girevole bidirezionale per misurare i tempi di decompressione. Bracciale Oyster con chiusura deployante. Ottimo stato di conservazione, completamente revisionato da Rolex nel 2015 e corredato da un anno di garanzia di negozio sul funzionamento. Spedizioni in tutto il mondo con corriere assicurato Fedex in 24/48 ore.",Watch Center,False
"Jaeger-LeCoultre Vintage Chronograph Stainless Steel, from thirties",Jaeger-LeCoultre,5900,https://watchcenter.ch/prodotto/jaeger-lecoultre-vintage-chronograph-stainless-steel-from-thirties/,https://watchcenter.ch/wp-content/uploads/2023/12/2-220.jpg,"Questo magnifico cronografo vintage Jaeger rappresenta un brevissimo periodo di tempo in cui non era ancora Jaeger LeCoultre, e la nascita dellorologio chronografo da polso con due pulsanti (1934). Un pezzo da collezione difficile da trovare. Questo cronografo, prodotto intorno al 1934-1936, ospita un movimento cronografo storicamente significativo, LUniversal Geneve 285. Significativo perché, insieme al Primero Zenith è il primo movimento cronografo da polso con tre registri e due pulsanti il layout classico che tutti noi siamo abituati a vedere. Cassa in acciaio da 35 mm con pulsanti rettangolari, vetro plexiglass. quadrante argentè con indici applicati in oro rosa, lancette a gladio in oro rosa e lancette del chrono in acciaio azzurrato, scala tachimetrica esterna stampata in azzurro. Movimento meccanico manuale calibro 285 UG. Cinturino in struzzo con ardiglione acciaio. In condizioni ottime, corredato da un anno di garanzia di negozio sul funzionamento. Spedizioni in tutto il mondo con corriere assicurato Fedex in 24/48 ore.",Watch Center,False
"Zenith Vintage El Primero Tri Color Dial, Ref. A386, from the year 1972, with Extract",Zenith,29500,https://watchcenter.ch/prodotto/zenith-vintage-el-primero-tri-color-dial-ref-a386-made-in-1972-with-certificate/,https://watchcenter.ch/wp-content/uploads/2023/12/frontale-54.jpg,"Zenith A386 Vintage El Primero Tri Color Dial. L A386 con il movimento El Primero è stato il primo cronografo automatico realizzato, questo è senza dubbio il modello Zenith vintage più ricercato dai collezionisti, ne sono stati realizzati meno di 2000 esemplari negli anni 1969/1972. Lorologio è equipaggiato da movimento El Primero automatico calibro 3019, quadrante argento originale con contatori tricolore iconici, datario tra ore 4 e ore 5, materiale luminoso sulle lancette, vetro plexiglass. La cassa ha diametro di 38 mm, spessore 12,8 mm. Cinturino in pelle blu con chiusura ardiglione. Lorologio si presenta in condizioni ottime, viene venduto accompagnato da estratto degli archivi Zenith, la sua scatola originale e da un anno di garanzia di negozio sul meccanismo. Spedizioni in tutto il mondo con corriere assicurato Fedex in 24/48 ore.",Watch Center,False
"Omega Seamaster 200 Ref. ST 166.0177, SHOM from 70s",Omega,8900,https://watchcenter.ch/prodotto/omega-seamaster-200-ref-st-166-0177-shom-from-70s/,https://watchcenter.ch/wp-content/uploads/2023/12/2om.jpg,"Affascinante e raro Omega Seamaster 200, ref. ST 166.0177 anni 70. Questa referenza fu introdotta nel 1973 e alla fine degli anni 70 fu utilizzato dal servizio idrografico e oceanografico della marina francese (SHOM) Cassa ottagonale di 43x49mm in acciaio con fondello a vite e ghiera unidirezionale. Quadrante nero con indici rettangolari e grande lancetta dei minuti arancione. Movimento automatico cal.1012, vetro minerale. Bellissimo il classico bracciale 1162/172 con chiusura 1247. In ottime condizioni, corredato da un anno di garanzia di negozio sul funzionamento. Spedizioni in tutto il mondo con corriere assicurato Fedex in 24/48 ore.",Watch Center,False
Audemars Piguet Royal Oak Offshore Chronograph Steel and Ceramic 43mm Ref. 26420SO,Audemars Piguet,52900,https://watchcenter.ch/prodotto/audemars-piguet-new-royal-oak-offshore-chronograph-steel-and-ceramic-43mm-ref-26420so-new/,https://watchcenter.ch/wp-content/uploads/2023/12/1-63.jpg,"Il nuovo Audemars Piguet Royal Oak Offshore cronografo in acciaio e ceramica dalle misure ridimensionate, ref.26420SO.OO.A600CA.01. Cassa in acciaio da 43mm, vetro e fondello in vetro zaffiro con trattamento antiriflesso, lunetta, pulsanti e corona avvitata in ceramica nera, protezioni dei pulsanti in acciaio microbillé. Quadrante marrone chiaro fumé con motivo Méga Tapisserie, contatori e zona esterna neri, indici applicati in oro bianco, lancette Royal Oak in oro bianco con rivestimento luminescente, réhaut nero Movimento automatico con nuovo calibro 4401. Cinturino in caucciù marrone chiaro intercambiabile con fibbia ad ardiglione AP in acciaio. Cinturino supplementare in caucciù nero. Completo di scatola e garanzia Audemars Piguet del 2022. Nuovo, mai indossato e di difficilissima reperibilità! Spedizioni in tutto il mondo con corriere assicurato Fedex in 24/48 ore.",Watch Center,False
"Rolex Submariner “James Bond” Ref. 5508, 4 Lines Dial, from the year 1962",Rolex,69000,https://watchcenter.ch/prodotto/rolex-ref-5508-4-lines-dial-from-1962/,https://watchcenter.ch/wp-content/uploads/2023/12/zoom-in-9.jpg,"Raro Rolex Submariner detto “James Bond”, Ref. 5508, anno 1962. Cassa in acciaio 37mm, movimento meccanico a carica automatica calibro 1530, lunetta bidirezionale per il calcolo dei tempi di immersione, corona di carica di 6 mm, lancette Mercedes. Bellissimo quadrante 4 scritte virato al marrone e spider, con grafica oro ed argento. Bracciale oyster rivettato. Questo affascinante esemplare mostra tutta letà, lusura e lutilizzo nel tempo. Completo di expertise di Valter Barocco e un anno di garanzia di negozio sul funzionamento. Questo orologio può essere acquistato direttamente nel nostro negozio a Lugano, in Svizzera, oppure online. Spedizioni in tutto il mondo con corriere assicurato Fedex in 24/48 ore.",Watch Center,False
"Patek Philippe Extremely Rare Pocket Watch Split-Seconds, Retailed to “Tiffany & Co”, from year 1926",Patek Philippe,48000,https://watchcenter.ch/prodotto/patek-philippe-extremely-rare-pocket-watch-split-seconds-chrono-retailed-to-tiffany-co-from-1926/,https://watchcenter.ch/wp-content/uploads/2023/12/IMG_7522.jpg,"Splendido e rarissimo orologio da tasca Patek Philippe doppio cronografo in oro giallo 18kt del 1926! Cassa di 46 mm con monopulsante cronografico in corona e pulsante del doppio cronografo tra le ore 10 e 11. Bellissimo quadrante argentato con numeri Breguet personalizzato per Tiffany & Co! Piccoli secondi a ore 6 e contatore dei minuti cronografici a ore 12. Lancette in acciaio azzurrato. Lorologio è in condizioni eccezionali, viene fornito con la scatola originale Patek Philippe e lestratto dellarchivio che ne certifica la correttezza, oltre a una garanzia di funzionamento di un anno del negozio. Questo orologio può essere acquistato direttamente nel nostro negozio a Lugano, in Svizzera, oppure online. Spedizioni in tutto il mondo con corriere assicurato Fedex in 24/48",Watch Center,False
"Rolex GMT-Master II Ref. 116718LN, 18kt Yellow Gold, Green Dial, Full Set 2014",Rolex,43500,https://watchcenter.ch/prodotto/rolex-ref-116718ln-green-dial-full-set-2014/,https://watchcenter.ch/wp-content/uploads/2023/12/1ORO.jpg,"Rolex GMT Master II ref. 116718LN. Cassa in oro giallo da 40mm con ghiera in ceramica nera bidirezionale. Versione con bellissimo quadrante verde fuori produzione, con indici applicati luminescenti e datario a ore 3. Movimento meccanico a carica automatica calibro 3186, secondi al centro. Bracciale Oyster con chiusura déployante tutto in oro giallo. In condizioni ottime! Completo di scatola e garanzia Rolex del 2014 e un anno di nostra garanzia sul funzionamento. Questo orologio può essere acquistato direttamente nel nostro negozio a Lugano, in Svizzera, oppure online. Spedizioni in tutto il mondo con corriere assicurato Fedex in 24/48 ore.",Watch Center,False
Patek Philippe Rectangular Vintage 18KT Yellow Gold from 1951 REF. 2417,Patek Philippe,19500,https://watchcenter.ch/prodotto/patek-philippe-rectangular-vintage-18-kt-yellow-gold-from-1951-ref-2417/,https://watchcenter.ch/wp-content/uploads/2023/12/IMG_8442.webp,"Rarissima referenza Patek Philippe degli anni cinquanta, 2417, cassa rettangolare in oro giallo con anse lavorate, quadrante argento inciso con indici e numeri arabi applicati in oro giallo, piccoli secondi a ore 6. Movimento a carica manuale con calibro 990, cinturino in lucertola con ardiglione Patek Philippe in oro giallo. In condizioni eccezionali, corredato dellEstratto degli Archivi Patek Philippe e dalla scatola originale, oltre ad un anno di garanzia di negozio sul funzionamento.",Watch Center,False
Rolex Vintage Explorer Ref. 6298 Amazing Black Honeycomb Dial from the 50s,Rolex,28000,https://watchcenter.ch/prodotto/rolex-explorer-vintage-ref-6298-black-honeycomb-dial/,https://watchcenter.ch/wp-content/uploads/2023/12/Senza-titolo-34-2.jpg,"Rarissimo Rolex Explorer vintage collection, Ref. 6298. Questa referenza di transizione, che precede lintroduzione del calibro 1030, resta in produzione per soli due anni, dal 1953 al 1955. Cassa Oyster 36 mm in acciaio, con fondello e corona avvitata. A rendere ancora più ricercato questo esemplare è il meraviglioso quadrante nero a nido dape (honeycomb) in condizioni eccezionali! Vetro plexiglass, movimento meccanico a carica automatica cal.A296. In condizioni ottime, corredato di un anno di garanzia di negozio sul funzionamento e nostra certificazione di autenticità. Spedizioni in tutto il mondo con corriere assicurato Fedex in 24/48 ore.",Watch Center,True
Patek Philippe 18kt White Gold ref. 5000 with original warranty from 1992,Patek Philippe,21500,https://watchcenter.ch/prodotto/patek-philippe-18kt-white-gold-ref-5000-with-original-warranty-from-1992/,https://watchcenter.ch/wp-content/uploads/2023/12/frontale-60.jpg,"Patek Philippe Calatrava, ref. 5000 con garanzia originale del 1992. Cassa in oro bianco 18 kt, 33mm, e ghiera liscia. Quadrante nero opaco con numeri arabi e una traccia dei minuti interna dipinta, piccoli secondi a ore 4, vetro zaffiro. Cinturino in coccodrillo nero e deployante in oro bianco 18kt originale Patek Philippe. Dal fondello a vista in vetro zaffiro è possibile vedere il movimento automatico calibro 240 PS rodiato ultrasottile, timbrato con il sigillo di Ginevra. In perfette condizioni, corredato di garanzia Patek Philippe in bianco e un anno di garanzia di negozio sul funzionamento. Spedizioni in tutto il mondo con corriere assicurato Fedex in 24/48 ore.",Watch Center,True
"Rolex Submariner “Kermit”, Green Bezel Ref. 16610LV, Fat Four, Serial Y",Rolex,23800,https://watchcenter.ch/prodotto/rolex-kermit-green-bezel-ref-16610lv-fat-four-serial/,https://watchcenter.ch/wp-content/uploads/2023/12/1kerm-1.jpg,"Rolex Submariner Kermit ghiera verde, ref. 16610LV. Cassa da 40 mm, bracciale oyster in acciaio e quadrante nero, edizione limitata prodotta da fine 2003 al 2009 per il 50° anniversario dalla nascita del modello Submariner. Questo esemplare è uno dei primissimi, seriale Y del 2003, caratterizzato dal quadrante Mark I e dalla ghiera Fat Four. In condizioni ottime, completo di nostra certificazione di autenticità e un anno di garanzia Watch Center sul funzionamento. Spedizioni in tutto il mondo con corriere assicurato Fedex in 24/48 ore.",Watch Center,False
Patek Philippe Vintage Lady Jewel Watch 18kt Yellow Gold Ref. 3285 from 1961,Patek Philippe,19500,https://watchcenter.ch/prodotto/patek-philippe-vintage-lady-jewel-watch-18kt-yellow-gold-ref-3285-from-1961/,https://watchcenter.ch/wp-content/uploads/2023/12/IMG_8479.webp,"Patek Philippe Lady vintage degli anni 60. Questo bellissimo modello in oro giallo 18kt, risulta essere un pregiato orologio e al contempo un elegante bracciale. Quadrante avorio con indici applicati e lancette in oro. Movimento meccanico a carica manuale cal 13,5. Bracciale ultrapiatto che diventa un tuttuno con la cassa chiusa. In condizioni ottime, è accompagnato da scatola originale ed estratto degli archivi Patek Philippe oltre ad un anno di garanzia di negozio sul funzionamento. Spedizioni in tutto il mondo con corriere assicurato Fedex in 24/48 ore. Vintage Patek Philippe Lady from the 1960s.",Watch Center,False
Omega Stainless Steel Cloisonné Enamel Dial ” Statue of Liberty “,Omega,12900,https://watchcenter.ch/prodotto/omega-stainless-steel-cloisonne-enamel-dial-statue-of-liberty/,https://watchcenter.ch/wp-content/uploads/2023/12/3-115.jpg,"Bellissimo Omega in acciaio degli anni sessanta con raro e speciale quadrante VSDial in smalto policromo rappresentante la statua della libertà. Cassa in acciaio a 3 corpi con fondello a vite di 35 mm, vetro plexiglass. Il quadrante in smalto policromo ha indici applicati di forma quadrata in acciaio e secondi centrali. Movimento meccanico manuale con calibro 285. Cinturino in alligatore verde con chiusura ad ardiglione. Corredato da disegno originale dellartista con elenco dei materiali utilizzati. Volodymyr Say (creatore dei VSDial) è uno smaltista immigrato negli Stati Uniti dallEuropa e crea dei quadranti in smalto per orologi utilizzando delle rare e particolari tecniche di lavorazione. Lorologio è in ottime condizioni ed è accompagnato da un anno di garanzia di negozio sul funzionamento. Spedizioni in tutto il mondo con corriere assicurato Fedex in 24/48 ore.",Watch Center,True
"Corum Buckingham, 18kt White Gold, Diamonds Dial, Full set 1993",Other,5900,https://watchcenter.ch/prodotto/corum-buckingham-18-kt-white-gold-diamonds-dial/,https://watchcenter.ch/wp-content/uploads/2023/12/Senza-titolo-9-1.jpg,"Bellissimo Corum Buckingham in oro bianco 18 kt. Cassa di forma con quadrante nero con 11 diamanti. Lancette in oro bianco e corona di carica con incastonato un diamante, vetro zaffiro. Movimento meccanico manuale, cinturino in pelle con chiusura ardiglione. In ottime condizioni, corredato da scatola e garanzia Corum del 1993 e da un anno di garanzia di negozio sul funzionamento. Spedizioni in tutto il mondo con corriere assicurato Fedex in 24/48 ore.",Watch Center,True
"Rolex Submariner Green Bezel, Ref. 16610LV, Fat Four Bezel, NOS Full set 2004",Rolex,34900,https://watchcenter.ch/prodotto/rolex-green-bezel-ref-16610lv-fat-four-bezel-nos-full-set-2004/,https://watchcenter.ch/wp-content/uploads/2023/12/instagr-sub-green-1.jpg,"Rolex Submariner Date, lunetta verde Fat Four, ref. 16610. Cassa da 40 mm seriale F, bracciale oyster in acciaio, quadrante nero e ghiera verde, edizione limitata, prodotta dal 2004 al 2009 per il 50° anniversario dalla nascita del modello Submariner. Questo pezzo è nuovo, mai indossato, completo di scatola, libretti, garanzia Rolex del 2004 e da un anno di garanzia Watch Center sul funzionamento. Puo essere acquistato direttamente nel nostro negozio a Lugano, in Svizzera, oppure online. Spedizioni in tutto il mondo con corriere assicurato Fedex in 24/48 ore.",Watch Center,False
"Rolex Sky-Dweller, Stainless Steel, Ref. 326934 Black Dial Full Set 2020",Rolex,17950,https://watchcenter.ch/prodotto/rolex-stainless-steel-ref-326934-black-dial-full-set-2020/,https://watchcenter.ch/wp-content/uploads/2023/12/1-185.jpg,"Rivoluzionario e bellissimo Rolex Sky-Dweller in acciaio, ref.326934. Cassa Oyster di 42 mm con bracciale oyster integrato e quadrante nero; lorologio da viaggiatore per eccellenza, visualizzazione di 2 fusi orari contemporaneamente, quello del luogo sul quadrante principale e quello del luogo dorigine sul contatore decentrato. La rivoluzione di questo bellissimo Rolex sta nel calendario annuale, con la visualizzazione del mese con le finestre in corrispondenza delle 12 ore e il datario a ore 3. La ghiera zigrinata girevole permette la regolazione dei due fusi e della data con un unica posizione della corona, infatti sono le tre diverse posizioni in rotazione della ghiera che ne cambiano la funzione regolatrice. Lorologio è in ottime condizioni, corredato di scatola e garanzia Rolex del 2020. Può essere acquistato direttamente nel nostro negozio a Lugano, in Svizzera, oppure online. Spedizioni in tutto il mondo con corriere assicurato Fedex in 24/48 ore.",Watch Center,False
"IWC Limited Edition Portuguese Cal.5000 & 7 Days Power Reserve, IW5000, Full Set",IWC,10900,https://watchcenter.ch/prodotto/iwc-limited-edition-portuguese-cal-5000-7-days-power-reserve-iw5000-full-set/,https://watchcenter.ch/wp-content/uploads/2023/12/front-12.jpg,"IWC Portoghese serie limitata ref.IW5000. Cassa da 42 mm in acciaio numerata con fondello in vetro zaffiro. Quadrante nero con due contatori off-white a ore 9 per i piccoli secondi e a ore 3 per lindicazione della riserva di carica, numeri arabi e minuteria in rilievo. Movimento meccanico a carica automatico con calibro 5000, vetro plexiglass. Cinturino in alligatore nero con chiusura ardiglione IWC. Questo orologio è stato prodotto in 1000 esemplari per la produzione del nuovo calibro 5000. In condizioni perfette, corredato di scatola e garanzia IWC del 2002 e da un anno di garanzia di negozio sul funzionamento. Spedizioni in tutto il mondo con corriere assicurato Fedex in 24/48 ore.",Watch Center,False
Rolex GMT Master Bakelite Bezel Ref. 6542 Amazing Radium Tropical Spider Glossy Dial from 1958,Rolex,92000,https://watchcenter.ch/prodotto/rolex-bakelite-bezel-ref-6542-amazing-radium-tropical-spider-glossy-dial-from-1958/,https://watchcenter.ch/wp-content/uploads/2023/12/bak2.jpg,"Meraviglioso Rolex GMT Master Ref. 6542 del 1958! Lorologio è completamente coevo, il quadrante e la lunetta risultano ancora positivi al controllo del contatore geiger, evidenziando tracce ancora attive di radio. Il quadrante galvanico con minuteria chiusa e grafica oro ha subito un invecchiamento omologo e piacevolissimo risultando ora spider e tropicalizzato. La lunetta originale in Bakelite è in ottime condizioni così come la cassa, ancora piena e spigolata. Completato da bracciale Oyster rivettato con finali 58 e clasp 1/58. Lorologio è corredato da expertise di Valter Barocco a da un anno di garanzia scritta Watch Center sul funzionamento. Può essere acquistato direttamente nel nostro negozio a Lugano oppure online. Spedizioni in tutto il mondo con corriere assicurato FedEx in 24/48 ore.",Watch Center,False
"Longines Vintage Chronograph Stainless Steel Ref. 4813 caliber 13ZN , from 1942",Longines,22500,https://watchcenter.ch/prodotto/longines-vintage-chronograph-stainless-steel-ref-4813-caliber-13zn-from-1942/,https://watchcenter.ch/wp-content/uploads/2023/12/BRACCIALE-26.jpg,"Bellissimo Cronografo Longines vintage, ref.4813 degli anni 40. Cassa 35 mm in acciaio con pulsanti a pompa e fondello a scatto. Il quadrante originale ha una meravigliosa e leggera patina del tempo che non ha intaccato la grafica ancora perfetta! Movimento a carica manuale con limportante e rinomato calibro 13ZN. In ottime condizioni, corredato da scatola ed Estratto degli archivi Longines, oltre ad un anno di garanzia di negozio sul funzionamento. Spedizioni in tutto il mondo con corriere assicurato Fedex in 24/48 ore.",Watch Center,False
Rolex Ref. 1655 called “Freccione” or “Steve McQueen” Mark II,Rolex,28500,https://watchcenter.ch/prodotto/rolex-ref-1655-called-freccione-or-steve-mcqueen-mark-ii/,https://watchcenter.ch/wp-content/uploads/2023/12/frontalefrec.jpg,"Rolex Explorer II, Ref. 1655 detto Freccione o Steve McQueen. Questo bellissimo modello in acciaio prodotto nel 1975, possiede un quadrante Mark 2 ed una lunetta sempre in acciaio Mark 2, lasciandolo completamente coevo. Il quadrante nero TSWISST fa risaltare la lancetta GMT sovradimensionata ed arancione da cui prende il soprannome. Corredato da nostra certificazione di autenticità e un anno di nostra garanzia scritta sul funzionamento. Questo orologio può essere acquistato direttamente nel nostro negozio a Lugano, in Svizzera, oppure online. Spedizioni in tutto il mondo con corriere assicurato Fedex in 24/48 ore.",Watch Center,False
Rolex Steel and 18kt Gold Blue Dial Ref. 16613 from 1989,Rolex,12900,https://watchcenter.ch/prodotto/rolex-steel-and-18kt-gold-blue-dial-ref-16613-from-1989/,https://watchcenter.ch/wp-content/uploads/2023/12/1-197.jpg,"Rolex Submariner acciaio e oro, ref. 16613 del 1989. Cassa in acciaio da 40mm con ghiera girevole e corona di carica in oro 18kt. Quadrante blu con indici applicati luminescenti e datario a ore 3. La ghiera unidirezionale ha inserto blu. Vetro zaffiro. Movimento meccanico a carica automatica, secondi al centro. Bracciale Oyster acciaio e oro con chiusura deployante in acciaio. In condizioni ottime e corredato da un anno di nostra garanzia sul funzionamento. Spedizioni in tutto il mondo con corriere assicurato Fedex in 24/48 ore.",Watch Center,False
"Rolex Vintage Submariner No Date Ref. 5512, 4 Lines Dial, from the year 1965",Rolex,31900,https://watchcenter.ch/prodotto/rolex-ref-5512-4-lines-dial-from-1965/,https://watchcenter.ch/wp-content/uploads/2023/12/prima-foto-20.jpg,"La nascita del Rolex Submariner ref. 5512 coincide con lintroduzione delle spallette a protezione della corona di carica, una importante innovazione che contraddistinguerà tutti i modelli Submariner a venire. Impermeabile fino a 200m-660ft, il Rolex 5512 monta una inedita corona di carica da 7mm di diametro. Resta in produzione dal 1959 fino al 1978, passando per numerose evoluzioni tecniche e stilistiche. Il modello qui presentato è stato realizzato nellanno 1965, presenta un quadrante con 4 scritte con bellissima patina del tempo. Movimento meccanico a carica automatica, lunetta girevole bidirezionale per misurare i tempi di decompressione, cinturino in pelle, vetro plexiglass. Ottimo stato di conservazione, completamente revisionato, corredato da expertise di Valter Barocco e un anno di nostra garanzia sul funzionamento. Questo orologio può essere acquistato direttamente nel nostro negozio a Lugano, in Svizzera, oppure online. Spedizioni in tutto il mondo con corriere assicurato Fedex in 24/48 ore.",Watch Center,False
Rolex 18kt White Gold Ref. 1803 Rare “No Tritium” Dial from 1967,Rolex,19900,https://watchcenter.ch/prodotto/rolex-18kt-white-gold-ref-1803-rare-no-tritium-dial-from-1967/,https://watchcenter.ch/wp-content/uploads/2023/12/primad.jpg,"Bellissimo e raro Rolex Oyster Perpetual Day Date Ref. 1803 del 1967. Cassa in oro bianco 18k di 36mm con lunetta zigrinata. Questo raro quadrante silver ha la particolarità di non avere il trizio sugli indici in oro bianco e sulle lancette. Questo dettaglio rivela che lorologio fosse destinato al mercato giapponese dove il trizio era proibito! Movimento meccanico a carica automatica cal. 1556. Cinturino in coccodrillo blu con ardiglione Rolex in acciaio; vetro plexiglass. In condizioni eccezionali, corredato di un anno garanzia di negozio sul funzionamento. Spedizioni in tutto il mondo con corriere assicurato Fedex in 24/48 ore.",Watch Center,True
Rolex Steel and Gold Ref. 1675 Brown Nipple Dial from 1975,Rolex,17500,https://watchcenter.ch/prodotto/rolex-steel-and-gold-ref-1675-brown-nipple-dial-from-1975/,https://watchcenter.ch/wp-content/uploads/2023/12/1-187.jpg,"Rolex GMT Master acciao e oro, ref. 1675 del 1975. Bellissimo quadrante marrone con indici a cono denominato Nipple Dial. Cassa di 40mm in acciao e lunetta girevole in oro 18kt con inserto bicolor. Bracciale Jubilee acciaio e oro con chiusura deployante. Movimento automatico cal. 1570, vetro plexiglass. In ottime condizioni, accompagnato da un anno di garanzia di negozio sul funzionamento. Spedizioni in tutto il mondo con corriere assicurato Fedex in 24/48 ore.",Watch Center,True
Rolex Ref. 6062 Oyster Moonphase Star Dial so called “Stelline” 18 kt yellow gold,Rolex,390000,https://watchcenter.ch/prodotto/rolex-ref-6062-oyster-moonphase-star-dial-so-called-stelline-18-kt-yellow-gold/,https://watchcenter.ch/wp-content/uploads/2023/12/prima-foto1.jpg,"Presentato alla Fiera di Basilea nel 1950 e prodotto fino al 1953, il Rolex 6062 è un triplo calendario con fasi lunari in una cassa Oyster da 36 mm. È una strana, bellissima combinazione di robusta eleganza, nata nei primi anni 50 poco dopo che Rolex aveva introdotto il Datejust e stava sperimentando le complicazioni. Non abbiamo più visto una fase lunare Rolex fino allintroduzione del Cellini Moonphase nel 2017. Anche con la stima più alta, la produzione totale della ref. 6062 in tutti i metalli, oro giallo, oro rosa e acciaio, è inferiore a 1.000 esemplari. La ref. 6062 è mossa dal calibro automatico Rolex 655 sviluppato appositamente per questo orologio, chiamato anche Super Balance 9.75. Questo esemplare presenta un bellissimo quadrante silver professionalmente restaurato più di 30 anni fa! Aperture per l’indicazione del giorno, del mese e delle fasi lunari, lancette luminose dauphine in oro. La cassa in oro giallo è in ottime condizioni. Cinturino in alligatore nero con chiusura ardiglione Rolex. Lofferta di questa rara Referenza 6062 è unopportunità che i più esigenti collezionisti di orologi da polso vintage non dovrebbero perdere. Corredato da nostro certificato di autenticità e un anno di garanzia di negozio sul funzionamento. Spedizioni in tutto il mondo con corriere assicurato Fedex in 24/48 ore.",Watch Center,False
"Patek Philippe Perpetual Calendar Tonneau Platinum Case Ref. 5040P, Full Set 1996",Patek Philippe,54500,https://watchcenter.ch/prodotto/patek-philippe-platinum-ref-5040p-full-set-1996/,https://watchcenter.ch/wp-content/uploads/2023/12/2-141.jpg,"Patek Philippe ha introdotto la referenza 5040 nel 1992 come primo modello di calendario perpetuo di forma tonneau. La cassa, ispirata agli anni Trenta, misura 35 mm x 42 mm e, in quanto cassa monoblocco, è ricavata da un unico pezzo di metallo. Il Calendario Perpetuo 5040 è stato prodotto fino al 2007 e durante questo periodo Patek ha proposto questa referenza in oro giallo, bianco e rosa, oltre che in platino. Il Patek Philippe Calendario Perpetuo 5040P è la versione in platino, la più rara e preziosa. Si stima che siano stati prodotti meno di 4.000 esemplari della referenza 5040 (in tutti i materiali). Altri tocchi di design significativi della referenza 5040 sono i numeri in stile Breguet e le lancette in stile Breguet, due dettagli che Patek solitamente riserva alle referenze speciali. Il 5040 è stato infatti il primo calendario perpetuo Patek Philippe (prodotto in serie) a presentare numeri Breguet sul quadrante. Cinturino in coccodrillo nero con deployante Patek Philippe in platino. In ottime condizioni, corredato da pin, scatola e garanzia Patek Philippe del 1996 e da un anno di garanzia di negozio sul funzionamento. Spedizioni in tutto il mondo con Fedex.",Watch Center,True
IWC Vintage Ingenieur SL Jumbo Automatic Ref. 1832 Service and Certificate IWC,IWC,35900,https://watchcenter.ch/prodotto/iwc-vintage-ingenieur-sl-jumbo-automatic-ref-1832-service-and-certificate-iwc/,https://watchcenter.ch/wp-content/uploads/2023/12/1-167.jpg,"Bellissimo IWC Ingenieur Jumbo! Creato dal grande Gérald Genta che fu incaricato da IWC allapice della crisi del quarzo, a metà degli anni 70. Il brillante designer aiutò lazienda a lanciare la terza generazione della linea Ingenieur, che uscì con un design radicalmente modernizzato e di cui si stima siano stati venduti meno di 1000 esemplari. Grazie alla popolarità di altri orologi disegnati da Gérald Genta, anche lIWC Jumbo beneficia di unattenzione crescente, il che lo rende senza dubbio interessante come investimento. Cassa 40mm con bracciale integrato, quadrante nero texturizzato con indici applicati e datario a ore 3. E completato da un service meccanico completo in IWC nel 2023 e dal certificato dautenticità IWC. Spedizioni in tutto il mondo con corriere assicurato FedEx in 24/48 ore.",Watch Center,False
Rolex New Daytona Steel and Gold ref. 126503 White Dial Full Set 2023,Rolex,27900,https://watchcenter.ch/prodotto/rolex-new-daytona-steel-and-gold-ref-126503-white-dial-full-set-2023/,https://watchcenter.ch/wp-content/uploads/2023/12/prima-foto-21.jpg,"Il nuovo Rolex Cosmograph Daytona oro/acciaio ref.126503 del 2023. Movimento meccanico a carica automatica con il nuovo calibro 4131, vetro zaffiro, pulsanti del cronografo avvitati. Quadrante bianco indici applicati. L’orologio è nuovo, mai indossato, viene venduto completo di scatola e garanzia Rolex 2023. Può essere acquistato direttamente nel nostro negozio a Lugano, in Svizzera, oppure online. Spedizioni in tutto il mondo con corriere assicurato Fedex in 24/48 ore.",Watch Center,False
"Audemars Piguet Vintage Royal Oak A serial, Ref. 5402ST, Tropical Dial, Full Set 1973",Audemars Piguet,135000,https://watchcenter.ch/prodotto/audemars-piguet-jumbo-steel-ref-5402st-a-serial-tropical-dial-full-set-1973/,https://watchcenter.ch/wp-content/uploads/2023/12/frontale-66.jpg,"Rarissimo Audemars Piguet Royal Oak Jumbo Ref. 5402, Seriale A, risalente al 1973! Cassa in acciaio con diametro 39 mm e corona avvitata. Quadrante Grand Tapisserie Decor color antracite con un bellissimo viraggio tropicale, indici delle ore applicate, logo AP a ore 6 e indicazione della data a ore 3. Firmato SWISS conserva quindi il quadrante originale di quando è stato prodotto e non SWISS MADE come i quadranti di fornitura. Vetro zaffiro, bracciale in acciaio con chiusura déployante firmata AP, movimento meccanico a carica automatica cal. 2121. Lorologio è completo di scatola, tag e garanzia dorigine Audemars Piguet del 1973 , il certificato di autenticità Audemars Piguet e un anno di nostra garanzia sul funzionamento! Questo orologio può essere acquistato direttamente nel nostro negozio a Lugano, in Svizzera, oppure online. Spedizione assicurata in tutto il mondo con corriere Fedex in 24/48 ore.",Watch Center,False
Omega Vintage Chronograph Cal.33.3 with Pulsometric Scale from 1942 with Extract Omega,Omega,37000,https://watchcenter.ch/prodotto/omega-vintage-chronograph-cal-33-3-with-pulsometric-scale-from-1942-with-extract-omega/,https://watchcenter.ch/wp-content/uploads/2023/12/2-149.jpg,"Cronografo Omega vintage del 1942, con scala pulsometrica! Cassa in acciaio di 37.5 mm, con fondo a scatto. Quadrante silver originale con bellissima patina del tempo. Numeri arabi, contatori del cronografo a ore 3,piccoli secondi a ore 9, scala pulsometrica e scala telemetrica! Movimento a carica manuale con rinomato calibro 33.3. Cinturino in pelle beige con ardiglione acciaio. In ottime condizioni, corredato di estratto degli archivi Omega e un anno di nostra garanzia sul funzionamento. Spedizioni in tutto il mondo con corriere assicurato Fedex in 24/48 ore.",Watch Center,False
"Rolex Sea-Dweller Ref. 1665 Double Red Mark IV Dial, Full Set 1976",Rolex,85000,https://watchcenter.ch/prodotto/rolex-sea-dweller-ref-1665-double-red-mark-iv-dial-full-set-1976/,https://watchcenter.ch/wp-content/uploads/2023/12/corredo-101.jpg,"Raro Rolex Sea-Dweller ref.1665 doppia scritta rossa del 1976. Cassa in acciaio da 40 mm con valvola di fuoriuscita dellelio e fondello a vite inciso. Quadrante MK4 in perfetto stato di conservazione con grafica del 6 chiusa, apertura per la data a ore 3. Bellissima lunetta unidirezionale graduata per il calcolo dei tempi di decompressione virata al grigio. Bracciale Oyster Ref. 91350 con terminali 585. Movimento meccanico a carica automatica, vetro plexiglass. In condizioni davvero eccezionali, completamente coevo e completo di scatola, calendario e garanzia Rolex del 1976 oltre ad un anno di nostra garanzia sul meccanismo. Questo orologio può essere acquistato direttamente nel nostro negozio a Lugano, in Svizzera, oppure online. Spedizioni in tutto il mondo con corriere assicurato Fedex in 24/48 ore.",Watch Center,False
TAG Heuer Monaco Calibre Heuer 02 Stainless Steel Ref. CBL2111 Full Set 2021,Tag Heuer,4950,https://watchcenter.ch/prodotto/tag-heuer-calibre-heuer-02-stainless-steel-ref-cbl2111-full-set-2021/,https://watchcenter.ch/wp-content/uploads/2023/12/LATERALE-41.jpg,"Questo bellissimo Tag Heuer Monaco Cronografo, ref. CBL2111, si ispira agli orologi Monaco dei primi anni 70, riproponendo loriginale cassa quadrata. Cassa di 39mm con lunetta fissa in acciaio, due contatori e quadrante blu spazzolato, con effetto soleil e indici applicati. Bracciale in acciaio con doppia chiusura deployante a scomparsa con pulsanti; è inoltre fornito di un altro bracciale in coccodrillo blu, con chiusura deployante. Calibro HEUER02 Automatico. L’orologio è in ottime condizioni, viene venduto completo di scatola e garanzia originale Tag Heuer del 2021. Spedizioni in tutto il mondo con corriere assicurato Fedex in 24/48 ore.",Watch Center,True
"Rolex Daytona Ref.116520, Chromalight Black Dial, Full Set 2015",Rolex,27500,https://watchcenter.ch/prodotto/rolex-116520-chromalight-full-set-from-2015/,https://watchcenter.ch/wp-content/uploads/2023/12/2-155.jpg,"Rolex Cosmograph Daytona acciaio ref.116520 del 2015. Ultima versione con ghiera acciaio prima della versione con ghiera in ceramica nera Cassa in acciao 40 mm con pulsanti del cronografo avvitati, quadrante nero Chromalight e vetro zaffiro. Bracciale Oyster in acciaio con chiusura deployante. Movimento meccanico a carica automatica. L’orologio è in perfette condizioni, viene venduto completo di scatola, libretti e garanzia Rolex del 2015, oltre che da garanzia di negozio di 1 anno. Spedizioni in tutto il mondo con corriere assicurato Fedex in 24/48 ore.",Watch Center,False
Rolex Ref. 116200 Limited Edition 58 pcs 100th anniversary Golf Club Menaggio,Rolex,12500,https://watchcenter.ch/prodotto/rolex-ref-116200-limited-edition-58-pcs-100th-anniversary-golf-club-menaggio/,https://watchcenter.ch/wp-content/uploads/2023/12/1-202.jpg,"Rarissimo Rolex Datejust ref. 116200, edizione limitata di 58 pezzi per il centenario dello storico Golf Club di Menaggio-Cadenabbia (1907-2007). Cassa di 36 mm in acciaio con bracciale Oyster, lunetta liscia, quadrante bianco indici, fondello dedicato. Orologio in ottime condizioni. corredato da scatola e garanzia dorigine Rolex del 2007 dedicata alla serie limitata, scatola e libro commemorativi, e da garanzia di negozio di un anno sul funzionamento. Questo orologio può essere acquistato direttamente nel nostro negozio a Lugano, in Svizzera, oppure online. Spedizioni in tutto il mondo con corriere assicurato Fedex in 24/48 ore.",Watch Center,False
Rolex Steel and Gold Ref. 16613 Blue Dial Full Set 2007,Rolex,16900,https://watchcenter.ch/prodotto/rolex-steel-and-gold-ref-16613-blue-dial-full-set-2007/,https://watchcenter.ch/wp-content/uploads/2023/12/prima-29.jpg,"Rolex Submariner acciaio e oro, ref. 16613 del 2007. Cassa in acciaio da 40mm con ghiera girevole unidirezionale in oro 18kt con inserto blu. Quadrante blu con indici applicati luminescenti e datario a ore 3. Movimento meccanico a carica automatica, secondi al centro. Bracciale Oyster acciaio e oro con chiusura deployante. In condizioni ottime, corredato di scatola e garanzia Rolex del 2007 e da un anno di nostra garanzia sul funzionamento. Questo orologio può essere acquistato direttamente nel nostro negozio a Lugano, in Svizzera, oppure online. Spedizioni in tutto il mondo con corriere assicurato Fedex in 24/48 ore.",Watch Center,False
